;sexe;prenom;index;nombre
0;2;ANE;46612;6910
1;2;IRATI;46629;5621
2;2;JUNE;46674;4794
3;2;NAHIA;46651;4727
4;2;LUCIA;46677;4198
5;2;UXUE;46788;4142
6;2;LEIRE;45570;3906
7;2;PAULA;45476;3862
8;2;MARIA;45553;3340
9;2;NAROA;46826;3302
10;2;IZARO;46847;3296
11;2;SARA;46764;3257
12;2;NEREA;46977;3096
13;2;NORA;46808;3093
14;2;MAIALEN;46946;3048
15;2;HAIZEA;46793;2971
16;2;NAIA;46922;2610
17;2;MADDI;46911;2530
18;2;EIDER;46957;2211
19;2;AINHOA;45809;2193
20;2;MAIDER;32196;2114
21;2;NOA;46904;2085
22;2;IRAIA;46947;2082
23;2;LAIA;47020;2073
24;2;IRENE;45683;2044
25;2;ALBA;46920;1954
26;2;AMAIA;46989;1940
27;2;AITANA;46898;1936
28;2;MALEN;47126;1895
29;2;ANDREA;45979;1792
30;2;ENARA;47036;1741
31;2;GARAZI;40159;1668
32;2;AROA;39996;1615
33;2;SOFIA;45697;1600
34;2;LAURA;45937;1591
35;2;OIHANE;42136;1552
36;2;MARTINA;47074;1514
37;2;NAIARA;34293;1465
38;2;AINARA;40168;1402
39;2;ANNE;43345;1377
40;2;JONE;45975;1310
41;2;ELENE;39747;1296
42;2;SAIOA;36401;1253
43;2;LEYRE;40576;1250
44;2;ADRIANA;40153;1233
45;2;IRUNE;36384;1217
46;2;CARLA;45873;1192
47;2;CLAUDIA;36391;1160
48;2;DANIELA;47195;1144
49;2;MAREN;46100;1126
50;2;OLAIA;40229;1111
51;2;MARTA;32558;1093
52;2;OLATZ;32591;1049
53;2;ALAIA;47212;1031
54;2;ALAZNE;32456;986
55;2;MAITANE;32477;982
56;2;MIREN;47266;967
57;2;UDANE;39628;939
58;2;ANA;34467;937
59;2;ARIANE;47384;921
60;2;MARINA;34417;915
61;2;AINHIZE;34098;905
62;2;LIBE;39832;903
63;2;MARA;47341;885
64;2;NAGORE;28726;878
65;2;INES;46068;874
66;2;JARE;47731;874
67;2;ALAITZ;46079;848
68;2;ELAIA;47455;829
69;2;ELENA;46069;800
70;2;JULIA;40395;765
71;2;LOREA;38247;764
72;2;AIALA;39777;759
73;2;IZAR;39754;746
74;2;EMMA;47404;719
75;2;JANIRE;28961;718
76;2;PAULE;24494;716
77;2;MAITE;28824;704
78;2;AIORA;38426;636
79;2;ENERITZ;32815;628
80;2;NATALIA;36948;616
81;2;IRAIDE;30254;609
82;2;CARMEN;40568;592
83;2;VALERIA;40639;585
84;2;ALEJANDRA;32683;573
85;2;LUR;38679;557
86;2;IRIA;40549;540
87;2;CRISTINA;37177;533
88;2;ANGELA;36953;529
89;2;IRATXE;29101;512
90;2;CARLOTA;36807;507
91;2;JULENE;38770;500
92;2;LAIDA;38740;495
93;2;IXONE;29035;491
94;2;IZADI;42103;483
95;2;SANDRA;29402;477
96;2;LARA;46284;457
97;2;PATRICIA;29684;457
98;2;MIREIA;29000;456
99;2;ERIKA;28982;453
100;2;LORENA;28410;450
101;2;CHLOE;47734;443
102;2;NAHIKARI;29107;442
103;2;ZURIÑE;29139;436
104;2;ITXASO;29159;435
105;2;MAIA;38695;432
106;2;YAIZA;29098;430
107;2;INTZA;35065;429
108;2;ARRATE;29357;427
109;2;ARAITZ;29144;424
110;2;EVA;32844;403
111;2;ITZIAR;29217;390
112;2;ILARGI;40052;389
113;2;OIHANA;29251;388
114;2;OLIVIA;47662;376
115;2;ALICIA;32979;373
116;2;EDURNE;29147;369
117;2;JOANE;29486;369
118;2;VEGA;46793;363
119;2;LIDE;29586;362
120;2;GABRIELA;46545;361
121;2;ISABEL;29431;361
122;2;NIKOLE;25038;361
123;2;SILVIA;29466;358
124;2;VERA;48345;354
125;2;ITSASO;29208;350
126;2;CLARA;36939;350
127;2;MIRIAM;29420;345
128;2;NEKANE;29372;332
129;2;ZOE;39041;330
130;2;KATTALIN;38951;323
131;2;LEA;28022;321
132;2;ARHANE;28416;321
133;2;VICTORIA;40914;307
134;2;AMAIUR;41160;302
135;2;TERESA;37523;298
136;2;SHEILA;29536;296
137;2;VALENTINA;34727;294
138;2;CANDELA;41053;293
139;2;CELIA;37270;293
140;2;NURIA;29541;290
141;2;ALIZE;32651;289
142;2;NADIA;33089;289
143;2;AITZIBER;29474;281
144;2;RAQUEL;28638;280
145;2;SARAY;29327;279
146;2;AYA;37206;278
147;2;SALMA;42918;269
148;2;HELENE;33110;267
149;2;BEATRIZ;29855;266
150;2;ARIADNA;33117;266
151;2;SARE;19406;264
152;2;ESTIBALIZ;24379;261
153;2;MIA;33554;247
154;2;IDOIA;28714;243
155;2;LOLA;43218;242
156;2;ARENE;27163;241
157;2;ELSA;29364;241
158;2;JUDITH;29530;239
159;2;AMAYA;24580;237
160;2;BLANCA;29656;236
161;2;NOELIA;29781;236
162;2;JIMENA;37548;235
163;2;HELENA;29050;232
164;2;IARA;29450;227
165;2;ZAIRA;29554;227
166;2;CAROLINA;37581;225
167;2;INGE;14596;225
168;2;LUNA;37328;220
169;2;NAIRA;35317;218
170;2;IZASKUN;30178;211
171;2;ROCIO;29640;206
172;2;NILE;19622;201
173;2;MIRARI;33496;200
174;2;IRANZU;15878;200
175;2;ELISA;37524;199
176;2;ARAIA;37773;197
177;2;LIDIA;37913;197
178;2;MALAK;39422;197
179;2;YASMIN;33508;196
180;2;ARANE;40568;193
181;2;AIARA;27031;193
182;2;ALAINE;29417;192
183;2;FATIMA;33442;189
184;2;IRADI;33492;189
185;2;AISHA;33042;188
186;2;AINTZANE;29917;187
187;2;LIERNI;29906;187
188;2;LEXURI;33794;186
189;2;KATALIN;9820;183
190;2;HAIZENE;15155;181
191;2;IRANTZU;28844;179
192;2;DIANA;33648;177
193;2;LIA;32573;176
194;2;MARWA;37849;174
195;2;YARA;29694;174
196;2;ITSASNE;33726;173
197;2;IRIS;29696;172
198;2;HEGOA;33753;172
199;2;KARLA;29836;172
200;2;REBECA;29937;172
201;2;ALMA;42546;171
202;2;JOANA;28945;170
203;2;PAOLA;29876;169
204;2;LARRAITZ;29973;167
205;2;GOIZANE;29949;167
206;2;ESTHER;29908;167
207;2;EKIÑE;29749;166
208;2;IBONE;23749;165
209;2;MONICA;23444;165
210;2;LEIZE;14287;164
211;2;NAYRA;29804;160
212;2;ARIADNE;29925;158
213;2;LINA;37492;157
214;2;ARIANNE;29793;156
215;2;AFRICA;37975;156
216;2;RUTH;29919;155
217;2;AMIRA;27972;155
218;2;EUNATE;25031;154
219;2;MARIAM;36572;151
220;2;XARE;18633;151
221;2;ALEXIA;29863;150
222;2;JULE;29029;150
223;2;BEGOÑA;23116;148
224;2;SARAI;29243;147
225;2;ZIORTZA;16303;145
226;2;NOEMI;30115;145
227;2;AMANE;23137;144
228;2;MANUELA;37393;143
229;2;EUKENE;30334;142
230;2;TANIA;29049;141
231;2;ARAI;29441;141
232;2;JOSUNE;30461;138
233;2;JAIONE;24869;137
234;2;MARIANA;32550;136
235;2;IONE;30031;135
236;2;ALEXANDRA;29976;134
237;2;HENAR;29968;133
238;2;SONIA;24818;132
239;2;MAIER;30492;130
240;2;AMETS;28549;130
241;2;ISABELLA;36900;127
242;2;VERONICA;29287;127
243;2;KIARA;30031;126
244;2;MALENA;30186;125
245;2;LORE;14795;123
246;2;ARIANA;30063;122
247;2;SORAYA;23693;119
248;2;NICOLE;25582;119
249;2;ANA MARIA;28959;117
250;2;AINIZE;25157;115
251;2;SAMARA;30403;113
252;2;CECILIA;23696;110
253;2;AMARA;19708;110
254;2;ONEKA;29862;107
255;2;CLOE;37773;107
256;2;SAMIRA;18689;107
257;2;YASMINA;30198;107
258;2;LAIENE;15840;106
259;2;ITXASNE;12078;104
260;2;MADDALEN;21693;103
261;2;ONINTZE;10974;102
262;2;EKHIÑE;30488;98
263;2;DANIELLA;23100;98
264;2;IHINTZA;29184;98
265;2;NOAH;30000;97
266;2;GORANE;16645;96
267;2;TRIANA;28609;96
268;2;MAGALI;14680;95
269;2;ONINTZA;21518;94
270;2;KATIXA;26567;93
271;2;KIRA;27089;93
272;2;AMALUR;22791;92
273;2;AMINA;23635;92
274;2;AIDA;16520;92
275;2;KHADIJA;27820;92
276;2;ANDERE;5369;91
277;2;JENNIFER;16471;91
278;2;SARAH;28703;91
279;2;AZAHARA;29955;90
280;2;CATALINA;37980;90
281;2;UXIA;30010;90
282;2;AFRIKA;23894;89
283;2;ADARA;34162;89
284;2;GISELA;24862;89
285;2;MIKELE;22593;89
286;2;SUA;26086;88
287;2;ZALOA;11202;87
288;2;NOUR;16661;87
289;2;ABRIL;25110;86
290;2;CAYETANA;33451;86
291;2;JESSICA;24701;85
292;2;IUNE;30071;85
293;2;GALA;32944;85
294;2;BIDANE;28731;85
295;2;ELIA;30551;84
296;2;AIURI;25108;84
297;2;NARA;25263;83
298;2;TELMA;28965;82
299;2;AICHA;30501;80
300;2;GAROA;23582;78
301;2;GOIURI;22609;78
302;2;MAR;19340;78
303;2;MARIA CARMEN;24037;78
304;2;HIBA;23198;77
305;2;LYDIA;24436;76
306;2;DESIREE;24141;76
307;2;ANIA;20811;76
308;2;ANAIS;25437;75
309;2;NERE;14823;74
310;2;ILAZKI;27893;74
311;2;ELISABETH;29523;74
312;2;ZIHARA;14869;74
313;2;MIREN AMAIUR;21560;74
314;2;NAIMA;29034;73
315;2;NAHIANE;30802;73
316;2;IRINA;25518;72
317;2;GOIATZ;23717;72
318;2;AYALA;6541;71
319;2;YANIRE;25228;70
320;2;EIRE;14905;70
321;2;NAZARET;26254;69
322;2;BIDATZ;22508;69
323;2;MIREYA;24384;69
324;2;IGONE;16716;69
325;2;ESTELA;29165;68
326;2;LEIZURI;6159;68
327;2;SUSANA;20643;68
328;2;JARA;29625;67
329;2;YANIRA;29248;66
330;2;IMAN;23931;66
331;2;ARGIA;22507;66
332;2;MENCIA;13550;66
333;2;KEIRA;24253;66
334;2;GARBIÑE;24293;65
335;2;ENEA;19094;65
336;2;ANE MIREN;13304;64
337;2;BERA;21500;64
338;2;RANIA;31175;64
339;2;ERIN;16113;64
340;2;AIZPEA;15461;64
341;2;ARWA;22572;64
342;2;ICIAR;19778;64
343;2;BERTA;24142;64
344;2;KAREN;29219;63
345;2;AMAL;27936;63
346;2;SELENE;15696;63
347;2;UZURI;16424;62
348;2;XUNE;21934;62
349;2;IZANE;17164;61
350;2;BASMA;23440;61
351;2;MICHELLE;22763;60
352;2;NATALE;9522;60
353;2;ISRAA;16841;59
354;2;BELEN;19287;59
355;2;ALMUDENA;15699;59
356;2;LAILA;30402;59
357;2;AIXA;29148;59
358;2;INAS;23489;58
359;2;MAYA;24607;58
360;2;PILAR;19110;58
361;2;TASNIM;16952;57
362;2;DAFNE;25248;57
363;2;AMANDA;19033;57
364;2;EKIA;27003;56
365;2;ASHLEY;19173;56
366;2;JUNCAL;25772;56
367;2;MATXALEN;5101;56
368;2;RIM;24886;56
369;2;AMETSA;15195;56
370;2;FATIMA ZAHRA;23580;55
371;2;INDIA;25067;55
372;2;ANI;12951;55
373;2;UMA;22891;55
374;2;ARANTZA;16825;55
375;2;ITZEL;19807;55
376;2;LEIA;15773;55
377;2;TATIANA;19172;55
378;2;JUDIT;23819;54
379;2;GOIZEDER;25666;54
380;2;DANA;30605;53
381;2;AYELEN;15078;53
382;2;NAYELI;19206;53
383;2;HAJAR;20412;53
384;2;VIRGINIA;16501;52
385;2;LENA;21617;52
386;2;MERCEDES;23973;51
387;2;JUGATX;9734;51
388;2;GRETA;16932;51
389;2;AIZA;6312;51
390;2;DAMARIS;25934;50
391;2;XUHARE;21899;50
392;2;ALDARA;25972;50
393;2;INDIRA;11502;50
394;2;ANNA;28866;50
395;2;OLGA;24000;50
396;2;LETICIA;20979;49
397;2;OSKIA;13613;49
398;2;LUA;30835;49
399;2;IRACHE;13720;49
400;2;GORETTI;18995;49
401;2;GADEA;18138;48
402;2;UXURI;20603;48
403;2;THALIA;21076;48
404;2;AIA;15881;48
405;2;IERA;15160;47
406;2;ARRIETA;11640;47
407;2;DEIANE;11280;47
408;2;YERA;15183;47
409;2;ANTIA;19390;46
410;2;VANESA;20484;45
411;2;ESTEFANIA;19854;45
412;2;NARE;19895;45
413;2;MARENE;9758;44
414;2;VIOLETA;25058;44
415;2;IZARNE;29560;44
416;2;DINA;17141;44
417;2;IBANE;15204;43
418;2;IDAIRA;26232;43
419;2;ARANTXA;18180;43
420;2;AMELIA;12709;43
421;2;JANA;19511;42
422;2;SAFAA;23951;42
423;2;TAMARA;22051;42
424;2;YASMINE;20655;42
425;2;PALOMA;18298;42
426;2;ARIXEN;6400;42
427;2;ELORRI;13146;42
428;2;JASONE;12982;41
429;2;AYLA;21222;41
430;2;DEIENE;5178;41
431;2;EUGENIA;19392;41
432;2;MAI;17162;41
433;2;MARIA CRISTINA;20730;41
434;2;NAOMI;22923;41
435;2;IDURRE;15874;41
436;2;IKERNE;9814;41
437;2;MICAELA;22591;41
438;2;CAMILA;19244;41
439;2;MAULE;12292;40
440;2;MARIA TERESA;20593;40
441;2;SIRA;18426;40
442;2;LUZIA;16363;40
443;2;EZTIZEN;5238;40
444;2;AINITZE;23741;40
445;2;SOPHIA;17218;39
446;2;MARIA ISABEL;15839;39
447;2;ABIGAIL;18227;39
448;2;ANITZ;13071;39
449;2;HAFSA;20461;38
450;2;ELIZABETH;12972;38
451;2;IANIRE;23894;38
452;2;IZARBE;19642;38
453;2;AYLEN;17293;38
454;2;NUR;17318;38
455;2;MAIKA;19374;38
456;2;ANTONELLA;15545;38
457;2;DESIRE;16479;38
458;2;NAYLA;24491;37
459;2;AURORA;19321;37
460;2;EVELYN;18413;36
461;2;IZARE;14554;36
462;2;LEILA;22111;36
463;2;ARIA;16040;36
464;2;IZARGI;13123;36
465;2;KRISTINA;26239;36
466;2;ZEIANE;6587;36
467;2;EURI;13065;35
468;2;OHIANE;16475;35
469;2;ARIANNA;27470;35
470;2;NINBE;15435;35
471;2;MADALEN;9843;35
472;2;ADA;17246;35
473;2;ELBA;18661;35
474;2;ARYA;9629;34
475;2;MIKAELA;22740;34
476;2;DAYANA;19443;34
477;2;SIRATS;5206;34
478;2;NIRA;17385;34
479;2;MARIA PILAR;13694;34
480;2;ZELAI;5210;34
481;2;HIART;15463;33
482;2;HIDAYA;11743;33
483;2;MELANIE;17532;33
484;2;KEYLA;17377;33
485;2;MAITENA;19567;33
486;2;ALAA;17283;33
487;2;KATRIN;27539;33
488;2;ESTRELLA;22790;32
489;2;MARYAM;11783;32
490;2;YOUSRA;17428;32
491;2;JANET;16523;32
492;2;LEIXURI;5356;32
493;2;AMAGOIA;13565;32
494;2;MAIANE;15498;32
495;2;AIZENE;5370;32
496;2;KATIA;24395;31
497;2;USUNE;5815;31
498;2;AIZANE;5229;31
499;2;MIRIAN;13129;31
500;2;YOMARA;12945;31
501;2;RAKEL;13045;31
502;2;NOOR;22863;31
503;2;DANAE;16836;31
504;2;BIANCA;24058;31
505;2;ZAINAB;17475;31
506;2;KHLOE;16312;30
507;2;KARLE;10850;30
508;2;ISMENE;5407;30
509;2;IZEIA;16288;30
510;2;NAHIARA;19412;30
511;2;ZUBEROA;19664;29
512;2;EIRA;8495;29
513;2;ANASTASIA;18474;29
514;2;SALOME;18584;29
515;2;NORAH;16288;29
516;2;ADHARA;10789;29
517;2;NAILA;16264;29
518;2;SELENA;17958;28
519;2;ROSA;13081;28
520;2;MIRANDA;19664;28
521;2;AGUEDA;11908;28
522;2;EDITH;17307;28
523;2;VANESSA;16109;28
524;2;KAWTAR;15017;27
525;2;MARIA JOSE;14004;27
526;2;DUNIXE;9943;27
527;2;XENIA;16762;27
528;2;AINHITZE;17335;27
529;2;RITAJ;13992;27
530;2;MARIA ANGELES;12063;27
531;2;MELODY;18731;27
532;2;LUISA;11986;27
533;2;ALANA;10848;27
534;2;ZUHARA;9752;27
535;2;EMILY;16181;27
536;2;ESTITXU;13195;26
537;2;SABRINA;17322;26
538;2;YADIRA;5340;26
539;2;JADE;16283;26
540;2;ZAHIRA;9114;26
541;2;AINA;16221;26
542;2;MANAL;23020;26
543;2;AIZEA;5864;26
544;2;INDARA;18695;26
545;2;JULIETA;10775;26
546;2;DANELE;10940;26
547;2;WIAM;12692;26
548;2;OLAITZ;6680;25
549;2;DELIA;16086;25
550;2;MARE;8649;25
551;2;ELISABET;13161;25
552;2;THAIS;11014;25
553;2;ELVIRA;8480;25
554;2;DUNA;21027;25
555;2;CYNTHIA;1978;24
556;2;YURENA;13201;24
557;2;LUANA;13812;24
558;2;LEAH;16316;24
559;2;YOLANDA;13195;24
560;2;XIOMARA;6045;24
561;2;AINES;13281;24
562;2;AMALE;10922;24
563;2;ANARI;13357;24
564;2;IKRAM;14368;24
565;2;AMALIA;19363;24
566;2;SAYOA;13798;24
567;2;UXUNE;13321;24
568;2;OLAYA;17453;23
569;2;NAIKE;12177;23
570;2;SARAYMA;10724;23
571;2;MAYRA;20831;23
572;2;IOSUNE;13822;23
573;2;LUKENE;5366;23
574;2;TALIA;16266;23
575;2;ISRAE;16329;23
576;2;ADELA;19807;23
577;2;JACQUELINE;8494;23
578;2;MELISSA;18918;22
579;2;IRAITZ;6532;22
580;2;SHAILA;13186;22
581;2;IARE;8732;22
582;2;IHARA;10097;22
583;2;LILI;9826;22
584;2;KIMA;16442;22
585;2;ONA;16395;22
586;2;ALAE;14034;22
587;2;ALMIKE;5485;22
588;2;MANAR;10036;21
589;2;MERIEM;8447;21
590;2;MACARENA;13919;21
591;2;ITZAL;11111;21
592;2;CORAIMA;16373;21
593;2;LOURDES;21054;21
594;2;ZAIDA;8546;21
595;2;ISABELA;12143;21
596;2;ARLET;16359;21
597;2;IKHLAS;10853;21
598;2;ARANTZAZU;6551;20
599;2;XUBANE;17594;20
600;2;IMANE;15160;20
601;2;BARBARA;14218;20
602;2;SUHAILA;10789;20
603;2;HAIZE;8684;20
604;2;NOHA;10058;20
605;2;DANNA;12064;20
606;2;SIMONE;8697;20
607;2;KAIA;11043;20
608;2;MINERVA;14021;19
609;2;DUNIA;13185;19
610;2;IZEL;10087;19
611;2;MARIA VICTORIA;8582;19
612;2;MELANI;10790;19
613;2;AKANE;8707;19
614;2;ALLENDE;10156;19
615;2;MYRIAM;10906;19
616;2;INGRID;6786;19
617;2;ILUNE;11193;19
618;2;MIRENE;10262;19
619;2;LOHIZUNE;5507;19
620;2;CHIARA;16476;19
621;2;MARAM;16576;18
622;2;SOPHIE;16616;18
623;2;AÑES;12264;18
624;2;JOAR;11212;18
625;2;NAYARA;13908;18
626;2;MAIXA;10280;18
627;2;ORIANA;10819;18
628;2;USOA;12083;18
629;2;ZOIHARTZE;5505;18
630;2;IZARRA;5520;18
631;2;NOR;12888;17
632;2;SAFA;10857;17
633;2;YASIRA;5595;17
634;2;SAFAE;10935;17
635;2;ARGIÑE;5522;17
636;2;ITXARO;6643;17
637;2;GOIZARGI;6878;17
638;2;KELTSE;5564;17
639;2;SOFIA MARIA;10929;17
640;2;KARMELE;6628;17
641;2;ESMERALDA;6869;17
642;2;AFNAN;12216;16
643;2;RUBI;5591;16
644;2;AUNITZ;4451;16
645;2;YUNE;13670;16
646;2;ANAHI;5528;16
647;2;RAZAN;12922;16
648;2;JANNAT;10871;16
649;2;ELEN;8813;16
650;2;GURUTZE;6660;16
651;2;KLARA;13634;16
652;2;ILLARI;16625;16
653;2;FARAH;8557;16
654;2;MIREN AMETS;5585;15
655;2;BAYAN;12903;15
656;2;KLOE;5278;15
657;2;ANETTE;5273;15
658;2;HOUDA;13975;15
659;2;SAMANTHA;10944;15
660;2;ENEIDA;6732;15
661;2;NAIALA;5616;15
662;2;OMAIMA;11037;15
663;2;IREA;12418;15
664;2;DOHA;19710;15
665;2;ARA;11987;15
666;2;KEILA;5600;15
667;2;ANUK;12915;15
668;2;GOIZALDE;2050;14
669;2;INSAF;8629;14
670;2;AINE;8843;14
671;2;EHARI;5606;14
672;2;RIHAB;8660;14
673;2;DARA;7924;14
674;2;FATOU;8881;14
675;2;LAURA MARIA;8698;14
676;2;ILLARE;3228;14
677;2;IDOYA;6375;14
678;2;DORLETA;7923;14
679;2;GENTZANE;5613;14
680;2;DANIA;6549;14
681;2;ASIA;10945;14
682;2;SABINA;10966;14
683;2;AINTZIRA;11965;13
684;2;COVADONGA;9734;13
685;2;CATALEYA;8893;13
686;2;ZAHRA;13065;13
687;2;MAE;8925;13
688;2;KAYLA;3246;13
689;2;ARABIA;10973;13
690;2;MATILDE;11027;13
691;2;MAROUA;14074;13
692;2;GEMMA;8731;13
693;2;LEONOR;7364;13
694;2;FATOUMATA;10994;13
695;2;ARGI;3240;13
696;2;GEMA;11048;13
697;2;ANIE;13002;13
698;2;IXEIA;11039;12
699;2;IZORTZE;5715;12
700;2;WISSAL;11105;12
701;2;AMELIE;8928;12
702;2;NURA;5324;12
703;2;GAIA;8942;12
704;2;SIRIA;2084;12
705;2;SIRIN;11096;12
706;2;ABRAR;10995;12
707;2;ENEKA;10040;12
708;2;HAIZEDER;2075;12
709;2;UXUA;14170;12
710;2;ALIA;4590;12
711;2;ALINA;9770;12
712;2;ITOITZ;7723;12
713;2;ALLISON;11008;12
714;2;MARIA DOLORES;8797;12
715;2;MENDIA;14122;12
716;2;KAOUTAR;14092;12
717;2;MILENA;13074;12
718;2;FIRDAOUS;8731;11
719;2;PAZ;14197;11
720;2;MIRYAM;6413;11
721;2;LUCIA MARIA;10077;11
722;2;MARCELA;2100;11
723;2;ASTRID;9830;11
724;2;ALISON;5711;11
725;2;ASMAA;12040;11
726;2;JUANA;5771;11
727;2;YANELI;3301;11
728;2;ANGIE;7733;11
729;2;MARIA JESUS;6848;11
730;2;ELIXABETE;8053;11
731;2;ITZEA;5336;11
732;2;MAIRI;3297;11
733;2;RITA;9960;10
734;2;IHART;2116;10
735;2;ALBA MARIA;14153;10
736;2;AURKENE;5776;10
737;2;LAIATZ;3321;10
738;2;AROHA;11105;10
739;2;ANNETTE;5352;10
740;2;MATILDA;3326;10
741;2;ALEXA;13104;10
742;2;XIMENA;10153;10
743;2;JANIS;5362;10
744;2;OMAYMA;14234;10
745;2;GIULIA;11136;10
746;2;TERESE;3332;10
747;2;AHLAM;8757;10
748;2;AGURTZANE;2108;10
749;2;AINERE;5349;10
750;2;AINHITZ;3305;10
751;2;IVET;7424;10
752;2;NEIA;5368;10
753;2;ENARE;5357;10
754;2;SIARA;5868;10
755;2;ZIARA;5879;10
756;2;MARIA ELENA;8889;10
757;2;ANA SOFIA;7726;10
758;2;AMY;13111;10
759;2;LEYLA;5384;9
760;2;ALOÑA;4464;9
761;2;AILEN;3337;9
762;2;EGUZKIÑE;2133;9
763;2;DENISE;2132;9
764;2;MERIAM;7455;9
765;2;JENIFER;6442;9
766;2;SOIARTZE;3366;9
767;2;JOANNA;2142;9
768;2;AWA;3341;9
769;2;BATIRTZE;2130;9
770;2;ADELE;3336;9
771;2;SUE;3400;8
772;2;HAYDEE;2160;8
773;2;ALESSANDRA;2155;8
774;2;SAMIA;3397;8
775;2;DEBA;3374;8
776;2;MARIAN;6474;8
777;2;IRAIDA;2162;8
778;2;HIRUNE;6466;8
779;2;ELORA;3376;8
780;2;EKHIA;5405;8
781;2;YOANA;6482;8
782;2;ANOUK;5401;8
783;2;MARIA BELEN;6473;8
784;2;DOUAA;1081;8
785;2;ANET;5399;8
786;2;IZAGA;7479;8
787;2;BIHOTZA;3371;8
788;2;SABRIN;7492;8
789;2;MELANY;3387;8
790;2;SHAKIRA;2167;8
791;2;LIBERTAD;3383;8
792;2;SOL;3398;8
793;2;ZINEB;7496;8
794;2;LAYLA;1122;7
795;2;SOFIA ELENA;3446;7
796;2;RUT;5462;7
797;2;GLORIA;6498;7
798;2;KALA;3426;7
799;2;SAIDA;2206;7
800;2;SALWA;7527;7
801;2;SARA MARIA;3442;7
802;2;GURE;1116;7
803;2;SHAMIRA;7529;7
804;2;RANYA;7525;7
805;2;SHIARA;3444;7
806;2;ANA BELEN;6485;7
807;2;HODEIA;2182;7
808;2;REGINA;2204;7
809;2;ERICA;6493;7
810;2;MAYI;4520;7
811;2;LUJAN;3430;7
812;2;MERYEM;7519;7
813;2;MARIE;3434;7
814;2;ERKUDEN;6494;7
815;2;NINA;5458;7
816;2;ESTER;6495;7
817;2;YASHIRA;3450;7
818;2;CHARLOTTE;1109;7
819;2;USUE;2209;7
820;2;LYA;3431;7
821;2;BEREZI;2175;7
822;2;IRAMA;2185;7
823;2;LEIANE;5451;7
824;2;MIAH;3436;7
825;2;ARIMA;3411;7
826;2;MAORE;5454;7
827;2;OSANE;2202;7
828;2;MARGOT;5495;6
829;2;NASIRA;3478;6
830;2;EILEEN;7550;6
831;2;MARIA BEGOÑA;2250;6
832;2;YOSRA;7588;6
833;2;CARMELA;6524;6
834;2;MILANA;7574;6
835;2;SHANIA;2262;6
836;2;MAYTE;6548;6
837;2;MIREN BEGOÑA;2253;6
838;2;SHEYLA;7582;6
839;2;CASILDA;3456;6
840;2;MATIXA;5497;6
841;2;ELI;5478;6
842;2;AINHARA;6517;6
843;2;DEBORA;2229;6
844;2;DALIA;7546;6
845;2;HABIBA;7558;6
846;2;CLARA MARIA;7545;6
847;2;MIREN JOSUNE;2254;6
848;2;SHELLEY;3485;6
849;2;ARACELI;2222;6
850;2;OHIANA;4562;6
851;2;IRIDE;3468;6
852;2;JAQUELINE;3470;6
853;2;YAIRA;3488;6
854;2;RIHAM;7579;6
855;2;FIRDAWS;7556;6
856;2;MARIA LUCIA;4557;6
857;2;ROSA MARIA;2259;6
858;2;ROSARIO;2260;6
859;2;GENEVA;2235;6
860;2;LETIZIA;6542;6
861;2;ASIL;7541;6
862;2;OLARIZU;473;6
863;2;ASMAE;7542;6
864;2;GETARI;3462;6
865;2;JOSEBE;2241;6
866;2;ASSIA;7543;6
867;2;IRUÑA;7562;6
868;2;LLUNA;5492;6
869;2;ATHENEA;7544;6
870;2;ATSEGIÑE;2225;6
871;2;LOIOLA;2246;6
872;2;ESTIBALITZ;2232;6
873;2;MARIAMA;3477;6
874;2;YASSMIN;7586;6
875;2;ENMA;7552;6
876;2;NAYADE;3479;6
877;2;ADAMA;3491;5
878;2;ZURIA;3557;5
879;2;ZORIONE;2324;5
880;2;IRURI;3525;5
881;2;HODA;7620;5
882;2;IBTISSAM;7621;5
883;2;JOHANA;4587;5
884;2;IDARA;5540;5
885;2;YAMILET;3555;5
886;2;YANAY;2322;5
887;2;AGATHA;7593;5
888;2;ADUNA;3493;5
889;2;YISELA;7660;5
890;2;YLENIA;7661;5
891;2;JIAHUI;2292;5
892;2;INDHIRA;3524;5
893;2;AITANE;3496;5
894;2;IHARTE;2286;5
895;2;ZAHARA;7662;5
896;2;IVONNE;2289;5
897;2;AIRA;3495;5
898;2;ADELINA;7591;5
899;2;ZAYNAB;7663;5
900;2;ZAYRA;6602;5
901;2;HELEN;3521;5
902;2;MARIA EUGENIA;6586;5
903;2;JULIANA;2294;5
904;2;FABIOLA;2282;5
905;2;CHENOA;4576;5
906;2;CHAIMAA;7610;5
907;2;LUKE;3536;5
908;2;BOUCHRA;1172;5
909;2;NAJWA;2311;5
910;2;BLANCA MARIA;6566;5
911;2;BIHOTZ;3506;5
912;2;NAWAL;3545;5
913;2;LUCIANA;3535;5
914;2;NAZARETH;2312;5
915;2;AZIZA;3504;5
916;2;AYSHA;3503;5
917;2;LORETO;6581;5
918;2;NIHAD;1194;5
919;2;AVRIL;7607;5
920;2;NADINE;2310;5
921;2;CINTIA;2277;5
922;2;MUSKILDA;6589;5
923;2;DEBORAH;2280;5
924;2;DOUNIA;7614;5
925;2;MARIA SOFIA;3539;5
926;2;MARIA CAMILA;2302;5
927;2;DOAA;6569;5
928;2;MARIOLA;6587;5
929;2;MARIÑE;4597;5
930;2;EIHARNE;3509;5
931;2;ENAR;3514;5
932;2;DARIA;3508;5
933;2;MERITXELL;2308;5
934;2;ELAINE;3510;5
935;2;DAIRA;3507;5
936;2;MAGDALENA;2299;5
937;2;EMILE;3513;5
938;2;EYRA;3516;5
939;2;ASSIL;5519;5
940;2;URITZ;3551;5
941;2;NOUR EL HOUDA;7641;5
942;2;KLAUDIA;2297;5
943;2;SAROA;2317;5
944;2;KHAWLA;6580;5
945;2;KENIA;7629;5
946;2;SHIRA;7649;5
947;2;SIENA;7650;5
948;2;SIHAM;6597;5
949;2;SOLEDAD;2319;5
950;2;KARLOTA;2295;5
951;2;HALIMA;5538;5
952;2;KARINA;7626;5
953;2;HANNA;7619;5
954;2;KANDELA;3530;5
955;2;ALICE;7597;5
956;2;HAYAT;5539;5
957;2;ANAYA;1167;5
958;2;ANGELINA;6562;5
959;2;SAMAR;7647;5
960;2;ORREAGA;6594;5
961;2;OIARTZA;2313;5
962;2;ASMA;1170;5
963;2;FATIMETU;3517;5
964;2;OLALLA;3546;5
965;2;OMNIA;7643;5
966;2;ONDITZ;4604;5
967;2;FLAVIA;2283;5
968;2;SAFIRA;2316;5
969;2;PAULA MARIA;2314;5
970;2;ARAN;5515;5
971;2;ARALE;4572;5
972;2;MARIA FERNANDA;2305;5
973;2;ANTONIA;6563;5
974;2;SABELA;7646;5
975;2;ISLAM;7624;5
