sexe;preusuel;annais;dpt;nombre
1;_PRENOMS_RARES;2000;05;13
1;_PRENOMS_RARES;2001;05;11
1;_PRENOMS_RARES;2002;05;18
1;_PRENOMS_RARES;2003;05;11
1;_PRENOMS_RARES;2004;05;18
1;_PRENOMS_RARES;2005;05;19
1;_PRENOMS_RARES;2006;05;30
1;_PRENOMS_RARES;2007;05;25
1;_PRENOMS_RARES;2008;05;26
1;_PRENOMS_RARES;2009;05;25
1;_PRENOMS_RARES;2010;05;25
1;_PRENOMS_RARES;2011;05;28
1;_PRENOMS_RARES;2012;05;27
1;_PRENOMS_RARES;2013;05;29
1;_PRENOMS_RARES;2014;05;30
1;_PRENOMS_RARES;2015;05;22
1;_PRENOMS_RARES;2016;05;25
1;_PRENOMS_RARES;2017;05;23
1;_PRENOMS_RARES;2018;05;26
1;_PRENOMS_RARES;2019;05;27
1;_PRENOMS_RARES;2020;05;21
1;_PRENOMS_RARES;2021;05;29
1;AARON;2010;05;4
1;AARON;2011;05;4
1;AARON;2012;05;3
1;AARON;2013;05;5
1;AARON;2014;05;6
1;AARON;2015;05;9
1;AARON;2018;05;5
1;AARON;2019;05;4
1;AARON;2020;05;8
1;AARON;2021;05;5
1;ABEL;2019;05;3
1;ADAM;2003;05;3
1;ADAM;2006;05;3
1;ADAM;2008;05;4
1;ADAM;2009;05;7
1;ADAM;2010;05;3
1;ADAM;2011;05;4
1;ADAM;2012;05;7
1;ADAM;2014;05;4
1;ADAM;2015;05;4
1;ADAM;2016;05;6
1;ADAM;2020;05;3
1;ADAM;2021;05;3
1;ADEM;2015;05;3
1;ADEM;2016;05;3
1;ADRIEN;2000;05;13
1;ADRIEN;2001;05;4
1;ADRIEN;2002;05;8
1;ADRIEN;2003;05;4
1;ADRIEN;2004;05;5
1;ADRIEN;2005;05;8
1;ADRIEN;2006;05;8
1;ADRIEN;2008;05;3
1;ADRIEN;2009;05;5
1;ADRIEN;2014;05;3
1;ADRIEN;2016;05;3
1;ADRIEN;2017;05;4
1;ALBAN;2013;05;4
1;ALBAN;2015;05;3
1;ALBAN;2021;05;4
1;ALESSIO;2018;05;3
1;ALESSIO;2019;05;3
1;ALESSIO;2021;05;4
1;ALEX;2001;05;3
1;ALEX;2015;05;3
1;ALEXANDRE;2000;05;9
1;ALEXANDRE;2001;05;4
1;ALEXANDRE;2002;05;7
1;ALEXANDRE;2003;05;8
1;ALEXANDRE;2004;05;8
1;ALEXANDRE;2005;05;8
1;ALEXANDRE;2006;05;5
1;ALEXANDRE;2007;05;6
1;ALEXANDRE;2008;05;11
1;ALEXANDRE;2010;05;5
1;ALEXANDRE;2011;05;5
1;ALEXANDRE;2013;05;4
1;ALEXANDRE;2015;05;3
1;ALEXANDRE;2016;05;4
1;ALEXIS;2000;05;5
1;ALEXIS;2001;05;10
1;ALEXIS;2002;05;3
1;ALEXIS;2003;05;10
1;ALEXIS;2004;05;6
1;ALEXIS;2005;05;4
1;ALEXIS;2006;05;7
1;ALEXIS;2007;05;8
1;ALEXIS;2008;05;5
1;ALEXIS;2009;05;4
1;ALEXIS;2011;05;12
1;ALEXIS;2012;05;6
1;ALEXIS;2013;05;4
1;ALEXIS;2019;05;3
1;AMAURY;2005;05;3
1;AMAURY;2010;05;3
1;AMIR;2019;05;4
1;ANDREA;2021;05;5
1;ANDY;2013;05;3
1;ANGE;2018;05;3
1;ANGEL;2006;05;3
1;ANGELO;2006;05;4
1;ANTHONY;2000;05;15
1;ANTHONY;2001;05;11
1;ANTHONY;2002;05;10
1;ANTHONY;2003;05;4
1;ANTHONY;2006;05;6
1;ANTHONY;2008;05;3
1;ANTOINE;2000;05;8
1;ANTOINE;2001;05;6
1;ANTOINE;2002;05;7
1;ANTOINE;2003;05;4
1;ANTOINE;2004;05;8
1;ANTOINE;2005;05;6
1;ANTOINE;2006;05;4
1;ANTOINE;2008;05;4
1;ANTOINE;2009;05;4
1;ANTOINE;2010;05;3
1;ANTOINE;2011;05;4
1;ANTOINE;2012;05;7
1;ANTOINE;2013;05;5
1;ANTOINE;2014;05;3
1;ANTOINE;2015;05;3
1;ANTOINE;2016;05;3
1;ANTOINE;2017;05;3
1;ANTOINE;2018;05;5
1;ANTOINE;2019;05;3
1;ANTOINE;2020;05;3
1;ANTOINE;2021;05;4
1;ANTONIN;2001;05;4
1;ANTONIN;2002;05;3
1;ANTONIN;2003;05;5
1;ANTONIN;2004;05;5
1;ANTONIN;2006;05;3
1;ANTONIN;2007;05;3
1;ANTONIN;2008;05;6
1;ANTONIN;2009;05;3
1;ANTONIN;2010;05;3
1;ANTONIN;2013;05;3
1;ANTONIN;2016;05;3
1;ANTONIN;2019;05;4
1;ANTONIN;2020;05;5
1;ARNAUD;2000;05;3
1;ARNAUD;2006;05;3
1;ARTHUR;2000;05;5
1;ARTHUR;2001;05;8
1;ARTHUR;2002;05;8
1;ARTHUR;2003;05;5
1;ARTHUR;2004;05;6
1;ARTHUR;2005;05;3
1;ARTHUR;2006;05;12
1;ARTHUR;2007;05;5
1;ARTHUR;2008;05;5
1;ARTHUR;2009;05;4
1;ARTHUR;2010;05;6
1;ARTHUR;2011;05;9
1;ARTHUR;2012;05;9
1;ARTHUR;2013;05;5
1;ARTHUR;2014;05;3
1;ARTHUR;2015;05;4
1;ARTHUR;2016;05;5
1;ARTHUR;2017;05;6
1;ARTHUR;2018;05;8
1;ARTHUR;2019;05;8
1;ARTHUR;2020;05;10
1;ARTHUR;2021;05;7
1;AUGUSTE;2021;05;3
1;AUGUSTIN;2016;05;5
1;AUGUSTIN;2019;05;5
1;AUGUSTIN;2020;05;3
1;AUGUSTIN;2021;05;4
1;AURÉLIEN;2000;05;3
1;AURÉLIEN;2002;05;4
1;AURÉLIEN;2003;05;5
1;AURÉLIEN;2006;05;3
1;AURÉLIEN;2007;05;3
1;AXEL;2000;05;4
1;AXEL;2001;05;4
1;AXEL;2002;05;3
1;AXEL;2003;05;8
1;AXEL;2004;05;6
1;AXEL;2005;05;5
1;AXEL;2006;05;3
1;AXEL;2007;05;3
1;AXEL;2008;05;5
1;AXEL;2009;05;3
1;AXEL;2010;05;6
1;AXEL;2011;05;5
1;AXEL;2012;05;9
1;AXEL;2013;05;5
1;AXEL;2014;05;3
1;AXEL;2015;05;7
1;AXEL;2016;05;3
1;AXEL;2018;05;4
1;AXEL;2020;05;4
1;AXEL;2021;05;3
1;AYDEN;2021;05;5
1;BAPTISTE;2000;05;7
1;BAPTISTE;2001;05;9
1;BAPTISTE;2002;05;7
1;BAPTISTE;2003;05;4
1;BAPTISTE;2004;05;7
1;BAPTISTE;2005;05;4
1;BAPTISTE;2006;05;13
1;BAPTISTE;2007;05;5
1;BAPTISTE;2008;05;12
1;BAPTISTE;2010;05;7
1;BAPTISTE;2011;05;7
1;BAPTISTE;2013;05;7
1;BAPTISTE;2016;05;3
1;BAPTISTE;2017;05;5
1;BAPTISTE;2018;05;3
1;BAPTISTE;2020;05;5
1;BAPTISTE;2021;05;3
1;BASILE;2014;05;4
1;BASILE;2021;05;3
1;BASTIEN;2000;05;10
1;BASTIEN;2001;05;7
1;BASTIEN;2002;05;4
1;BASTIEN;2004;05;9
1;BASTIEN;2005;05;7
1;BASTIEN;2006;05;7
1;BASTIEN;2007;05;4
1;BASTIEN;2008;05;4
1;BASTIEN;2010;05;3
1;BASTIEN;2011;05;3
1;BENJAMIN;2000;05;6
1;BENJAMIN;2001;05;8
1;BENJAMIN;2002;05;5
1;BENJAMIN;2003;05;3
1;BENJAMIN;2004;05;8
1;BENJAMIN;2005;05;3
1;BENJAMIN;2008;05;4
1;BENJAMIN;2013;05;3
1;BENJAMIN;2015;05;4
1;BENOÎT;2002;05;3
1;BRICE;2004;05;3
1;BRYAN;2006;05;3
1;CAMILLE;2011;05;4
1;CAMILLE;2013;05;3
1;CAMILLE;2014;05;5
1;CAMILLE;2019;05;4
1;CAMILLE;2020;05;5
1;CEDRIC;2003;05;3
1;CELIAN;2005;05;4
1;CELIAN;2010;05;4
1;CHARLES;2004;05;3
1;CHARLIE;2018;05;3
1;CHARLY;2002;05;3
1;CHARLY;2009;05;4
1;CHARLY;2011;05;4
1;CHARLY;2012;05;5
1;CHARLY;2013;05;5
1;CHARLY;2015;05;4
1;CHARLY;2016;05;4
1;CHARLY;2018;05;4
1;CHARLY;2019;05;3
1;CHARLY;2020;05;7
1;CHARLY;2021;05;4
1;CLEMENT;2010;05;5
1;CLÉMENT;2000;05;7
1;CLÉMENT;2001;05;11
1;CLÉMENT;2002;05;10
1;CLÉMENT;2003;05;8
1;CLÉMENT;2004;05;10
1;CLÉMENT;2005;05;3
1;CLÉMENT;2006;05;6
1;CLÉMENT;2007;05;4
1;CLÉMENT;2008;05;9
1;CLÉMENT;2009;05;5
1;CLÉMENT;2011;05;5
1;CLÉMENT;2012;05;4
1;CLÉMENT;2013;05;3
1;CLÉMENT;2014;05;3
1;CLÉMENT;2015;05;4
1;CLÉMENT;2016;05;7
1;CLÉMENT;2017;05;4
1;CLÉMENT;2018;05;5
1;CLÉMENT;2021;05;6
1;COME;2009;05;3
1;CÔME;2013;05;3
1;CÔME;2018;05;3
1;CORENTIN;2000;05;3
1;CORENTIN;2001;05;4
1;CORENTIN;2003;05;5
1;CORENTIN;2004;05;5
1;CORENTIN;2006;05;3
1;CORENTIN;2007;05;3
1;CORENTIN;2009;05;3
1;CORENTIN;2011;05;3
1;CORENTIN;2017;05;6
1;CYRIL;2001;05;4
1;DAMIEN;2001;05;7
1;DAMIEN;2003;05;3
1;DAMIEN;2005;05;3
1;DAMIEN;2006;05;3
1;DAMIEN;2007;05;3
1;DAVID;2000;05;4
1;DIEGO;2004;05;3
1;DIEGO;2006;05;4
1;DIEGO;2007;05;5
1;DIEGO;2009;05;3
1;DIEGO;2010;05;4
1;DIEGO;2013;05;4
1;DIEGO;2015;05;5
1;DIMITRI;2002;05;3
1;DIMITRI;2004;05;3
1;DIMITRI;2005;05;4
1;DORIAN;2001;05;5
1;DORIAN;2002;05;7
1;DORIAN;2003;05;3
1;DORIAN;2004;05;4
1;DORIAN;2005;05;3
1;DORIAN;2007;05;4
1;DORIAN;2008;05;5
1;DORIAN;2009;05;3
1;DORIAN;2012;05;3
1;DYLAN;2000;05;4
1;DYLAN;2001;05;4
1;DYLAN;2003;05;5
1;DYLAN;2004;05;6
1;DYLAN;2005;05;4
1;DYLAN;2011;05;5
1;DYLAN;2013;05;3
1;DYLAN;2018;05;3
1;EDEN;2013;05;3
1;EDEN;2014;05;3
1;EDEN;2016;05;7
1;EDEN;2018;05;5
1;EDEN;2019;05;4
1;EDEN;2021;05;3
1;ELIE;2013;05;3
1;ELIE;2019;05;4
1;ÉLIE;2020;05;3
1;ELIO;2017;05;4
1;ELIO;2018;05;4
1;ELIOT;2006;05;4
1;ELIOT;2009;05;4
1;ELIOT;2012;05;4
1;ELIOTT;2003;05;5
1;ELIOTT;2008;05;4
1;ELIOTT;2009;05;3
1;ELIOTT;2015;05;3
1;ELIOTT;2017;05;6
1;ELIOTT;2019;05;3
1;ELIOTT;2020;05;6
1;ELIOTT;2021;05;4
1;ELLIOT;2015;05;4
1;ELOUAN;2015;05;3
1;EMILE;2019;05;3
1;ENZO;2000;05;5
1;ENZO;2001;05;10
1;ENZO;2002;05;12
1;ENZO;2003;05;9
1;ENZO;2004;05;11
1;ENZO;2005;05;11
1;ENZO;2006;05;10
1;ENZO;2007;05;18
1;ENZO;2008;05;14
1;ENZO;2009;05;11
1;ENZO;2010;05;9
1;ENZO;2011;05;13
1;ENZO;2012;05;5
1;ENZO;2013;05;7
1;ENZO;2014;05;5
1;ENZO;2016;05;11
1;ENZO;2017;05;5
1;ERIC;2008;05;3
1;ERWAN;2004;05;3
1;ERWAN;2006;05;3
1;ERWAN;2010;05;3
1;ERWAN;2011;05;5
1;ERWAN;2012;05;3
1;ESTEBAN;2004;05;3
1;ESTEBAN;2005;05;3
1;ESTEBAN;2006;05;5
1;ESTEBAN;2007;05;4
1;ESTEBAN;2009;05;5
1;ESTEBAN;2011;05;3
1;ESTEBAN;2013;05;3
1;ESTEBAN;2017;05;5
1;ESTEBAN;2019;05;4
1;ETHAN;2003;05;4
1;ETHAN;2004;05;3
1;ETHAN;2006;05;3
1;ETHAN;2007;05;5
1;ETHAN;2008;05;11
1;ETHAN;2009;05;7
1;ETHAN;2010;05;10
1;ETHAN;2011;05;8
1;ETHAN;2012;05;12
1;ETHAN;2013;05;8
1;ETHAN;2014;05;7
1;ETHAN;2015;05;6
1;ETHAN;2016;05;8
1;ETHAN;2017;05;8
1;ETHAN;2018;05;3
1;ETHAN;2019;05;11
1;ETHAN;2020;05;10
1;ETIENNE;2002;05;3
1;EVAN;2000;05;4
1;EVAN;2002;05;4
1;EVAN;2003;05;6
1;EVAN;2004;05;6
1;EVAN;2005;05;6
1;EVAN;2006;05;8
1;EVAN;2007;05;4
1;EVAN;2008;05;8
1;EVAN;2009;05;5
1;EVAN;2010;05;9
1;EVAN;2011;05;8
1;EVAN;2012;05;8
1;EVAN;2014;05;4
1;EVAN;2015;05;3
1;EVAN;2016;05;6
1;EVAN;2017;05;4
1;EVAN;2018;05;5
1;EVAN;2019;05;10
1;EVAN;2021;05;3
1;EWAN;2005;05;3
1;EZIO;2014;05;4
1;EZIO;2018;05;3
1;EZIO;2019;05;4
1;EZIO;2020;05;4
1;EZIO;2021;05;4
1;FABIEN;2000;05;5
1;FABIEN;2001;05;5
1;FABIEN;2007;05;3
1;FABIO;2006;05;4
1;FABIO;2009;05;3
1;FÉLIX;2005;05;3
1;FLORENT;2001;05;4
1;FLORIAN;2000;05;3
1;FLORIAN;2001;05;12
1;FLORIAN;2002;05;7
1;FLORIAN;2003;05;3
1;FLORIAN;2004;05;5
1;FLORIAN;2005;05;3
1;FLORIAN;2006;05;4
1;FLORIAN;2009;05;3
1;FLORIAN;2012;05;3
1;FLORIAN;2014;05;3
1;FRANÇOIS;2002;05;3
1;GABIN;2003;05;3
1;GABIN;2006;05;5
1;GABIN;2007;05;6
1;GABIN;2008;05;7
1;GABIN;2009;05;5
1;GABIN;2010;05;5
1;GABIN;2011;05;7
1;GABIN;2012;05;4
1;GABIN;2013;05;6
1;GABIN;2014;05;7
1;GABIN;2015;05;9
1;GABIN;2016;05;6
1;GABIN;2018;05;4
1;GABIN;2019;05;5
1;GABIN;2021;05;5
1;GABRIEL;2000;05;7
1;GABRIEL;2001;05;3
1;GABRIEL;2003;05;3
1;GABRIEL;2005;05;3
1;GABRIEL;2006;05;3
1;GABRIEL;2007;05;8
1;GABRIEL;2008;05;15
1;GABRIEL;2009;05;8
1;GABRIEL;2010;05;9
1;GABRIEL;2011;05;9
1;GABRIEL;2012;05;5
1;GABRIEL;2013;05;14
1;GABRIEL;2014;05;9
1;GABRIEL;2015;05;7
1;GABRIEL;2016;05;8
1;GABRIEL;2017;05;7
1;GABRIEL;2018;05;13
1;GABRIEL;2019;05;10
1;GABRIEL;2020;05;8
1;GABRIEL;2021;05;6
1;GABRIELE;2015;05;3
1;GAËTAN;2003;05;4
1;GAËTAN;2004;05;3
1;GAËTAN;2005;05;5
1;GASPARD;2001;05;3
1;GASPARD;2004;05;3
1;GASPARD;2005;05;3
1;GASPARD;2006;05;4
1;GASPARD;2007;05;3
1;GASPARD;2008;05;3
1;GASPARD;2009;05;3
1;GASPARD;2010;05;5
1;GASPARD;2011;05;3
1;GASPARD;2012;05;4
1;GASPARD;2014;05;3
1;GASPARD;2016;05;3
1;GASPARD;2017;05;6
1;GASPARD;2018;05;3
1;GASPARD;2019;05;5
1;GASPARD;2021;05;3
1;GIANNI;2020;05;3
1;GREGORY;2002;05;4
1;GUILLAUME;2000;05;5
1;GUILLAUME;2001;05;5
1;GUILLAUME;2002;05;6
1;GUILLAUME;2003;05;6
1;GUILLAUME;2004;05;3
1;GUILLAUME;2007;05;4
1;HUGO;2000;05;12
1;HUGO;2001;05;7
1;HUGO;2002;05;10
1;HUGO;2003;05;8
1;HUGO;2004;05;8
1;HUGO;2005;05;9
1;HUGO;2006;05;5
1;HUGO;2007;05;7
1;HUGO;2008;05;10
1;HUGO;2009;05;5
1;HUGO;2010;05;8
1;HUGO;2011;05;10
1;HUGO;2012;05;4
1;HUGO;2013;05;9
1;HUGO;2014;05;6
1;HUGO;2015;05;10
1;HUGO;2016;05;5
1;HUGO;2017;05;7
1;HUGO;2018;05;7
1;HUGO;2019;05;4
1;HUGO;2020;05;5
1;HUGO;2021;05;13
1;ILAN;2005;05;4
1;ILAN;2008;05;4
1;ILYES;2007;05;3
1;ISAAC;2018;05;3
1;ISAAC;2021;05;7
1;JASON;2005;05;3
1;JEAN;2005;05;3
1;JEAN;2007;05;3
1;JEAN;2017;05;3
1;JEREMIE;2001;05;3
1;JEREMIE;2003;05;4
1;JEREMY;2000;05;8
1;JEREMY;2001;05;3
1;JEREMY;2002;05;4
1;JEREMY;2003;05;3
1;JEREMY;2005;05;5
1;JEREMY;2009;05;3
1;JOHAN;2002;05;4
1;JOHAN;2005;05;3
1;JOHAN;2006;05;3
1;JOHAN;2010;05;4
1;JOHAN;2012;05;4
1;JOHAN;2015;05;3
1;JONATHAN;2000;05;7
1;JONATHAN;2008;05;3
1;JONATHAN;2014;05;3
1;JORDAN;2000;05;3
1;JORDAN;2009;05;4
1;JORDAN;2011;05;3
1;JORDAN;2012;05;4
1;JORDAN;2013;05;3
1;JORDAN;2014;05;5
1;JORDAN;2020;05;3
1;JORIS;2001;05;4
1;JORIS;2002;05;4
1;JORIS;2006;05;4
1;JOSEPH;2002;05;3
1;JOSEPH;2021;05;3
1;JULES;2000;05;6
1;JULES;2001;05;5
1;JULES;2003;05;3
1;JULES;2004;05;7
1;JULES;2005;05;9
1;JULES;2006;05;4
1;JULES;2007;05;4
1;JULES;2008;05;16
1;JULES;2009;05;8
1;JULES;2010;05;9
1;JULES;2011;05;11
1;JULES;2012;05;11
1;JULES;2013;05;13
1;JULES;2014;05;11
1;JULES;2015;05;8
1;JULES;2016;05;12
1;JULES;2017;05;5
1;JULES;2018;05;7
1;JULES;2019;05;4
1;JULES;2020;05;7
1;JULES;2021;05;10
1;JULIAN;2001;05;3
1;JULIAN;2015;05;3
1;JULIAN;2016;05;3
1;JULIAN;2019;05;3
1;JULIAN;2020;05;3
1;JULIEN;2000;05;7
1;JULIEN;2001;05;12
1;JULIEN;2002;05;10
1;JULIEN;2003;05;9
1;JULIEN;2004;05;5
1;JULIEN;2005;05;7
1;JULIEN;2006;05;6
1;JULIEN;2007;05;4
1;JULIEN;2008;05;3
1;JULIEN;2009;05;3
1;JUSTIN;2009;05;3
1;JUSTIN;2011;05;4
1;KAIS;2007;05;3
1;KAÏS;2012;05;3
1;KENZO;2006;05;3
1;KENZO;2007;05;3
1;KENZO;2009;05;3
1;KENZO;2013;05;4
1;KENZO;2016;05;3
1;KEVIN;2000;05;8
1;KEVIN;2001;05;5
1;KEVIN;2002;05;8
1;KEVIN;2003;05;3
1;KEVIN;2004;05;3
1;KEVIN;2005;05;4
1;KEVIN;2007;05;3
1;KEVIN;2008;05;3
1;KILIAN;2000;05;3
1;KILIAN;2004;05;3
1;KILIAN;2006;05;3
1;KILLIAN;2000;05;6
1;KILLIAN;2001;05;7
1;KILLIAN;2002;05;4
1;KILLIAN;2003;05;5
1;KILLIAN;2004;05;3
1;KILLIAN;2005;05;4
1;KYLIAN;2000;05;5
1;KYLIAN;2001;05;3
1;KYLIAN;2003;05;4
1;KYLIAN;2004;05;4
1;KYLIAN;2005;05;3
1;KYLIAN;2006;05;3
1;KYLIAN;2007;05;4
1;KYLIAN;2010;05;3
1;KYLIAN;2013;05;3
1;KYLLIAN;2009;05;3
1;LAURENT;2001;05;3
1;LÉANDRE;2020;05;3
1;LÉANDRE;2021;05;3
1;LÉANDRO;2021;05;3
1;LENNY;2004;05;4
1;LENNY;2006;05;5
1;LENNY;2010;05;4
1;LENNY;2011;05;4
1;LENNY;2013;05;6
1;LENNY;2014;05;6
1;LENNY;2015;05;4
1;LENNY;2017;05;4
1;LENNY;2018;05;3
1;LENNY;2019;05;6
1;LENNY;2020;05;5
1;LENZO;2016;05;4
1;LENZO;2019;05;3
1;LEO;2010;05;8
1;LEO;2011;05;4
1;LÉO;2000;05;4
1;LÉO;2001;05;14
1;LÉO;2002;05;13
1;LÉO;2003;05;6
1;LÉO;2004;05;8
1;LÉO;2005;05;10
1;LÉO;2006;05;13
1;LÉO;2007;05;13
1;LÉO;2008;05;4
1;LÉO;2009;05;11
1;LÉO;2010;05;6
1;LÉO;2011;05;9
1;LÉO;2012;05;10
1;LÉO;2013;05;12
1;LÉO;2014;05;11
1;LÉO;2015;05;12
1;LÉO;2016;05;11
1;LÉO;2017;05;12
1;LÉO;2018;05;8
1;LÉO;2019;05;7
1;LÉO;2020;05;11
1;LÉO;2021;05;19
1;LÉON;2011;05;4
1;LÉON;2012;05;4
1;LÉON;2013;05;3
1;LÉON;2014;05;5
1;LÉON;2016;05;4
1;LÉON;2017;05;5
1;LÉON;2019;05;7
1;LÉON;2020;05;4
1;LÉON;2021;05;4
1;LEONARD;2001;05;3
1;LIAM;2003;05;3
1;LIAM;2004;05;5
1;LIAM;2008;05;7
1;LIAM;2009;05;4
1;LIAM;2010;05;4
1;LIAM;2011;05;4
1;LIAM;2012;05;3
1;LIAM;2013;05;4
1;LIAM;2014;05;3
1;LIAM;2015;05;13
1;LIAM;2016;05;6
1;LIAM;2017;05;7
1;LIAM;2018;05;5
1;LIAM;2019;05;7
1;LIAM;2020;05;9
1;LIAM;2021;05;4
1;LILIAN;2002;05;7
1;LILIAN;2003;05;3
1;LILIAN;2004;05;5
1;LILIAN;2006;05;6
1;LILIAN;2007;05;4
1;LILIAN;2008;05;5
1;LILIAN;2009;05;4
1;LILIAN;2012;05;3
1;LILIAN;2013;05;3
1;LINO;2016;05;4
1;LINO;2018;05;3
1;LIVIO;2010;05;3
1;LIVIO;2013;05;3
1;LIVIO;2015;05;3
1;LIVIO;2018;05;4
1;LIVIO;2019;05;3
1;LIVIO;2020;05;5
1;LOAN;2001;05;5
1;LOAN;2003;05;5
1;LOAN;2008;05;4
1;LOAN;2009;05;7
1;LOAN;2010;05;6
1;LOAN;2011;05;3
1;LOAN;2013;05;3
1;LOAN;2014;05;3
1;LOAN;2016;05;4
1;LOAN;2017;05;4
1;LOAN;2019;05;3
1;LOGAN;2020;05;4
1;LOGAN;2021;05;3
1;LOHAN;2010;05;3
1;LOÏC;2000;05;9
1;LOÏC;2001;05;5
1;LOÏC;2002;05;3
1;LOÏC;2003;05;5
1;LOÏC;2004;05;3
1;LOÏC;2006;05;3
1;LOÏC;2008;05;3
1;LOÏC;2013;05;4
1;LOÏS;2003;05;3
1;LOÏS;2014;05;3
1;LOÏS;2021;05;3
1;LORENZO;2004;05;4
1;LORENZO;2007;05;4
1;LORENZO;2009;05;3
1;LORENZO;2011;05;9
1;LORENZO;2013;05;5
1;LORENZO;2014;05;5
1;LORENZO;2016;05;4
1;LORENZO;2017;05;4
1;LORENZO;2018;05;6
1;LORENZO;2019;05;7
1;LORENZO;2020;05;5
1;LORIS;2001;05;5
1;LORIS;2002;05;4
1;LORIS;2003;05;5
1;LORIS;2004;05;8
1;LORIS;2008;05;5
1;LORIS;2009;05;4
1;LORIS;2010;05;7
1;LORIS;2011;05;3
1;LORIS;2013;05;3
1;LORIS;2019;05;3
1;LORIS;2020;05;3
1;LOU;2014;05;3
1;LOUCAS;2013;05;3
1;LOUIS;2000;05;3
1;LOUIS;2001;05;6
1;LOUIS;2002;05;7
1;LOUIS;2003;05;5
1;LOUIS;2004;05;5
1;LOUIS;2005;05;5
1;LOUIS;2006;05;9
1;LOUIS;2007;05;3
1;LOUIS;2008;05;11
1;LOUIS;2009;05;10
1;LOUIS;2010;05;9
1;LOUIS;2011;05;3
1;LOUIS;2012;05;8
1;LOUIS;2013;05;8
1;LOUIS;2014;05;13
1;LOUIS;2015;05;9
1;LOUIS;2016;05;10
1;LOUIS;2017;05;7
1;LOUIS;2018;05;5
1;LOUIS;2019;05;9
1;LOUIS;2020;05;14
1;LOUIS;2021;05;8
1;LOUKA;2007;05;3
1;LOUKA;2010;05;5
1;LOUKA;2011;05;3
1;LOUKA;2013;05;4
1;LOUKA;2014;05;4
1;LOUKA;2019;05;5
1;LOUKA;2021;05;3
1;LOUP;2019;05;3
1;LUCA;2004;05;3
1;LUCA;2015;05;4
1;LUCAS;2000;05;13
1;LUCAS;2001;05;22
1;LUCAS;2002;05;12
1;LUCAS;2003;05;18
1;LUCAS;2004;05;13
1;LUCAS;2005;05;7
1;LUCAS;2006;05;12
1;LUCAS;2007;05;6
1;LUCAS;2008;05;15
1;LUCAS;2009;05;10
1;LUCAS;2010;05;14
1;LUCAS;2011;05;8
1;LUCAS;2012;05;14
1;LUCAS;2013;05;11
1;LUCAS;2014;05;13
1;LUCAS;2015;05;11
1;LUCAS;2016;05;9
1;LUCAS;2017;05;11
1;LUCAS;2018;05;5
1;LUCAS;2019;05;8
1;LUCAS;2020;05;3
1;LUCAS;2021;05;4
1;LUCIEN;2003;05;3
1;LUCIEN;2017;05;3
1;LUDOVIC;2002;05;5
1;LYAM;2012;05;4
1;LYAM;2014;05;3
1;LYAM;2017;05;5
1;LYAM;2020;05;3
1;LYAM;2021;05;7
1;MACEO;2006;05;3
1;MAÉ;2020;05;3
1;MAÉ;2021;05;4
1;MAEL;2001;05;3
1;MAEL;2002;05;7
1;MAEL;2003;05;7
1;MAEL;2004;05;5
1;MAEL;2005;05;10
1;MAEL;2006;05;7
1;MAEL;2007;05;8
1;MAEL;2008;05;8
1;MAEL;2009;05;4
1;MAEL;2010;05;6
1;MAEL;2011;05;3
1;MAËL;2011;05;4
1;MAËL;2012;05;13
1;MAËL;2013;05;7
1;MAËL;2014;05;9
1;MAËL;2015;05;11
1;MAËL;2016;05;5
1;MAËL;2017;05;6
1;MAËL;2018;05;7
1;MAËL;2019;05;9
1;MAËL;2020;05;9
1;MAËL;2021;05;4
1;MAHÉ;2007;05;5
1;MAHÉ;2008;05;6
1;MAHÉ;2009;05;5
1;MALO;2016;05;3
1;MALO;2018;05;3
1;MALO;2019;05;5
1;MALO;2021;05;3
1;MALONE;2017;05;3
1;MALONE;2019;05;3
1;MALONE;2020;05;3
1;MANOÉ;2013;05;3
1;MAO;2021;05;3
1;MARC;2004;05;3
1;MARCEAU;2017;05;3
1;MARCEAU;2020;05;3
1;MARCEAU;2021;05;6
1;MARIN;2020;05;3
1;MARIN;2021;05;3
1;MARIUS;2002;05;4
1;MARIUS;2003;05;3
1;MARIUS;2008;05;4
1;MARIUS;2009;05;6
1;MARIUS;2010;05;3
1;MARIUS;2011;05;3
1;MARIUS;2013;05;4
1;MARIUS;2014;05;4
1;MARIUS;2015;05;3
1;MARIUS;2016;05;6
1;MARIUS;2017;05;3
1;MARIUS;2018;05;6
1;MARIUS;2019;05;8
1;MARIUS;2020;05;5
1;MARIUS;2021;05;8
1;MARTIN;2001;05;3
1;MARTIN;2002;05;3
1;MARTIN;2003;05;3
1;MARTIN;2008;05;4
1;MARTIN;2009;05;5
1;MARTIN;2013;05;4
1;MARTIN;2015;05;3
1;MARTIN;2017;05;5
1;MARTIN;2021;05;3
1;MATÉO;2000;05;3
1;MATÉO;2001;05;6
1;MATÉO;2002;05;3
1;MATÉO;2003;05;3
1;MATÉO;2004;05;6
1;MATÉO;2006;05;4
1;MATÉO;2012;05;3
1;MATHEO;2010;05;5
1;MATHÉO;2001;05;5
1;MATHÉO;2002;05;4
1;MATHÉO;2003;05;5
1;MATHÉO;2004;05;6
1;MATHÉO;2005;05;4
1;MATHÉO;2006;05;6
1;MATHÉO;2007;05;4
1;MATHÉO;2008;05;5
1;MATHÉO;2009;05;9
1;MATHÉO;2010;05;5
1;MATHÉO;2011;05;5
1;MATHÉO;2013;05;3
1;MATHÉO;2014;05;4
1;MATHÉO;2015;05;4
1;MATHÉO;2018;05;4
1;MATHÉO;2019;05;6
1;MATHÉO;2021;05;3
1;MATHIAS;2001;05;3
1;MATHIAS;2002;05;3
1;MATHIAS;2004;05;3
1;MATHIAS;2006;05;3
1;MATHIAS;2007;05;3
1;MATHIAS;2009;05;4
1;MATHIAS;2014;05;3
1;MATHIAS;2015;05;4
1;MATHIEU;2000;05;9
1;MATHIEU;2001;05;4
1;MATHIEU;2002;05;6
1;MATHIEU;2003;05;6
1;MATHIEU;2004;05;5
1;MATHIEU;2005;05;4
1;MATHIEU;2006;05;3
1;MATHIEU;2007;05;3
1;MATHIEU;2008;05;3
1;MATHIS;2000;05;5
1;MATHIS;2001;05;6
1;MATHIS;2002;05;13
1;MATHIS;2003;05;18
1;MATHIS;2004;05;14
1;MATHIS;2005;05;10
1;MATHIS;2006;05;9
1;MATHIS;2007;05;9
1;MATHIS;2008;05;10
1;MATHIS;2009;05;5
1;MATHIS;2010;05;4
1;MATHIS;2011;05;9
1;MATHIS;2012;05;6
1;MATHIS;2013;05;12
1;MATHIS;2014;05;9
1;MATHIS;2015;05;8
1;MATHIS;2016;05;4
1;MATHIS;2017;05;3
1;MATHIS;2018;05;6
1;MATHIS;2019;05;5
1;MATHIS;2020;05;3
1;MATHIS;2021;05;5
1;MATHYS;2001;05;3
1;MATHYS;2002;05;4
1;MATHYS;2003;05;3
1;MATHYS;2005;05;6
1;MATHYS;2006;05;7
1;MATHYS;2008;05;3
1;MATHYS;2009;05;5
1;MATHYS;2011;05;3
1;MATHYS;2012;05;3
1;MATHYS;2013;05;3
1;MATHYS;2014;05;3
1;MATHYS;2015;05;3
1;MATHYS;2018;05;4
1;MATIS;2003;05;4
1;MATIS;2006;05;4
1;MATIS;2014;05;4
1;MATT;2019;05;3
1;MATTÉO;2000;05;5
1;MATTÉO;2001;05;7
1;MATTÉO;2002;05;5
1;MATTÉO;2003;05;12
1;MATTÉO;2004;05;6
1;MATTÉO;2005;05;6
1;MATTÉO;2006;05;4
1;MATTÉO;2007;05;4
1;MATTÉO;2009;05;5
1;MATTÉO;2011;05;4
1;MATTÉO;2012;05;4
1;MATTÉO;2013;05;4
1;MATTÉO;2014;05;3
1;MATTÉO;2015;05;6
1;MATTÉO;2016;05;3
1;MATTÉO;2018;05;3
1;MATTHIEU;2000;05;3
1;MATTHIEU;2001;05;3
1;MATTHIEU;2005;05;3
1;MATTHIEU;2009;05;3
1;MATTIA;2021;05;4
1;MAX;2007;05;3
1;MAXENCE;2000;05;3
1;MAXENCE;2001;05;5
1;MAXENCE;2002;05;5
1;MAXENCE;2005;05;3
1;MAXENCE;2006;05;4
1;MAXENCE;2007;05;3
1;MAXENCE;2008;05;5
1;MAXENCE;2009;05;5
1;MAXENCE;2011;05;3
1;MAXENCE;2012;05;7
1;MAXENCE;2014;05;4
1;MAXENCE;2015;05;4
1;MAXENCE;2017;05;3
1;MAXENCE;2020;05;3
1;MAXIME;2000;05;9
1;MAXIME;2001;05;10
1;MAXIME;2002;05;13
1;MAXIME;2003;05;5
1;MAXIME;2004;05;8
1;MAXIME;2005;05;5
1;MAXIME;2006;05;4
1;MAXIME;2007;05;3
1;MAXIME;2008;05;9
1;MAXIME;2009;05;3
1;MAXIME;2010;05;4
1;MAXIME;2011;05;5
1;MAXIME;2013;05;4
1;MAXIME;2014;05;7
1;MAXIME;2015;05;9
1;MAXIME;2016;05;6
1;MAXIME;2017;05;5
1;MAXIME;2018;05;4
1;MAXIME;2021;05;9
1;MAYLONE;2021;05;3
1;MICKAEL;2000;05;4
1;MILAN;2007;05;5
1;MILAN;2013;05;4
1;MILAN;2016;05;5
1;MILAN;2018;05;4
1;MILO;2006;05;4
1;MILO;2010;05;3
1;MILO;2012;05;3
1;MILO;2015;05;6
1;MILO;2016;05;7
1;MILO;2017;05;5
1;MILO;2018;05;5
1;MILO;2019;05;3
1;MILO;2020;05;4
1;MILO;2021;05;5
1;MOHAMED;2007;05;3
1;MOHAMED;2008;05;5
1;MOHAMED;2009;05;3
1;MOHAMED;2011;05;3
1;MOHAMED;2014;05;3
1;MOHAMED;2016;05;3
1;MORGAN;2010;05;4
1;MORGAN;2013;05;5
1;MYLAN;2013;05;3
1;MYLAN;2021;05;4
1;NAEL;2008;05;3
1;NAEL;2011;05;5
1;NAËL;2014;05;3
1;NAËL;2016;05;3
1;NAËL;2018;05;3
1;NAËL;2020;05;3
1;NANS;2002;05;4
1;NANS;2004;05;3
1;NANS;2012;05;5
1;NANS;2014;05;3
1;NANS;2015;05;3
1;NATHAN;2000;05;5
1;NATHAN;2001;05;11
1;NATHAN;2002;05;8
1;NATHAN;2003;05;17
1;NATHAN;2004;05;11
1;NATHAN;2005;05;10
1;NATHAN;2006;05;8
1;NATHAN;2007;05;14
1;NATHAN;2008;05;13
1;NATHAN;2009;05;14
1;NATHAN;2010;05;9
1;NATHAN;2011;05;15
1;NATHAN;2012;05;10
1;NATHAN;2013;05;7
1;NATHAN;2014;05;9
1;NATHAN;2015;05;11
1;NATHAN;2016;05;14
1;NATHAN;2017;05;7
1;NATHAN;2018;05;8
1;NATHAN;2019;05;5
1;NATHAN;2020;05;5
1;NATHAN;2021;05;8
1;NATHANAEL;2001;05;4
1;NATHANAËL;2017;05;4
1;NICOLAS;2000;05;10
1;NICOLAS;2001;05;14
1;NICOLAS;2002;05;7
1;NICOLAS;2003;05;10
1;NICOLAS;2004;05;4
1;NICOLAS;2005;05;10
1;NICOLAS;2006;05;4
1;NICOLAS;2007;05;3
1;NICOLAS;2008;05;4
1;NICOLAS;2010;05;5
1;NICOLAS;2012;05;3
1;NICOLAS;2015;05;3
1;NILS;2005;05;3
1;NILS;2008;05;4
1;NILS;2010;05;3
1;NILS;2013;05;3
1;NINO;2004;05;3
1;NINO;2005;05;3
1;NINO;2007;05;3
1;NINO;2008;05;3
1;NINO;2009;05;3
1;NINO;2012;05;4
1;NINO;2013;05;5
1;NINO;2014;05;3
1;NINO;2015;05;4
1;NINO;2017;05;4
1;NINO;2018;05;3
1;NINO;2019;05;6
1;NINO;2020;05;11
1;NINO;2021;05;8
1;NOA;2004;05;3
1;NOA;2005;05;9
1;NOA;2006;05;6
1;NOA;2007;05;4
1;NOA;2008;05;6
1;NOA;2009;05;4
1;NOA;2010;05;3
1;NOA;2011;05;7
1;NOA;2015;05;6
1;NOA;2016;05;4
1;NOA;2017;05;4
1;NOA;2018;05;7
1;NOAH;2003;05;3
1;NOAH;2004;05;6
1;NOAH;2005;05;5
1;NOAH;2006;05;9
1;NOAH;2007;05;7
1;NOAH;2008;05;5
1;NOAH;2009;05;7
1;NOAH;2010;05;3
1;NOAH;2011;05;3
1;NOAH;2012;05;4
1;NOAH;2015;05;3
1;NOAH;2016;05;4
1;NOAH;2017;05;5
1;NOAH;2018;05;5
1;NOAH;2020;05;3
1;NOAH;2021;05;5
1;NOAM;2011;05;3
1;NOAM;2012;05;3
1;NOAM;2015;05;3
1;NOAM;2017;05;3
1;NOE;2002;05;4
1;NOE;2003;05;8
1;NOE;2004;05;4
1;NOE;2005;05;4
1;NOE;2006;05;10
1;NOE;2007;05;4
1;NOE;2008;05;4
1;NOE;2009;05;9
1;NOE;2010;05;9
1;NOÉ;2011;05;3
1;NOÉ;2013;05;6
1;NOÉ;2014;05;9
1;NOÉ;2015;05;6
1;NOÉ;2016;05;4
1;NOÉ;2017;05;6
1;NOÉ;2018;05;6
1;NOÉ;2019;05;6
1;NOÉ;2020;05;5
1;NOÉ;2021;05;4
1;NOHAM;2009;05;3
1;NOLAN;2004;05;3
1;NOLAN;2005;05;4
1;NOLAN;2006;05;4
1;NOLAN;2007;05;5
1;NOLAN;2008;05;5
1;NOLAN;2009;05;3
1;NOLAN;2010;05;6
1;NOLAN;2011;05;6
1;NOLAN;2012;05;10
1;NOLAN;2013;05;8
1;NOLAN;2014;05;10
1;NOLAN;2015;05;9
1;NOLAN;2016;05;5
1;NOLAN;2017;05;4
1;NOLAN;2018;05;4
1;NOLAN;2019;05;4
1;NOLAN;2021;05;3
1;NOLANN;2009;05;3
1;NOLHAN;2006;05;3
1;OMAR;2012;05;3
1;OSCAR;2006;05;3
1;OSCAR;2014;05;3
1;OWEN;2019;05;3
1;OWEN;2021;05;3
1;PABLO;2020;05;6
1;PACO;2020;05;3
1;PAUL;2000;05;5
1;PAUL;2001;05;5
1;PAUL;2002;05;4
1;PAUL;2003;05;5
1;PAUL;2004;05;6
1;PAUL;2005;05;5
1;PAUL;2006;05;4
1;PAUL;2007;05;5
1;PAUL;2009;05;3
1;PAUL;2010;05;5
1;PAUL;2011;05;4
1;PAUL;2012;05;5
1;PAUL;2013;05;5
1;PAUL;2015;05;7
1;PAUL;2016;05;7
1;PAUL;2017;05;8
1;PAUL;2019;05;5
1;PAUL;2020;05;4
1;PAUL;2021;05;3
1;PAULIN;2011;05;3
1;PIERRE;2000;05;3
1;PIERRE;2001;05;9
1;PIERRE;2002;05;4
1;PIERRE;2003;05;3
1;PIERRE;2004;05;5
1;PIERRE;2005;05;3
1;PIERRE;2006;05;3
1;PIERRE;2007;05;3
1;PIERRE;2008;05;5
1;QUENTIN;2000;05;13
1;QUENTIN;2001;05;12
1;QUENTIN;2002;05;6
1;QUENTIN;2003;05;4
1;QUENTIN;2004;05;10
1;QUENTIN;2005;05;10
1;QUENTIN;2006;05;5
1;QUENTIN;2007;05;6
1;QUENTIN;2008;05;5
1;QUENTIN;2009;05;7
1;QUENTIN;2013;05;3
1;QUENTIN;2015;05;3
1;RAFAEL;2007;05;3
1;RAFAEL;2009;05;3
1;RAFAËL;2018;05;3
1;RAPHAËL;2003;05;5
1;RAPHAËL;2004;05;8
1;RAPHAËL;2005;05;3
1;RAPHAËL;2006;05;6
1;RAPHAËL;2007;05;7
1;RAPHAËL;2008;05;7
1;RAPHAËL;2009;05;4
1;RAPHAËL;2010;05;4
1;RAPHAËL;2011;05;4
1;RAPHAËL;2012;05;4
1;RAPHAËL;2014;05;5
1;RAPHAËL;2015;05;8
1;RAPHAËL;2016;05;8
1;RAPHAËL;2017;05;5
1;RAPHAËL;2018;05;3
1;RAPHAËL;2019;05;11
1;RAPHAËL;2020;05;7
1;RAPHAËL;2021;05;5
1;RAYAN;2002;05;4
1;RAYAN;2007;05;3
1;RAYAN;2011;05;4
1;RAYAN;2012;05;3
1;RAYAN;2015;05;3
1;RAYAN;2018;05;3
1;RÉMI;2000;05;5
1;RÉMI;2001;05;6
1;RÉMI;2002;05;5
1;RÉMI;2003;05;6
1;RÉMI;2004;05;6
1;RÉMI;2006;05;6
1;RÉMI;2009;05;5
1;RÉMI;2013;05;3
1;RÉMI;2014;05;3
1;RÉMY;2001;05;4
1;RÉMY;2003;05;3
1;RÉMY;2004;05;3
1;ROBIN;2000;05;3
1;ROBIN;2001;05;4
1;ROBIN;2002;05;6
1;ROBIN;2004;05;3
1;ROBIN;2005;05;5
1;ROBIN;2006;05;4
1;ROBIN;2009;05;7
1;ROBIN;2010;05;3
1;ROBIN;2011;05;3
1;ROBIN;2012;05;4
1;ROBIN;2013;05;4
1;ROBIN;2014;05;4
1;ROBIN;2015;05;4
1;ROBIN;2016;05;3
1;ROBIN;2018;05;3
1;ROBIN;2019;05;3
1;ROBIN;2020;05;6
1;ROMAIN;2000;05;6
1;ROMAIN;2001;05;4
1;ROMAIN;2002;05;8
1;ROMAIN;2003;05;6
1;ROMAIN;2004;05;8
1;ROMAIN;2005;05;13
1;ROMAIN;2006;05;8
1;ROMAIN;2007;05;7
1;ROMAIN;2009;05;7
1;ROMAIN;2013;05;3
1;ROMAIN;2015;05;3
1;ROMAIN;2017;05;3
1;ROMÉO;2012;05;3
1;ROMÉO;2015;05;3
1;RUBEN;2009;05;3
1;RUBEN;2010;05;3
1;RUBEN;2020;05;3
1;RUDY;2007;05;3
1;RYAN;2002;05;4
1;RYAN;2010;05;4
1;RYAN;2011;05;3
1;SACHA;2003;05;4
1;SACHA;2004;05;3
1;SACHA;2006;05;6
1;SACHA;2007;05;6
1;SACHA;2009;05;7
1;SACHA;2010;05;8
1;SACHA;2011;05;5
1;SACHA;2012;05;11
1;SACHA;2013;05;3
1;SACHA;2014;05;8
1;SACHA;2015;05;6
1;SACHA;2016;05;9
1;SACHA;2017;05;7
1;SACHA;2018;05;7
1;SACHA;2019;05;5
1;SACHA;2020;05;9
1;SACHA;2021;05;5
1;SAM;2007;05;3
1;SAMUEL;2000;05;10
1;SAMUEL;2001;05;8
1;SAMUEL;2003;05;4
1;SAMUEL;2004;05;3
1;SAMUEL;2005;05;7
1;SAMUEL;2006;05;4
1;SAMUEL;2007;05;3
1;SAMUEL;2008;05;3
1;SAMUEL;2009;05;3
1;SAMUEL;2010;05;7
1;SAMUEL;2012;05;4
1;SAMUEL;2013;05;4
1;SAMUEL;2014;05;3
1;SAMUEL;2017;05;3
1;SAMUEL;2018;05;3
1;SAMUEL;2019;05;4
1;SAMUEL;2020;05;6
1;SANDRO;2008;05;3
1;SANDRO;2013;05;4
1;SANDRO;2014;05;3
1;SANDRO;2021;05;4
1;SASHA;2006;05;3
1;SASHA;2015;05;3
1;SASHA;2017;05;3
1;SIMON;2000;05;4
1;SIMON;2001;05;3
1;SIMON;2003;05;5
1;SIMON;2005;05;6
1;SIMON;2006;05;4
1;SIMON;2007;05;6
1;SIMON;2009;05;4
1;SIMON;2010;05;4
1;SIMON;2011;05;3
1;SIMON;2014;05;6
1;SIMON;2017;05;4
1;SIMON;2018;05;3
1;SOAN;2009;05;3
1;SOAN;2013;05;3
1;SOAN;2015;05;3
1;SOAN;2017;05;3
1;SOAN;2018;05;3
1;SOAN;2020;05;3
1;SOFIANE;2005;05;3
1;SOHAN;2016;05;3
1;SOHAN;2020;05;3
1;SOHAN;2021;05;5
1;STAN;2013;05;3
1;STEVEN;2000;05;3
1;SWAN;2009;05;3
1;SWANN;2004;05;3
1;SWANN;2019;05;3
1;SYLVAIN;2001;05;3
1;TANGUY;2001;05;4
1;TANGUY;2002;05;3
1;TAO;2006;05;3
1;TAO;2007;05;3
1;TAO;2010;05;3
1;TAO;2012;05;3
1;TAO;2016;05;6
1;TAO;2021;05;3
1;TEDDY;2019;05;3
1;TÉO;2001;05;3
1;TÉO;2007;05;4
1;TÉO;2015;05;3
1;THEO;2010;05;4
1;THÉO;2000;05;20
1;THÉO;2001;05;24
1;THÉO;2002;05;19
1;THÉO;2003;05;12
1;THÉO;2004;05;11
1;THÉO;2005;05;14
1;THÉO;2006;05;7
1;THÉO;2008;05;8
1;THÉO;2009;05;5
1;THÉO;2012;05;6
1;THÉO;2013;05;13
1;THÉO;2014;05;6
1;THÉO;2015;05;7
1;THÉO;2016;05;7
1;THÉO;2017;05;5
1;THÉO;2018;05;7
1;THÉO;2019;05;3
1;THIBAUD;2005;05;4
1;THIBAULT;2000;05;5
1;THIBAULT;2002;05;5
1;THIBAULT;2003;05;4
1;THIBAULT;2011;05;3
1;THIBAULT;2012;05;3
1;THIBAUT;2004;05;4
1;THIBAUT;2005;05;3
1;THIBAUT;2006;05;3
1;THOMAS;2000;05;19
1;THOMAS;2001;05;9
1;THOMAS;2002;05;14
1;THOMAS;2003;05;15
1;THOMAS;2004;05;14
1;THOMAS;2005;05;11
1;THOMAS;2006;05;9
1;THOMAS;2007;05;7
1;THOMAS;2008;05;10
1;THOMAS;2009;05;5
1;THOMAS;2010;05;4
1;THOMAS;2011;05;4
1;THOMAS;2012;05;3
1;THOMAS;2014;05;9
1;THOMAS;2015;05;3
1;THOMAS;2017;05;5
1;THOMAS;2018;05;5
1;TIAGO;2011;05;4
1;TIAGO;2014;05;3
1;TIAGO;2016;05;4
1;TIAGO;2018;05;5
1;TIAGO;2019;05;4
1;TIAGO;2021;05;3
1;TILIO;2014;05;3
1;TILIO;2016;05;4
1;TIM;2013;05;3
1;TIMEO;2006;05;6
1;TIMEO;2007;05;6
1;TIMEO;2008;05;6
1;TIMEO;2009;05;12
1;TIMEO;2010;05;11
1;TIMEO;2011;05;3
1;TIMÉO;2011;05;6
1;TIMÉO;2012;05;8
1;TIMÉO;2013;05;19
1;TIMÉO;2014;05;6
1;TIMÉO;2015;05;7
1;TIMÉO;2016;05;6
1;TIMÉO;2017;05;5
1;TIMÉO;2018;05;6
1;TIMÉO;2019;05;6
1;TIMÉO;2020;05;5
1;TIMOTE;2007;05;3
1;TIMOTHE;2004;05;5
1;TIMOTHE;2006;05;3
1;TIMOTHE;2008;05;3
1;TIMOTHE;2009;05;3
1;TIMOTHÉE;2019;05;3
1;TITOUAN;2000;05;3
1;TITOUAN;2001;05;5
1;TITOUAN;2002;05;3
1;TITOUAN;2003;05;7
1;TITOUAN;2004;05;6
1;TITOUAN;2005;05;3
1;TITOUAN;2006;05;7
1;TITOUAN;2007;05;3
1;TITOUAN;2008;05;4
1;TITOUAN;2010;05;5
1;TITOUAN;2011;05;4
1;TITOUAN;2012;05;3
1;TITOUAN;2013;05;3
1;TITOUAN;2014;05;4
1;TITOUAN;2015;05;5
1;TITOUAN;2017;05;4
1;TOM;2000;05;11
1;TOM;2001;05;11
1;TOM;2002;05;12
1;TOM;2003;05;7
1;TOM;2004;05;11
1;TOM;2005;05;9
1;TOM;2006;05;19
1;TOM;2007;05;8
1;TOM;2008;05;8
1;TOM;2009;05;7
1;TOM;2010;05;13
1;TOM;2012;05;17
1;TOM;2013;05;8
1;TOM;2014;05;3
1;TOM;2015;05;11
1;TOM;2016;05;10
1;TOM;2017;05;4
1;TOM;2018;05;9
1;TOM;2019;05;6
1;TOM;2020;05;8
1;TOM;2021;05;3
1;TONIN;2004;05;3
1;TONY;2012;05;4
1;TRISTAN;2000;05;3
1;TRISTAN;2001;05;4
1;TRISTAN;2002;05;6
1;TRISTAN;2006;05;3
1;TRISTAN;2008;05;7
1;TRISTAN;2009;05;3
1;TRISTAN;2010;05;3
1;TRISTAN;2011;05;3
1;TRISTAN;2014;05;3
1;TRISTAN;2016;05;4
1;TYLIO;2018;05;4
1;TYMÉO;2011;05;3
1;UGO;2005;05;3
1;ULYSSE;2013;05;4
1;VALENTIN;2000;05;8
1;VALENTIN;2001;05;9
1;VALENTIN;2002;05;10
1;VALENTIN;2003;05;9
1;VALENTIN;2004;05;5
1;VALENTIN;2005;05;6
1;VALENTIN;2008;05;4
1;VALENTIN;2009;05;3
1;VALENTIN;2011;05;5
1;VALENTIN;2012;05;4
1;VALENTIN;2013;05;7
1;VALENTIN;2015;05;3
1;VALENTIN;2016;05;5
1;VALENTIN;2017;05;4
1;VALENTIN;2018;05;3
1;VALENTIN;2021;05;4
1;VICTOR;2000;05;8
1;VICTOR;2001;05;8
1;VICTOR;2002;05;4
1;VICTOR;2006;05;4
1;VICTOR;2008;05;3
1;VICTOR;2009;05;5
1;VICTOR;2010;05;3
1;VICTOR;2012;05;3
1;VICTOR;2014;05;4
1;VICTOR;2015;05;5
1;VICTOR;2016;05;4
1;VICTOR;2017;05;4
1;VICTOR;2018;05;3
1;VICTOR;2019;05;3
1;VICTOR;2021;05;3
1;VINCENT;2000;05;6
1;VINCENT;2001;05;5
1;VINCENT;2002;05;7
1;VINCENT;2003;05;7
1;WILLIAM;2001;05;4
1;WILLIAM;2004;05;3
1;WILLIAM;2009;05;3
1;YANIS;2000;05;4
1;YANIS;2001;05;3
1;YANIS;2004;05;5
1;YANIS;2006;05;4
1;YANIS;2007;05;5
1;YANIS;2008;05;3
1;YANIS;2009;05;4
1;YANIS;2010;05;6
1;YANIS;2011;05;5
1;YANIS;2012;05;5
1;YANIS;2014;05;3
1;YANIS;2017;05;3
1;YANIS;2020;05;3
1;YANN;2005;05;3
1;YANN;2006;05;4
1;YANNIS;2003;05;3
1;YANNIS;2005;05;4
1;YOAN;2005;05;3
1;YOHAN;2000;05;3
1;YOURI;2005;05;3
2;_PRENOMS_RARES;2000;05;14
2;_PRENOMS_RARES;2001;05;16
2;_PRENOMS_RARES;2002;05;23
2;_PRENOMS_RARES;2003;05;17
2;_PRENOMS_RARES;2004;05;21
2;_PRENOMS_RARES;2005;05;19
2;_PRENOMS_RARES;2006;05;25
2;_PRENOMS_RARES;2007;05;18
2;_PRENOMS_RARES;2008;05;25
2;_PRENOMS_RARES;2009;05;18
2;_PRENOMS_RARES;2010;05;29
2;_PRENOMS_RARES;2011;05;27
2;_PRENOMS_RARES;2012;05;27
2;_PRENOMS_RARES;2013;05;26
2;_PRENOMS_RARES;2014;05;37
2;_PRENOMS_RARES;2015;05;23
2;_PRENOMS_RARES;2016;05;20
2;_PRENOMS_RARES;2017;05;32
2;_PRENOMS_RARES;2018;05;29
2;_PRENOMS_RARES;2019;05;36
2;_PRENOMS_RARES;2020;05;31
2;_PRENOMS_RARES;2021;05;31
2;ADÈLE;2004;05;4
2;ADÈLE;2016;05;3
2;ADÈLE;2021;05;7
2;AGATHE;2002;05;3
2;AGATHE;2004;05;3
2;AGATHE;2005;05;4
2;AGATHE;2006;05;4
2;AGATHE;2012;05;5
2;AGATHE;2013;05;3
2;AGATHE;2015;05;3
2;AGATHE;2019;05;3
2;ALBA;2020;05;3
2;ALBA;2021;05;3
2;ALESSIA;2016;05;3
2;ALEXANDRA;2003;05;4
2;ALEXIA;2000;05;3
2;ALEXIA;2002;05;7
2;ALEXIA;2005;05;3
2;ALEXIA;2006;05;5
2;ALEXIA;2010;05;3
2;ALICE;2000;05;3
2;ALICE;2001;05;4
2;ALICE;2002;05;3
2;ALICE;2006;05;4
2;ALICE;2009;05;4
2;ALICE;2010;05;4
2;ALICE;2011;05;5
2;ALICE;2012;05;6
2;ALICE;2013;05;3
2;ALICE;2014;05;5
2;ALICE;2015;05;7
2;ALICE;2016;05;5
2;ALICE;2017;05;8
2;ALICE;2018;05;8
2;ALICE;2019;05;9
2;ALICE;2020;05;9
2;ALICE;2021;05;8
2;ALICIA;2000;05;3
2;ALICIA;2002;05;7
2;ALICIA;2003;05;3
2;ALICIA;2007;05;7
2;ALICIA;2009;05;4
2;ALICIA;2011;05;5
2;ALICIA;2012;05;4
2;ALIX;2006;05;3
2;ALIX;2007;05;3
2;ALIX;2015;05;4
2;ALIX;2020;05;6
2;ALIZÉE;2001;05;6
2;ALYSSA;2006;05;3
2;ALYSSA;2015;05;3
2;ALYSSIA;2002;05;3
2;AMANDINE;2000;05;3
2;AMANDINE;2002;05;6
2;AMANDINE;2005;05;5
2;AMANDINE;2007;05;3
2;AMBRE;2000;05;5
2;AMBRE;2001;05;4
2;AMBRE;2002;05;10
2;AMBRE;2003;05;5
2;AMBRE;2004;05;4
2;AMBRE;2006;05;4
2;AMBRE;2008;05;5
2;AMBRE;2009;05;7
2;AMBRE;2010;05;5
2;AMBRE;2011;05;5
2;AMBRE;2012;05;4
2;AMBRE;2013;05;5
2;AMBRE;2014;05;4
2;AMBRE;2015;05;3
2;AMBRE;2016;05;3
2;AMBRE;2018;05;4
2;AMBRE;2019;05;5
2;AMBRE;2021;05;6
2;AMEL;2000;05;3
2;AMÉLIA;2011;05;3
2;AMÉLIE;2000;05;7
2;AMÉLIE;2001;05;5
2;AMÉLIE;2002;05;4
2;AMÉLIE;2005;05;4
2;ANA;2017;05;3
2;ANAE;2010;05;5
2;ANAÉ;2019;05;3
2;ANAÉ;2021;05;3
2;ANAELLE;2001;05;3
2;ANAELLE;2004;05;5
2;ANAELLE;2008;05;3
2;ANAÏS;2000;05;3
2;ANAÏS;2001;05;6
2;ANAÏS;2002;05;7
2;ANAÏS;2003;05;3
2;ANAÏS;2004;05;5
2;ANAÏS;2005;05;8
2;ANAÏS;2006;05;4
2;ANAÏS;2007;05;6
2;ANAÏS;2008;05;7
2;ANAÏS;2009;05;7
2;ANAÏS;2012;05;5
2;ANAÏS;2013;05;4
2;ANAÏS;2016;05;4
2;ANAÏS;2017;05;3
2;ANAÏS;2018;05;3
2;ANAÏS;2019;05;3
2;ANDRÉA;2005;05;3
2;ANGÈLE;2006;05;3
2;ANGÈLE;2007;05;3
2;ANGELINA;2006;05;3
2;ANGELINA;2009;05;3
2;ANNA;2000;05;3
2;ANNA;2001;05;9
2;ANNA;2003;05;7
2;ANNA;2004;05;6
2;ANNA;2005;05;7
2;ANNA;2006;05;6
2;ANNA;2007;05;8
2;ANNA;2009;05;5
2;ANNA;2010;05;5
2;ANNA;2011;05;4
2;ANNA;2013;05;4
2;ANNA;2014;05;10
2;ANNA;2015;05;7
2;ANNA;2016;05;7
2;ANNA;2017;05;4
2;ANNA;2018;05;9
2;ANNA;2019;05;6
2;ANNA;2020;05;4
2;ANNA;2021;05;5
2;ANNABELLE;2008;05;3
2;ANOUK;2013;05;3
2;ANOUK;2016;05;3
2;ANOUK;2017;05;4
2;ANOUK;2021;05;5
2;APOLLINE;2018;05;3
2;ASSIA;2005;05;3
2;ASSIA;2010;05;3
2;AUDREY;2000;05;3
2;AURORE;2000;05;3
2;AURORE;2002;05;3
2;AXELLE;2001;05;3
2;AXELLE;2002;05;4
2;AXELLE;2005;05;4
2;AXELLE;2012;05;3
2;CALIE;2015;05;3
2;CALIE;2018;05;4
2;CALIE;2019;05;5
2;CALIE;2021;05;3
2;CAMILLE;2000;05;9
2;CAMILLE;2001;05;11
2;CAMILLE;2002;05;15
2;CAMILLE;2003;05;9
2;CAMILLE;2004;05;10
2;CAMILLE;2005;05;8
2;CAMILLE;2006;05;6
2;CAMILLE;2007;05;8
2;CAMILLE;2008;05;12
2;CAMILLE;2009;05;10
2;CAMILLE;2010;05;6
2;CAMILLE;2011;05;5
2;CAMILLE;2012;05;7
2;CAMILLE;2013;05;4
2;CAMILLE;2014;05;8
2;CAMILLE;2015;05;7
2;CAMILLE;2016;05;3
2;CAMILLE;2017;05;3
2;CAMILLE;2021;05;4
2;CANDICE;2019;05;4
2;CAPUCINE;2005;05;3
2;CAPUCINE;2009;05;3
2;CAPUCINE;2020;05;3
2;CARLA;2000;05;4
2;CARLA;2001;05;3
2;CARLA;2003;05;5
2;CARLA;2004;05;5
2;CARLA;2007;05;8
2;CAROLINE;2001;05;4
2;CÉCILIA;2000;05;4
2;CÉCILIA;2003;05;4
2;CÉLESTINE;2020;05;3
2;CÉLIA;2000;05;3
2;CÉLIA;2002;05;8
2;CÉLIA;2003;05;7
2;CÉLIA;2004;05;3
2;CÉLIA;2005;05;14
2;CÉLIA;2006;05;4
2;CÉLIA;2007;05;5
2;CÉLIA;2011;05;3
2;CÉLIA;2013;05;3
2;CÉLIA;2014;05;5
2;CÉLIA;2015;05;4
2;CÉLIA;2016;05;3
2;CÉLINE;2000;05;4
2;CÉLINE;2001;05;3
2;CHARLIE;2012;05;3
2;CHARLIE;2014;05;4
2;CHARLIE;2019;05;6
2;CHARLIE;2020;05;4
2;CHARLIE;2021;05;7
2;CHARLINE;2000;05;3
2;CHARLINE;2006;05;3
2;CHARLINE;2010;05;5
2;CHARLOTTE;2000;05;5
2;CHARLOTTE;2001;05;4
2;CHARLOTTE;2002;05;5
2;CHARLOTTE;2003;05;7
2;CHARLOTTE;2004;05;5
2;CHARLOTTE;2005;05;9
2;CHARLOTTE;2006;05;3
2;CHARLOTTE;2007;05;4
2;CHARLOTTE;2009;05;5
2;CHARLOTTE;2010;05;3
2;CHARLOTTE;2015;05;4
2;CHARLOTTE;2016;05;7
2;CHARLOTTE;2017;05;3
2;CHARLOTTE;2021;05;5
2;CHIARA;2002;05;3
2;CHIARA;2011;05;5
2;CHIARA;2012;05;3
2;CHIARA;2016;05;3
2;CHLOE;2010;05;5
2;CHLOÉ;2000;05;11
2;CHLOÉ;2001;05;15
2;CHLOÉ;2002;05;16
2;CHLOÉ;2003;05;10
2;CHLOÉ;2004;05;6
2;CHLOÉ;2005;05;4
2;CHLOÉ;2006;05;9
2;CHLOÉ;2007;05;7
2;CHLOÉ;2008;05;8
2;CHLOÉ;2009;05;5
2;CHLOÉ;2010;05;4
2;CHLOÉ;2011;05;5
2;CHLOÉ;2013;05;8
2;CHLOÉ;2014;05;10
2;CHLOÉ;2015;05;9
2;CHLOÉ;2016;05;8
2;CHLOÉ;2017;05;6
2;CHLOÉ;2019;05;7
2;CHLOÉ;2021;05;5
2;CLAIRE;2000;05;4
2;CLAIRE;2004;05;4
2;CLAIRE;2006;05;3
2;CLARA;2000;05;5
2;CLARA;2001;05;6
2;CLARA;2002;05;19
2;CLARA;2003;05;10
2;CLARA;2004;05;5
2;CLARA;2005;05;15
2;CLARA;2006;05;11
2;CLARA;2007;05;16
2;CLARA;2008;05;10
2;CLARA;2009;05;6
2;CLARA;2010;05;8
2;CLARA;2011;05;5
2;CLARA;2012;05;7
2;CLARA;2013;05;6
2;CLARA;2014;05;8
2;CLARA;2015;05;5
2;CLARA;2018;05;7
2;CLARA;2020;05;3
2;CLARISSE;2001;05;3
2;CLARISSE;2003;05;3
2;CLARISSE;2006;05;3
2;CLARISSE;2007;05;3
2;CLÉA;2008;05;5
2;CLÉA;2012;05;3
2;CLÉMENCE;2000;05;4
2;CLÉMENCE;2001;05;4
2;CLÉMENCE;2004;05;4
2;CLÉMENCE;2005;05;5
2;CLÉMENCE;2006;05;3
2;CLÉMENCE;2007;05;5
2;CLÉMENCE;2009;05;3
2;CLÉMENCE;2011;05;4
2;CLÉMENCE;2015;05;4
2;CLÉMENCE;2016;05;3
2;CLÉMENCE;2017;05;3
2;CLÉMENTINE;2005;05;3
2;CLÉMENTINE;2012;05;4
2;CLOE;2000;05;3
2;CLOE;2001;05;4
2;CLOE;2005;05;5
2;CLOE;2006;05;3
2;CLOÉ;2014;05;4
2;CLOÉ;2015;05;3
2;COLINE;2002;05;3
2;COLINE;2003;05;5
2;COLINE;2006;05;5
2;COLINE;2009;05;5
2;COLINE;2011;05;6
2;COLINE;2014;05;5
2;COLINE;2016;05;3
2;CORALIE;2000;05;5
2;CORALIE;2001;05;4
2;CORALIE;2004;05;3
2;DIANE;2016;05;3
2;EDEN;2009;05;3
2;EDEN;2017;05;3
2;ELEA;2006;05;3
2;ELEA;2007;05;3
2;ELÉA;2015;05;3
2;ELÉA;2016;05;3
2;ELENA;2002;05;4
2;ELENA;2007;05;4
2;ELENA;2014;05;3
2;ELENA;2018;05;5
2;ELENA;2019;05;6
2;ELÉNA;2013;05;3
2;ELÉNA;2014;05;5
2;ELÉNA;2019;05;5
2;ELINA;2005;05;5
2;ELINA;2010;05;3
2;ELINA;2012;05;3
2;ELINA;2013;05;4
2;ELINA;2014;05;3
2;ELINA;2016;05;4
2;ELINE;2012;05;4
2;ELINE;2014;05;3
2;ELINE;2015;05;3
2;ELISA;2000;05;5
2;ELISA;2001;05;4
2;ELISA;2002;05;8
2;ELISA;2004;05;5
2;ELISA;2005;05;3
2;ELISA;2007;05;4
2;ELISA;2008;05;4
2;ELISA;2009;05;4
2;ELISA;2010;05;3
2;ELISA;2011;05;3
2;ELISA;2016;05;3
2;ELISE;2002;05;3
2;ELISE;2004;05;3
2;ELISE;2006;05;3
2;ELISE;2007;05;5
2;ELISE;2009;05;4
2;ELISE;2010;05;3
2;ELISE;2013;05;3
2;ELISE;2014;05;4
2;ELISE;2015;05;7
2;ELISE;2016;05;3
2;ELISE;2018;05;3
2;ELISE;2019;05;4
2;ELISE;2021;05;4
2;ELLIE;2020;05;3
2;ELODIE;2000;05;6
2;ELODIE;2002;05;5
2;ELOISE;2000;05;4
2;ELOISE;2003;05;8
2;ELOISE;2005;05;3
2;ELOISE;2008;05;4
2;ELOISE;2009;05;5
2;ELOÏSE;2011;05;3
2;ELOÏSE;2013;05;4
2;ELSA;2002;05;4
2;ELSA;2005;05;6
2;ELSA;2007;05;6
2;ELSA;2011;05;5
2;ELSA;2015;05;5
2;ELSA;2016;05;3
2;ELSA;2019;05;3
2;ELYA;2020;05;3
2;EMELINE;2002;05;3
2;EMILIE;2000;05;8
2;EMILIE;2001;05;8
2;EMILIE;2002;05;5
2;EMILIE;2004;05;4
2;EMILIE;2005;05;6
2;EMILIE;2006;05;4
2;EMILIE;2007;05;4
2;EMILIE;2009;05;3
2;EMILIE;2010;05;3
2;EMMA;2000;05;18
2;EMMA;2001;05;10
2;EMMA;2002;05;8
2;EMMA;2003;05;13
2;EMMA;2004;05;10
2;EMMA;2005;05;25
2;EMMA;2006;05;14
2;EMMA;2007;05;23
2;EMMA;2008;05;14
2;EMMA;2009;05;17
2;EMMA;2010;05;11
2;EMMA;2011;05;11
2;EMMA;2012;05;12
2;EMMA;2013;05;13
2;EMMA;2014;05;10
2;EMMA;2015;05;8
2;EMMA;2016;05;9
2;EMMA;2017;05;9
2;EMMA;2018;05;10
2;EMMA;2019;05;7
2;EMMA;2020;05;13
2;EMMA;2021;05;7
2;EMMY;2003;05;3
2;EMMY;2006;05;4
2;EMMY;2008;05;5
2;EMMY;2009;05;4
2;EMMY;2011;05;6
2;EMMY;2017;05;5
2;EMMY;2018;05;3
2;EMMY;2019;05;3
2;EMMY;2021;05;3
2;EMY;2005;05;3
2;EMY;2008;05;6
2;EMY;2009;05;3
2;EMY;2010;05;5
2;EMY;2012;05;6
2;EMY;2014;05;6
2;EMY;2015;05;3
2;EMY;2016;05;3
2;EMY;2018;05;5
2;EMY;2019;05;6
2;EMY;2021;05;8
2;ENOLA;2009;05;3
2;ENOLA;2010;05;4
2;ENORA;2016;05;3
2;ESTELLE;2000;05;6
2;ESTELLE;2002;05;4
2;ESTELLE;2004;05;3
2;ESTELLE;2011;05;3
2;ESTHER;2007;05;3
2;EVA;2000;05;7
2;EVA;2001;05;6
2;EVA;2002;05;5
2;EVA;2003;05;6
2;EVA;2004;05;5
2;EVA;2005;05;5
2;EVA;2006;05;5
2;EVA;2007;05;7
2;EVA;2008;05;5
2;EVA;2009;05;4
2;EVA;2010;05;7
2;EVA;2011;05;5
2;EVA;2012;05;6
2;EVA;2013;05;5
2;EVA;2014;05;5
2;EVA;2015;05;4
2;EVA;2016;05;4
2;EVA;2019;05;3
2;EVA;2021;05;4
2;EVE;2003;05;3
2;FANNY;2000;05;7
2;FANNY;2001;05;4
2;FANNY;2003;05;5
2;FANNY;2004;05;4
2;FANNY;2005;05;4
2;FANNY;2006;05;7
2;FANTINE;2012;05;3
2;FAUSTINE;2004;05;4
2;FAUSTINE;2005;05;3
2;FAUSTINE;2007;05;3
2;FAUSTINE;2010;05;5
2;FAUSTINE;2014;05;3
2;FAUSTINE;2021;05;3
2;FLAVIE;2001;05;5
2;FLAVIE;2004;05;3
2;FLAVIE;2005;05;3
2;FLAVIE;2007;05;3
2;FLEUR;2004;05;3
2;FLORA;2001;05;3
2;FLORA;2005;05;3
2;GABRIELLA;2020;05;3
2;GIULIA;2013;05;3
2;GIULIA;2014;05;6
2;GIULIA;2015;05;3
2;GIULIA;2016;05;4
2;GIULIA;2017;05;4
2;GIULIA;2018;05;7
2;GIULIA;2019;05;7
2;GIULIA;2020;05;6
2;HÉLOÏSE;2007;05;4
2;ILONA;2000;05;5
2;ILONA;2002;05;4
2;ILONA;2003;05;6
2;ILONA;2005;05;4
2;INAYA;2013;05;5
2;INAYA;2017;05;3
2;INAYA;2020;05;4
2;INÈS;2000;05;6
2;INÈS;2001;05;6
2;INÈS;2002;05;9
2;INÈS;2003;05;11
2;INÈS;2005;05;4
2;INÈS;2006;05;6
2;INÈS;2007;05;5
2;INÈS;2008;05;7
2;INÈS;2009;05;7
2;INÈS;2011;05;5
2;INÈS;2012;05;3
2;INÈS;2013;05;3
2;INÈS;2014;05;3
2;INÈS;2015;05;6
2;INÈS;2017;05;3
2;IRIS;2017;05;3
2;IRIS;2018;05;8
2;IRIS;2019;05;3
2;IRIS;2020;05;4
2;IZIA;2013;05;3
2;JADE;2000;05;3
2;JADE;2001;05;5
2;JADE;2002;05;12
2;JADE;2003;05;8
2;JADE;2004;05;5
2;JADE;2005;05;5
2;JADE;2006;05;6
2;JADE;2007;05;9
2;JADE;2008;05;11
2;JADE;2009;05;13
2;JADE;2010;05;10
2;JADE;2011;05;10
2;JADE;2012;05;7
2;JADE;2013;05;6
2;JADE;2014;05;5
2;JADE;2015;05;6
2;JADE;2016;05;12
2;JADE;2017;05;4
2;JADE;2018;05;3
2;JADE;2019;05;8
2;JADE;2020;05;11
2;JADE;2021;05;7
2;JEANNE;2001;05;3
2;JEANNE;2003;05;7
2;JEANNE;2005;05;7
2;JEANNE;2006;05;3
2;JEANNE;2007;05;4
2;JEANNE;2009;05;5
2;JEANNE;2010;05;4
2;JEANNE;2011;05;3
2;JEANNE;2012;05;5
2;JEANNE;2013;05;7
2;JEANNE;2014;05;9
2;JEANNE;2015;05;4
2;JEANNE;2017;05;7
2;JEANNE;2018;05;6
2;JEANNE;2019;05;3
2;JEANNE;2021;05;3
2;JENNAH;2019;05;3
2;JESSICA;2002;05;3
2;JOHANNA;2012;05;3
2;JOHANNA;2013;05;3
2;JOY;2012;05;3
2;JOY;2020;05;3
2;JULIA;2001;05;3
2;JULIA;2002;05;3
2;JULIA;2003;05;4
2;JULIA;2004;05;4
2;JULIA;2006;05;6
2;JULIA;2009;05;5
2;JULIA;2012;05;4
2;JULIA;2013;05;3
2;JULIA;2014;05;9
2;JULIA;2016;05;8
2;JULIA;2017;05;4
2;JULIA;2018;05;6
2;JULIA;2019;05;8
2;JULIA;2020;05;4
2;JULIA;2021;05;7
2;JULIE;2000;05;16
2;JULIE;2001;05;7
2;JULIE;2002;05;5
2;JULIE;2003;05;5
2;JULIE;2004;05;11
2;JULIE;2005;05;7
2;JULIE;2006;05;5
2;JULIE;2007;05;5
2;JULIE;2009;05;5
2;JULIE;2011;05;4
2;JULIE;2014;05;5
2;JULIETTE;2000;05;4
2;JULIETTE;2001;05;9
2;JULIETTE;2002;05;8
2;JULIETTE;2003;05;3
2;JULIETTE;2004;05;4
2;JULIETTE;2005;05;5
2;JULIETTE;2006;05;5
2;JULIETTE;2008;05;4
2;JULIETTE;2009;05;5
2;JULIETTE;2010;05;6
2;JULIETTE;2011;05;4
2;JULIETTE;2012;05;3
2;JULIETTE;2013;05;7
2;JULIETTE;2014;05;3
2;JULIETTE;2016;05;5
2;JULIETTE;2017;05;4
2;JULIETTE;2018;05;3
2;JULIETTE;2019;05;3
2;JULIETTE;2020;05;4
2;JULIETTE;2021;05;4
2;JUSTINE;2000;05;4
2;JUSTINE;2001;05;8
2;JUSTINE;2002;05;5
2;JUSTINE;2003;05;10
2;JUSTINE;2004;05;5
2;JUSTINE;2005;05;5
2;JUSTINE;2006;05;3
2;JUSTINE;2007;05;3
2;JUSTINE;2009;05;5
2;JUSTINE;2011;05;6
2;JUSTINE;2012;05;3
2;JUSTINE;2013;05;4
2;JUSTINE;2021;05;3
2;KAYLA;2019;05;3
2;KELLY;2002;05;3
2;KENZA;2000;05;3
2;KENZA;2012;05;3
2;KIARA;2009;05;4
2;LAETITIA;2001;05;4
2;LALY;2006;05;3
2;LANA;2003;05;3
2;LANA;2004;05;3
2;LANA;2005;05;3
2;LANA;2006;05;3
2;LANA;2007;05;5
2;LANA;2008;05;3
2;LANA;2009;05;4
2;LANA;2010;05;6
2;LANA;2011;05;4
2;LANA;2012;05;4
2;LANA;2013;05;4
2;LANA;2014;05;4
2;LANA;2015;05;7
2;LANA;2016;05;4
2;LANA;2018;05;3
2;LANA;2019;05;3
2;LARA;2020;05;3
2;LAURA;2000;05;13
2;LAURA;2001;05;8
2;LAURA;2002;05;6
2;LAURA;2003;05;4
2;LAURA;2004;05;10
2;LAURA;2005;05;4
2;LAURA;2006;05;4
2;LAURA;2007;05;11
2;LAURA;2008;05;4
2;LAURA;2009;05;5
2;LAURA;2010;05;3
2;LAURA;2011;05;3
2;LAURA;2012;05;5
2;LAURA;2013;05;3
2;LAURA;2014;05;3
2;LAURA;2018;05;3
2;LAURE;2000;05;3
2;LAURIE;2000;05;5
2;LAURIE;2001;05;5
2;LAURINE;2001;05;4
2;LAURINE;2006;05;5
2;LÉA;2000;05;15
2;LÉA;2001;05;25
2;LÉA;2002;05;9
2;LÉA;2003;05;12
2;LÉA;2004;05;9
2;LÉA;2005;05;13
2;LÉA;2006;05;9
2;LÉA;2007;05;14
2;LÉA;2008;05;9
2;LÉA;2009;05;17
2;LÉA;2010;05;6
2;LÉA;2011;05;6
2;LÉA;2012;05;12
2;LÉA;2013;05;8
2;LÉA;2014;05;10
2;LÉA;2015;05;7
2;LÉA;2016;05;4
2;LÉA;2017;05;11
2;LÉA;2018;05;6
2;LÉA;2019;05;8
2;LÉA;2020;05;5
2;LÉANA;2012;05;5
2;LÉANA;2013;05;5
2;LÉANA;2014;05;4
2;LÉANA;2015;05;7
2;LÉANE;2006;05;6
2;LÉANE;2007;05;4
2;LÉANE;2008;05;3
2;LÉANE;2009;05;4
2;LÉANE;2013;05;3
2;LEÏLA;2018;05;3
2;LÉNA;2002;05;4
2;LÉNA;2003;05;6
2;LÉNA;2004;05;4
2;LÉNA;2005;05;8
2;LÉNA;2006;05;4
2;LÉNA;2007;05;6
2;LÉNA;2008;05;7
2;LÉNA;2009;05;3
2;LÉNA;2011;05;6
2;LÉNA;2012;05;6
2;LÉNA;2013;05;9
2;LÉNA;2014;05;11
2;LÉNA;2015;05;3
2;LÉNA;2016;05;6
2;LÉNA;2017;05;6
2;LÉNA;2018;05;4
2;LÉNA;2019;05;6
2;LÉNA;2020;05;5
2;LÉNA;2021;05;4
2;LEONA;2010;05;3
2;LÉONIE;2001;05;4
2;LÉONIE;2003;05;4
2;LÉONIE;2004;05;3
2;LÉONIE;2006;05;3
2;LÉONIE;2009;05;3
2;LÉONIE;2011;05;3
2;LÉONIE;2014;05;4
2;LÉONIE;2015;05;3
2;LÉONIE;2016;05;3
2;LÉONIE;2018;05;4
2;LÉONIE;2019;05;7
2;LÉONIE;2021;05;7
2;LEYA;2016;05;3
2;LEYNA;2019;05;3
2;LIANA;2013;05;3
2;LIANA;2019;05;4
2;LILA;2001;05;3
2;LILA;2009;05;3
2;LILA;2011;05;3
2;LILA;2014;05;3
2;LILA;2015;05;3
2;LILA;2018;05;4
2;LILI;2002;05;3
2;LILI;2010;05;3
2;LILI;2013;05;3
2;LILI;2017;05;3
2;LILIA;2015;05;3
2;LILOU;2000;05;3
2;LILOU;2003;05;4
2;LILOU;2004;05;5
2;LILOU;2005;05;6
2;LILOU;2006;05;6
2;LILOU;2007;05;11
2;LILOU;2008;05;8
2;LILOU;2009;05;13
2;LILOU;2010;05;13
2;LILOU;2011;05;6
2;LILOU;2012;05;11
2;LILOU;2013;05;6
2;LILOU;2014;05;4
2;LILOU;2015;05;5
2;LILOU;2016;05;5
2;LILOU;2018;05;4
2;LILOU;2019;05;4
2;LILY;2004;05;3
2;LILY;2005;05;4
2;LILY;2007;05;3
2;LILY;2008;05;7
2;LILY;2010;05;5
2;LILY;2011;05;6
2;LILY;2013;05;3
2;LILY;2014;05;5
2;LILY;2015;05;4
2;LILY;2017;05;4
2;LILY;2019;05;4
2;LILY-ROSE;2007;05;4
2;LINA;2000;05;3
2;LINA;2004;05;3
2;LINA;2009;05;5
2;LINA;2010;05;6
2;LINA;2011;05;3
2;LINA;2012;05;4
2;LINA;2013;05;4
2;LINA;2014;05;8
2;LINA;2015;05;7
2;LINA;2016;05;3
2;LINA;2017;05;8
2;LINA;2018;05;4
2;LINA;2019;05;5
2;LINA;2020;05;6
2;LINA;2021;05;8
2;LINE;2010;05;4
2;LINE;2014;05;3
2;LINE;2021;05;3
2;LISA;2000;05;6
2;LISA;2001;05;9
2;LISA;2002;05;8
2;LISA;2003;05;7
2;LISA;2004;05;6
2;LISA;2005;05;8
2;LISA;2006;05;7
2;LISA;2007;05;5
2;LISA;2008;05;4
2;LISA;2009;05;7
2;LISA;2010;05;4
2;LISA;2011;05;6
2;LISA;2012;05;6
2;LISA;2013;05;4
2;LISA;2015;05;4
2;LISE;2009;05;4
2;LISE;2012;05;4
2;LISE;2015;05;3
2;LISON;2004;05;4
2;LISON;2008;05;3
2;LISON;2011;05;5
2;LISON;2015;05;4
2;LIV;2021;05;3
2;LIVIA;2011;05;4
2;LIVIA;2015;05;3
2;LIVIA;2016;05;4
2;LIVIA;2017;05;4
2;LIVIA;2020;05;5
2;LIVIA;2021;05;6
2;LIZA;2009;05;3
2;LOANE;2004;05;5
2;LOANE;2009;05;3
2;LOANE;2017;05;3
2;LOLA;2000;05;4
2;LOLA;2001;05;6
2;LOLA;2002;05;7
2;LOLA;2003;05;8
2;LOLA;2004;05;8
2;LOLA;2005;05;8
2;LOLA;2006;05;12
2;LOLA;2007;05;9
2;LOLA;2008;05;6
2;LOLA;2009;05;10
2;LOLA;2010;05;8
2;LOLA;2011;05;5
2;LOLA;2012;05;14
2;LOLA;2013;05;7
2;LOLA;2014;05;9
2;LOLA;2015;05;9
2;LOLA;2016;05;10
2;LOLA;2017;05;5
2;LOLA;2018;05;5
2;LOLA;2019;05;8
2;LOLA;2021;05;5
2;LOU;2000;05;5
2;LOU;2001;05;4
2;LOU;2002;05;8
2;LOU;2003;05;5
2;LOU;2004;05;5
2;LOU;2005;05;10
2;LOU;2006;05;4
2;LOU;2007;05;9
2;LOU;2008;05;7
2;LOU;2009;05;6
2;LOU;2010;05;5
2;LOU;2011;05;3
2;LOU;2012;05;7
2;LOU;2013;05;5
2;LOU;2014;05;3
2;LOU;2016;05;8
2;LOU;2017;05;3
2;LOU;2018;05;5
2;LOU;2019;05;5
2;LOU;2020;05;5
2;LOU;2021;05;7
2;LOU-ANN;2005;05;5
2;LOU-ANN;2007;05;3
2;LOUANE;2005;05;4
2;LOUANE;2006;05;6
2;LOUANE;2007;05;3
2;LOUANE;2008;05;4
2;LOUANE;2009;05;4
2;LOUANE;2010;05;3
2;LOUANE;2011;05;7
2;LOUANE;2013;05;3
2;LOUANE;2014;05;4
2;LOUANNE;2014;05;3
2;LOUISA;2021;05;3
2;LOUISE;2000;05;6
2;LOUISE;2002;05;6
2;LOUISE;2003;05;6
2;LOUISE;2004;05;4
2;LOUISE;2006;05;6
2;LOUISE;2008;05;5
2;LOUISE;2009;05;7
2;LOUISE;2010;05;6
2;LOUISE;2011;05;8
2;LOUISE;2012;05;11
2;LOUISE;2013;05;5
2;LOUISE;2014;05;12
2;LOUISE;2015;05;8
2;LOUISE;2016;05;6
2;LOUISE;2017;05;11
2;LOUISE;2018;05;8
2;LOUISE;2019;05;8
2;LOUISE;2020;05;7
2;LOUISE;2021;05;8
2;LOUISON;2009;05;5
2;LOUNA;2001;05;5
2;LOUNA;2002;05;7
2;LOUNA;2003;05;4
2;LOUNA;2004;05;4
2;LOUNA;2005;05;6
2;LOUNA;2007;05;3
2;LOUNA;2008;05;13
2;LOUNA;2009;05;8
2;LOUNA;2010;05;15
2;LOUNA;2011;05;7
2;LOUNA;2012;05;3
2;LOUNA;2013;05;4
2;LOUNA;2014;05;6
2;LOUNA;2017;05;4
2;LOUNA;2019;05;3
2;LOUNA;2021;05;4
2;LUCIE;2000;05;11
2;LUCIE;2001;05;7
2;LUCIE;2002;05;10
2;LUCIE;2003;05;13
2;LUCIE;2004;05;4
2;LUCIE;2005;05;6
2;LUCIE;2006;05;9
2;LUCIE;2007;05;6
2;LUCIE;2008;05;8
2;LUCIE;2009;05;5
2;LUCIE;2010;05;3
2;LUCIE;2011;05;3
2;LUCIE;2012;05;8
2;LUCIE;2013;05;4
2;LUCIE;2014;05;3
2;LUCIE;2015;05;6
2;LUCIE;2016;05;10
2;LUCIE;2017;05;7
2;LUCIE;2018;05;5
2;LUCIE;2019;05;4
2;LUCIE;2020;05;4
2;LUCILE;2009;05;3
2;LUCILE;2015;05;3
2;LUNA;2003;05;3
2;LUNA;2004;05;3
2;LUNA;2005;05;5
2;LUNA;2007;05;3
2;LUNA;2010;05;5
2;LUNA;2011;05;7
2;LUNA;2013;05;3
2;LUNA;2014;05;3
2;LUNA;2015;05;3
2;LUNA;2017;05;5
2;LUNA;2018;05;4
2;LUNA;2021;05;5
2;LYA;2010;05;3
2;LYA;2011;05;3
2;LYA;2013;05;3
2;LYA;2015;05;5
2;LYA;2016;05;3
2;LYA;2017;05;5
2;LYA;2018;05;4
2;LYA;2019;05;4
2;LYA;2020;05;5
2;LYANA;2013;05;3
2;LYANA;2020;05;5
2;LYDIE;2002;05;3
2;LYLOU;2008;05;3
2;LYNA;2006;05;3
2;LYNA;2016;05;4
2;LYNA;2019;05;4
2;LYNA;2021;05;3
2;MAE;2008;05;3
2;MAELIE;2009;05;3
2;MAELLE;2000;05;5
2;MAELLE;2001;05;5
2;MAELLE;2002;05;3
2;MAELLE;2003;05;3
2;MAELLE;2004;05;3
2;MAELLE;2006;05;3
2;MAELLE;2007;05;4
2;MAELLE;2008;05;4
2;MAELLE;2010;05;4
2;MAËLLE;2012;05;7
2;MAËLLE;2016;05;3
2;MAELYS;2002;05;3
2;MAELYS;2004;05;4
2;MAELYS;2005;05;4
2;MAELYS;2006;05;8
2;MAELYS;2007;05;4
2;MAELYS;2008;05;4
2;MAELYS;2009;05;3
2;MAELYS;2010;05;9
2;MAËLYS;2011;05;4
2;MAËLYS;2013;05;3
2;MAËLYS;2014;05;4
2;MAËLYS;2015;05;8
2;MAËLYS;2016;05;3
2;MAEVA;2001;05;7
2;MAEVA;2004;05;5
2;MAEVA;2005;05;3
2;MAEVA;2006;05;4
2;MAEVA;2007;05;3
2;MAËVA;2017;05;3
2;MAËVA;2021;05;3
2;MAIA;2008;05;3
2;MAÏLY;2013;05;4
2;MANON;2000;05;12
2;MANON;2001;05;14
2;MANON;2002;05;16
2;MANON;2003;05;6
2;MANON;2004;05;14
2;MANON;2005;05;14
2;MANON;2006;05;12
2;MANON;2007;05;10
2;MANON;2008;05;16
2;MANON;2009;05;13
2;MANON;2010;05;4
2;MANON;2011;05;8
2;MANON;2012;05;10
2;MANON;2013;05;8
2;MANON;2014;05;6
2;MANON;2015;05;5
2;MANON;2017;05;5
2;MANON;2018;05;5
2;MANON;2019;05;8
2;MARGAUX;2000;05;5
2;MARGAUX;2002;05;3
2;MARGAUX;2004;05;7
2;MARGAUX;2005;05;5
2;MARGAUX;2007;05;3
2;MARGAUX;2009;05;4
2;MARGAUX;2010;05;3
2;MARGAUX;2011;05;3
2;MARGAUX;2012;05;4
2;MARGAUX;2015;05;4
2;MARGAUX;2017;05;3
2;MARGAUX;2021;05;3
2;MARGOT;2000;05;8
2;MARGOT;2001;05;6
2;MARGOT;2002;05;3
2;MARGOT;2003;05;4
2;MARGOT;2004;05;3
2;MARGOT;2005;05;3
2;MARGOT;2007;05;4
2;MARGOT;2010;05;5
2;MARGOT;2011;05;3
2;MARGOT;2012;05;4
2;MARGOT;2013;05;5
2;MARGOT;2015;05;6
2;MARGOT;2016;05;4
2;MARGOT;2018;05;5
2;MARGOT;2020;05;3
2;MARGOT;2021;05;10
2;MARIA;2021;05;3
2;MARIE;2000;05;9
2;MARIE;2001;05;12
2;MARIE;2002;05;8
2;MARIE;2003;05;5
2;MARIE;2004;05;8
2;MARIE;2005;05;6
2;MARIE;2006;05;4
2;MARIE;2007;05;3
2;MARIE;2008;05;7
2;MARIE;2009;05;3
2;MARIE;2013;05;3
2;MARIE;2016;05;4
2;MARIE-LOU;2004;05;3
2;MARILOU;2002;05;3
2;MARINA;2007;05;3
2;MARINE;2000;05;7
2;MARINE;2001;05;6
2;MARINE;2002;05;5
2;MARINE;2003;05;3
2;MARINE;2004;05;5
2;MARINE;2005;05;3
2;MARION;2000;05;6
2;MARION;2001;05;9
2;MARION;2002;05;6
2;MARION;2003;05;7
2;MARION;2007;05;5
2;MARION;2008;05;4
2;MARION;2011;05;3
2;MARION;2014;05;3
2;MARION;2017;05;3
2;MARYLOU;2004;05;4
2;MARYLOU;2007;05;3
2;MATHILDE;2000;05;9
2;MATHILDE;2001;05;8
2;MATHILDE;2002;05;6
2;MATHILDE;2003;05;9
2;MATHILDE;2004;05;7
2;MATHILDE;2005;05;9
2;MATHILDE;2006;05;3
2;MATHILDE;2007;05;3
2;MATHILDE;2008;05;8
2;MATHILDE;2009;05;4
2;MATHILDE;2010;05;7
2;MATHILDE;2011;05;4
2;MATHILDE;2012;05;3
2;MATHILDE;2013;05;3
2;MATHILDE;2015;05;4
2;MATHILDE;2017;05;3
2;MATHILDE;2018;05;3
2;MAYA;2008;05;6
2;MAYA;2011;05;3
2;MAYA;2015;05;3
2;MAYA;2016;05;3
2;MAYA;2020;05;4
2;MAYA;2021;05;3
2;MÉLANIE;2000;05;4
2;MÉLANIE;2001;05;3
2;MÉLANIE;2002;05;3
2;MÉLANIE;2004;05;3
2;MÉLANIE;2005;05;3
2;MÉLANIE;2006;05;3
2;MÉLINA;2001;05;4
2;MÉLINA;2004;05;3
2;MÉLINA;2011;05;4
2;MÉLINA;2012;05;3
2;MÉLINA;2013;05;3
2;MÉLINA;2014;05;3
2;MÉLINA;2015;05;3
2;MÉLINA;2016;05;3
2;MELINE;2002;05;4
2;MELINE;2004;05;4
2;MELINE;2006;05;3
2;MÉLISSA;2000;05;4
2;MÉLISSA;2003;05;4
2;MÉLISSA;2004;05;4
2;MÉLISSA;2005;05;5
2;MÉLISSA;2006;05;4
2;MÉLISSA;2007;05;4
2;MÉLISSA;2009;05;5
2;MÉLISSA;2014;05;3
2;MIA;2014;05;5
2;MIA;2015;05;3
2;MIA;2016;05;6
2;MIA;2017;05;3
2;MIA;2018;05;4
2;MIA;2019;05;5
2;MIA;2020;05;4
2;MIA;2021;05;6
2;MILA;2002;05;3
2;MILA;2007;05;4
2;MILA;2008;05;4
2;MILA;2009;05;4
2;MILA;2010;05;4
2;MILA;2012;05;5
2;MILA;2014;05;5
2;MILA;2015;05;5
2;MILA;2016;05;11
2;MILA;2017;05;8
2;MILA;2018;05;4
2;MILA;2019;05;6
2;MILA;2020;05;7
2;MILA;2021;05;7
2;MORGANE;2000;05;7
2;MORGANE;2001;05;7
2;MORGANE;2002;05;5
2;MORGANE;2003;05;3
2;MORGANE;2004;05;4
2;MORGANE;2005;05;3
2;MORGANE;2007;05;3
2;MORGANE;2009;05;4
2;MORGANE;2016;05;3
2;MYLA;2018;05;4
2;MYLA;2019;05;3
2;MYLA;2020;05;3
2;MYRIAM;2015;05;3
2;NAIS;2009;05;4
2;NAÏS;2012;05;3
2;NAÏS;2016;05;3
2;NAOMIE;2016;05;3
2;NELL;2001;05;3
2;NELL;2008;05;3
2;NINA;2000;05;3
2;NINA;2001;05;3
2;NINA;2002;05;5
2;NINA;2003;05;3
2;NINA;2004;05;4
2;NINA;2005;05;5
2;NINA;2006;05;4
2;NINA;2007;05;5
2;NINA;2008;05;4
2;NINA;2009;05;4
2;NINA;2010;05;6
2;NINA;2011;05;4
2;NINA;2012;05;7
2;NINA;2013;05;9
2;NINA;2014;05;7
2;NINA;2015;05;6
2;NINA;2016;05;5
2;NINA;2018;05;6
2;NINA;2019;05;8
2;NINA;2020;05;3
2;NINA;2021;05;5
2;NINON;2005;05;5
2;NINON;2006;05;5
2;NINON;2008;05;4
2;NINON;2012;05;3
2;NOEMIE;2000;05;5
2;NOEMIE;2001;05;3
2;NOEMIE;2003;05;4
2;NOEMIE;2004;05;5
2;NOEMIE;2005;05;3
2;NOEMIE;2006;05;4
2;NOEMIE;2009;05;5
2;NOEMIE;2010;05;4
2;NOÉMIE;2013;05;3
2;NOÉMIE;2014;05;4
2;NOÉMIE;2019;05;3
2;NOLA;2020;05;3
2;NORAH;2020;05;3
2;OCEANE;2010;05;4
2;OCÉANE;2000;05;8
2;OCÉANE;2001;05;10
2;OCÉANE;2002;05;7
2;OCÉANE;2003;05;6
2;OCÉANE;2004;05;8
2;OCÉANE;2005;05;7
2;OCÉANE;2006;05;5
2;OCÉANE;2007;05;7
2;OCÉANE;2008;05;6
2;OCÉANE;2009;05;4
2;OCÉANE;2011;05;4
2;OCÉANE;2013;05;4
2;OCÉANE;2014;05;4
2;OCÉANE;2019;05;4
2;OCÉANE;2020;05;3
2;OCÉANE;2021;05;3
2;OLIVIA;2007;05;4
2;OLIVIA;2009;05;3
2;OLIVIA;2015;05;4
2;OLIVIA;2017;05;4
2;OLIVIA;2018;05;9
2;OLIVIA;2020;05;4
2;OLIVIA;2021;05;4
2;ORIANE;2002;05;3
2;ORIANE;2005;05;3
2;ORLANE;2002;05;4
2;PAULINE;2000;05;8
2;PAULINE;2001;05;3
2;PAULINE;2002;05;4
2;PAULINE;2003;05;6
2;PAULINE;2004;05;3
2;PAULINE;2005;05;5
2;PAULINE;2006;05;4
2;PAULINE;2008;05;5
2;PAULINE;2014;05;3
2;PAULINE;2016;05;4
2;RACHEL;2010;05;3
2;ROMANE;2000;05;9
2;ROMANE;2001;05;7
2;ROMANE;2002;05;5
2;ROMANE;2003;05;13
2;ROMANE;2004;05;5
2;ROMANE;2005;05;4
2;ROMANE;2006;05;9
2;ROMANE;2007;05;8
2;ROMANE;2008;05;5
2;ROMANE;2009;05;5
2;ROMANE;2010;05;11
2;ROMANE;2011;05;10
2;ROMANE;2012;05;7
2;ROMANE;2013;05;4
2;ROMANE;2014;05;4
2;ROMANE;2015;05;5
2;ROMANE;2017;05;4
2;ROMANE;2018;05;4
2;ROMANE;2020;05;4
2;ROMY;2012;05;3
2;ROMY;2016;05;4
2;ROMY;2017;05;4
2;ROMY;2018;05;7
2;ROMY;2019;05;6
2;ROMY;2020;05;8
2;ROMY;2021;05;7
2;ROSE;2014;05;4
2;ROSE;2017;05;3
2;ROSE;2018;05;8
2;ROSE;2019;05;4
2;ROSE;2020;05;4
2;ROSE;2021;05;5
2;ROXANE;2013;05;4
2;ROXANE;2017;05;3
2;SALOMÉ;2001;05;4
2;SALOMÉ;2007;05;4
2;SALOMÉ;2014;05;3
2;SALOMÉ;2017;05;3
2;SALOMÉ;2019;05;3
2;SARA;2004;05;3
2;SARA;2006;05;3
2;SARAH;2000;05;9
2;SARAH;2001;05;3
2;SARAH;2002;05;6
2;SARAH;2003;05;11
2;SARAH;2004;05;5
2;SARAH;2005;05;10
2;SARAH;2006;05;7
2;SARAH;2007;05;3
2;SARAH;2008;05;4
2;SARAH;2009;05;5
2;SARAH;2010;05;4
2;SARAH;2011;05;7
2;SARAH;2015;05;5
2;SARAH;2016;05;3
2;SASHA;2021;05;3
2;SÉLÈNE;2013;05;3
2;SELMA;2013;05;3
2;SHANA;2007;05;5
2;SHANNA;2019;05;3
2;SOFIA;2016;05;4
2;SOFIA;2020;05;3
2;SOLÈNE;2000;05;5
2;SOLÈNE;2001;05;6
2;SOLÈNE;2006;05;3
2;SOLÈNE;2007;05;3
2;SOLINE;2019;05;3
2;SOPHIE;2003;05;3
2;SOPHIE;2016;05;3
2;STELLA;2006;05;3
2;STELLA;2009;05;3
2;STELLA;2011;05;3
2;STELLA;2012;05;3
2;STELLA;2019;05;4
2;STELLA;2021;05;3
2;SWANN;2020;05;3
2;TESS;2003;05;3
2;TESS;2010;05;4
2;TESS;2011;05;3
2;TESS;2013;05;3
2;TESS;2014;05;3
2;TESS;2019;05;3
2;TESSA;2000;05;3
2;TESSA;2013;05;4
2;TESSA;2014;05;3
2;TESSA;2015;05;3
2;TESSA;2017;05;4
2;TESSA;2018;05;3
2;THAIS;2004;05;3
2;THAIS;2005;05;6
2;THAÏS;2011;05;4
2;THAÏS;2014;05;3
2;THAÏS;2020;05;4
2;THÉA;2017;05;3
2;THÉA;2018;05;3
2;THÉA;2020;05;4
2;THÉA;2021;05;3
2;TIPHAINE;2010;05;3
2;TYA;2015;05;4
2;VALENTINE;2002;05;5
2;VALENTINE;2004;05;3
2;VALENTINE;2005;05;4
2;VALENTINE;2014;05;3
2;VALENTINE;2016;05;3
2;VICTOIRE;2018;05;3
2;VICTOIRE;2021;05;3
2;VICTORIA;2006;05;3
2;VICTORIA;2008;05;3
2;VICTORIA;2012;05;3
2;VICTORIA;2018;05;3
2;VICTORIA;2021;05;3
2;VIOLETTE;2016;05;4
2;WENDY;2006;05;3
2;ZELIE;2009;05;3
2;ZELIE;2010;05;4
2;ZÉLIE;2011;05;3
2;ZÉLIE;2012;05;4
2;ZÉLIE;2018;05;3
2;ZÉLIE;2020;05;4
2;ZOE;2010;05;7
2;ZOÉ;2001;05;5
2;ZOÉ;2003;05;4
2;ZOÉ;2004;05;9
2;ZOÉ;2005;05;6
2;ZOÉ;2006;05;8
2;ZOÉ;2007;05;6
2;ZOÉ;2008;05;4
2;ZOÉ;2009;05;10
2;ZOÉ;2010;05;6
2;ZOÉ;2011;05;4
2;ZOÉ;2012;05;8
2;ZOÉ;2013;05;4
2;ZOÉ;2014;05;6
2;ZOÉ;2015;05;4
2;ZOÉ;2016;05;5
2;ZOÉ;2017;05;4
2;ZOÉ;2019;05;4
