sexe;preusuel;annais;dpt;nombre
1;_PRENOMS_RARES;2000;08;21
1;_PRENOMS_RARES;2001;08;18
1;_PRENOMS_RARES;2002;08;30
1;_PRENOMS_RARES;2003;08;25
1;_PRENOMS_RARES;2004;08;22
1;_PRENOMS_RARES;2005;08;42
1;_PRENOMS_RARES;2006;08;39
1;_PRENOMS_RARES;2007;08;42
1;_PRENOMS_RARES;2008;08;38
1;_PRENOMS_RARES;2009;08;46
1;_PRENOMS_RARES;2010;08;36
1;_PRENOMS_RARES;2011;08;45
1;_PRENOMS_RARES;2012;08;39
1;_PRENOMS_RARES;2013;08;42
1;_PRENOMS_RARES;2014;08;41
1;_PRENOMS_RARES;2015;08;44
1;_PRENOMS_RARES;2016;08;48
1;_PRENOMS_RARES;2017;08;44
1;_PRENOMS_RARES;2018;08;53
1;_PRENOMS_RARES;2019;08;40
1;_PRENOMS_RARES;2020;08;44
1;_PRENOMS_RARES;2021;08;49
1;AARON;2004;08;4
1;AARON;2006;08;7
1;AARON;2007;08;5
1;AARON;2008;08;9
1;AARON;2009;08;9
1;AARON;2010;08;7
1;AARON;2011;08;15
1;AARON;2012;08;8
1;AARON;2013;08;12
1;AARON;2014;08;6
1;AARON;2015;08;10
1;AARON;2016;08;4
1;AARON;2017;08;7
1;AARON;2018;08;5
1;AARON;2019;08;10
1;AARON;2020;08;5
1;AARON;2021;08;4
1;ABEL;2010;08;3
1;ABEL;2012;08;3
1;ABEL;2020;08;3
1;ACHILLE;2020;08;3
1;ADAM;2003;08;3
1;ADAM;2004;08;3
1;ADAM;2005;08;5
1;ADAM;2006;08;6
1;ADAM;2007;08;7
1;ADAM;2008;08;6
1;ADAM;2009;08;5
1;ADAM;2010;08;7
1;ADAM;2011;08;5
1;ADAM;2012;08;10
1;ADAM;2013;08;8
1;ADAM;2014;08;9
1;ADAM;2015;08;7
1;ADAM;2016;08;8
1;ADAM;2017;08;12
1;ADAM;2018;08;7
1;ADAM;2019;08;8
1;ADAM;2020;08;7
1;ADAM;2021;08;6
1;ADAME;2012;08;3
1;ADEL;2007;08;3
1;ADEL;2012;08;4
1;ADEL;2014;08;3
1;ADEM;2015;08;3
1;ADEM;2020;08;3
1;ADRIEN;2000;08;26
1;ADRIEN;2001;08;14
1;ADRIEN;2002;08;12
1;ADRIEN;2003;08;13
1;ADRIEN;2004;08;11
1;ADRIEN;2005;08;10
1;ADRIEN;2006;08;12
1;ADRIEN;2008;08;5
1;ADRIEN;2010;08;4
1;ADRIEN;2012;08;4
1;ADRIEN;2014;08;4
1;ADRIEN;2017;08;4
1;AHMED;2021;08;3
1;AIDEN;2015;08;4
1;ALAN;2001;08;5
1;ALAN;2005;08;4
1;ALAN;2007;08;3
1;ALAN;2008;08;3
1;ALBAN;2004;08;3
1;ALBAN;2006;08;3
1;ALESSIO;2013;08;3
1;ALESSIO;2017;08;3
1;ALESSIO;2020;08;3
1;ALESSIO;2021;08;7
1;ALEX;2000;08;4
1;ALEX;2001;08;3
1;ALEX;2002;08;3
1;ALEX;2003;08;6
1;ALEX;2004;08;3
1;ALEX;2005;08;3
1;ALEX;2006;08;4
1;ALEX;2007;08;5
1;ALEX;2009;08;5
1;ALEX;2010;08;3
1;ALEX;2013;08;4
1;ALEXANDRE;2000;08;28
1;ALEXANDRE;2001;08;25
1;ALEXANDRE;2002;08;18
1;ALEXANDRE;2003;08;15
1;ALEXANDRE;2004;08;9
1;ALEXANDRE;2005;08;8
1;ALEXANDRE;2006;08;8
1;ALEXANDRE;2007;08;10
1;ALEXANDRE;2008;08;5
1;ALEXANDRE;2009;08;8
1;ALEXANDRE;2010;08;8
1;ALEXANDRE;2011;08;5
1;ALEXANDRE;2016;08;5
1;ALEXIS;2000;08;35
1;ALEXIS;2001;08;34
1;ALEXIS;2002;08;23
1;ALEXIS;2003;08;21
1;ALEXIS;2004;08;25
1;ALEXIS;2005;08;26
1;ALEXIS;2006;08;12
1;ALEXIS;2007;08;12
1;ALEXIS;2008;08;11
1;ALEXIS;2009;08;11
1;ALEXIS;2010;08;11
1;ALEXIS;2011;08;7
1;ALEXIS;2012;08;4
1;ALEXIS;2013;08;3
1;ALEXIS;2014;08;4
1;ALEXIS;2016;08;3
1;ALEXIS;2017;08;4
1;ALI;2001;08;3
1;ALI;2004;08;4
1;ALI;2006;08;3
1;ALI;2014;08;3
1;ALIX;2007;08;4
1;ALIX;2014;08;3
1;ALLAN;2000;08;9
1;ALLAN;2001;08;5
1;ALLAN;2002;08;8
1;ALLAN;2004;08;4
1;ALLAN;2005;08;3
1;ALOIS;2005;08;3
1;AMAURY;2004;08;3
1;AMAURY;2005;08;3
1;AMAURY;2009;08;4
1;AMAURY;2010;08;3
1;AMAURY;2012;08;3
1;AMAURY;2013;08;4
1;AMAURY;2015;08;3
1;AMAURY;2016;08;5
1;AMAURY;2018;08;5
1;AMIN;2010;08;3
1;AMINE;2002;08;3
1;AMINE;2005;08;3
1;AMINE;2006;08;5
1;AMINE;2007;08;6
1;AMINE;2009;08;4
1;AMINE;2011;08;4
1;AMINE;2012;08;3
1;AMINE;2013;08;3
1;AMINE;2014;08;3
1;AMINE;2016;08;4
1;AMINE;2017;08;5
1;AMIR;2010;08;3
1;AMIR;2018;08;4
1;ANDREA;2021;08;4
1;ANDRÉA;2006;08;3
1;ANDRÉA;2008;08;3
1;ANDRÉA;2014;08;3
1;ANDREW;2018;08;3
1;ANDY;2001;08;5
1;ANDY;2003;08;3
1;ANGEL;2004;08;3
1;ANGELO;2007;08;3
1;ANTHONY;2000;08;28
1;ANTHONY;2001;08;9
1;ANTHONY;2002;08;14
1;ANTHONY;2003;08;10
1;ANTHONY;2004;08;3
1;ANTHONY;2006;08;4
1;ANTHONY;2007;08;3
1;ANTHONY;2011;08;4
1;ANTHONY;2017;08;3
1;ANTOINE;2000;08;35
1;ANTOINE;2001;08;28
1;ANTOINE;2002;08;30
1;ANTOINE;2003;08;22
1;ANTOINE;2004;08;13
1;ANTOINE;2005;08;15
1;ANTOINE;2006;08;12
1;ANTOINE;2007;08;10
1;ANTOINE;2008;08;12
1;ANTOINE;2009;08;12
1;ANTOINE;2010;08;9
1;ANTOINE;2011;08;6
1;ANTOINE;2012;08;8
1;ANTOINE;2013;08;8
1;ANTOINE;2014;08;11
1;ANTOINE;2015;08;5
1;ANTOINE;2016;08;11
1;ANTOINE;2017;08;5
1;ANTOINE;2018;08;5
1;ANTOINE;2019;08;3
1;ANTOINE;2020;08;7
1;ANTOINE;2021;08;5
1;ANTONIN;2000;08;7
1;ANTONIN;2001;08;11
1;ANTONIN;2002;08;10
1;ANTONIN;2003;08;4
1;ANTONIN;2004;08;10
1;ANTONIN;2005;08;9
1;ANTONIN;2006;08;11
1;ANTONIN;2007;08;6
1;ANTONIN;2008;08;4
1;ANTONIN;2009;08;6
1;ANTONIN;2011;08;4
1;ANTONIN;2013;08;5
1;ANTONIN;2014;08;4
1;ANTONIN;2016;08;4
1;ANTONIN;2017;08;4
1;ANTONIN;2018;08;4
1;ANTONIN;2019;08;3
1;ARMAND;2000;08;4
1;ARMAND;2002;08;4
1;ARMAND;2005;08;3
1;ARNAUD;2000;08;6
1;ARNAUD;2003;08;4
1;ARNAUD;2006;08;4
1;ARTHUR;2000;08;7
1;ARTHUR;2001;08;15
1;ARTHUR;2002;08;11
1;ARTHUR;2003;08;16
1;ARTHUR;2004;08;13
1;ARTHUR;2005;08;17
1;ARTHUR;2006;08;19
1;ARTHUR;2007;08;13
1;ARTHUR;2008;08;14
1;ARTHUR;2009;08;13
1;ARTHUR;2010;08;16
1;ARTHUR;2011;08;14
1;ARTHUR;2012;08;10
1;ARTHUR;2013;08;11
1;ARTHUR;2014;08;14
1;ARTHUR;2015;08;12
1;ARTHUR;2016;08;9
1;ARTHUR;2017;08;9
1;ARTHUR;2018;08;15
1;ARTHUR;2019;08;16
1;ARTHUR;2020;08;11
1;ARTHUR;2021;08;14
1;AUBIN;2000;08;5
1;AUGUSTE;2017;08;4
1;AUGUSTIN;2000;08;3
1;AUGUSTIN;2006;08;3
1;AUGUSTIN;2008;08;4
1;AUGUSTIN;2011;08;4
1;AUGUSTIN;2012;08;3
1;AUGUSTIN;2013;08;4
1;AUGUSTIN;2014;08;5
1;AUGUSTIN;2016;08;9
1;AUGUSTIN;2018;08;6
1;AUGUSTIN;2020;08;4
1;AURÉLIEN;2000;08;14
1;AURÉLIEN;2001;08;5
1;AURÉLIEN;2002;08;7
1;AURÉLIEN;2003;08;8
1;AURÉLIEN;2004;08;4
1;AURÉLIEN;2005;08;3
1;AURÉLIEN;2006;08;5
1;AURÉLIEN;2007;08;3
1;AURÉLIEN;2008;08;3
1;AXEL;2000;08;11
1;AXEL;2001;08;15
1;AXEL;2002;08;13
1;AXEL;2003;08;11
1;AXEL;2004;08;21
1;AXEL;2005;08;10
1;AXEL;2006;08;8
1;AXEL;2007;08;14
1;AXEL;2008;08;4
1;AXEL;2009;08;8
1;AXEL;2010;08;10
1;AXEL;2011;08;10
1;AXEL;2012;08;12
1;AXEL;2013;08;5
1;AXEL;2014;08;5
1;AXEL;2015;08;13
1;AXEL;2016;08;7
1;AXEL;2017;08;5
1;AXEL;2018;08;8
1;AXEL;2019;08;7
1;AXEL;2020;08;5
1;AXEL;2021;08;10
1;AYDEN;2017;08;4
1;AYDEN;2018;08;4
1;AYDEN;2019;08;7
1;AYDEN;2020;08;5
1;AYDEN;2021;08;9
1;AYLAN;2019;08;3
1;AYMEN;2012;08;3
1;AYMERIC;2000;08;7
1;AYMERIC;2001;08;6
1;AYMERIC;2002;08;4
1;AYMERIC;2004;08;3
1;AYMERIC;2006;08;3
1;AYMERIC;2008;08;3
1;AYOUB;2009;08;6
1;AYOUB;2010;08;3
1;BAPTISTE;2000;08;19
1;BAPTISTE;2001;08;14
1;BAPTISTE;2002;08;12
1;BAPTISTE;2003;08;22
1;BAPTISTE;2004;08;7
1;BAPTISTE;2005;08;24
1;BAPTISTE;2006;08;15
1;BAPTISTE;2007;08;14
1;BAPTISTE;2008;08;17
1;BAPTISTE;2009;08;9
1;BAPTISTE;2010;08;3
1;BAPTISTE;2011;08;4
1;BAPTISTE;2012;08;11
1;BAPTISTE;2013;08;6
1;BAPTISTE;2014;08;3
1;BAPTISTE;2016;08;6
1;BAPTISTE;2017;08;5
1;BAPTISTE;2018;08;4
1;BAPTISTE;2019;08;3
1;BAPTISTE;2021;08;5
1;BASILE;2020;08;3
1;BASILE;2021;08;3
1;BASTIEN;2000;08;11
1;BASTIEN;2001;08;4
1;BASTIEN;2002;08;9
1;BASTIEN;2003;08;10
1;BASTIEN;2006;08;5
1;BASTIEN;2007;08;4
1;BASTIEN;2008;08;3
1;BASTIEN;2009;08;4
1;BASTIEN;2011;08;3
1;BASTIEN;2013;08;4
1;BASTIEN;2017;08;5
1;BENJAMIN;2000;08;23
1;BENJAMIN;2001;08;12
1;BENJAMIN;2002;08;13
1;BENJAMIN;2003;08;13
1;BENJAMIN;2004;08;8
1;BENJAMIN;2005;08;8
1;BENJAMIN;2006;08;8
1;BENJAMIN;2007;08;4
1;BENJAMIN;2008;08;7
1;BENJAMIN;2009;08;4
1;BENJAMIN;2010;08;6
1;BENJAMIN;2011;08;3
1;BENJAMIN;2015;08;3
1;BENOÎT;2000;08;4
1;BENOÎT;2003;08;3
1;BENOÎT;2005;08;3
1;BILAL;2004;08;3
1;BILEL;2002;08;3
1;BRANDON;2000;08;7
1;BRANDON;2001;08;3
1;BRANDON;2002;08;4
1;BRANDON;2003;08;6
1;BRANDON;2007;08;3
1;BRANDON;2013;08;3
1;BRAYAN;2000;08;4
1;BRAYAN;2004;08;3
1;BRAYAN;2005;08;3
1;BRIAN;2000;08;4
1;BRICE;2001;08;5
1;BRICE;2002;08;4
1;BRICE;2004;08;3
1;BRICE;2005;08;3
1;BRYAN;2000;08;14
1;BRYAN;2001;08;9
1;BRYAN;2002;08;12
1;BRYAN;2003;08;9
1;BRYAN;2005;08;7
1;BRYAN;2006;08;5
1;BRYAN;2007;08;3
1;BRYAN;2008;08;4
1;BRYAN;2009;08;3
1;BRYAN;2010;08;3
1;CAMERON;2008;08;3
1;CAMERON;2009;08;4
1;CAMERON;2012;08;5
1;CAMILLE;2003;08;4
1;CAMILLE;2009;08;4
1;CAMILLE;2011;08;3
1;CAMILLE;2012;08;4
1;CAMILLE;2013;08;6
1;CAMILLE;2014;08;4
1;CAMILLE;2015;08;4
1;CAMILLE;2016;08;6
1;CAMILLE;2017;08;7
1;CAMILLE;2018;08;3
1;CAMILLE;2020;08;4
1;CARL;2001;08;3
1;CEDRIC;2000;08;3
1;CÉLESTIN;2021;08;4
1;CELIAN;2004;08;3
1;CHARLES;2000;08;6
1;CHARLES;2001;08;3
1;CHARLES;2002;08;8
1;CHARLES;2003;08;3
1;CHARLES;2005;08;3
1;CHARLES;2006;08;4
1;CHARLES;2010;08;3
1;CHARLES;2012;08;5
1;CHARLES;2020;08;4
1;CHARLIE;2009;08;3
1;CHARLIE;2012;08;3
1;CHARLIE;2018;08;3
1;CHARLIE;2019;08;3
1;CHARLIE;2021;08;3
1;CHARLY;2000;08;3
1;CHARLY;2001;08;4
1;CHARLY;2009;08;4
1;CHARLY;2010;08;4
1;CHARLY;2011;08;4
1;CHARLY;2012;08;3
1;CHARLY;2016;08;4
1;CHARLY;2017;08;5
1;CHARLY;2018;08;7
1;CHARLY;2019;08;4
1;CHARLY;2020;08;3
1;CHARLY;2021;08;3
1;CHRIS;2012;08;3
1;CHRISTOPHE;2000;08;3
1;CHRISTOPHER;2000;08;8
1;CHRISTOPHER;2001;08;7
1;CHRISTOPHER;2002;08;5
1;CHRISTOPHER;2003;08;6
1;CHRISTOPHER;2004;08;3
1;CLÉMENT;2000;08;38
1;CLÉMENT;2001;08;35
1;CLÉMENT;2002;08;27
1;CLÉMENT;2003;08;20
1;CLÉMENT;2004;08;19
1;CLÉMENT;2005;08;21
1;CLÉMENT;2006;08;15
1;CLÉMENT;2007;08;16
1;CLÉMENT;2008;08;14
1;CLÉMENT;2009;08;10
1;CLÉMENT;2010;08;11
1;CLÉMENT;2011;08;14
1;CLÉMENT;2012;08;6
1;CLÉMENT;2013;08;4
1;CLÉMENT;2014;08;6
1;CLÉMENT;2015;08;4
1;CLÉMENT;2016;08;5
1;CLÉMENT;2017;08;6
1;CLÉMENT;2019;08;3
1;CLÉMENT;2021;08;4
1;CLOVIS;2005;08;4
1;CÔME;2015;08;3
1;CÔME;2016;08;3
1;CÔME;2017;08;3
1;CÔME;2018;08;5
1;CÔME;2019;08;3
1;CÔME;2020;08;3
1;CÔME;2021;08;7
1;CORENTIN;2000;08;25
1;CORENTIN;2001;08;18
1;CORENTIN;2002;08;18
1;CORENTIN;2003;08;15
1;CORENTIN;2004;08;12
1;CORENTIN;2005;08;17
1;CORENTIN;2006;08;11
1;CORENTIN;2007;08;3
1;CORENTIN;2008;08;6
1;CORENTIN;2009;08;4
1;CORENTIN;2012;08;3
1;CURTIS;2004;08;3
1;CYPRIEN;2000;08;3
1;CYPRIEN;2005;08;4
1;CYPRIEN;2006;08;5
1;CYPRIEN;2007;08;3
1;CYPRIEN;2009;08;3
1;CYRIL;2003;08;3
1;DAMIEN;2000;08;5
1;DAMIEN;2001;08;4
1;DAMIEN;2002;08;4
1;DAMIEN;2003;08;3
1;DAMIEN;2004;08;5
1;DAMIEN;2007;08;4
1;DAMIEN;2009;08;4
1;DANY;2003;08;3
1;DAVID;2000;08;9
1;DAVID;2001;08;6
1;DAVID;2003;08;4
1;DAVID;2005;08;4
1;DAVID;2016;08;3
1;DAVID;2019;08;3
1;DIEGO;2005;08;4
1;DIEGO;2008;08;6
1;DIEGO;2009;08;4
1;DIEGO;2010;08;4
1;DIEGO;2012;08;4
1;DIEGO;2013;08;4
1;DIEGO;2016;08;5
1;DIEGO;2018;08;6
1;DIEGO;2020;08;6
1;DIEGO;2021;08;6
1;DIMITRI;2000;08;6
1;DIMITRI;2001;08;3
1;DIMITRI;2002;08;3
1;DIMITRI;2003;08;3
1;DIMITRI;2005;08;4
1;DJIBRIL;2006;08;3
1;DONOVAN;2000;08;6
1;DONOVAN;2001;08;5
1;DONOVAN;2002;08;3
1;DONOVAN;2003;08;6
1;DONOVAN;2004;08;4
1;DONOVAN;2005;08;3
1;DONOVAN;2006;08;8
1;DONOVAN;2011;08;3
1;DORIAN;2000;08;6
1;DORIAN;2001;08;9
1;DORIAN;2002;08;9
1;DORIAN;2003;08;7
1;DORIAN;2004;08;5
1;DORIAN;2005;08;4
1;DORIAN;2006;08;10
1;DORIAN;2007;08;3
1;DORIAN;2016;08;3
1;DYLAN;2000;08;31
1;DYLAN;2001;08;23
1;DYLAN;2002;08;14
1;DYLAN;2003;08;10
1;DYLAN;2004;08;17
1;DYLAN;2005;08;15
1;DYLAN;2006;08;9
1;DYLAN;2007;08;7
1;DYLAN;2008;08;3
1;DYLAN;2009;08;6
1;DYLAN;2010;08;4
1;DYLAN;2011;08;4
1;DYLAN;2012;08;4
1;EDDY;2002;08;4
1;EDEN;2012;08;4
1;EDEN;2014;08;11
1;EDEN;2015;08;12
1;EDEN;2016;08;8
1;EDEN;2017;08;9
1;EDEN;2018;08;11
1;EDEN;2019;08;13
1;EDEN;2020;08;5
1;EDEN;2021;08;4
1;EDGAR;2016;08;3
1;ELIAS;2000;08;4
1;ELIAS;2011;08;4
1;ELIAS;2012;08;3
1;ELIAS;2013;08;3
1;ELIO;2010;08;3
1;ELIO;2015;08;3
1;ELIO;2016;08;3
1;ELIO;2017;08;3
1;ELIO;2021;08;5
1;ELIOT;2008;08;4
1;ELIOT;2014;08;3
1;ELIOTT;2008;08;5
1;ELIOTT;2009;08;3
1;ELIOTT;2010;08;3
1;ELIOTT;2012;08;4
1;ELIOTT;2013;08;5
1;ELIOTT;2015;08;3
1;ELIOTT;2016;08;3
1;ELIOTT;2017;08;4
1;ELIOTT;2020;08;6
1;ELIOTT;2021;08;4
1;ELIZIO;2019;08;3
1;ELLIOT;2018;08;3
1;ELYAS;2019;08;3
1;ELYAS;2020;08;3
1;ELYO;2016;08;4
1;ELYO;2017;08;3
1;ELYO;2020;08;8
1;EMERIC;2001;08;5
1;EMERIC;2002;08;3
1;EMILIEN;2000;08;10
1;EMILIEN;2001;08;9
1;EMILIEN;2002;08;4
1;EMILIEN;2003;08;3
1;EMILIEN;2004;08;6
1;EMILIEN;2005;08;4
1;EMILIEN;2006;08;3
1;EMILIEN;2007;08;5
1;EMILIEN;2008;08;4
1;EMILIEN;2009;08;3
1;EMILIEN;2011;08;3
1;EMILIO;2015;08;3
1;EMILIO;2020;08;3
1;EMIRHAN;2005;08;3
1;EMRE;2001;08;6
1;ENAEL;2011;08;3
1;ENZO;2000;08;14
1;ENZO;2001;08;16
1;ENZO;2002;08;21
1;ENZO;2003;08;30
1;ENZO;2004;08;35
1;ENZO;2005;08;48
1;ENZO;2006;08;33
1;ENZO;2007;08;36
1;ENZO;2008;08;47
1;ENZO;2009;08;21
1;ENZO;2010;08;39
1;ENZO;2011;08;26
1;ENZO;2012;08;31
1;ENZO;2013;08;9
1;ENZO;2014;08;12
1;ENZO;2015;08;10
1;ENZO;2016;08;7
1;ENZO;2017;08;9
1;ENZO;2018;08;10
1;ENZO;2019;08;10
1;ENZO;2020;08;5
1;ENZO;2021;08;5
1;EREN;2008;08;3
1;ERWAN;2000;08;9
1;ERWAN;2002;08;4
1;ERWAN;2003;08;5
1;ERWAN;2004;08;10
1;ERWAN;2005;08;6
1;ERWAN;2006;08;12
1;ERWAN;2007;08;10
1;ERWAN;2008;08;7
1;ERWAN;2009;08;8
1;ERWAN;2010;08;3
1;ERWAN;2011;08;3
1;ERWAN;2012;08;6
1;ERWAN;2013;08;6
1;ERWAN;2018;08;4
1;ERWANN;2004;08;6
1;ERWANN;2005;08;3
1;ESTEBAN;2003;08;3
1;ESTEBAN;2004;08;5
1;ESTEBAN;2005;08;4
1;ESTEBAN;2006;08;5
1;ESTEBAN;2007;08;4
1;ESTEBAN;2008;08;7
1;ESTEBAN;2009;08;6
1;ESTEBAN;2016;08;5
1;ESTEBAN;2018;08;3
1;ETAN;2006;08;3
1;ETHAN;2002;08;4
1;ETHAN;2003;08;8
1;ETHAN;2004;08;8
1;ETHAN;2005;08;12
1;ETHAN;2006;08;10
1;ETHAN;2007;08;24
1;ETHAN;2008;08;20
1;ETHAN;2009;08;14
1;ETHAN;2010;08;24
1;ETHAN;2011;08;12
1;ETHAN;2012;08;16
1;ETHAN;2013;08;16
1;ETHAN;2014;08;16
1;ETHAN;2015;08;10
1;ETHAN;2016;08;10
1;ETHAN;2017;08;3
1;ETHAN;2018;08;5
1;ETHAN;2019;08;9
1;ETHAN;2020;08;5
1;ETHAN;2021;08;6
1;ÉTHAN;2012;08;3
1;ETIENNE;2000;08;3
1;ETIENNE;2009;08;3
1;EVAN;2002;08;5
1;EVAN;2003;08;5
1;EVAN;2004;08;13
1;EVAN;2005;08;9
1;EVAN;2006;08;8
1;EVAN;2007;08;14
1;EVAN;2008;08;18
1;EVAN;2009;08;17
1;EVAN;2010;08;11
1;EVAN;2011;08;11
1;EVAN;2012;08;7
1;EVAN;2013;08;5
1;EVAN;2014;08;5
1;EVAN;2015;08;6
1;EVAN;2016;08;6
1;EVAN;2017;08;6
1;EVAN;2018;08;4
1;EVAN;2019;08;3
1;EVAN;2020;08;4
1;EVAN;2021;08;3
1;EWAN;2004;08;5
1;EWAN;2007;08;4
1;EWEN;2021;08;3
1;EZIO;2010;08;3
1;EZIO;2012;08;3
1;EZIO;2014;08;3
1;EZIO;2019;08;6
1;FABIAN;2002;08;3
1;FABIEN;2000;08;4
1;FABIEN;2001;08;4
1;FABIEN;2002;08;6
1;FABIEN;2003;08;3
1;FABIO;2003;08;3
1;FATIH;2004;08;4
1;FÉLIX;2003;08;3
1;FLAVIEN;2000;08;5
1;FLAVIEN;2002;08;3
1;FLAVIEN;2004;08;3
1;FLAVIEN;2011;08;3
1;FLORENT;2000;08;7
1;FLORENTIN;2002;08;3
1;FLORENTIN;2004;08;5
1;FLORIAN;2000;08;13
1;FLORIAN;2001;08;17
1;FLORIAN;2002;08;8
1;FLORIAN;2003;08;6
1;FLORIAN;2004;08;9
1;FLORIAN;2005;08;6
1;FLORIAN;2006;08;4
1;FLORIAN;2007;08;4
1;FRANCK;2001;08;3
1;FRANÇOIS;2001;08;3
1;GABIN;2002;08;4
1;GABIN;2004;08;3
1;GABIN;2005;08;6
1;GABIN;2006;08;4
1;GABIN;2007;08;3
1;GABIN;2008;08;5
1;GABIN;2010;08;4
1;GABIN;2011;08;11
1;GABIN;2012;08;3
1;GABIN;2013;08;6
1;GABIN;2014;08;5
1;GABIN;2015;08;14
1;GABIN;2016;08;16
1;GABIN;2017;08;13
1;GABIN;2018;08;10
1;GABIN;2019;08;13
1;GABIN;2020;08;12
1;GABIN;2021;08;11
1;GABRIEL;2000;08;3
1;GABRIEL;2001;08;5
1;GABRIEL;2002;08;3
1;GABRIEL;2003;08;4
1;GABRIEL;2004;08;3
1;GABRIEL;2006;08;13
1;GABRIEL;2007;08;16
1;GABRIEL;2008;08;11
1;GABRIEL;2009;08;9
1;GABRIEL;2010;08;11
1;GABRIEL;2011;08;12
1;GABRIEL;2012;08;11
1;GABRIEL;2013;08;17
1;GABRIEL;2014;08;17
1;GABRIEL;2015;08;18
1;GABRIEL;2016;08;20
1;GABRIEL;2017;08;19
1;GABRIEL;2018;08;10
1;GABRIEL;2019;08;11
1;GABRIEL;2020;08;14
1;GABRIEL;2021;08;16
1;GAEL;2001;08;5
1;GAEL;2009;08;3
1;GAËTAN;2000;08;8
1;GAËTAN;2001;08;5
1;GAËTAN;2002;08;4
1;GAËTAN;2003;08;8
1;GAËTAN;2004;08;5
1;GAËTAN;2005;08;3
1;GAËTAN;2006;08;6
1;GAËTAN;2007;08;5
1;GAËTAN;2008;08;5
1;GASPARD;2015;08;4
1;GASPARD;2016;08;4
1;GASPARD;2019;08;5
1;GASPARD;2020;08;5
1;GAUTHIER;2000;08;3
1;GAUTHIER;2001;08;9
1;GAUTHIER;2003;08;6
1;GAUTHIER;2008;08;3
1;GAUTHIER;2012;08;3
1;GAUTIER;2001;08;3
1;GEOFFREY;2000;08;4
1;GEOFFREY;2001;08;3
1;GIOVANNI;2000;08;3
1;GREGORY;2000;08;4
1;GREGORY;2001;08;5
1;GREGORY;2002;08;5
1;GREGORY;2008;08;3
1;GUILHEM;2005;08;3
1;GUILLAUME;2000;08;17
1;GUILLAUME;2001;08;13
1;GUILLAUME;2002;08;9
1;GUILLAUME;2003;08;7
1;GUILLAUME;2004;08;7
1;GUILLAUME;2005;08;3
1;GUILLAUME;2006;08;8
1;GUILLAUME;2007;08;11
1;GUILLAUME;2008;08;4
1;GUSTAVE;2021;08;4
1;HAMZA;2007;08;4
1;HAMZA;2008;08;4
1;HAMZA;2010;08;3
1;HAYDEN;2016;08;4
1;HAYDEN;2019;08;3
1;HAYDEN;2021;08;3
1;HUGO;2000;08;37
1;HUGO;2001;08;35
1;HUGO;2002;08;34
1;HUGO;2003;08;38
1;HUGO;2004;08;30
1;HUGO;2005;08;23
1;HUGO;2006;08;19
1;HUGO;2007;08;23
1;HUGO;2008;08;20
1;HUGO;2009;08;28
1;HUGO;2010;08;22
1;HUGO;2011;08;10
1;HUGO;2012;08;25
1;HUGO;2013;08;21
1;HUGO;2014;08;23
1;HUGO;2015;08;19
1;HUGO;2016;08;21
1;HUGO;2017;08;12
1;HUGO;2018;08;14
1;HUGO;2019;08;9
1;HUGO;2020;08;9
1;HUGO;2021;08;11
1;IBRAHIM;2019;08;3
1;IBRAHIM;2020;08;3
1;IBRAHIM;2021;08;3
1;IDRISS;2016;08;3
1;ILAN;2006;08;3
1;ILAN;2007;08;7
1;ILAN;2008;08;7
1;ILAN;2010;08;3
1;ILAN;2011;08;5
1;ILAN;2013;08;4
1;ILAN;2016;08;5
1;ILAN;2018;08;3
1;ILAN;2019;08;4
1;ILHAN;2015;08;3
1;ILIAN;2004;08;3
1;ILIAN;2006;08;3
1;ILIAN;2007;08;3
1;ILYAN;2011;08;4
1;ILYAN;2013;08;3
1;ILYAN;2019;08;3
1;ILYAN;2021;08;3
1;ILYAS;2007;08;3
1;ILYAS;2009;08;3
1;ILYAS;2016;08;3
1;ILYES;2007;08;5
1;ILYES;2009;08;4
1;ILYES;2015;08;5
1;ILYES;2016;08;4
1;ILYES;2017;08;3
1;ILYES;2018;08;3
1;ILYES;2020;08;3
1;ISAAC;2018;08;3
1;ISAAC;2019;08;4
1;ISAAC;2020;08;4
1;ISAAC;2021;08;6
1;ISMAEL;2005;08;3
1;ISMAËL;2019;08;3
1;ISMAÏL;2019;08;3
1;JASON;2000;08;6
1;JASON;2002;08;11
1;JASON;2003;08;7
1;JASON;2004;08;4
1;JASON;2005;08;10
1;JASON;2006;08;3
1;JASON;2008;08;3
1;JAYDEN;2013;08;3
1;JEAN;2003;08;3
1;JEAN;2005;08;3
1;JEAN;2006;08;4
1;JEAN;2010;08;3
1;JEAN;2012;08;3
1;JEAN;2015;08;4
1;JEAN;2021;08;4
1;JEAN-BAPTISTE;2000;08;3
1;JEREMY;2000;08;14
1;JEREMY;2001;08;5
1;JEREMY;2002;08;9
1;JEREMY;2003;08;6
1;JEREMY;2004;08;4
1;JEREMY;2005;08;3
1;JEREMY;2008;08;3
1;JEROME;2001;08;3
1;JESSY;2000;08;8
1;JESSY;2002;08;3
1;JESSY;2003;08;3
1;JESSY;2005;08;5
1;JESSY;2007;08;3
1;JIMMY;2000;08;6
1;JIMMY;2001;08;6
1;JIMMY;2002;08;4
1;JONAS;2006;08;3
1;JONAS;2013;08;3
1;JONATHAN;2000;08;8
1;JONATHAN;2001;08;3
1;JONATHAN;2002;08;3
1;JORDAN;2000;08;9
1;JORDAN;2001;08;10
1;JORDAN;2002;08;10
1;JORDAN;2003;08;4
1;JORDAN;2004;08;6
1;JORDAN;2006;08;7
1;JORDAN;2007;08;3
1;JORDAN;2009;08;3
1;JORDAN;2013;08;3
1;JORIS;2001;08;3
1;JORIS;2002;08;3
1;JORIS;2007;08;3
1;JORIS;2010;08;3
1;JOSEPH;2003;08;3
1;JOSHUA;2002;08;3
1;JOSHUA;2012;08;3
1;JOSHUA;2016;08;4
1;JULE;2017;08;3
1;JULES;2000;08;8
1;JULES;2001;08;11
1;JULES;2002;08;4
1;JULES;2003;08;6
1;JULES;2004;08;10
1;JULES;2005;08;11
1;JULES;2006;08;5
1;JULES;2007;08;19
1;JULES;2008;08;10
1;JULES;2009;08;15
1;JULES;2010;08;20
1;JULES;2011;08;15
1;JULES;2012;08;27
1;JULES;2013;08;24
1;JULES;2014;08;20
1;JULES;2015;08;24
1;JULES;2016;08;25
1;JULES;2017;08;13
1;JULES;2018;08;13
1;JULES;2019;08;10
1;JULES;2020;08;9
1;JULES;2021;08;8
1;JULIAN;2000;08;3
1;JULIAN;2001;08;3
1;JULIAN;2002;08;5
1;JULIAN;2003;08;4
1;JULIAN;2005;08;3
1;JULIAN;2010;08;3
1;JULIAN;2011;08;3
1;JULIAN;2013;08;3
1;JULIEN;2000;08;19
1;JULIEN;2001;08;21
1;JULIEN;2002;08;11
1;JULIEN;2003;08;13
1;JULIEN;2004;08;10
1;JULIEN;2005;08;9
1;JULIEN;2006;08;10
1;JULIEN;2007;08;8
1;JULIEN;2008;08;6
1;JULIEN;2009;08;6
1;JULIEN;2010;08;6
1;JUSTIN;2000;08;3
1;JUSTIN;2003;08;4
1;JUSTIN;2004;08;3
1;JUSTIN;2005;08;6
1;JUSTIN;2006;08;3
1;JUSTIN;2007;08;3
1;JUSTIN;2010;08;3
1;KAÏS;2012;08;3
1;KAÏS;2013;08;3
1;KAÏS;2014;08;7
1;KAÏS;2016;08;6
1;KAÏS;2017;08;3
1;KAÏS;2018;08;3
1;KAÏS;2020;08;3
1;KAÏS;2021;08;6
1;KALVIN;2015;08;3
1;KARL;2005;08;3
1;KARL;2008;08;3
1;KASSIM;2020;08;3
1;KENNY;2001;08;4
1;KENNY;2003;08;4
1;KENZO;2005;08;6
1;KENZO;2007;08;5
1;KENZO;2008;08;3
1;KENZO;2009;08;7
1;KENZO;2010;08;7
1;KENZO;2011;08;7
1;KENZO;2012;08;6
1;KENZO;2013;08;7
1;KENZO;2014;08;4
1;KENZO;2015;08;3
1;KENZO;2016;08;3
1;KENZO;2019;08;3
1;KENZO;2021;08;3
1;KEVIN;2000;08;15
1;KEVIN;2001;08;14
1;KEVIN;2002;08;8
1;KEVIN;2003;08;10
1;KEVIN;2004;08;7
1;KEVIN;2005;08;6
1;KEVIN;2006;08;11
1;KEVIN;2007;08;4
1;KEVIN;2009;08;3
1;KILIAN;2000;08;4
1;KILIAN;2001;08;3
1;KILIAN;2004;08;4
1;KILIAN;2005;08;8
1;KILIAN;2006;08;4
1;KILIAN;2007;08;3
1;KILIAN;2009;08;3
1;KILLIAN;2000;08;7
1;KILLIAN;2001;08;7
1;KILLIAN;2002;08;3
1;KILLIAN;2003;08;8
1;KILLIAN;2004;08;6
1;KILLIAN;2005;08;8
1;KILLIAN;2006;08;3
1;KILLIAN;2007;08;4
1;KILLIAN;2008;08;6
1;KILLIAN;2009;08;3
1;KILLIAN;2011;08;3
1;KYLIAN;2000;08;8
1;KYLIAN;2001;08;4
1;KYLIAN;2002;08;7
1;KYLIAN;2003;08;6
1;KYLIAN;2004;08;8
1;KYLIAN;2005;08;11
1;KYLIAN;2006;08;7
1;KYLIAN;2007;08;11
1;KYLIAN;2008;08;9
1;KYLIAN;2009;08;7
1;KYLIAN;2010;08;11
1;KYLIAN;2011;08;3
1;KYLIAN;2014;08;5
1;KYLIAN;2016;08;4
1;KYLIAN;2019;08;3
1;KYLLIAN;2003;08;8
1;KYLLIAN;2004;08;6
1;KYLLIAN;2005;08;6
1;KYLLIAN;2006;08;4
1;KYLLIAN;2007;08;8
1;KYLLIAN;2008;08;4
1;KYLLIAN;2011;08;4
1;LÉANDRE;2001;08;4
1;LÉANDRE;2012;08;4
1;LÉANDRE;2014;08;4
1;LÉANDRE;2015;08;3
1;LÉANDRE;2016;08;3
1;LÉANDRE;2019;08;3
1;LÉANDRE;2020;08;4
1;LÉANDRO;2019;08;3
1;LENAIC;2007;08;3
1;LENNY;2000;08;4
1;LENNY;2001;08;3
1;LENNY;2003;08;4
1;LENNY;2004;08;3
1;LENNY;2005;08;8
1;LENNY;2006;08;4
1;LENNY;2007;08;7
1;LENNY;2008;08;8
1;LENNY;2009;08;5
1;LENNY;2011;08;5
1;LENNY;2012;08;10
1;LENNY;2014;08;7
1;LENNY;2015;08;3
1;LENNY;2016;08;4
1;LENNY;2017;08;3
1;LENNY;2018;08;3
1;LENNY;2019;08;3
1;LENY;2007;08;4
1;LENY;2008;08;3
1;LENY;2018;08;3
1;LÉNY;2013;08;4
1;LENZO;2012;08;3
1;LENZO;2015;08;3
1;LEO;2010;08;5
1;LEO;2011;08;5
1;LÉO;2000;08;23
1;LÉO;2001;08;29
1;LÉO;2002;08;31
1;LÉO;2003;08;8
1;LÉO;2004;08;21
1;LÉO;2005;08;27
1;LÉO;2006;08;29
1;LÉO;2007;08;20
1;LÉO;2008;08;20
1;LÉO;2009;08;24
1;LÉO;2010;08;17
1;LÉO;2011;08;15
1;LÉO;2012;08;31
1;LÉO;2013;08;16
1;LÉO;2014;08;22
1;LÉO;2015;08;17
1;LÉO;2016;08;15
1;LÉO;2017;08;17
1;LÉO;2018;08;17
1;LÉO;2019;08;15
1;LÉO;2020;08;12
1;LÉO;2021;08;15
1;LÉON;2002;08;3
1;LÉON;2009;08;4
1;LÉON;2011;08;3
1;LÉON;2012;08;3
1;LÉON;2013;08;4
1;LÉON;2014;08;3
1;LÉON;2015;08;8
1;LÉON;2016;08;5
1;LÉON;2017;08;6
1;LÉON;2018;08;8
1;LÉON;2019;08;6
1;LÉON;2021;08;8
1;LIAM;2008;08;3
1;LIAM;2009;08;3
1;LIAM;2010;08;3
1;LIAM;2011;08;4
1;LIAM;2012;08;8
1;LIAM;2013;08;9
1;LIAM;2014;08;8
1;LIAM;2015;08;10
1;LIAM;2016;08;6
1;LIAM;2017;08;8
1;LIAM;2018;08;10
1;LIAM;2019;08;12
1;LIAM;2020;08;6
1;LIAM;2021;08;9
1;LILIAN;2000;08;3
1;LILIAN;2002;08;3
1;LILIAN;2003;08;7
1;LILIAN;2004;08;3
1;LILIAN;2005;08;6
1;LILIAN;2006;08;4
1;LILIAN;2007;08;4
1;LILIAN;2008;08;3
1;LILIAN;2016;08;3
1;LILIO;2020;08;3
1;LINO;2018;08;3
1;LISANDRO;2017;08;3
1;LISANDRO;2021;08;3
1;LIVIO;2019;08;5
1;LIVIO;2020;08;7
1;LIVIO;2021;08;3
1;LOAN;2005;08;5
1;LOAN;2009;08;3
1;LOAN;2011;08;4
1;LOAN;2014;08;4
1;LOGAN;2000;08;4
1;LOGAN;2001;08;6
1;LOGAN;2002;08;4
1;LOGAN;2003;08;7
1;LOGAN;2004;08;14
1;LOGAN;2005;08;9
1;LOGAN;2011;08;3
1;LOGAN;2013;08;4
1;LOGAN;2014;08;6
1;LOGAN;2016;08;3
1;LOGAN;2017;08;4
1;LOGAN;2019;08;3
1;LOÏC;2000;08;8
1;LOÏC;2001;08;4
1;LOÏC;2003;08;3
1;LOÏC;2004;08;6
1;LOÏC;2005;08;5
1;LOÏC;2006;08;6
1;LOÏC;2008;08;4
1;LOÏC;2009;08;4
1;LOÏS;2009;08;3
1;LOÏS;2014;08;4
1;LOÏS;2017;08;3
1;LOÏS;2021;08;3
1;LORENZO;2002;08;5
1;LORENZO;2004;08;6
1;LORENZO;2005;08;8
1;LORENZO;2006;08;13
1;LORENZO;2007;08;8
1;LORENZO;2008;08;9
1;LORENZO;2009;08;8
1;LORENZO;2010;08;4
1;LORENZO;2011;08;5
1;LORENZO;2012;08;7
1;LORENZO;2013;08;8
1;LORENZO;2014;08;5
1;LORENZO;2015;08;8
1;LORENZO;2016;08;9
1;LORENZO;2017;08;3
1;LORENZO;2018;08;3
1;LORIK;2006;08;3
1;LORIS;2005;08;3
1;LORIS;2010;08;5
1;LORIS;2012;08;4
1;LORIS;2013;08;3
1;LORIS;2015;08;3
1;LORIS;2016;08;5
1;LORIS;2019;08;3
1;LORYS;2014;08;3
1;LOUCA;2007;08;3
1;LOUCA;2009;08;3
1;LOUCA;2012;08;4
1;LOUCA;2014;08;4
1;LOUIS;2000;08;23
1;LOUIS;2001;08;15
1;LOUIS;2002;08;29
1;LOUIS;2003;08;25
1;LOUIS;2004;08;14
1;LOUIS;2005;08;16
1;LOUIS;2006;08;15
1;LOUIS;2007;08;20
1;LOUIS;2008;08;23
1;LOUIS;2009;08;17
1;LOUIS;2010;08;15
1;LOUIS;2011;08;18
1;LOUIS;2012;08;12
1;LOUIS;2013;08;15
1;LOUIS;2014;08;21
1;LOUIS;2015;08;10
1;LOUIS;2016;08;11
1;LOUIS;2017;08;17
1;LOUIS;2018;08;23
1;LOUIS;2019;08;14
1;LOUIS;2020;08;18
1;LOUIS;2021;08;11
1;LOUISON;2016;08;3
1;LOUKA;2008;08;4
1;LOUKA;2009;08;7
1;LOUKA;2011;08;6
1;LOUKA;2012;08;4
1;LOUKA;2013;08;6
1;LOUKA;2014;08;8
1;LOUKA;2015;08;5
1;LOUKA;2016;08;5
1;LOUKA;2019;08;3
1;LUBIN;2010;08;4
1;LUC;2001;08;3
1;LUCA;2000;08;3
1;LUCA;2002;08;6
1;LUCA;2003;08;3
1;LUCA;2004;08;4
1;LUCA;2007;08;4
1;LUCA;2008;08;5
1;LUCA;2012;08;3
1;LUCAS;2000;08;60
1;LUCAS;2001;08;62
1;LUCAS;2002;08;51
1;LUCAS;2003;08;31
1;LUCAS;2004;08;26
1;LUCAS;2005;08;35
1;LUCAS;2006;08;25
1;LUCAS;2007;08;33
1;LUCAS;2008;08;26
1;LUCAS;2009;08;34
1;LUCAS;2010;08;29
1;LUCAS;2011;08;17
1;LUCAS;2012;08;17
1;LUCAS;2013;08;19
1;LUCAS;2014;08;15
1;LUCAS;2015;08;12
1;LUCAS;2016;08;16
1;LUCAS;2017;08;11
1;LUCAS;2018;08;16
1;LUCAS;2019;08;10
1;LUCAS;2020;08;9
1;LUCAS;2021;08;7
1;LUCIEN;2004;08;3
1;LUDOVIC;2000;08;5
1;LUDOVIC;2002;08;3
1;LUDOVIC;2003;08;4
1;LUDOVIC;2008;08;3
1;LUIS;2008;08;3
1;LUIS;2016;08;4
1;LUKA;2004;08;3
1;LUKA;2007;08;4
1;LUKA;2008;08;3
1;LUKA;2009;08;8
1;LUKA;2010;08;3
1;LUKA;2012;08;3
1;LUKA;2016;08;3
1;LUKA;2017;08;3
1;LUKA;2019;08;3
1;LUKAS;2004;08;11
1;LUKAS;2005;08;4
1;LUKAS;2006;08;3
1;LUKAS;2009;08;4
1;LUKAS;2010;08;4
1;LUKAS;2011;08;4
1;LUKAS;2013;08;4
1;LYAM;2014;08;5
1;LYAM;2016;08;5
1;LYAM;2017;08;4
1;LYAM;2018;08;7
1;LYAM;2020;08;13
1;LYAM;2021;08;8
1;MAÉ;2011;08;3
1;MAÉ;2012;08;4
1;MAÉ;2015;08;5
1;MAÉ;2016;08;4
1;MAÉ;2017;08;6
1;MAÉ;2018;08;3
1;MAÉ;2019;08;4
1;MAÉ;2020;08;6
1;MAÉ;2021;08;6
1;MAEL;2001;08;5
1;MAEL;2002;08;7
1;MAEL;2003;08;5
1;MAEL;2004;08;4
1;MAEL;2005;08;10
1;MAEL;2006;08;10
1;MAEL;2007;08;9
1;MAEL;2008;08;11
1;MAEL;2009;08;9
1;MAEL;2010;08;7
1;MAËL;2010;08;6
1;MAËL;2011;08;7
1;MAËL;2012;08;9
1;MAËL;2013;08;15
1;MAËL;2014;08;18
1;MAËL;2015;08;15
1;MAËL;2016;08;14
1;MAËL;2017;08;17
1;MAËL;2018;08;13
1;MAËL;2019;08;13
1;MAËL;2020;08;18
1;MAËL;2021;08;15
1;MAËLAN;2014;08;3
1;MAHÉ;2012;08;4
1;MAHÉ;2014;08;3
1;MAHÉ;2015;08;4
1;MAHÉ;2019;08;3
1;MAHÉ;2020;08;3
1;MAHÉ;2021;08;5
1;MALCOM;2003;08;3
1;MALO;2012;08;5
1;MALO;2013;08;5
1;MALO;2015;08;4
1;MALO;2016;08;3
1;MALO;2017;08;6
1;MALO;2018;08;4
1;MALO;2019;08;5
1;MALO;2020;08;4
1;MALO;2021;08;4
1;MALONE;2017;08;4
1;MALONE;2018;08;4
1;MALONE;2020;08;8
1;MALONE;2021;08;3
1;MARC;2017;08;3
1;MARCEAU;2007;08;3
1;MARCEAU;2010;08;3
1;MARCEAU;2011;08;4
1;MARCEAU;2013;08;3
1;MARCEAU;2018;08;5
1;MARCEAU;2019;08;5
1;MARCEAU;2021;08;5
1;MARCEL;2018;08;6
1;MARCEL;2021;08;5
1;MARCO;2002;08;4
1;MARCO;2004;08;3
1;MARIUS;2003;08;3
1;MARIUS;2008;08;3
1;MARIUS;2009;08;5
1;MARIUS;2011;08;5
1;MARIUS;2012;08;4
1;MARIUS;2013;08;4
1;MARIUS;2014;08;10
1;MARIUS;2016;08;7
1;MARIUS;2017;08;5
1;MARIUS;2018;08;5
1;MARIUS;2019;08;7
1;MARIUS;2020;08;5
1;MARIUS;2021;08;8
1;MARLEY;2008;08;3
1;MARLEY;2012;08;3
1;MARTIN;2000;08;7
1;MARTIN;2001;08;3
1;MARTIN;2002;08;3
1;MARTIN;2003;08;4
1;MARTIN;2004;08;6
1;MARTIN;2005;08;7
1;MARTIN;2007;08;6
1;MARTIN;2008;08;6
1;MARTIN;2009;08;8
1;MARTIN;2010;08;7
1;MARTIN;2011;08;7
1;MARTIN;2013;08;5
1;MARTIN;2014;08;9
1;MARTIN;2015;08;11
1;MARTIN;2016;08;10
1;MARTIN;2017;08;6
1;MARTIN;2018;08;13
1;MARTIN;2019;08;6
1;MARTIN;2020;08;5
1;MARTIN;2021;08;6
1;MARVIN;2006;08;3
1;MATÉO;2001;08;6
1;MATÉO;2002;08;6
1;MATÉO;2003;08;6
1;MATÉO;2004;08;4
1;MATÉO;2005;08;6
1;MATÉO;2006;08;7
1;MATÉO;2007;08;7
1;MATÉO;2008;08;6
1;MATÉO;2009;08;5
1;MATÉO;2013;08;5
1;MATHEO;2010;08;4
1;MATHEO;2011;08;7
1;MATHÉO;2000;08;5
1;MATHÉO;2001;08;15
1;MATHÉO;2002;08;19
1;MATHÉO;2003;08;16
1;MATHÉO;2004;08;31
1;MATHÉO;2005;08;34
1;MATHÉO;2006;08;28
1;MATHÉO;2007;08;31
1;MATHÉO;2008;08;29
1;MATHÉO;2009;08;21
1;MATHÉO;2010;08;21
1;MATHÉO;2011;08;10
1;MATHÉO;2012;08;14
1;MATHÉO;2013;08;8
1;MATHÉO;2014;08;8
1;MATHÉO;2015;08;6
1;MATHÉO;2016;08;6
1;MATHÉO;2018;08;4
1;MATHÉO;2019;08;4
1;MATHÉO;2020;08;5
1;MATHÉO;2021;08;6
1;MATHIAS;2000;08;5
1;MATHIAS;2002;08;3
1;MATHIAS;2003;08;5
1;MATHIAS;2004;08;8
1;MATHIAS;2005;08;6
1;MATHIAS;2006;08;7
1;MATHIAS;2007;08;5
1;MATHIAS;2008;08;10
1;MATHIAS;2009;08;7
1;MATHIAS;2010;08;4
1;MATHIAS;2011;08;7
1;MATHIAS;2012;08;4
1;MATHIAS;2014;08;4
1;MATHIEU;2000;08;6
1;MATHIEU;2001;08;9
1;MATHIEU;2002;08;7
1;MATHIEU;2003;08;7
1;MATHIEU;2004;08;5
1;MATHIEU;2005;08;11
1;MATHIEU;2006;08;6
1;MATHIEU;2008;08;3
1;MATHIEU;2009;08;4
1;MATHIEU;2010;08;6
1;MATHIEU;2011;08;3
1;MATHIS;2000;08;14
1;MATHIS;2001;08;11
1;MATHIS;2002;08;16
1;MATHIS;2003;08;21
1;MATHIS;2004;08;30
1;MATHIS;2005;08;33
1;MATHIS;2006;08;30
1;MATHIS;2007;08;39
1;MATHIS;2008;08;26
1;MATHIS;2009;08;25
1;MATHIS;2010;08;22
1;MATHIS;2011;08;19
1;MATHIS;2012;08;12
1;MATHIS;2013;08;19
1;MATHIS;2014;08;10
1;MATHIS;2015;08;8
1;MATHIS;2016;08;11
1;MATHIS;2017;08;5
1;MATHIS;2018;08;6
1;MATHIS;2019;08;5
1;MATHIS;2021;08;4
1;MATHYS;2001;08;3
1;MATHYS;2002;08;6
1;MATHYS;2003;08;5
1;MATHYS;2005;08;9
1;MATHYS;2006;08;11
1;MATHYS;2007;08;12
1;MATHYS;2008;08;9
1;MATHYS;2009;08;12
1;MATHYS;2010;08;8
1;MATHYS;2011;08;9
1;MATHYS;2012;08;9
1;MATHYS;2013;08;5
1;MATHYS;2014;08;5
1;MATHYS;2015;08;6
1;MATHYS;2018;08;5
1;MATHYS;2019;08;3
1;MATIS;2009;08;3
1;MATTEO;2012;08;3
1;MATTÉO;2000;08;8
1;MATTÉO;2001;08;9
1;MATTÉO;2002;08;12
1;MATTÉO;2003;08;12
1;MATTÉO;2004;08;21
1;MATTÉO;2005;08;16
1;MATTÉO;2006;08;11
1;MATTÉO;2007;08;5
1;MATTÉO;2008;08;5
1;MATTÉO;2009;08;3
1;MATTÉO;2011;08;4
1;MATTÉO;2014;08;5
1;MATTÉO;2015;08;4
1;MATTÉO;2017;08;3
1;MATTÉO;2018;08;3
1;MATTHÉO;2003;08;4
1;MATTHÉO;2005;08;3
1;MATTHÉO;2006;08;3
1;MATTHÉO;2009;08;3
1;MATTHEW;2010;08;4
1;MATTHEW;2012;08;3
1;MATTHIAS;2001;08;6
1;MATTHIAS;2002;08;4
1;MATTHIAS;2003;08;4
1;MATTHIAS;2004;08;4
1;MATTHIAS;2005;08;4
1;MATTHIAS;2008;08;3
1;MATTHIAS;2010;08;3
1;MATTHIEU;2000;08;6
1;MATTHIEU;2002;08;4
1;MATTHIEU;2003;08;3
1;MATTHIS;2004;08;3
1;MATYS;2007;08;3
1;MATYS;2012;08;3
1;MATYS;2014;08;4
1;MAXENCE;2000;08;17
1;MAXENCE;2001;08;13
1;MAXENCE;2002;08;14
1;MAXENCE;2003;08;21
1;MAXENCE;2004;08;22
1;MAXENCE;2005;08;20
1;MAXENCE;2006;08;14
1;MAXENCE;2007;08;13
1;MAXENCE;2008;08;10
1;MAXENCE;2009;08;15
1;MAXENCE;2010;08;12
1;MAXENCE;2011;08;11
1;MAXENCE;2012;08;10
1;MAXENCE;2013;08;6
1;MAXENCE;2014;08;8
1;MAXENCE;2015;08;8
1;MAXENCE;2016;08;6
1;MAXENCE;2017;08;4
1;MAXENCE;2018;08;5
1;MAXENCE;2020;08;3
1;MAXENCE;2021;08;4
1;MAXIME;2000;08;35
1;MAXIME;2001;08;26
1;MAXIME;2002;08;23
1;MAXIME;2003;08;21
1;MAXIME;2004;08;20
1;MAXIME;2005;08;15
1;MAXIME;2006;08;16
1;MAXIME;2007;08;13
1;MAXIME;2008;08;21
1;MAXIME;2009;08;19
1;MAXIME;2010;08;12
1;MAXIME;2011;08;10
1;MAXIME;2012;08;9
1;MAXIME;2013;08;7
1;MAXIME;2014;08;3
1;MAXIME;2015;08;4
1;MAXIME;2016;08;5
1;MAXIME;2017;08;5
1;MAXIME;2018;08;4
1;MAXIMILIEN;2003;08;5
1;MAYLONE;2021;08;3
1;MAYRON;2014;08;3
1;MAYRON;2020;08;3
1;MEHDI;2000;08;7
1;MEHDI;2001;08;6
1;MEHDI;2003;08;6
1;MEHDI;2009;08;5
1;MEHDI;2010;08;4
1;MEHDI;2014;08;4
1;MELVIN;2003;08;3
1;MELVIN;2006;08;3
1;MELVIN;2007;08;3
1;MELVYN;2004;08;3
1;MELVYN;2007;08;4
1;MICKAEL;2000;08;3
1;MICKAEL;2001;08;3
1;MICKAEL;2002;08;3
1;MICKAEL;2003;08;5
1;MILAN;2015;08;4
1;MILAN;2016;08;4
1;MILAN;2020;08;3
1;MILAN;2021;08;4
1;MILO;2019;08;3
1;MILO;2021;08;9
1;MOHAMED;2000;08;4
1;MOHAMED;2004;08;7
1;MOHAMED;2005;08;3
1;MOHAMED;2007;08;3
1;MOHAMED;2008;08;4
1;MOHAMED;2013;08;7
1;MOHAMED;2016;08;4
1;MOHAMED;2017;08;5
1;MOHAMED;2018;08;5
1;MOHAMED;2019;08;3
1;MOHAMED;2021;08;6
1;MORGAN;2000;08;8
1;MORGAN;2001;08;3
1;MORGAN;2002;08;5
1;MORGAN;2005;08;7
1;MORGAN;2006;08;3
1;MORGAN;2007;08;4
1;MORGAN;2008;08;6
1;MORGAN;2011;08;3
1;MORGAN;2012;08;4
1;MORGAN;2015;08;3
1;MORGAN;2020;08;4
1;MYLAN;2017;08;4
1;MYLAN;2020;08;3
1;NAEL;2004;08;3
1;NAEL;2009;08;6
1;NAEL;2010;08;3
1;NAËL;2011;08;4
1;NAËL;2014;08;4
1;NAËL;2015;08;7
1;NAËL;2016;08;7
1;NAËL;2020;08;7
1;NAËL;2021;08;5
1;NAHIL;2017;08;4
1;NAHÏL;2021;08;3
1;NASSIM;2011;08;3
1;NASSIM;2017;08;3
1;NATHAEL;2009;08;5
1;NATHAN;2000;08;10
1;NATHAN;2001;08;17
1;NATHAN;2002;08;19
1;NATHAN;2003;08;12
1;NATHAN;2004;08;25
1;NATHAN;2005;08;19
1;NATHAN;2006;08;20
1;NATHAN;2007;08;41
1;NATHAN;2008;08;27
1;NATHAN;2009;08;35
1;NATHAN;2010;08;23
1;NATHAN;2011;08;19
1;NATHAN;2012;08;14
1;NATHAN;2013;08;24
1;NATHAN;2014;08;17
1;NATHAN;2015;08;13
1;NATHAN;2016;08;12
1;NATHAN;2017;08;14
1;NATHAN;2018;08;10
1;NATHAN;2019;08;10
1;NATHAN;2020;08;7
1;NATHAN;2021;08;7
1;NATHANAËL;2012;08;3
1;NATHANAËL;2021;08;6
1;NICOLAS;2000;08;35
1;NICOLAS;2001;08;24
1;NICOLAS;2002;08;22
1;NICOLAS;2003;08;17
1;NICOLAS;2004;08;16
1;NICOLAS;2005;08;7
1;NICOLAS;2006;08;7
1;NICOLAS;2007;08;4
1;NICOLAS;2008;08;4
1;NICOLAS;2009;08;3
1;NICOLAS;2012;08;4
1;NINO;2009;08;3
1;NINO;2010;08;6
1;NINO;2011;08;5
1;NINO;2013;08;3
1;NINO;2014;08;6
1;NINO;2015;08;10
1;NINO;2016;08;6
1;NINO;2017;08;5
1;NINO;2018;08;3
1;NINO;2019;08;4
1;NINO;2020;08;8
1;NINO;2021;08;8
1;NOA;2002;08;4
1;NOA;2003;08;4
1;NOA;2004;08;10
1;NOA;2005;08;11
1;NOA;2006;08;15
1;NOA;2007;08;14
1;NOA;2008;08;20
1;NOA;2009;08;12
1;NOA;2010;08;17
1;NOA;2011;08;10
1;NOA;2012;08;10
1;NOA;2013;08;6
1;NOA;2014;08;9
1;NOA;2015;08;3
1;NOA;2016;08;5
1;NOA;2017;08;4
1;NOA;2018;08;3
1;NOA;2019;08;6
1;NOA;2020;08;5
1;NOAH;2001;08;3
1;NOAH;2002;08;11
1;NOAH;2003;08;6
1;NOAH;2004;08;12
1;NOAH;2005;08;8
1;NOAH;2006;08;12
1;NOAH;2007;08;11
1;NOAH;2008;08;13
1;NOAH;2009;08;18
1;NOAH;2010;08;10
1;NOAH;2011;08;17
1;NOAH;2012;08;13
1;NOAH;2013;08;8
1;NOAH;2014;08;9
1;NOAH;2015;08;11
1;NOAH;2016;08;5
1;NOAH;2017;08;6
1;NOAH;2018;08;6
1;NOAH;2019;08;7
1;NOAH;2020;08;12
1;NOAH;2021;08;11
1;NOAM;2000;08;3
1;NOAM;2007;08;8
1;NOAM;2008;08;4
1;NOAM;2010;08;3
1;NOAM;2011;08;3
1;NOAM;2013;08;3
1;NOAM;2015;08;6
1;NOAM;2016;08;3
1;NOAM;2018;08;3
1;NOAM;2021;08;3
1;NOAN;2011;08;3
1;NOE;2002;08;4
1;NOE;2003;08;4
1;NOE;2004;08;7
1;NOE;2005;08;7
1;NOE;2006;08;9
1;NOE;2007;08;11
1;NOE;2008;08;24
1;NOE;2009;08;20
1;NOE;2010;08;12
1;NOE;2011;08;5
1;NOÉ;2010;08;7
1;NOÉ;2011;08;16
1;NOÉ;2012;08;13
1;NOÉ;2013;08;11
1;NOÉ;2014;08;11
1;NOÉ;2015;08;11
1;NOÉ;2016;08;11
1;NOÉ;2017;08;4
1;NOÉ;2018;08;9
1;NOÉ;2019;08;6
1;NOÉ;2020;08;6
1;NOÉ;2021;08;5
1;NOHAM;2006;08;3
1;NOHAM;2009;08;5
1;NOHAM;2010;08;3
1;NOHAM;2011;08;5
1;NOHAM;2012;08;3
1;NOHAM;2016;08;8
1;NOHAN;2017;08;3
1;NOLAN;2000;08;6
1;NOLAN;2001;08;6
1;NOLAN;2002;08;4
1;NOLAN;2003;08;8
1;NOLAN;2004;08;13
1;NOLAN;2005;08;10
1;NOLAN;2006;08;16
1;NOLAN;2007;08;18
1;NOLAN;2008;08;10
1;NOLAN;2009;08;13
1;NOLAN;2010;08;11
1;NOLAN;2011;08;16
1;NOLAN;2012;08;11
1;NOLAN;2013;08;17
1;NOLAN;2014;08;13
1;NOLAN;2015;08;11
1;NOLAN;2016;08;13
1;NOLAN;2017;08;13
1;NOLAN;2018;08;4
1;NOLAN;2019;08;6
1;NOLAN;2020;08;5
1;NOLAN;2021;08;4
1;NOLANN;2010;08;6
1;NOLANN;2013;08;3
1;NOLHAN;2006;08;4
1;NOLHAN;2009;08;4
1;NOLHAN;2013;08;3
1;OSCAR;2008;08;3
1;OSCAR;2013;08;3
1;OSCAR;2014;08;3
1;OSCAR;2015;08;3
1;OWEN;2018;08;3
1;OWEN;2019;08;7
1;OWEN;2020;08;3
1;OZAN;2010;08;3
1;PABLO;2008;08;3
1;PABLO;2009;08;3
1;PABLO;2018;08;3
1;PABLO;2020;08;3
1;PAOLO;2009;08;3
1;PAUL;2000;08;11
1;PAUL;2001;08;12
1;PAUL;2002;08;12
1;PAUL;2003;08;6
1;PAUL;2004;08;9
1;PAUL;2005;08;6
1;PAUL;2006;08;9
1;PAUL;2007;08;11
1;PAUL;2008;08;5
1;PAUL;2009;08;6
1;PAUL;2011;08;7
1;PAUL;2012;08;7
1;PAUL;2013;08;6
1;PAUL;2014;08;12
1;PAUL;2015;08;15
1;PAUL;2016;08;10
1;PAUL;2017;08;9
1;PAUL;2018;08;10
1;PAUL;2019;08;4
1;PAUL;2020;08;8
1;PAUL;2021;08;6
1;PAULIN;2001;08;4
1;PAULIN;2007;08;5
1;PAULIN;2008;08;3
1;PAULIN;2016;08;3
1;PAULIN;2017;08;3
1;PAULIN;2020;08;3
1;PIERRE;2000;08;17
1;PIERRE;2001;08;17
1;PIERRE;2002;08;12
1;PIERRE;2003;08;15
1;PIERRE;2004;08;7
1;PIERRE;2005;08;12
1;PIERRE;2006;08;9
1;PIERRE;2007;08;9
1;PIERRE;2008;08;15
1;PIERRE;2009;08;4
1;PIERRE;2010;08;6
1;PIERRE;2011;08;5
1;PIERRE;2012;08;3
1;PIERRE;2013;08;3
1;PIERRE;2014;08;4
1;PIERRE;2015;08;5
1;PIERRE;2016;08;3
1;PIERRE;2019;08;3
1;POL;2000;08;4
1;POL;2002;08;3
1;POL;2004;08;3
1;POL;2005;08;3
1;POL;2008;08;3
1;QUENTIN;2000;08;36
1;QUENTIN;2001;08;31
1;QUENTIN;2002;08;26
1;QUENTIN;2003;08;21
1;QUENTIN;2004;08;9
1;QUENTIN;2005;08;11
1;QUENTIN;2006;08;14
1;QUENTIN;2007;08;10
1;QUENTIN;2008;08;16
1;QUENTIN;2009;08;10
1;QUENTIN;2010;08;4
1;QUENTIN;2011;08;6
1;QUENTIN;2014;08;3
1;RAFAEL;2007;08;3
1;RAFAEL;2009;08;4
1;RAFAEL;2011;08;3
1;RAFAËL;2013;08;4
1;RAFAËL;2015;08;5
1;RAFAËL;2016;08;3
1;RAFAËL;2017;08;5
1;RAFAËL;2018;08;3
1;RAFAËL;2020;08;4
1;RAPHAEL;2011;08;6
1;RAPHAËL;2000;08;10
1;RAPHAËL;2001;08;6
1;RAPHAËL;2002;08;6
1;RAPHAËL;2003;08;6
1;RAPHAËL;2004;08;15
1;RAPHAËL;2005;08;11
1;RAPHAËL;2006;08;10
1;RAPHAËL;2007;08;10
1;RAPHAËL;2008;08;14
1;RAPHAËL;2009;08;12
1;RAPHAËL;2010;08;8
1;RAPHAËL;2011;08;11
1;RAPHAËL;2012;08;9
1;RAPHAËL;2013;08;8
1;RAPHAËL;2014;08;16
1;RAPHAËL;2015;08;14
1;RAPHAËL;2016;08;14
1;RAPHAËL;2017;08;16
1;RAPHAËL;2018;08;10
1;RAPHAËL;2019;08;11
1;RAPHAËL;2020;08;12
1;RAPHAËL;2021;08;10
1;RAYAN;2001;08;4
1;RAYAN;2003;08;14
1;RAYAN;2006;08;3
1;RAYAN;2007;08;4
1;RAYAN;2008;08;6
1;RAYAN;2009;08;4
1;RAYAN;2010;08;6
1;RAYAN;2011;08;5
1;RAYAN;2012;08;4
1;RAYAN;2013;08;4
1;RAYAN;2014;08;4
1;RAYAN;2015;08;5
1;RAYAN;2016;08;3
1;RAYAN;2017;08;3
1;RAYAN;2019;08;5
1;RAYAN;2021;08;3
1;RAYANE;2001;08;3
1;REDA;2007;08;3
1;RÉMI;2000;08;6
1;RÉMI;2001;08;7
1;RÉMI;2002;08;5
1;RÉMI;2003;08;6
1;RÉMI;2005;08;7
1;RÉMI;2006;08;7
1;RÉMI;2009;08;5
1;RÉMY;2000;08;6
1;RÉMY;2001;08;9
1;RÉMY;2002;08;3
1;RÉMY;2013;08;3
1;ROBIN;2000;08;5
1;ROBIN;2001;08;5
1;ROBIN;2002;08;5
1;ROBIN;2003;08;4
1;ROBIN;2007;08;3
1;ROBIN;2008;08;3
1;ROBIN;2009;08;4
1;ROBIN;2010;08;7
1;ROBIN;2011;08;7
1;ROBIN;2012;08;6
1;ROBIN;2013;08;6
1;ROBIN;2014;08;6
1;ROBIN;2015;08;9
1;ROBIN;2016;08;6
1;ROBIN;2017;08;4
1;ROBIN;2018;08;6
1;ROBIN;2020;08;3
1;ROBIN;2021;08;7
1;ROMAIN;2000;08;21
1;ROMAIN;2001;08;16
1;ROMAIN;2002;08;18
1;ROMAIN;2003;08;22
1;ROMAIN;2004;08;14
1;ROMAIN;2005;08;16
1;ROMAIN;2006;08;17
1;ROMAIN;2007;08;9
1;ROMAIN;2008;08;9
1;ROMAIN;2009;08;9
1;ROMAIN;2011;08;3
1;ROMAN;2001;08;3
1;ROMAN;2003;08;4
1;ROMAN;2004;08;6
1;ROMAN;2005;08;3
1;ROMAN;2006;08;5
1;ROMAN;2011;08;4
1;ROMAN;2014;08;3
1;ROMAN;2021;08;3
1;ROMÉO;2007;08;3
1;ROMÉO;2019;08;3
1;RUBEN;2005;08;3
1;RUBEN;2011;08;4
1;RUBEN;2012;08;5
1;RUBEN;2015;08;3
1;RYAD;2016;08;3
1;RYAN;2000;08;6
1;RYAN;2001;08;8
1;RYAN;2002;08;5
1;RYAN;2003;08;10
1;RYAN;2004;08;4
1;RYAN;2005;08;5
1;RYAN;2006;08;3
1;RYAN;2007;08;7
1;RYAN;2008;08;5
1;RYAN;2012;08;4
1;RYAN;2015;08;3
1;RYAN;2018;08;4
1;RYAN;2020;08;3
1;SACHA;2002;08;4
1;SACHA;2003;08;3
1;SACHA;2004;08;3
1;SACHA;2005;08;9
1;SACHA;2006;08;7
1;SACHA;2007;08;3
1;SACHA;2008;08;11
1;SACHA;2009;08;13
1;SACHA;2010;08;7
1;SACHA;2011;08;16
1;SACHA;2012;08;8
1;SACHA;2013;08;13
1;SACHA;2014;08;12
1;SACHA;2015;08;11
1;SACHA;2016;08;10
1;SACHA;2017;08;8
1;SACHA;2018;08;11
1;SACHA;2019;08;15
1;SACHA;2020;08;12
1;SACHA;2021;08;10
1;SAMI;2007;08;3
1;SAMI;2009;08;3
1;SAMUEL;2000;08;9
1;SAMUEL;2001;08;10
1;SAMUEL;2002;08;4
1;SAMUEL;2003;08;14
1;SAMUEL;2004;08;4
1;SAMUEL;2005;08;7
1;SAMUEL;2006;08;4
1;SAMUEL;2007;08;5
1;SAMUEL;2008;08;4
1;SAMUEL;2009;08;4
1;SAMUEL;2010;08;3
1;SAMUEL;2011;08;3
1;SAMUEL;2012;08;4
1;SAMUEL;2016;08;5
1;SAMUEL;2019;08;4
1;SAMY;2002;08;5
1;SAMY;2004;08;3
1;SAMY;2006;08;6
1;SAMY;2007;08;3
1;SAMY;2016;08;3
1;SASHA;2007;08;3
1;SASHA;2010;08;3
1;SASHA;2012;08;3
1;SASHA;2014;08;7
1;SASHA;2015;08;4
1;SASHA;2016;08;6
1;SASHA;2018;08;3
1;SASHA;2019;08;3
1;SASHA;2020;08;3
1;SASHA;2021;08;3
1;SÉBASTIEN;2000;08;8
1;SÉBASTIEN;2002;08;3
1;SÉBASTIEN;2004;08;6
1;SEMIH;2005;08;3
1;SEMIH;2011;08;3
1;SIMON;2000;08;5
1;SIMON;2001;08;6
1;SIMON;2002;08;10
1;SIMON;2003;08;8
1;SIMON;2004;08;5
1;SIMON;2006;08;4
1;SIMON;2007;08;8
1;SIMON;2008;08;4
1;SIMON;2009;08;5
1;SIMON;2010;08;3
1;SIMON;2011;08;7
1;SIMON;2012;08;5
1;SIMON;2013;08;5
1;SIMON;2014;08;6
1;SIMON;2015;08;3
1;SIMON;2017;08;3
1;SIMON;2019;08;5
1;SOAN;2010;08;3
1;SOAN;2011;08;4
1;SOAN;2016;08;3
1;SOAN;2017;08;3
1;SOAN;2020;08;4
1;SOFIAN;2006;08;3
1;SOFIANE;2000;08;3
1;SOFIANE;2001;08;8
1;SOFIANE;2002;08;8
1;SOFIANE;2003;08;7
1;SOFIANE;2006;08;7
1;SOFIANE;2007;08;3
1;SOFIANE;2008;08;4
1;SOFIANE;2011;08;5
1;SOFIANE;2012;08;3
1;SOHAN;2018;08;5
1;SOHAN;2019;08;8
1;SOHAN;2020;08;4
1;SOHAN;2021;08;5
1;STÉPHANE;2002;08;5
1;STEVEN;2000;08;7
1;STEVEN;2001;08;6
1;STEVEN;2002;08;4
1;STEVEN;2003;08;3
1;STEVEN;2004;08;4
1;STEVEN;2005;08;5
1;SULLIVAN;2000;08;5
1;SULLIVAN;2001;08;4
1;SULLIVAN;2002;08;3
1;SULLIVAN;2006;08;4
1;TANGUY;2000;08;7
1;TANGUY;2001;08;8
1;TANGUY;2002;08;5
1;TEDDY;2000;08;3
1;TEDDY;2001;08;4
1;TEDDY;2003;08;3
1;TEDDY;2005;08;3
1;TEDDY;2009;08;3
1;TÉO;2000;08;3
1;TÉO;2001;08;3
1;TÉO;2005;08;4
1;TÉO;2007;08;5
1;TÉO;2008;08;3
1;TÉO;2009;08;4
1;TÉO;2014;08;3
1;TÉO;2015;08;6
1;THEO;2010;08;4
1;THEO;2011;08;5
1;THÉO;2000;08;40
1;THÉO;2001;08;67
1;THÉO;2002;08;56
1;THÉO;2003;08;54
1;THÉO;2004;08;41
1;THÉO;2005;08;30
1;THÉO;2006;08;27
1;THÉO;2007;08;23
1;THÉO;2008;08;17
1;THÉO;2009;08;23
1;THÉO;2010;08;11
1;THÉO;2011;08;12
1;THÉO;2012;08;17
1;THÉO;2013;08;18
1;THÉO;2014;08;9
1;THÉO;2015;08;5
1;THÉO;2016;08;12
1;THÉO;2017;08;10
1;THÉO;2018;08;5
1;THÉO;2019;08;12
1;THÉO;2020;08;5
1;THIAGO;2015;08;3
1;THIAGO;2016;08;8
1;THIAGO;2018;08;5
1;THIAGO;2019;08;8
1;THIAGO;2020;08;4
1;THIAGO;2021;08;6
1;THIBAUD;2001;08;4
1;THIBAULT;2000;08;7
1;THIBAULT;2001;08;7
1;THIBAULT;2002;08;5
1;THIBAULT;2003;08;4
1;THIBAULT;2004;08;6
1;THIBAULT;2005;08;5
1;THIBAULT;2006;08;3
1;THIBAULT;2008;08;6
1;THIBAULT;2011;08;3
1;THIBAULT;2013;08;3
1;THIBAULT;2016;08;3
1;THIBAUT;2000;08;5
1;THIBAUT;2001;08;7
1;THIBAUT;2002;08;9
1;THIBAUT;2003;08;7
1;THIBAUT;2004;08;6
1;THIBAUT;2005;08;5
1;THIBAUT;2006;08;3
1;THIBAUT;2007;08;4
1;THIBAUT;2008;08;6
1;THIBAUT;2009;08;5
1;THIBAUT;2010;08;3
1;THIBAUT;2014;08;3
1;THIMÉO;2012;08;4
1;THIMÉO;2017;08;3
1;THOMAS;2000;08;51
1;THOMAS;2001;08;37
1;THOMAS;2002;08;33
1;THOMAS;2003;08;32
1;THOMAS;2004;08;22
1;THOMAS;2005;08;24
1;THOMAS;2006;08;22
1;THOMAS;2007;08;22
1;THOMAS;2008;08;9
1;THOMAS;2009;08;13
1;THOMAS;2010;08;8
1;THOMAS;2011;08;11
1;THOMAS;2012;08;10
1;THOMAS;2013;08;5
1;THOMAS;2014;08;6
1;THOMAS;2015;08;4
1;THOMAS;2016;08;6
1;THOMAS;2017;08;6
1;THOMAS;2019;08;5
1;THOMAS;2020;08;3
1;THYMEO;2010;08;3
1;THYMÉO;2013;08;5
1;THYMÉO;2014;08;5
1;TIAGO;2004;08;3
1;TIAGO;2009;08;5
1;TIAGO;2011;08;3
1;TIAGO;2012;08;4
1;TIAGO;2013;08;3
1;TIAGO;2014;08;6
1;TIAGO;2016;08;5
1;TIAGO;2017;08;8
1;TIAGO;2018;08;8
1;TIAGO;2019;08;22
1;TIAGO;2020;08;10
1;TIAGO;2021;08;6
1;TIM;2014;08;3
1;TIMAËL;2018;08;3
1;TIMEO;2005;08;4
1;TIMEO;2006;08;5
1;TIMEO;2007;08;12
1;TIMEO;2008;08;13
1;TIMEO;2009;08;21
1;TIMEO;2010;08;11
1;TIMEO;2011;08;10
1;TIMÉO;2010;08;16
1;TIMÉO;2011;08;17
1;TIMÉO;2012;08;36
1;TIMÉO;2013;08;25
1;TIMÉO;2014;08;31
1;TIMÉO;2015;08;21
1;TIMÉO;2016;08;16
1;TIMÉO;2017;08;11
1;TIMÉO;2018;08;11
1;TIMÉO;2019;08;8
1;TIMÉO;2020;08;6
1;TIMÉO;2021;08;9
1;TIMOTÉ;2017;08;3
1;TIMOTHE;2009;08;3
1;TIMOTHÉ;2013;08;3
1;TIMOTHÉ;2014;08;3
1;TIMOTHÉE;2000;08;3
1;TIMOTHÉE;2015;08;3
1;TIMOTHÉE;2019;08;3
1;TITOUAN;2007;08;3
1;TITOUAN;2008;08;4
1;TITOUAN;2014;08;5
1;TOM;2000;08;8
1;TOM;2001;08;13
1;TOM;2002;08;17
1;TOM;2003;08;15
1;TOM;2004;08;14
1;TOM;2005;08;21
1;TOM;2006;08;22
1;TOM;2007;08;22
1;TOM;2008;08;16
1;TOM;2009;08;20
1;TOM;2010;08;14
1;TOM;2011;08;30
1;TOM;2012;08;26
1;TOM;2013;08;16
1;TOM;2014;08;10
1;TOM;2015;08;14
1;TOM;2016;08;13
1;TOM;2017;08;11
1;TOM;2018;08;13
1;TOM;2019;08;13
1;TOM;2020;08;13
1;TOM;2021;08;11
1;TOMMY;2002;08;3
1;TONY;2000;08;3
1;TONY;2001;08;7
1;TONY;2002;08;4
1;TONY;2003;08;4
1;TONY;2004;08;7
1;TONY;2007;08;3
1;TONY;2008;08;3
1;TONY;2016;08;3
1;TRISTAN;2000;08;5
1;TRISTAN;2001;08;8
1;TRISTAN;2002;08;5
1;TRISTAN;2004;08;5
1;TRISTAN;2005;08;6
1;TRISTAN;2006;08;5
1;TRISTAN;2009;08;5
1;TRISTAN;2010;08;5
1;TYLER;2019;08;3
1;TYLIO;2021;08;3
1;TYMÉO;2011;08;3
1;TYMÉO;2012;08;3
1;TYMÉO;2013;08;3
1;TYMÉO;2014;08;5
1;TYMÉO;2015;08;3
1;TYMÉO;2021;08;3
1;UGO;2000;08;3
1;UGO;2002;08;5
1;UGO;2003;08;3
1;UGO;2004;08;3
1;UGO;2006;08;5
1;UGO;2014;08;4
1;VALENTIN;2000;08;29
1;VALENTIN;2001;08;27
1;VALENTIN;2002;08;18
1;VALENTIN;2003;08;14
1;VALENTIN;2004;08;11
1;VALENTIN;2005;08;16
1;VALENTIN;2006;08;12
1;VALENTIN;2007;08;12
1;VALENTIN;2008;08;9
1;VALENTIN;2009;08;10
1;VALENTIN;2010;08;7
1;VALENTIN;2011;08;7
1;VALENTIN;2012;08;3
1;VALENTIN;2013;08;3
1;VALENTIN;2014;08;4
1;VALENTIN;2015;08;12
1;VALENTIN;2016;08;6
1;VALENTIN;2017;08;7
1;VALENTIN;2018;08;4
1;VALENTINO;2017;08;3
1;VICTOR;2000;08;10
1;VICTOR;2001;08;7
1;VICTOR;2002;08;13
1;VICTOR;2003;08;14
1;VICTOR;2004;08;5
1;VICTOR;2006;08;6
1;VICTOR;2007;08;7
1;VICTOR;2008;08;4
1;VICTOR;2009;08;3
1;VICTOR;2010;08;4
1;VICTOR;2011;08;5
1;VICTOR;2013;08;6
1;VICTOR;2015;08;3
1;VICTOR;2016;08;8
1;VICTOR;2017;08;3
1;VICTOR;2018;08;9
1;VICTOR;2019;08;7
1;VICTOR;2020;08;6
1;VICTOR;2021;08;4
1;VINCENT;2000;08;9
1;VINCENT;2001;08;12
1;VINCENT;2002;08;4
1;VINCENT;2003;08;3
1;VINCENT;2008;08;3
1;VINCENT;2010;08;3
1;VIRGILE;2001;08;3
1;WALID;2008;08;3
1;WASSIM;2009;08;4
1;WASSIM;2011;08;3
1;WASSIM;2012;08;3
1;WASSIM;2016;08;4
1;WASSIM;2018;08;4
1;WASSIM;2020;08;4
1;WILLIAM;2000;08;6
1;WILLIAM;2001;08;4
1;WILLIAM;2003;08;3
1;WILLIAM;2004;08;3
1;WILLIAM;2016;08;3
1;XAVIER;2001;08;3
1;YACINE;2004;08;3
1;YACINE;2005;08;4
1;YACINE;2008;08;3
1;YAEL;2007;08;3
1;YAEL;2009;08;3
1;YANIS;2000;08;8
1;YANIS;2001;08;4
1;YANIS;2002;08;5
1;YANIS;2003;08;11
1;YANIS;2004;08;17
1;YANIS;2005;08;14
1;YANIS;2006;08;17
1;YANIS;2007;08;19
1;YANIS;2008;08;12
1;YANIS;2009;08;9
1;YANIS;2010;08;11
1;YANIS;2011;08;11
1;YANIS;2012;08;8
1;YANIS;2013;08;7
1;YANIS;2015;08;8
1;YANIS;2016;08;5
1;YANIS;2017;08;5
1;YANIS;2018;08;5
1;YANIS;2019;08;5
1;YANN;2000;08;4
1;YANN;2001;08;6
1;YANN;2002;08;4
1;YANN;2003;08;4
1;YANN;2004;08;4
1;YANN;2005;08;5
1;YANN;2008;08;3
1;YANN;2013;08;5
1;YANN;2019;08;3
1;YANNIS;2001;08;4
1;YANNIS;2008;08;3
1;YANNIS;2012;08;3
1;YASIN;2003;08;3
1;YASSINE;2004;08;3
1;YASSINE;2006;08;3
1;YASSINE;2008;08;3
1;YASSINE;2013;08;3
1;YASSINE;2020;08;3
1;YLAN;2010;08;4
1;YLAN;2012;08;4
1;YLAN;2013;08;3
1;YLAN;2017;08;4
1;YLIES;2011;08;3
1;YOANN;2002;08;4
1;YOHAN;2000;08;3
1;YOHAN;2006;08;3
1;YOHANN;2000;08;4
1;YONI;2004;08;4
1;YOUNES;2005;08;3
1;YOUNES;2016;08;4
1;YOUSSEF;2001;08;3
1;YOUSSEF;2011;08;3
1;YUSUF;2006;08;3
1;YUSUF;2015;08;4
2;_PRENOMS_RARES;2000;08;29
2;_PRENOMS_RARES;2001;08;31
2;_PRENOMS_RARES;2002;08;24
2;_PRENOMS_RARES;2003;08;30
2;_PRENOMS_RARES;2004;08;32
2;_PRENOMS_RARES;2005;08;57
2;_PRENOMS_RARES;2006;08;35
2;_PRENOMS_RARES;2007;08;64
2;_PRENOMS_RARES;2008;08;42
2;_PRENOMS_RARES;2009;08;42
2;_PRENOMS_RARES;2010;08;56
2;_PRENOMS_RARES;2011;08;34
2;_PRENOMS_RARES;2012;08;49
2;_PRENOMS_RARES;2013;08;52
2;_PRENOMS_RARES;2014;08;45
2;_PRENOMS_RARES;2015;08;61
2;_PRENOMS_RARES;2016;08;38
2;_PRENOMS_RARES;2017;08;58
2;_PRENOMS_RARES;2018;08;57
2;_PRENOMS_RARES;2019;08;79
2;_PRENOMS_RARES;2020;08;49
2;_PRENOMS_RARES;2021;08;59
2;ADÈLE;2004;08;3
2;ADÈLE;2005;08;3
2;ADÈLE;2006;08;3
2;ADÈLE;2014;08;9
2;ADÈLE;2016;08;4
2;ADELINE;2001;08;5
2;ADELINE;2005;08;3
2;AGATHE;2000;08;3
2;AGATHE;2001;08;4
2;AGATHE;2002;08;9
2;AGATHE;2003;08;4
2;AGATHE;2004;08;12
2;AGATHE;2005;08;3
2;AGATHE;2006;08;5
2;AGATHE;2007;08;3
2;AGATHE;2008;08;4
2;AGATHE;2010;08;3
2;AGATHE;2011;08;4
2;AGATHE;2012;08;4
2;AGATHE;2017;08;5
2;AGATHE;2018;08;5
2;AGATHE;2020;08;7
2;AGATHE;2021;08;7
2;AICHA;2006;08;4
2;ALBA;2021;08;4
2;ALEXANDRA;2000;08;5
2;ALEXANDRA;2001;08;5
2;ALEXANDRA;2002;08;5
2;ALEXANDRA;2003;08;4
2;ALEXANDRA;2007;08;5
2;ALEXANDRA;2013;08;3
2;ALEXIA;2000;08;6
2;ALEXIA;2001;08;3
2;ALEXIA;2002;08;10
2;ALEXIA;2003;08;5
2;ALEXIA;2004;08;6
2;ALEXIA;2006;08;9
2;ALEXIA;2009;08;3
2;ALEXIANE;2004;08;3
2;ALICE;2000;08;3
2;ALICE;2001;08;4
2;ALICE;2003;08;3
2;ALICE;2005;08;4
2;ALICE;2006;08;5
2;ALICE;2007;08;5
2;ALICE;2009;08;8
2;ALICE;2010;08;5
2;ALICE;2011;08;6
2;ALICE;2012;08;5
2;ALICE;2013;08;10
2;ALICE;2014;08;7
2;ALICE;2015;08;8
2;ALICE;2016;08;11
2;ALICE;2017;08;12
2;ALICE;2018;08;14
2;ALICE;2019;08;13
2;ALICE;2020;08;12
2;ALICE;2021;08;10
2;ALICIA;2000;08;16
2;ALICIA;2001;08;14
2;ALICIA;2002;08;9
2;ALICIA;2003;08;6
2;ALICIA;2004;08;3
2;ALICIA;2005;08;6
2;ALICIA;2006;08;6
2;ALICIA;2007;08;5
2;ALICIA;2008;08;5
2;ALICIA;2009;08;8
2;ALICIA;2010;08;4
2;ALICIA;2012;08;4
2;ALICIA;2015;08;4
2;ALINA;2008;08;3
2;ALINE;2004;08;3
2;ALISON;2000;08;4
2;ALISON;2003;08;4
2;ALISON;2007;08;3
2;ALIX;2008;08;3
2;ALIX;2010;08;3
2;ALIX;2011;08;3
2;ALIX;2014;08;6
2;ALIX;2015;08;3
2;ALIX;2018;08;3
2;ALIX;2019;08;6
2;ALIX;2021;08;4
2;ALIYA;2021;08;4
2;ALIYAH;2017;08;4
2;ALIZEE;2011;08;3
2;ALIZÉE;2001;08;4
2;ALIZÉE;2002;08;3
2;ALIZÉE;2003;08;5
2;ALIZÉE;2004;08;3
2;ALYA;2011;08;3
2;ALYA;2014;08;3
2;ALYA;2019;08;6
2;ALYA;2021;08;7
2;ALYSSA;2001;08;4
2;ALYSSA;2010;08;4
2;ALYSSA;2020;08;3
2;AMANDA;2000;08;3
2;AMANDINE;2000;08;10
2;AMANDINE;2001;08;16
2;AMANDINE;2002;08;4
2;AMANDINE;2003;08;5
2;AMANDINE;2004;08;7
2;AMANDINE;2005;08;5
2;AMANDINE;2006;08;4
2;AMANDINE;2007;08;6
2;AMANDINE;2008;08;6
2;AMBRE;2000;08;5
2;AMBRE;2001;08;4
2;AMBRE;2002;08;5
2;AMBRE;2003;08;6
2;AMBRE;2004;08;7
2;AMBRE;2005;08;7
2;AMBRE;2006;08;8
2;AMBRE;2007;08;9
2;AMBRE;2008;08;6
2;AMBRE;2009;08;7
2;AMBRE;2010;08;8
2;AMBRE;2011;08;10
2;AMBRE;2012;08;9
2;AMBRE;2013;08;12
2;AMBRE;2014;08;10
2;AMBRE;2015;08;8
2;AMBRE;2016;08;13
2;AMBRE;2017;08;8
2;AMBRE;2018;08;18
2;AMBRE;2019;08;11
2;AMBRE;2020;08;13
2;AMBRE;2021;08;15
2;AMEL;2002;08;5
2;AMEL;2004;08;5
2;AMEL;2011;08;4
2;AMEL;2012;08;3
2;AMÉLIA;2002;08;3
2;AMÉLIA;2005;08;3
2;AMÉLIA;2006;08;3
2;AMÉLIA;2013;08;4
2;AMÉLIA;2014;08;5
2;AMÉLIA;2017;08;6
2;AMÉLIA;2020;08;3
2;AMÉLIA;2021;08;3
2;AMÉLIE;2000;08;18
2;AMÉLIE;2001;08;10
2;AMÉLIE;2002;08;9
2;AMÉLIE;2003;08;7
2;AMÉLIE;2006;08;3
2;ANA;2011;08;3
2;ANAE;2005;08;3
2;ANAÉ;2016;08;3
2;ANAÉ;2021;08;3
2;ANAELLE;2002;08;4
2;ANAELLE;2003;08;3
2;ANAELLE;2004;08;7
2;ANAELLE;2009;08;5
2;ANAELLE;2010;08;3
2;ANAËLLE;2012;08;4
2;ANAËLLE;2014;08;3
2;ANAËLLE;2017;08;4
2;ANAÏS;2000;08;14
2;ANAÏS;2001;08;12
2;ANAÏS;2002;08;25
2;ANAÏS;2003;08;14
2;ANAÏS;2004;08;13
2;ANAÏS;2005;08;14
2;ANAÏS;2006;08;15
2;ANAÏS;2007;08;12
2;ANAÏS;2008;08;13
2;ANAÏS;2009;08;12
2;ANAÏS;2010;08;6
2;ANAÏS;2012;08;6
2;ANAÏS;2013;08;3
2;ANAÏS;2015;08;5
2;ANAÏS;2016;08;3
2;ANAÏS;2020;08;3
2;ANASTASIA;2011;08;3
2;ANDRÉA;2000;08;5
2;ANDRÉA;2001;08;8
2;ANDRÉA;2002;08;5
2;ANDRÉA;2003;08;5
2;ANDRÉA;2005;08;3
2;ANDRÉA;2007;08;3
2;ANDRÉA;2008;08;3
2;ANDRÉA;2012;08;3
2;ANDRÉA;2016;08;3
2;ANDRÉA;2017;08;6
2;ANDRÉA;2018;08;3
2;ANGÈLE;2001;08;5
2;ANGÈLE;2002;08;3
2;ANGÈLE;2003;08;4
2;ANGÈLE;2006;08;3
2;ANGÈLE;2007;08;3
2;ANGELINA;2000;08;4
2;ANGELINA;2006;08;3
2;ANGELINA;2010;08;4
2;ANGELINE;2006;08;3
2;ANISSA;2002;08;4
2;ANISSA;2003;08;4
2;ANISSA;2007;08;3
2;ANNA;2003;08;4
2;ANNA;2005;08;3
2;ANNA;2006;08;4
2;ANNA;2009;08;5
2;ANNA;2010;08;6
2;ANNA;2012;08;7
2;ANNA;2013;08;7
2;ANNA;2014;08;8
2;ANNA;2015;08;4
2;ANNA;2016;08;6
2;ANNA;2017;08;9
2;ANNA;2018;08;8
2;ANNA;2019;08;6
2;ANNA;2020;08;6
2;ANNA;2021;08;10
2;ANOUK;2003;08;3
2;APOLLINE;2002;08;4
2;APOLLINE;2009;08;3
2;APOLLINE;2011;08;4
2;APOLLINE;2012;08;3
2;APRIL;2020;08;3
2;ARIA;2017;08;4
2;ARIA;2020;08;4
2;ARYA;2017;08;3
2;ARYA;2019;08;4
2;ASHLEY;2009;08;4
2;ASHLEY;2010;08;4
2;ASHLEY;2011;08;3
2;ASHLEY;2014;08;3
2;ASHLEY;2015;08;3
2;ASMA;2010;08;3
2;ASSIA;2003;08;3
2;ASSIA;2007;08;5
2;ASSIA;2011;08;4
2;ASSIA;2017;08;3
2;ASSIA;2019;08;3
2;AUDREY;2000;08;7
2;AUDREY;2001;08;6
2;AUDREY;2002;08;3
2;AUGUSTINE;2006;08;3
2;AUGUSTINE;2015;08;3
2;AUGUSTINE;2018;08;3
2;AURÉLIE;2000;08;4
2;AURÉLIE;2001;08;4
2;AURORE;2000;08;8
2;AURORE;2001;08;5
2;AXELLE;2001;08;4
2;AXELLE;2002;08;6
2;AXELLE;2003;08;7
2;AXELLE;2005;08;5
2;AXELLE;2006;08;5
2;AXELLE;2013;08;3
2;AYA;2009;08;3
2;AYA;2015;08;5
2;AYA;2017;08;4
2;BÉRÉNICE;2007;08;4
2;BRENDA;2002;08;5
2;BRENDA;2004;08;3
2;CALIE;2014;08;3
2;CALIE;2015;08;3
2;CALIE;2018;08;3
2;CAMÉLIA;2004;08;3
2;CAMÉLIA;2008;08;4
2;CAMÉLIA;2010;08;3
2;CAMÉLIA;2021;08;3
2;CAMILLE;2000;08;33
2;CAMILLE;2001;08;23
2;CAMILLE;2002;08;22
2;CAMILLE;2003;08;28
2;CAMILLE;2004;08;27
2;CAMILLE;2005;08;15
2;CAMILLE;2006;08;20
2;CAMILLE;2007;08;24
2;CAMILLE;2008;08;26
2;CAMILLE;2009;08;12
2;CAMILLE;2010;08;12
2;CAMILLE;2011;08;8
2;CAMILLE;2012;08;8
2;CAMILLE;2013;08;12
2;CAMILLE;2014;08;12
2;CAMILLE;2015;08;10
2;CAMILLE;2016;08;7
2;CAMILLE;2017;08;9
2;CAMILLE;2018;08;11
2;CAMILLE;2019;08;8
2;CAMILLE;2020;08;6
2;CAMILLE;2021;08;5
2;CANDICE;2001;08;3
2;CANDICE;2004;08;7
2;CANDICE;2005;08;5
2;CANDICE;2006;08;3
2;CANDICE;2007;08;5
2;CANDICE;2009;08;4
2;CANDICE;2013;08;3
2;CANDICE;2016;08;3
2;CANDICE;2017;08;5
2;CANDICE;2018;08;3
2;CAPUCINE;2000;08;3
2;CAPUCINE;2002;08;5
2;CAPUCINE;2003;08;3
2;CAPUCINE;2006;08;3
2;CAPUCINE;2007;08;6
2;CAPUCINE;2008;08;5
2;CAPUCINE;2011;08;5
2;CAPUCINE;2012;08;6
2;CAPUCINE;2013;08;5
2;CAPUCINE;2014;08;7
2;CAPUCINE;2015;08;5
2;CAPUCINE;2016;08;5
2;CAPUCINE;2017;08;4
2;CAPUCINE;2018;08;8
2;CAPUCINE;2019;08;8
2;CAPUCINE;2020;08;5
2;CAPUCINE;2021;08;6
2;CARLA;2000;08;3
2;CARLA;2001;08;6
2;CARLA;2002;08;7
2;CARLA;2003;08;11
2;CARLA;2004;08;10
2;CARLA;2005;08;9
2;CARLA;2006;08;6
2;CARLA;2007;08;3
2;CARLA;2008;08;3
2;CARLA;2020;08;3
2;CAROLANE;2001;08;3
2;CAROLINE;2000;08;3
2;CAROLINE;2001;08;3
2;CAROLINE;2004;08;6
2;CAROLINE;2005;08;5
2;CAROLINE;2006;08;6
2;CASSANDRA;2000;08;9
2;CASSANDRA;2001;08;6
2;CASSANDRA;2002;08;3
2;CASSANDRA;2003;08;7
2;CASSANDRA;2004;08;4
2;CASSANDRA;2006;08;5
2;CASSANDRA;2007;08;3
2;CASSANDRA;2008;08;6
2;CASSANDRE;2001;08;4
2;CASSANDRE;2011;08;4
2;CÉCILE;2001;08;4
2;CÉCILE;2003;08;4
2;CÉCILIA;2001;08;4
2;CÉCILIA;2003;08;4
2;CELENA;2007;08;3
2;CELESTE;2009;08;3
2;CÉLESTE;2017;08;3
2;CÉLESTE;2019;08;3
2;CÉLESTE;2021;08;3
2;CELESTINE;2006;08;3
2;CÉLESTINE;2019;08;3
2;CÉLIA;2000;08;11
2;CÉLIA;2001;08;11
2;CÉLIA;2002;08;7
2;CÉLIA;2003;08;7
2;CÉLIA;2004;08;15
2;CÉLIA;2005;08;12
2;CÉLIA;2006;08;9
2;CÉLIA;2007;08;12
2;CÉLIA;2008;08;6
2;CÉLIA;2009;08;8
2;CÉLIA;2010;08;5
2;CÉLIA;2011;08;3
2;CÉLIA;2012;08;7
2;CÉLIA;2013;08;6
2;CÉLIA;2014;08;5
2;CÉLIA;2015;08;6
2;CÉLIA;2020;08;6
2;CÉLIA;2021;08;3
2;CELINA;2001;08;4
2;CELINA;2007;08;3
2;CÉLINE;2000;08;6
2;CÉLINE;2001;08;5
2;CHAIMA;2003;08;3
2;CHARLÈNE;2000;08;3
2;CHARLÈNE;2001;08;3
2;CHARLÈNE;2003;08;4
2;CHARLIE;2014;08;4
2;CHARLIE;2016;08;5
2;CHARLIE;2018;08;4
2;CHARLIE;2019;08;3
2;CHARLIE;2020;08;10
2;CHARLINE;2000;08;5
2;CHARLINE;2001;08;3
2;CHARLINE;2003;08;4
2;CHARLINE;2004;08;5
2;CHARLINE;2005;08;3
2;CHARLINE;2006;08;3
2;CHARLINE;2008;08;4
2;CHARLINE;2011;08;4
2;CHARLINE;2012;08;3
2;CHARLINE;2013;08;3
2;CHARLINE;2018;08;3
2;CHARLOTTE;2000;08;10
2;CHARLOTTE;2001;08;14
2;CHARLOTTE;2002;08;8
2;CHARLOTTE;2003;08;12
2;CHARLOTTE;2004;08;11
2;CHARLOTTE;2005;08;11
2;CHARLOTTE;2006;08;14
2;CHARLOTTE;2007;08;11
2;CHARLOTTE;2008;08;10
2;CHARLOTTE;2009;08;3
2;CHARLOTTE;2010;08;7
2;CHARLOTTE;2011;08;10
2;CHARLOTTE;2012;08;7
2;CHARLOTTE;2013;08;10
2;CHARLOTTE;2014;08;9
2;CHARLOTTE;2015;08;3
2;CHARLOTTE;2016;08;9
2;CHARLOTTE;2017;08;6
2;CHARLOTTE;2019;08;3
2;CHARLOTTE;2020;08;4
2;CHARLOTTE;2021;08;3
2;CHELSY;2020;08;3
2;CHIARA;2005;08;3
2;CHIARA;2007;08;3
2;CHIARA;2008;08;3
2;CHLOE;2010;08;3
2;CHLOE;2011;08;4
2;CHLOÉ;2000;08;32
2;CHLOÉ;2001;08;40
2;CHLOÉ;2002;08;37
2;CHLOÉ;2003;08;31
2;CHLOÉ;2004;08;25
2;CHLOÉ;2005;08;25
2;CHLOÉ;2006;08;14
2;CHLOÉ;2007;08;22
2;CHLOÉ;2008;08;22
2;CHLOÉ;2009;08;10
2;CHLOÉ;2010;08;15
2;CHLOÉ;2011;08;15
2;CHLOÉ;2012;08;19
2;CHLOÉ;2013;08;19
2;CHLOÉ;2014;08;7
2;CHLOÉ;2015;08;14
2;CHLOÉ;2016;08;9
2;CHLOÉ;2017;08;7
2;CHLOÉ;2018;08;5
2;CHLOÉ;2019;08;4
2;CHLOÉ;2020;08;9
2;CINDY;2001;08;3
2;CLAIRE;2000;08;12
2;CLAIRE;2001;08;5
2;CLAIRE;2004;08;3
2;CLAIRE;2005;08;3
2;CLAIRE;2007;08;4
2;CLARA;2000;08;16
2;CLARA;2001;08;25
2;CLARA;2002;08;21
2;CLARA;2003;08;27
2;CLARA;2004;08;26
2;CLARA;2005;08;32
2;CLARA;2006;08;26
2;CLARA;2007;08;35
2;CLARA;2008;08;24
2;CLARA;2009;08;16
2;CLARA;2010;08;19
2;CLARA;2011;08;10
2;CLARA;2012;08;6
2;CLARA;2013;08;7
2;CLARA;2014;08;8
2;CLARA;2015;08;6
2;CLARA;2016;08;7
2;CLARA;2017;08;5
2;CLARA;2021;08;3
2;CLARISSE;2000;08;8
2;CLARISSE;2001;08;7
2;CLARISSE;2002;08;4
2;CLARISSE;2003;08;7
2;CLARISSE;2004;08;3
2;CLARISSE;2005;08;4
2;CLARISSE;2006;08;5
2;CLARISSE;2007;08;4
2;CLARISSE;2008;08;4
2;CLARISSE;2012;08;3
2;CLARISSE;2015;08;4
2;CLÉA;2001;08;3
2;CLÉA;2005;08;4
2;CLÉA;2006;08;8
2;CLÉA;2012;08;4
2;CLÉA;2017;08;4
2;CLÉA;2019;08;3
2;CLÉA;2021;08;3
2;CLÉMENCE;2000;08;10
2;CLÉMENCE;2001;08;10
2;CLÉMENCE;2002;08;6
2;CLÉMENCE;2003;08;7
2;CLÉMENCE;2004;08;9
2;CLÉMENCE;2005;08;11
2;CLÉMENCE;2006;08;8
2;CLÉMENCE;2007;08;8
2;CLÉMENCE;2008;08;8
2;CLÉMENCE;2009;08;11
2;CLÉMENCE;2010;08;7
2;CLÉMENCE;2011;08;7
2;CLÉMENCE;2012;08;9
2;CLÉMENCE;2013;08;4
2;CLÉMENCE;2014;08;8
2;CLÉMENCE;2015;08;7
2;CLÉMENCE;2016;08;6
2;CLÉMENCE;2017;08;3
2;CLÉMENCE;2018;08;3
2;CLÉMENCE;2021;08;5
2;CLÉMENTINE;2002;08;3
2;CLÉMENTINE;2005;08;3
2;CLÉMENTINE;2007;08;3
2;CLÉMENTINE;2008;08;3
2;CLÉMENTINE;2011;08;4
2;CLÉMENTINE;2015;08;3
2;CLEO;2004;08;3
2;CLEO;2005;08;4
2;CLOE;2000;08;12
2;CLOE;2001;08;7
2;CLOE;2002;08;5
2;CLOE;2003;08;5
2;CLOE;2004;08;6
2;CLOE;2005;08;7
2;CLOE;2006;08;9
2;CLOE;2008;08;5
2;CLOÉ;2011;08;3
2;CLOÉ;2014;08;5
2;CLOÉ;2016;08;3
2;CLOÉ;2019;08;3
2;COLEEN;2000;08;3
2;COLEEN;2005;08;3
2;COLINE;2000;08;4
2;COLINE;2001;08;7
2;COLINE;2003;08;3
2;COLINE;2004;08;3
2;COLINE;2005;08;5
2;COLINE;2009;08;3
2;COLINE;2017;08;3
2;CONSTANCE;2012;08;4
2;CONSTANCE;2020;08;4
2;CONSTANCE;2021;08;3
2;CORALIE;2000;08;5
2;CORALIE;2001;08;6
2;CORALIE;2002;08;6
2;CORALIE;2003;08;6
2;CORALIE;2007;08;3
2;CYNTHIA;2001;08;3
2;CYRIELLE;2001;08;3
2;DALIA;2012;08;3
2;DANAE;2008;08;3
2;DANIA;2019;08;3
2;DAPHNÉ;2007;08;4
2;DEBORAH;2001;08;4
2;DEBORAH;2002;08;3
2;DEBORAH;2004;08;5
2;DINA;2000;08;3
2;DORIANE;2001;08;3
2;DORIANE;2003;08;3
2;EDEN;2007;08;3
2;EDEN;2013;08;5
2;EDEN;2014;08;3
2;EDEN;2015;08;4
2;EDEN;2016;08;3
2;EDEN;2018;08;3
2;ELEA;2007;08;5
2;ELEA;2008;08;5
2;ELÉA;2010;08;3
2;ELÉA;2011;08;3
2;ELÉA;2012;08;3
2;ÉLÉA;2016;08;4
2;ELENA;2003;08;4
2;ELENA;2005;08;3
2;ELENA;2007;08;3
2;ELENA;2008;08;3
2;ELENA;2009;08;7
2;ELENA;2011;08;3
2;ELENA;2013;08;4
2;ELENA;2017;08;3
2;ELENA;2018;08;4
2;ELENA;2020;08;3
2;ELÉNA;2011;08;6
2;ELÉNA;2013;08;6
2;ELÉNA;2015;08;3
2;ELÉNA;2018;08;3
2;ELÉNA;2021;08;4
2;ÉLÉNA;2014;08;4
2;ÉLÉNA;2018;08;4
2;ÉLÉNA;2019;08;3
2;ÉLÉNA;2020;08;5
2;ÉLÉNA;2021;08;3
2;ELEONORE;2007;08;3
2;ÉLÉONORE;2020;08;5
2;ELIANA;2019;08;3
2;ELIF;2009;08;3
2;ELIF;2011;08;4
2;ELINA;2005;08;3
2;ELINA;2006;08;3
2;ELINA;2007;08;3
2;ELINA;2010;08;4
2;ÉLINA;2019;08;3
2;ÉLINA;2020;08;4
2;ELINE;2007;08;4
2;ELINE;2008;08;4
2;ELINE;2012;08;4
2;ELINE;2018;08;3
2;ÉLINE;2019;08;3
2;ÉLINE;2021;08;3
2;ELISA;2000;08;14
2;ELISA;2001;08;9
2;ELISA;2002;08;9
2;ELISA;2003;08;9
2;ELISA;2004;08;14
2;ELISA;2006;08;6
2;ELISA;2007;08;7
2;ELISA;2008;08;6
2;ELISA;2009;08;5
2;ELISA;2012;08;3
2;ELISA;2015;08;3
2;ELISA;2016;08;4
2;ELISA;2021;08;3
2;ELISE;2000;08;5
2;ELISE;2001;08;12
2;ELISE;2002;08;4
2;ELISE;2003;08;7
2;ELISE;2004;08;9
2;ELISE;2005;08;5
2;ELISE;2006;08;10
2;ELISE;2007;08;5
2;ELISE;2008;08;5
2;ELISE;2009;08;6
2;ELISE;2010;08;5
2;ELISE;2011;08;5
2;ELISE;2012;08;3
2;ELISE;2015;08;3
2;ELISE;2018;08;3
2;ELISE;2019;08;3
2;ÉLISE;2012;08;4
2;ÉLISE;2020;08;4
2;ELLA;2020;08;3
2;ELLIE;2021;08;3
2;ELOANE;2011;08;4
2;ELODIE;2000;08;8
2;ELODIE;2001;08;5
2;ELODIE;2002;08;4
2;ELODIE;2003;08;5
2;ELODIE;2004;08;4
2;ELODIE;2005;08;3
2;ELODIE;2006;08;7
2;ELOISE;2000;08;7
2;ELOISE;2001;08;9
2;ELOISE;2002;08;10
2;ELOISE;2004;08;6
2;ELOISE;2005;08;4
2;ELOISE;2007;08;7
2;ELOISE;2008;08;7
2;ELOISE;2009;08;5
2;ELOÏSE;2010;08;5
2;ELOÏSE;2012;08;3
2;ELOÏSE;2015;08;4
2;ELOÏSE;2016;08;3
2;ELOÏSE;2017;08;8
2;ELOÏSE;2018;08;6
2;ÉLOÏSE;2013;08;3
2;ELSA;2000;08;3
2;ELSA;2001;08;4
2;ELSA;2002;08;3
2;ELSA;2003;08;5
2;ELSA;2005;08;5
2;ELSA;2006;08;3
2;ELSA;2007;08;6
2;ELSA;2008;08;7
2;ELSA;2009;08;5
2;ELSA;2010;08;4
2;ELSA;2011;08;4
2;ELSA;2012;08;8
2;ELSA;2013;08;6
2;ELSA;2014;08;3
2;ELSA;2015;08;4
2;ELSA;2016;08;5
2;ELSA;2017;08;8
2;ELSA;2019;08;5
2;ELSA;2020;08;3
2;ELYA;2010;08;3
2;ELYA;2020;08;3
2;ELYNE;2017;08;3
2;ELYNE;2021;08;3
2;ÉLYNE;2019;08;3
2;EMA;2010;08;3
2;EMELINE;2000;08;4
2;EMELINE;2001;08;11
2;EMELINE;2002;08;4
2;EMELINE;2003;08;3
2;EMELINE;2004;08;5
2;EMELINE;2006;08;5
2;EMELINE;2007;08;6
2;EMELINE;2010;08;6
2;EMIE;2012;08;4
2;EMIE;2021;08;3
2;EMILIE;2000;08;15
2;EMILIE;2001;08;10
2;EMILIE;2002;08;11
2;EMILIE;2003;08;9
2;EMILIE;2004;08;4
2;EMILIE;2005;08;4
2;EMILIE;2006;08;8
2;EMILIE;2007;08;6
2;EMILIE;2008;08;3
2;EMILIE;2009;08;5
2;EMILIE;2014;08;3
2;EMILY;2001;08;3
2;EMMA;2000;08;23
2;EMMA;2001;08;20
2;EMMA;2002;08;23
2;EMMA;2003;08;23
2;EMMA;2004;08;37
2;EMMA;2005;08;28
2;EMMA;2006;08;29
2;EMMA;2007;08;28
2;EMMA;2008;08;28
2;EMMA;2009;08;31
2;EMMA;2010;08;26
2;EMMA;2011;08;25
2;EMMA;2012;08;31
2;EMMA;2013;08;25
2;EMMA;2014;08;16
2;EMMA;2015;08;21
2;EMMA;2016;08;11
2;EMMA;2017;08;20
2;EMMA;2018;08;16
2;EMMA;2019;08;20
2;EMMA;2020;08;17
2;EMMA;2021;08;7
2;EMMIE;2011;08;3
2;EMMIE;2012;08;3
2;EMMY;2011;08;7
2;EMMY;2014;08;5
2;EMMY;2015;08;3
2;EMMY;2018;08;3
2;EMMY;2019;08;3
2;EMY;2002;08;3
2;EMY;2008;08;6
2;EMY;2009;08;8
2;EMY;2010;08;5
2;EMY;2011;08;3
2;EMY;2012;08;4
2;EMY;2014;08;5
2;EMY;2015;08;6
2;EMY;2016;08;5
2;EMY;2017;08;5
2;EMY;2019;08;4
2;EMY;2020;08;4
2;EMY;2021;08;5
2;ENOLA;2000;08;5
2;ENOLA;2002;08;3
2;ENOLA;2003;08;4
2;ENOLA;2004;08;6
2;ENOLA;2005;08;3
2;ENOLA;2007;08;3
2;ENOLA;2011;08;3
2;ENOLA;2013;08;3
2;ENOLA;2014;08;3
2;ENORA;2008;08;3
2;ENORA;2012;08;3
2;ERIKA;2007;08;4
2;ERINE;2004;08;3
2;ERINE;2005;08;4
2;ESTELLE;2000;08;4
2;ESTELLE;2001;08;4
2;ESTELLE;2002;08;3
2;ESTELLE;2005;08;3
2;ESTELLE;2010;08;3
2;ESTHER;2008;08;3
2;EUGÉNIE;2001;08;4
2;EUGÉNIE;2006;08;3
2;EVA;2000;08;17
2;EVA;2001;08;15
2;EVA;2002;08;23
2;EVA;2003;08;19
2;EVA;2004;08;20
2;EVA;2005;08;16
2;EVA;2006;08;16
2;EVA;2007;08;15
2;EVA;2008;08;22
2;EVA;2009;08;6
2;EVA;2010;08;12
2;EVA;2011;08;13
2;EVA;2012;08;8
2;EVA;2013;08;5
2;EVA;2014;08;7
2;EVA;2015;08;5
2;EVA;2016;08;5
2;EVA;2017;08;3
2;EVA;2018;08;7
2;EVA;2019;08;5
2;EVA;2020;08;5
2;EVA;2021;08;4
2;EVE;2003;08;3
2;EVE;2004;08;3
2;EVE;2006;08;5
2;EVE;2012;08;3
2;EVE;2014;08;3
2;FANNY;2001;08;5
2;FANNY;2002;08;3
2;FANNY;2003;08;5
2;FANNY;2004;08;3
2;FANNY;2006;08;3
2;FANNY;2010;08;3
2;FAUSTINE;2001;08;5
2;FAUSTINE;2002;08;3
2;FAUSTINE;2006;08;4
2;FAUSTINE;2007;08;7
2;FAUSTINE;2009;08;3
2;FAUSTINE;2010;08;10
2;FAUSTINE;2011;08;3
2;FAUSTINE;2012;08;6
2;FAUSTINE;2014;08;4
2;FAUSTINE;2015;08;7
2;FAUSTINE;2017;08;3
2;FIONA;2000;08;5
2;FIONA;2001;08;3
2;FIONA;2004;08;6
2;FIONA;2005;08;8
2;FLAVIE;2001;08;3
2;FLAVIE;2002;08;10
2;FLAVIE;2003;08;10
2;FLAVIE;2004;08;4
2;FLAVIE;2005;08;4
2;FLAVIE;2006;08;6
2;FLAVIE;2007;08;5
2;FLAVIE;2008;08;3
2;FLAVIE;2010;08;3
2;FLORE;2007;08;3
2;FLORIANE;2001;08;6
2;FLORIANE;2003;08;3
2;FLORINE;2000;08;4
2;FLORINE;2001;08;6
2;FLORINE;2002;08;4
2;FLORINE;2003;08;6
2;FLORINE;2004;08;3
2;FLORINE;2007;08;3
2;GABRIELLE;2002;08;5
2;GABRIELLE;2006;08;4
2;GABRIELLE;2011;08;6
2;GABRIELLE;2012;08;3
2;GABRIELLE;2015;08;3
2;GABRIELLE;2017;08;3
2;GABRIELLE;2021;08;3
2;GAELLE;2000;08;3
2;GAËTANE;2014;08;3
2;GARANCE;2007;08;3
2;GARANCE;2010;08;3
2;GARANCE;2013;08;3
2;GARANCE;2017;08;3
2;GIULIA;2013;08;6
2;GIULIA;2015;08;3
2;GIULIA;2017;08;3
2;GIULIA;2019;08;6
2;GIULIA;2020;08;5
2;GIULIA;2021;08;5
2;GLADYS;2003;08;3
2;GWENAELLE;2001;08;3
2;GWENAELLE;2002;08;5
2;GWENDOLINE;2000;08;4
2;GWENDOLINE;2001;08;5
2;GWENDOLINE;2006;08;4
2;GWLADYS;2000;08;3
2;HEATHER;2003;08;3
2;HELENA;2004;08;4
2;HELENA;2006;08;3
2;HÉLÈNE;2001;08;3
2;HÉLOÏSE;2001;08;4
2;HÉLOÏSE;2002;08;3
2;HÉLOÏSE;2003;08;3
2;HÉLOÏSE;2005;08;6
2;HÉLOÏSE;2011;08;3
2;HÉLOÏSE;2021;08;3
2;HONORINE;2001;08;3
2;HONORINE;2004;08;3
2;ILANA;2005;08;3
2;ILANA;2009;08;3
2;ILONA;2000;08;4
2;ILONA;2001;08;4
2;ILONA;2003;08;6
2;ILONA;2004;08;7
2;ILONA;2005;08;9
2;ILONA;2006;08;3
2;ILONA;2009;08;4
2;ILONA;2010;08;4
2;ILONA;2011;08;3
2;ILYANA;2013;08;4
2;ILYANA;2019;08;3
2;ILYANA;2021;08;5
2;IMANE;2000;08;3
2;INAYA;2009;08;4
2;INAYA;2010;08;8
2;INAYA;2011;08;9
2;INAYA;2012;08;4
2;INAYA;2013;08;9
2;INAYA;2014;08;5
2;INAYA;2015;08;4
2;INAYA;2016;08;8
2;INAYA;2018;08;5
2;INAYA;2019;08;4
2;INAYA;2020;08;9
2;INAYA;2021;08;7
2;INAYAH;2013;08;3
2;INES;2010;08;6
2;INES;2011;08;6
2;INES;2012;08;3
2;INES;2018;08;3
2;INÈS;2000;08;16
2;INÈS;2001;08;21
2;INÈS;2002;08;15
2;INÈS;2003;08;10
2;INÈS;2004;08;10
2;INÈS;2005;08;21
2;INÈS;2006;08;14
2;INÈS;2007;08;11
2;INÈS;2008;08;15
2;INÈS;2009;08;16
2;INÈS;2010;08;11
2;INÈS;2011;08;6
2;INÈS;2012;08;22
2;INÈS;2013;08;15
2;INÈS;2014;08;9
2;INÈS;2015;08;15
2;INÈS;2016;08;9
2;INÈS;2017;08;5
2;INÈS;2018;08;6
2;INÈS;2019;08;4
2;INÈS;2020;08;6
2;INÈS;2021;08;7
2;INESS;2006;08;3
2;IRIS;2013;08;3
2;IRIS;2016;08;3
2;IRIS;2018;08;6
2;IRIS;2020;08;6
2;IRIS;2021;08;7
2;JADE;2000;08;4
2;JADE;2001;08;10
2;JADE;2002;08;10
2;JADE;2003;08;10
2;JADE;2004;08;9
2;JADE;2005;08;13
2;JADE;2006;08;19
2;JADE;2007;08;17
2;JADE;2008;08;25
2;JADE;2009;08;22
2;JADE;2010;08;21
2;JADE;2011;08;25
2;JADE;2012;08;17
2;JADE;2013;08;20
2;JADE;2014;08;27
2;JADE;2015;08;19
2;JADE;2016;08;15
2;JADE;2017;08;12
2;JADE;2018;08;17
2;JADE;2019;08;16
2;JADE;2020;08;12
2;JADE;2021;08;8
2;JANNAH;2021;08;3
2;JEANNE;2000;08;5
2;JEANNE;2001;08;10
2;JEANNE;2002;08;4
2;JEANNE;2003;08;3
2;JEANNE;2004;08;6
2;JEANNE;2005;08;5
2;JEANNE;2006;08;5
2;JEANNE;2007;08;6
2;JEANNE;2008;08;8
2;JEANNE;2009;08;8
2;JEANNE;2010;08;6
2;JEANNE;2011;08;6
2;JEANNE;2012;08;8
2;JEANNE;2013;08;6
2;JEANNE;2014;08;10
2;JEANNE;2015;08;3
2;JEANNE;2016;08;7
2;JEANNE;2017;08;5
2;JEANNE;2018;08;3
2;JEANNE;2019;08;7
2;JEANNE;2020;08;7
2;JEANNE;2021;08;3
2;JENNIFER;2004;08;3
2;JENNY;2001;08;3
2;JESSICA;2001;08;4
2;JESSICA;2002;08;4
2;JESSICA;2003;08;3
2;JOHANNA;2000;08;6
2;JOHANNA;2006;08;3
2;JOHANNA;2008;08;3
2;JOSEPHINE;2001;08;3
2;JOY;2017;08;3
2;JOY;2019;08;3
2;JOY;2020;08;6
2;JUDITH;2018;08;3
2;JUDITH;2021;08;3
2;JULIA;2000;08;3
2;JULIA;2001;08;7
2;JULIA;2002;08;4
2;JULIA;2004;08;7
2;JULIA;2005;08;3
2;JULIA;2006;08;7
2;JULIA;2007;08;3
2;JULIA;2008;08;6
2;JULIA;2009;08;6
2;JULIA;2010;08;7
2;JULIA;2011;08;8
2;JULIA;2012;08;9
2;JULIA;2013;08;8
2;JULIA;2014;08;7
2;JULIA;2015;08;6
2;JULIA;2016;08;7
2;JULIA;2017;08;6
2;JULIA;2018;08;9
2;JULIA;2019;08;10
2;JULIA;2020;08;7
2;JULIA;2021;08;11
2;JULIANA;2014;08;3
2;JULIE;2000;08;33
2;JULIE;2001;08;21
2;JULIE;2002;08;23
2;JULIE;2003;08;20
2;JULIE;2004;08;20
2;JULIE;2005;08;12
2;JULIE;2006;08;13
2;JULIE;2007;08;10
2;JULIE;2008;08;13
2;JULIE;2009;08;4
2;JULIE;2010;08;6
2;JULIE;2012;08;5
2;JULIE;2013;08;6
2;JULIE;2014;08;6
2;JULIETTE;2000;08;11
2;JULIETTE;2001;08;8
2;JULIETTE;2002;08;7
2;JULIETTE;2003;08;12
2;JULIETTE;2004;08;12
2;JULIETTE;2005;08;11
2;JULIETTE;2006;08;11
2;JULIETTE;2007;08;8
2;JULIETTE;2008;08;13
2;JULIETTE;2009;08;6
2;JULIETTE;2010;08;6
2;JULIETTE;2011;08;6
2;JULIETTE;2012;08;6
2;JULIETTE;2013;08;5
2;JULIETTE;2014;08;6
2;JULIETTE;2015;08;3
2;JULIETTE;2016;08;6
2;JULIETTE;2017;08;4
2;JULIETTE;2018;08;6
2;JULIETTE;2020;08;4
2;JULIETTE;2021;08;3
2;JULINE;2005;08;3
2;JUSTINE;2000;08;18
2;JUSTINE;2001;08;19
2;JUSTINE;2002;08;15
2;JUSTINE;2003;08;17
2;JUSTINE;2004;08;8
2;JUSTINE;2005;08;11
2;JUSTINE;2006;08;9
2;JUSTINE;2007;08;4
2;JUSTINE;2008;08;10
2;JUSTINE;2009;08;5
2;JUSTINE;2010;08;6
2;JUSTINE;2011;08;6
2;JUSTINE;2012;08;8
2;JUSTINE;2013;08;5
2;KASSANDRA;2005;08;3
2;KAYLIE;2012;08;3
2;KELIA;2009;08;4
2;KELLY;2000;08;5
2;KELLY;2001;08;9
2;KELLY;2002;08;6
2;KELLY;2003;08;10
2;KELLY;2004;08;4
2;KELLY;2005;08;4
2;KELLY;2006;08;3
2;KELLY;2008;08;6
2;KELLY;2012;08;3
2;KELLY;2013;08;3
2;KELLY;2015;08;3
2;KENZA;2000;08;4
2;KENZA;2001;08;3
2;KENZA;2002;08;5
2;KENZA;2003;08;5
2;KENZA;2005;08;5
2;KENZA;2006;08;3
2;KENZA;2007;08;4
2;KENZA;2008;08;3
2;KENZA;2009;08;5
2;KENZA;2010;08;4
2;KENZA;2011;08;6
2;KENZA;2012;08;3
2;KENZA;2013;08;3
2;KENZA;2014;08;3
2;KENZA;2017;08;4
2;KENZA;2019;08;3
2;KIARA;2006;08;3
2;KIARA;2012;08;3
2;KIMBERLEY;2000;08;4
2;KIMBERLEY;2001;08;5
2;KIMBERLEY;2002;08;4
2;KIMBERLEY;2005;08;3
2;KIMBERLEY;2008;08;4
2;KIMBERLEY;2012;08;3
2;KIMBERLY;2009;08;3
2;KLARA;2003;08;3
2;LAETITIA;2000;08;3
2;LAETITIA;2005;08;3
2;LAHNA;2014;08;3
2;LALY;2007;08;5
2;LALY;2010;08;5
2;LALY;2011;08;5
2;LALY;2015;08;3
2;LANA;2003;08;3
2;LANA;2004;08;4
2;LANA;2005;08;10
2;LANA;2006;08;12
2;LANA;2007;08;9
2;LANA;2008;08;7
2;LANA;2009;08;5
2;LANA;2010;08;8
2;LANA;2011;08;9
2;LANA;2012;08;13
2;LANA;2013;08;10
2;LANA;2014;08;5
2;LANA;2015;08;5
2;LANA;2016;08;8
2;LANA;2017;08;5
2;LANA;2019;08;5
2;LANA;2020;08;4
2;LANA;2021;08;3
2;LARA;2017;08;3
2;LAURA;2000;08;29
2;LAURA;2001;08;26
2;LAURA;2002;08;19
2;LAURA;2003;08;16
2;LAURA;2004;08;11
2;LAURA;2005;08;12
2;LAURA;2006;08;9
2;LAURA;2007;08;9
2;LAURA;2008;08;14
2;LAURA;2009;08;5
2;LAURA;2010;08;9
2;LAURA;2011;08;4
2;LAURA;2012;08;4
2;LAURA;2013;08;3
2;LAURA;2017;08;3
2;LAURE;2000;08;7
2;LAURE;2001;08;4
2;LAURE;2003;08;6
2;LAURE;2010;08;4
2;LAURE;2013;08;3
2;LAURE;2014;08;3
2;LAURIE;2000;08;4
2;LAURIE;2001;08;3
2;LAURIE;2003;08;3
2;LAURINE;2000;08;9
2;LAURINE;2001;08;13
2;LAURINE;2002;08;9
2;LAURINE;2003;08;9
2;LAURINE;2005;08;4
2;LAURINE;2006;08;5
2;LAURINE;2007;08;7
2;LAURINE;2008;08;4
2;LAURINE;2012;08;3
2;LAURY;2002;08;3
2;LAYANA;2017;08;6
2;LEA;2010;08;6
2;LEA;2011;08;5
2;LÉA;2000;08;66
2;LÉA;2001;08;61
2;LÉA;2002;08;62
2;LÉA;2003;08;62
2;LÉA;2004;08;29
2;LÉA;2005;08;31
2;LÉA;2006;08;30
2;LÉA;2007;08;33
2;LÉA;2008;08;28
2;LÉA;2009;08;29
2;LÉA;2010;08;20
2;LÉA;2011;08;18
2;LÉA;2012;08;18
2;LÉA;2013;08;13
2;LÉA;2014;08;19
2;LÉA;2015;08;17
2;LÉA;2016;08;6
2;LÉA;2017;08;11
2;LÉA;2018;08;5
2;LÉA;2019;08;10
2;LÉA;2020;08;7
2;LÉA;2021;08;8
2;LÉANA;2000;08;4
2;LÉANA;2001;08;5
2;LÉANA;2005;08;4
2;LÉANA;2006;08;4
2;LÉANA;2008;08;7
2;LÉANA;2009;08;4
2;LÉANA;2010;08;5
2;LÉANA;2011;08;5
2;LÉANA;2012;08;8
2;LÉANA;2013;08;5
2;LÉANA;2014;08;6
2;LÉANA;2015;08;3
2;LÉANA;2016;08;7
2;LÉANA;2018;08;5
2;LÉANA;2019;08;6
2;LÉANE;2003;08;4
2;LÉANE;2004;08;5
2;LÉANE;2005;08;4
2;LÉANE;2006;08;5
2;LÉANE;2007;08;8
2;LÉANE;2008;08;4
2;LÉANE;2009;08;5
2;LÉANE;2010;08;4
2;LÉANE;2011;08;3
2;LÉANE;2012;08;4
2;LÉANE;2013;08;5
2;LÉANE;2014;08;3
2;LÉANE;2017;08;5
2;LEELOU;2015;08;3
2;LEILA;2000;08;4
2;LEILA;2001;08;3
2;LEILA;2004;08;3
2;LENA;2010;08;8
2;LENA;2021;08;4
2;LÉNA;2000;08;8
2;LÉNA;2001;08;6
2;LÉNA;2002;08;7
2;LÉNA;2003;08;14
2;LÉNA;2004;08;9
2;LÉNA;2005;08;17
2;LÉNA;2006;08;13
2;LÉNA;2007;08;22
2;LÉNA;2008;08;12
2;LÉNA;2009;08;9
2;LÉNA;2010;08;11
2;LÉNA;2011;08;10
2;LÉNA;2012;08;22
2;LÉNA;2013;08;13
2;LÉNA;2014;08;18
2;LÉNA;2015;08;8
2;LÉNA;2016;08;6
2;LÉNA;2017;08;5
2;LÉNA;2018;08;11
2;LÉNA;2019;08;8
2;LÉNA;2021;08;6
2;LEONIE;2010;08;3
2;LEONIE;2011;08;3
2;LÉONIE;2000;08;6
2;LÉONIE;2001;08;6
2;LÉONIE;2002;08;4
2;LÉONIE;2003;08;10
2;LÉONIE;2004;08;3
2;LÉONIE;2006;08;3
2;LÉONIE;2007;08;5
2;LÉONIE;2008;08;6
2;LÉONIE;2009;08;3
2;LÉONIE;2010;08;5
2;LÉONIE;2011;08;7
2;LÉONIE;2012;08;8
2;LÉONIE;2014;08;3
2;LÉONIE;2015;08;4
2;LÉONIE;2016;08;8
2;LÉONIE;2017;08;7
2;LÉONIE;2018;08;7
2;LÉONIE;2019;08;10
2;LÉONIE;2020;08;8
2;LÉONIE;2021;08;5
2;LESLIE;2001;08;3
2;LEXIE;2013;08;3
2;LIA;2017;08;4
2;LIANA;2011;08;4
2;LILA;2006;08;4
2;LILA;2010;08;3
2;LILAS;2020;08;3
2;LILI;2005;08;3
2;LILI;2006;08;3
2;LILI;2007;08;5
2;LILI;2008;08;4
2;LILI;2012;08;3
2;LILI-ROSE;2009;08;3
2;LILIA;2013;08;3
2;LILIE;2012;08;4
2;LILLY;2011;08;4
2;LILLY;2013;08;3
2;LILOO;2008;08;3
2;LILOU;2002;08;5
2;LILOU;2003;08;8
2;LILOU;2004;08;9
2;LILOU;2005;08;12
2;LILOU;2006;08;14
2;LILOU;2007;08;13
2;LILOU;2008;08;24
2;LILOU;2009;08;32
2;LILOU;2010;08;26
2;LILOU;2011;08;15
2;LILOU;2012;08;18
2;LILOU;2013;08;6
2;LILOU;2014;08;16
2;LILOU;2015;08;17
2;LILOU;2016;08;3
2;LILOU;2017;08;6
2;LILOU;2018;08;5
2;LILOU;2020;08;3
2;LILOU;2021;08;4
2;LILY;2004;08;3
2;LILY;2006;08;3
2;LILY;2007;08;3
2;LILY;2008;08;13
2;LILY;2009;08;6
2;LILY;2010;08;9
2;LILY;2011;08;6
2;LILY;2012;08;6
2;LILY;2013;08;5
2;LILY;2014;08;3
2;LILY;2015;08;3
2;LILY;2016;08;3
2;LILY;2017;08;5
2;LILY;2019;08;4
2;LILY;2021;08;3
2;LILY-ROSE;2008;08;3
2;LILY-ROSE;2010;08;4
2;LILY-ROSE;2012;08;4
2;LILY-ROSE;2015;08;4
2;LILY-ROSE;2017;08;4
2;LILYA;2014;08;3
2;LINA;2003;08;3
2;LINA;2004;08;6
2;LINA;2005;08;5
2;LINA;2006;08;4
2;LINA;2007;08;3
2;LINA;2009;08;5
2;LINA;2010;08;7
2;LINA;2011;08;7
2;LINA;2012;08;8
2;LINA;2013;08;9
2;LINA;2014;08;7
2;LINA;2015;08;6
2;LINA;2016;08;4
2;LINA;2017;08;5
2;LINA;2018;08;6
2;LINA;2019;08;11
2;LINA;2020;08;9
2;LINA;2021;08;5
2;LINDSAY;2001;08;4
2;LINDSAY;2004;08;3
2;LINDSAY;2008;08;4
2;LINDSAY;2009;08;3
2;LINDSAY;2010;08;3
2;LINDSAY;2012;08;3
2;LINOA;2009;08;3
2;LISA;2000;08;8
2;LISA;2001;08;16
2;LISA;2002;08;15
2;LISA;2003;08;11
2;LISA;2004;08;11
2;LISA;2005;08;14
2;LISA;2006;08;11
2;LISA;2007;08;8
2;LISA;2008;08;6
2;LISA;2009;08;6
2;LISA;2010;08;10
2;LISA;2012;08;3
2;LISA;2013;08;3
2;LISA;2018;08;3
2;LISE;2002;08;3
2;LISE;2003;08;3
2;LISE;2009;08;3
2;LISE;2014;08;5
2;LISE;2015;08;3
2;LISE;2019;08;3
2;LISON;2000;08;5
2;LISON;2003;08;6
2;LISON;2004;08;3
2;LISON;2005;08;5
2;LISON;2006;08;4
2;LISON;2008;08;3
2;LISON;2011;08;6
2;LISON;2012;08;3
2;LISON;2013;08;3
2;LISON;2015;08;4
2;LISON;2017;08;4
2;LISON;2018;08;6
2;LISON;2019;08;4
2;LISON;2020;08;6
2;LISON;2021;08;4
2;LIVIA;2015;08;3
2;LIVIA;2019;08;3
2;LIVIA;2020;08;3
2;LIVIA;2021;08;5
2;LIZEA;2006;08;3
2;LOAN;2003;08;6
2;LOANA;2012;08;3
2;LOANE;2003;08;5
2;LOANE;2004;08;6
2;LOANE;2005;08;3
2;LOANE;2006;08;8
2;LOANE;2007;08;6
2;LOANE;2008;08;5
2;LOANE;2009;08;3
2;LOANE;2010;08;3
2;LOANNE;2003;08;4
2;LOANNE;2011;08;3
2;LOÏS;2004;08;3
2;LOLA;2000;08;4
2;LOLA;2001;08;5
2;LOLA;2002;08;16
2;LOLA;2003;08;18
2;LOLA;2004;08;15
2;LOLA;2005;08;20
2;LOLA;2006;08;26
2;LOLA;2007;08;26
2;LOLA;2008;08;24
2;LOLA;2009;08;25
2;LOLA;2010;08;40
2;LOLA;2011;08;31
2;LOLA;2012;08;18
2;LOLA;2013;08;27
2;LOLA;2014;08;16
2;LOLA;2015;08;15
2;LOLA;2016;08;9
2;LOLA;2017;08;13
2;LOLA;2018;08;11
2;LOLA;2019;08;12
2;LOLA;2020;08;7
2;LOLA;2021;08;9
2;LOLITA;2001;08;4
2;LOLITA;2002;08;4
2;LOLITA;2009;08;3
2;LORIE;2002;08;4
2;LORIE;2004;08;3
2;LORINE;2004;08;4
2;LOU;2000;08;3
2;LOU;2001;08;4
2;LOU;2002;08;6
2;LOU;2003;08;6
2;LOU;2004;08;7
2;LOU;2005;08;8
2;LOU;2006;08;6
2;LOU;2007;08;5
2;LOU;2008;08;9
2;LOU;2009;08;7
2;LOU;2010;08;6
2;LOU;2012;08;11
2;LOU;2013;08;9
2;LOU;2014;08;3
2;LOU;2015;08;6
2;LOU;2016;08;5
2;LOU;2017;08;8
2;LOU;2018;08;11
2;LOU;2019;08;9
2;LOU;2020;08;4
2;LOU;2021;08;10
2;LOU-ANN;2004;08;3
2;LOU-ANN;2005;08;3
2;LOU-ANN;2007;08;4
2;LOU-ANN;2008;08;4
2;LOU-ANN;2010;08;4
2;LOU-ANNE;2001;08;4
2;LOU-ANNE;2002;08;3
2;LOU-ANNE;2006;08;5
2;LOU-ANNE;2007;08;3
2;LOU-ANNE;2008;08;5
2;LOUANE;2004;08;4
2;LOUANE;2005;08;9
2;LOUANE;2006;08;7
2;LOUANE;2007;08;7
2;LOUANE;2008;08;5
2;LOUANE;2009;08;14
2;LOUANE;2010;08;13
2;LOUANE;2011;08;14
2;LOUANE;2012;08;7
2;LOUANE;2013;08;11
2;LOUANE;2014;08;6
2;LOUANE;2015;08;7
2;LOUANE;2016;08;6
2;LOUANE;2017;08;4
2;LOUANE;2018;08;9
2;LOUANE;2019;08;3
2;LOUANE;2020;08;4
2;LOUANN;2004;08;3
2;LOUANNE;2007;08;3
2;LOUANNE;2010;08;3
2;LOUANNE;2011;08;3
2;LOUANNE;2015;08;3
2;LOUBNA;2001;08;3
2;LOUISA;2013;08;4
2;LOUISE;2000;08;14
2;LOUISE;2001;08;6
2;LOUISE;2002;08;10
2;LOUISE;2003;08;8
2;LOUISE;2004;08;5
2;LOUISE;2005;08;8
2;LOUISE;2006;08;6
2;LOUISE;2007;08;9
2;LOUISE;2008;08;9
2;LOUISE;2009;08;13
2;LOUISE;2010;08;9
2;LOUISE;2011;08;5
2;LOUISE;2012;08;13
2;LOUISE;2013;08;15
2;LOUISE;2014;08;18
2;LOUISE;2015;08;10
2;LOUISE;2016;08;9
2;LOUISE;2017;08;12
2;LOUISE;2018;08;16
2;LOUISE;2019;08;12
2;LOUISE;2020;08;9
2;LOUISE;2021;08;16
2;LOUNA;2003;08;4
2;LOUNA;2004;08;4
2;LOUNA;2005;08;8
2;LOUNA;2006;08;9
2;LOUNA;2007;08;15
2;LOUNA;2008;08;11
2;LOUNA;2009;08;13
2;LOUNA;2010;08;20
2;LOUNA;2011;08;11
2;LOUNA;2012;08;14
2;LOUNA;2013;08;6
2;LOUNA;2014;08;13
2;LOUNA;2015;08;15
2;LOUNA;2016;08;10
2;LOUNA;2017;08;5
2;LOUNA;2018;08;7
2;LOUNA;2020;08;9
2;LOUNA;2021;08;8
2;LUANA;2000;08;3
2;LUCIE;2000;08;26
2;LUCIE;2001;08;24
2;LUCIE;2002;08;21
2;LUCIE;2003;08;17
2;LUCIE;2004;08;23
2;LUCIE;2005;08;17
2;LUCIE;2006;08;20
2;LUCIE;2007;08;12
2;LUCIE;2008;08;18
2;LUCIE;2009;08;11
2;LUCIE;2010;08;11
2;LUCIE;2011;08;13
2;LUCIE;2012;08;9
2;LUCIE;2013;08;12
2;LUCIE;2014;08;11
2;LUCIE;2015;08;10
2;LUCIE;2016;08;10
2;LUCIE;2017;08;10
2;LUCIE;2018;08;8
2;LUCIE;2019;08;8
2;LUCIE;2020;08;6
2;LUCIE;2021;08;7
2;LUCILE;2000;08;4
2;LUCILE;2002;08;4
2;LUCILE;2003;08;5
2;LUCILE;2007;08;4
2;LUCY;2001;08;3
2;LUCY;2002;08;7
2;LUCY;2004;08;4
2;LUCY;2007;08;4
2;LUCY;2014;08;4
2;LUCY;2017;08;6
2;LUDIVINE;2000;08;3
2;LUDIVINE;2001;08;3
2;LUNA;2003;08;3
2;LUNA;2006;08;4
2;LUNA;2008;08;9
2;LUNA;2009;08;5
2;LUNA;2010;08;4
2;LUNA;2012;08;3
2;LUNA;2013;08;6
2;LUNA;2014;08;3
2;LUNA;2015;08;3
2;LUNA;2016;08;5
2;LUNA;2017;08;7
2;LUNA;2018;08;6
2;LUNA;2019;08;5
2;LUNA;2020;08;4
2;LUNA;2021;08;4
2;LYA;2008;08;3
2;LYA;2012;08;3
2;LYA;2013;08;4
2;LYA;2015;08;5
2;LYA;2017;08;4
2;LYA;2018;08;8
2;LYA;2019;08;3
2;LYA;2020;08;6
2;LYANA;2011;08;3
2;LYANA;2013;08;3
2;LYANA;2015;08;5
2;LYANA;2017;08;3
2;LYANA;2019;08;8
2;LYANA;2020;08;4
2;LYANNA;2019;08;4
2;LYLA;2020;08;3
2;LYLOU;2006;08;5
2;LYLOU;2008;08;4
2;LYLOU;2009;08;5
2;LYLOU;2010;08;5
2;LYLOU;2012;08;4
2;LYLOU;2014;08;4
2;LYLOU;2015;08;6
2;LYLOU;2016;08;5
2;LYNA;2010;08;3
2;LYNA;2014;08;3
2;LYNA;2015;08;4
2;LYNA;2016;08;3
2;LYNA;2018;08;4
2;LYNA;2019;08;4
2;LYNA;2020;08;4
2;MADDIE;2021;08;3
2;MADDY;2021;08;6
2;MADELINE;2001;08;3
2;MADISON;2004;08;3
2;MADISON;2005;08;3
2;MADISON;2006;08;3
2;MADISON;2007;08;3
2;MADISON;2008;08;4
2;MAE;2009;08;3
2;MAELINE;2005;08;3
2;MAELINE;2009;08;4
2;MAËLINE;2012;08;3
2;MAËLINE;2016;08;4
2;MAELLE;2000;08;5
2;MAELLE;2001;08;8
2;MAELLE;2002;08;4
2;MAELLE;2003;08;4
2;MAELLE;2004;08;7
2;MAELLE;2005;08;8
2;MAELLE;2006;08;8
2;MAELLE;2007;08;6
2;MAELLE;2008;08;9
2;MAELLE;2009;08;6
2;MAËLLE;2011;08;3
2;MAËLLE;2013;08;3
2;MAËLYA;2017;08;3
2;MAËLYA;2019;08;3
2;MAELYS;2001;08;3
2;MAELYS;2002;08;4
2;MAELYS;2004;08;4
2;MAELYS;2006;08;9
2;MAELYS;2007;08;12
2;MAELYS;2008;08;10
2;MAELYS;2009;08;27
2;MAELYS;2010;08;15
2;MAELYS;2011;08;6
2;MAËLYS;2010;08;6
2;MAËLYS;2011;08;10
2;MAËLYS;2012;08;12
2;MAËLYS;2013;08;11
2;MAËLYS;2014;08;5
2;MAËLYS;2015;08;14
2;MAËLYS;2016;08;3
2;MAËLYS;2017;08;4
2;MAËLYS;2018;08;3
2;MAËLYS;2020;08;5
2;MAËLYS;2021;08;3
2;MAEVA;2000;08;15
2;MAEVA;2001;08;19
2;MAEVA;2002;08;16
2;MAEVA;2003;08;13
2;MAEVA;2004;08;13
2;MAEVA;2005;08;8
2;MAEVA;2006;08;10
2;MAEVA;2007;08;9
2;MAEVA;2008;08;18
2;MAEVA;2009;08;10
2;MAEVA;2010;08;5
2;MAËVA;2010;08;5
2;MAËVA;2011;08;3
2;MAËVA;2014;08;5
2;MAILYS;2001;08;3
2;MAILYS;2006;08;5
2;MAILYS;2007;08;3
2;MAILYS;2008;08;3
2;MAÏLYS;2015;08;3
2;MAISSA;2009;08;4
2;MAÏSSA;2012;08;3
2;MAÏSSA;2014;08;3
2;MALAURIE;2002;08;3
2;MALLAURY;2000;08;4
2;MALYA;2019;08;3
2;MANDY;2000;08;5
2;MANEL;2012;08;5
2;MANON;2000;08;36
2;MANON;2001;08;31
2;MANON;2002;08;31
2;MANON;2003;08;20
2;MANON;2004;08;24
2;MANON;2005;08;19
2;MANON;2006;08;15
2;MANON;2007;08;20
2;MANON;2008;08;15
2;MANON;2009;08;16
2;MANON;2010;08;18
2;MANON;2011;08;10
2;MANON;2012;08;11
2;MANON;2013;08;8
2;MANON;2014;08;7
2;MANON;2015;08;7
2;MANON;2016;08;9
2;MANON;2017;08;3
2;MANON;2018;08;5
2;MANON;2021;08;4
2;MARGAUX;2000;08;18
2;MARGAUX;2001;08;6
2;MARGAUX;2002;08;8
2;MARGAUX;2003;08;8
2;MARGAUX;2004;08;8
2;MARGAUX;2005;08;3
2;MARGAUX;2006;08;5
2;MARGAUX;2007;08;7
2;MARGAUX;2008;08;3
2;MARGAUX;2009;08;3
2;MARGAUX;2010;08;4
2;MARGAUX;2011;08;5
2;MARGAUX;2012;08;3
2;MARGAUX;2013;08;4
2;MARGAUX;2014;08;5
2;MARGAUX;2015;08;3
2;MARGAUX;2016;08;3
2;MARGAUX;2017;08;4
2;MARGAUX;2019;08;3
2;MARGAUX;2021;08;3
2;MARGOT;2000;08;11
2;MARGOT;2001;08;10
2;MARGOT;2002;08;5
2;MARGOT;2003;08;5
2;MARGOT;2004;08;7
2;MARGOT;2005;08;10
2;MARGOT;2006;08;10
2;MARGOT;2007;08;3
2;MARGOT;2008;08;7
2;MARGOT;2012;08;5
2;MARGOT;2013;08;3
2;MARGOT;2014;08;5
2;MARGOT;2015;08;3
2;MARGOT;2016;08;6
2;MARGOT;2017;08;4
2;MARGOT;2019;08;4
2;MARGOT;2021;08;5
2;MARIA;2016;08;3
2;MARIE;2000;08;27
2;MARIE;2001;08;19
2;MARIE;2002;08;20
2;MARIE;2003;08;19
2;MARIE;2004;08;19
2;MARIE;2005;08;6
2;MARIE;2006;08;4
2;MARIE;2007;08;18
2;MARIE;2008;08;11
2;MARIE;2009;08;7
2;MARIE;2010;08;5
2;MARIE;2011;08;4
2;MARIE;2013;08;4
2;MARIE;2016;08;3
2;MARIE;2021;08;5
2;MARIE-AMÉLIE;2001;08;3
2;MARIELLA;2007;08;3
2;MARINA;2000;08;6
2;MARINA;2001;08;7
2;MARINA;2002;08;3
2;MARINA;2004;08;7
2;MARINE;2000;08;25
2;MARINE;2001;08;18
2;MARINE;2002;08;14
2;MARINE;2003;08;8
2;MARINE;2004;08;4
2;MARINE;2005;08;7
2;MARINE;2006;08;3
2;MARINE;2007;08;7
2;MARINE;2008;08;4
2;MARINE;2009;08;4
2;MARION;2000;08;13
2;MARION;2001;08;15
2;MARION;2002;08;5
2;MARION;2003;08;7
2;MARION;2004;08;8
2;MARION;2005;08;8
2;MARION;2006;08;8
2;MARION;2008;08;5
2;MARION;2012;08;3
2;MARWA;2013;08;3
2;MARYAM;2013;08;3
2;MATHILDA;2003;08;3
2;MATHILDE;2000;08;19
2;MATHILDE;2001;08;12
2;MATHILDE;2002;08;13
2;MATHILDE;2003;08;17
2;MATHILDE;2004;08;10
2;MATHILDE;2005;08;5
2;MATHILDE;2006;08;4
2;MATHILDE;2007;08;9
2;MATHILDE;2008;08;3
2;MATHILDE;2009;08;5
2;MATHILDE;2010;08;4
2;MATHILDE;2013;08;4
2;MATHILDE;2020;08;3
2;MAUD;2000;08;6
2;MAUD;2001;08;5
2;MAUD;2002;08;4
2;MAUD;2006;08;3
2;MAUD;2007;08;3
2;MAXINE;2016;08;3
2;MAYA;2009;08;3
2;MAYA;2011;08;3
2;MAYA;2017;08;3
2;MAYLIS;2006;08;3
2;MAYLIS;2008;08;3
2;MEGANE;2000;08;6
2;MEGANE;2001;08;3
2;MÉLANIE;2000;08;7
2;MÉLANIE;2001;08;6
2;MÉLANIE;2003;08;4
2;MELIHA;2007;08;3
2;MELINA;2011;08;3
2;MÉLINA;2002;08;5
2;MÉLINA;2003;08;4
2;MÉLINA;2004;08;5
2;MÉLINA;2005;08;3
2;MÉLINA;2006;08;5
2;MÉLINA;2007;08;6
2;MÉLINA;2008;08;10
2;MÉLINA;2009;08;10
2;MÉLINA;2010;08;8
2;MÉLINA;2011;08;3
2;MÉLINA;2012;08;4
2;MÉLINA;2013;08;5
2;MÉLINA;2015;08;4
2;MÉLINA;2016;08;5
2;MELINDA;2001;08;3
2;MELINDA;2006;08;4
2;MELINE;2000;08;3
2;MELINE;2001;08;3
2;MELINE;2002;08;9
2;MELINE;2003;08;6
2;MELINE;2004;08;6
2;MELINE;2005;08;7
2;MELINE;2006;08;8
2;MELINE;2007;08;4
2;MELINE;2008;08;4
2;MELINE;2009;08;8
2;MELINE;2010;08;5
2;MÉLINE;2010;08;5
2;MÉLINE;2011;08;4
2;MÉLINE;2012;08;7
2;MÉLINE;2013;08;6
2;MÉLINE;2014;08;4
2;MÉLINE;2016;08;4
2;MÉLINE;2020;08;3
2;MELIS;2010;08;3
2;MÉLISSA;2000;08;4
2;MÉLISSA;2001;08;12
2;MÉLISSA;2002;08;7
2;MÉLISSA;2003;08;6
2;MÉLISSA;2004;08;5
2;MÉLISSA;2006;08;5
2;MÉLISSA;2007;08;4
2;MÉLISSA;2008;08;6
2;MÉLISSA;2009;08;8
2;MÉLISSA;2010;08;3
2;MÉLISSA;2011;08;5
2;MÉLISSA;2015;08;4
2;MELLINA;2010;08;3
2;MELODIE;2000;08;3
2;MELODIE;2008;08;4
2;MÉLYA;2019;08;3
2;MÉLYNE;2017;08;3
2;MERVE;2000;08;4
2;MIA;2014;08;4
2;MIA;2015;08;6
2;MIA;2016;08;8
2;MIA;2017;08;10
2;MIA;2018;08;10
2;MIA;2019;08;12
2;MIA;2020;08;11
2;MIA;2021;08;10
2;MILA;2010;08;3
2;MILA;2012;08;3
2;MILA;2013;08;4
2;MILA;2016;08;10
2;MILA;2017;08;11
2;MILA;2018;08;6
2;MILA;2019;08;6
2;MILA;2020;08;4
2;MILA;2021;08;7
2;MILLA;2016;08;3
2;MILLA;2018;08;3
2;MINA;2009;08;3
2;MOLLY;2019;08;3
2;MORGANE;2000;08;11
2;MORGANE;2001;08;8
2;MORGANE;2002;08;8
2;MORGANE;2003;08;12
2;MORGANE;2004;08;10
2;MORGANE;2005;08;4
2;MORGANE;2006;08;6
2;MORGANE;2007;08;3
2;MORGANE;2009;08;6
2;MORGANE;2012;08;3
2;MYA;2014;08;6
2;MYA;2015;08;3
2;MYA;2016;08;3
2;MYA;2018;08;4
2;MYA;2019;08;6
2;MYA;2020;08;5
2;MYLA;2017;08;4
2;MYLA;2019;08;4
2;MYLÈNE;2002;08;3
2;MYRIAM;2003;08;3
2;MYRIAM;2005;08;3
2;NAOMIE;2009;08;3
2;NAOMIE;2010;08;3
2;NAOMIE;2011;08;4
2;NAOMIE;2018;08;3
2;NAWEL;2001;08;3
2;NÉLIA;2019;08;3
2;NELYA;2021;08;3
2;NÉLYA;2018;08;3
2;NEYLA;2015;08;3
2;NINA;2000;08;4
2;NINA;2001;08;4
2;NINA;2002;08;8
2;NINA;2004;08;3
2;NINA;2005;08;4
2;NINA;2006;08;6
2;NINA;2008;08;7
2;NINA;2009;08;9
2;NINA;2010;08;4
2;NINA;2011;08;3
2;NINA;2012;08;6
2;NINA;2013;08;3
2;NINA;2014;08;5
2;NINA;2015;08;7
2;NINA;2017;08;8
2;NINA;2018;08;8
2;NINA;2020;08;12
2;NINA;2021;08;5
2;NINON;2007;08;7
2;NINON;2009;08;3
2;NINON;2011;08;5
2;NINON;2012;08;3
2;NINON;2013;08;3
2;NINON;2014;08;4
2;NINON;2015;08;3
2;NINON;2016;08;4
2;NINON;2017;08;3
2;NISA;2010;08;3
2;NOELINE;2009;08;5
2;NOÉLINE;2016;08;3
2;NOEMIE;2000;08;8
2;NOEMIE;2001;08;14
2;NOEMIE;2002;08;10
2;NOEMIE;2003;08;12
2;NOEMIE;2004;08;10
2;NOEMIE;2005;08;10
2;NOEMIE;2006;08;6
2;NOEMIE;2007;08;9
2;NOEMIE;2008;08;7
2;NOEMIE;2009;08;7
2;NOEMIE;2010;08;3
2;NOÉMIE;2010;08;3
2;NOÉMIE;2011;08;5
2;NOÉMIE;2012;08;8
2;NOÉMIE;2014;08;3
2;NOÉMIE;2015;08;7
2;NOÉMIE;2017;08;3
2;NOLWENN;2002;08;3
2;NOLWENN;2003;08;5
2;OCEANE;2010;08;4
2;OCÉANE;2000;08;47
2;OCÉANE;2001;08;36
2;OCÉANE;2002;08;34
2;OCÉANE;2003;08;31
2;OCÉANE;2004;08;19
2;OCÉANE;2005;08;18
2;OCÉANE;2006;08;13
2;OCÉANE;2007;08;6
2;OCÉANE;2008;08;16
2;OCÉANE;2009;08;7
2;OCÉANE;2010;08;13
2;OCÉANE;2011;08;6
2;OCÉANE;2012;08;5
2;OCÉANE;2013;08;4
2;OCÉANE;2014;08;8
2;OCÉANE;2015;08;4
2;OCÉANE;2018;08;3
2;OCTAVIA;2021;08;3
2;OLIVIA;2002;08;5
2;OLIVIA;2008;08;4
2;OLIVIA;2010;08;3
2;OLIVIA;2011;08;3
2;OLIVIA;2019;08;5
2;OLIVIA;2020;08;5
2;OLIVIA;2021;08;5
2;OPHÉLIE;2000;08;9
2;OPHÉLIE;2002;08;3
2;OPHÉLIE;2003;08;9
2;OPHÉLIE;2004;08;6
2;OPHÉLIE;2005;08;6
2;OPHÉLIE;2007;08;3
2;OPHÉLIE;2009;08;4
2;ORIANE;2004;08;3
2;ORLANE;2001;08;4
2;ORLANE;2002;08;3
2;ORLANE;2003;08;5
2;ORLANE;2004;08;6
2;ORLANE;2005;08;4
2;PAULINE;2000;08;27
2;PAULINE;2001;08;21
2;PAULINE;2002;08;26
2;PAULINE;2003;08;13
2;PAULINE;2004;08;11
2;PAULINE;2005;08;9
2;PAULINE;2006;08;8
2;PAULINE;2007;08;9
2;PAULINE;2008;08;12
2;PAULINE;2009;08;6
2;PAULINE;2010;08;10
2;PAULINE;2012;08;5
2;PAULINE;2014;08;4
2;PAULINE;2016;08;4
2;PERRINE;2000;08;3
2;PERRINE;2001;08;6
2;PERRINE;2002;08;3
2;PERRINE;2003;08;4
2;PERRINE;2004;08;4
2;PERRINE;2005;08;3
2;RAPHAËLLE;2018;08;3
2;RIHANNA;2007;08;3
2;ROMANE;2000;08;14
2;ROMANE;2001;08;14
2;ROMANE;2002;08;13
2;ROMANE;2003;08;13
2;ROMANE;2004;08;11
2;ROMANE;2005;08;7
2;ROMANE;2006;08;13
2;ROMANE;2007;08;10
2;ROMANE;2008;08;7
2;ROMANE;2009;08;9
2;ROMANE;2010;08;12
2;ROMANE;2011;08;7
2;ROMANE;2012;08;12
2;ROMANE;2013;08;4
2;ROMANE;2014;08;6
2;ROMANE;2015;08;9
2;ROMANE;2016;08;6
2;ROMANE;2017;08;7
2;ROMANE;2018;08;4
2;ROMANE;2020;08;5
2;ROMANE;2021;08;3
2;ROMY;2010;08;3
2;ROMY;2019;08;3
2;ROMY;2020;08;4
2;ROSE;2001;08;3
2;ROSE;2003;08;3
2;ROSE;2008;08;3
2;ROSE;2009;08;6
2;ROSE;2010;08;4
2;ROSE;2011;08;7
2;ROSE;2012;08;6
2;ROSE;2013;08;9
2;ROSE;2014;08;4
2;ROSE;2015;08;13
2;ROSE;2016;08;5
2;ROSE;2017;08;8
2;ROSE;2018;08;7
2;ROSE;2019;08;12
2;ROSE;2020;08;10
2;ROSE;2021;08;11
2;ROXANE;2020;08;3
2;ROXANNE;2017;08;3
2;SABRINA;2001;08;3
2;SABRINA;2009;08;3
2;SACHA;2001;08;3
2;SALOMÉ;2000;08;9
2;SALOMÉ;2001;08;7
2;SALOMÉ;2002;08;3
2;SALOMÉ;2004;08;4
2;SALOMÉ;2005;08;3
2;SALOMÉ;2007;08;5
2;SALOMÉ;2008;08;4
2;SALOMÉ;2009;08;4
2;SALOMÉ;2010;08;3
2;SALOMÉ;2012;08;7
2;SALOMÉ;2013;08;4
2;SALOMÉ;2014;08;3
2;SALOMÉ;2017;08;3
2;SALOMÉ;2018;08;3
2;SALOMÉ;2020;08;3
2;SALOMÉ;2021;08;3
2;SAMANTHA;2000;08;4
2;SAMANTHA;2001;08;3
2;SAMANTHA;2003;08;3
2;SANA;2009;08;3
2;SANDRA;2003;08;3
2;SANDY;2000;08;4
2;SANDY;2001;08;4
2;SANDY;2003;08;4
2;SANDY;2005;08;4
2;SARA;2000;08;3
2;SARA;2001;08;3
2;SARA;2005;08;4
2;SARA;2008;08;4
2;SARA;2010;08;4
2;SARAH;2000;08;26
2;SARAH;2001;08;24
2;SARAH;2002;08;21
2;SARAH;2003;08;16
2;SARAH;2004;08;22
2;SARAH;2005;08;21
2;SARAH;2006;08;10
2;SARAH;2007;08;17
2;SARAH;2008;08;16
2;SARAH;2009;08;14
2;SARAH;2010;08;11
2;SARAH;2011;08;7
2;SARAH;2012;08;13
2;SARAH;2013;08;9
2;SARAH;2014;08;4
2;SARAH;2015;08;4
2;SARAH;2016;08;10
2;SARAH;2017;08;6
2;SARAH;2018;08;5
2;SELENA;2006;08;3
2;SÉLÉNA;2013;08;3
2;SÉLÉNA;2014;08;3
2;SÉRÉNA;2003;08;3
2;SHAIMA;2007;08;3
2;SHANA;2007;08;4
2;SHANA;2009;08;3
2;SHANA;2011;08;4
2;SHANA;2012;08;5
2;SHANA;2013;08;4
2;SHANNA;2008;08;3
2;SHANNA;2010;08;4
2;SHANNA;2013;08;7
2;SHANNA;2014;08;4
2;SHAYNA;2014;08;3
2;SHIRLEY;2002;08;3
2;SILA;2004;08;3
2;SIRINE;2012;08;3
2;SIRINE;2014;08;3
2;SOFIA;2007;08;3
2;SOFIA;2008;08;3
2;SOFIA;2012;08;4
2;SOFIA;2014;08;6
2;SOFIA;2016;08;4
2;SOFIA;2017;08;4
2;SOFIA;2019;08;6
2;SOFIA;2020;08;3
2;SOFIA;2021;08;5
2;SOLÈNE;2000;08;5
2;SOLÈNE;2001;08;7
2;SOLÈNE;2002;08;3
2;SOLÈNE;2003;08;3
2;SOLÈNE;2004;08;4
2;SOLÈNE;2007;08;3
2;SOLÈNE;2008;08;3
2;SOLINE;2010;08;3
2;SOLINE;2014;08;4
2;SOLINE;2016;08;6
2;SOLINE;2017;08;4
2;SOLINE;2019;08;3
2;SONIA;2002;08;4
2;SOPHIE;2000;08;4
2;SOPHIE;2003;08;5
2;SOPHIE;2007;08;3
2;SOPHIE;2008;08;3
2;STACY;2001;08;3
2;STACY;2003;08;4
2;STECY;2005;08;3
2;STELLA;2009;08;3
2;STELLA;2010;08;3
2;STESSY;2003;08;3
2;SUZANNE;2018;08;3
2;SUZANNE;2019;08;3
2;SUZANNE;2020;08;3
2;SUZON;2006;08;4
2;SUZON;2013;08;3
2;SUZY;2009;08;3
2;TATIANA;2003;08;4
2;TATIANA;2009;08;3
2;TATIANA;2010;08;3
2;TESS;2004;08;3
2;TESS;2012;08;3
2;TESS;2014;08;4
2;TESSA;2005;08;3
2;TESSA;2014;08;3
2;TESSA;2020;08;3
2;THAIS;2008;08;4
2;THAÏS;2011;08;3
2;THAÏS;2012;08;3
2;THAÏS;2013;08;4
2;THAÏS;2014;08;5
2;THALIA;2006;08;3
2;THEA;2001;08;3
2;THEA;2009;08;3
2;THÉA;2015;08;3
2;THÉA;2016;08;3
2;THÉA;2017;08;7
2;THÉA;2018;08;3
2;THÉA;2019;08;4
2;THÉA;2020;08;4
2;THÉA;2021;08;3
2;TIFFANY;2003;08;4
2;TIFFANY;2004;08;4
2;TIPHAINE;2002;08;5
2;TIPHAINE;2007;08;4
2;TIPHAINE;2008;08;3
2;TIPHAINE;2009;08;3
2;TRACY;2008;08;3
2;VALENTINE;2000;08;6
2;VALENTINE;2001;08;6
2;VALENTINE;2002;08;3
2;VALENTINE;2003;08;7
2;VALENTINE;2005;08;4
2;VALENTINE;2008;08;3
2;VALENTINE;2010;08;3
2;VALENTINE;2015;08;3
2;VALENTINE;2019;08;4
2;VALENTINE;2020;08;3
2;VICTOIRE;2007;08;3
2;VICTOIRE;2011;08;3
2;VICTOIRE;2012;08;3
2;VICTOIRE;2014;08;5
2;VICTOIRE;2018;08;5
2;VICTOIRE;2019;08;5
2;VICTOIRE;2021;08;8
2;VICTORIA;2000;08;9
2;VICTORIA;2001;08;4
2;VICTORIA;2002;08;5
2;VICTORIA;2004;08;3
2;VICTORIA;2011;08;3
2;VICTORIA;2015;08;3
2;VICTORIA;2018;08;3
2;VICTORINE;2001;08;5
2;VICTORINE;2002;08;4
2;VICTORINE;2004;08;4
2;VIOLETTE;2002;08;4
2;WENDY;2002;08;3
2;WENDY;2004;08;3
2;WENDY;2008;08;3
2;YASMINE;2000;08;3
2;YASMINE;2003;08;5
2;YASMINE;2008;08;3
2;YASMINE;2009;08;4
2;YASMINE;2010;08;4
2;YASMINE;2018;08;3
2;YASMINE;2020;08;3
2;ZELIE;2004;08;3
2;ZELIE;2008;08;3
2;ZELIE;2009;08;10
2;ZELIE;2010;08;5
2;ZELIE;2011;08;3
2;ZÉLIE;2010;08;3
2;ZÉLIE;2011;08;6
2;ZÉLIE;2012;08;4
2;ZÉLIE;2013;08;3
2;ZÉLIE;2014;08;5
2;ZÉLIE;2015;08;5
2;ZÉLIE;2016;08;6
2;ZÉLIE;2017;08;6
2;ZÉLIE;2018;08;3
2;ZÉLIE;2019;08;4
2;ZÉLIE;2020;08;4
2;ZEYNEP;2001;08;3
2;ZOE;2011;08;6
2;ZOÉ;2001;08;5
2;ZOÉ;2002;08;11
2;ZOÉ;2003;08;5
2;ZOÉ;2004;08;13
2;ZOÉ;2005;08;11
2;ZOÉ;2006;08;9
2;ZOÉ;2007;08;18
2;ZOÉ;2008;08;13
2;ZOÉ;2009;08;21
2;ZOÉ;2010;08;22
2;ZOÉ;2011;08;11
2;ZOÉ;2012;08;13
2;ZOÉ;2013;08;21
2;ZOÉ;2014;08;19
2;ZOÉ;2015;08;16
2;ZOÉ;2016;08;16
2;ZOÉ;2017;08;9
2;ZOÉ;2018;08;9
2;ZOÉ;2019;08;11
2;ZOÉ;2020;08;5
2;ZOÉ;2021;08;5
