sexe;preusuel;annais;dpt;nombre
1;_PRENOMS_RARES;2000;09;18
1;_PRENOMS_RARES;2001;09;18
1;_PRENOMS_RARES;2002;09;12
1;_PRENOMS_RARES;2003;09;19
1;_PRENOMS_RARES;2004;09;9
1;_PRENOMS_RARES;2005;09;17
1;_PRENOMS_RARES;2006;09;16
1;_PRENOMS_RARES;2007;09;20
1;_PRENOMS_RARES;2008;09;23
1;_PRENOMS_RARES;2009;09;20
1;_PRENOMS_RARES;2010;09;32
1;_PRENOMS_RARES;2011;09;28
1;_PRENOMS_RARES;2012;09;23
1;_PRENOMS_RARES;2013;09;36
1;_PRENOMS_RARES;2014;09;31
1;_PRENOMS_RARES;2015;09;34
1;_PRENOMS_RARES;2016;09;37
1;_PRENOMS_RARES;2017;09;35
1;_PRENOMS_RARES;2018;09;39
1;_PRENOMS_RARES;2019;09;38
1;_PRENOMS_RARES;2020;09;30
1;_PRENOMS_RARES;2021;09;32
1;AARON;2012;09;3
1;AARON;2014;09;4
1;AARON;2015;09;3
1;AARON;2016;09;7
1;AARON;2017;09;5
1;AARON;2018;09;6
1;AARON;2019;09;3
1;AARON;2020;09;5
1;AARON;2021;09;3
1;ADAM;2004;09;3
1;ADAM;2008;09;5
1;ADAM;2011;09;4
1;ADAM;2012;09;3
1;ADAM;2013;09;3
1;ADAM;2014;09;5
1;ADAM;2016;09;4
1;ADAM;2018;09;4
1;ADAM;2019;09;6
1;ADAM;2020;09;6
1;ADAM;2021;09;4
1;ADRIEN;2001;09;6
1;ADRIEN;2002;09;3
1;ADRIEN;2003;09;4
1;ADRIEN;2004;09;6
1;ADRIEN;2005;09;6
1;ADRIEN;2006;09;5
1;ADRIEN;2008;09;3
1;ADRIEN;2011;09;3
1;ADRIEN;2013;09;5
1;ADRIEN;2017;09;3
1;ALBAN;2013;09;4
1;ALBAN;2019;09;4
1;ALBAN;2021;09;3
1;ALEX;2012;09;3
1;ALEXANDRE;2000;09;7
1;ALEXANDRE;2001;09;6
1;ALEXANDRE;2002;09;11
1;ALEXANDRE;2003;09;13
1;ALEXANDRE;2004;09;8
1;ALEXANDRE;2005;09;7
1;ALEXANDRE;2006;09;6
1;ALEXANDRE;2007;09;5
1;ALEXANDRE;2009;09;7
1;ALEXANDRE;2010;09;5
1;ALEXANDRE;2011;09;4
1;ALEXANDRE;2012;09;3
1;ALEXANDRE;2015;09;5
1;ALEXANDRE;2020;09;3
1;ALEXIS;2000;09;5
1;ALEXIS;2001;09;6
1;ALEXIS;2003;09;6
1;ALEXIS;2004;09;5
1;ALEXIS;2005;09;6
1;ALEXIS;2006;09;7
1;ALEXIS;2007;09;7
1;ALEXIS;2008;09;8
1;ALEXIS;2009;09;7
1;ALEXIS;2010;09;4
1;ALEXIS;2011;09;5
1;ALEXIS;2012;09;5
1;ALEXIS;2019;09;3
1;ALLAN;2000;09;3
1;AMINE;2009;09;4
1;AMINE;2014;09;3
1;AMINE;2015;09;3
1;AMIR;2019;09;3
1;ANGE;2013;09;3
1;ANGEL;2007;09;4
1;ANTHONY;2000;09;4
1;ANTHONY;2001;09;3
1;ANTHONY;2002;09;7
1;ANTHONY;2005;09;3
1;ANTHONY;2006;09;5
1;ANTHONY;2007;09;4
1;ANTOINE;2000;09;4
1;ANTOINE;2002;09;3
1;ANTOINE;2003;09;4
1;ANTOINE;2005;09;5
1;ANTOINE;2007;09;5
1;ANTOINE;2009;09;3
1;ANTOINE;2013;09;3
1;ANTOINE;2014;09;5
1;ANTOINE;2020;09;3
1;ANTONIN;2001;09;4
1;ANTONIN;2003;09;3
1;ANTONIN;2007;09;3
1;ARTHUR;2000;09;3
1;ARTHUR;2001;09;4
1;ARTHUR;2003;09;3
1;ARTHUR;2005;09;3
1;ARTHUR;2006;09;6
1;ARTHUR;2007;09;7
1;ARTHUR;2009;09;6
1;ARTHUR;2010;09;3
1;ARTHUR;2011;09;3
1;ARTHUR;2012;09;8
1;ARTHUR;2013;09;3
1;ARTHUR;2014;09;7
1;ARTHUR;2015;09;5
1;ARTHUR;2017;09;4
1;ARTHUR;2018;09;10
1;ARTHUR;2020;09;5
1;ARTHUR;2021;09;4
1;AUGUSTIN;2007;09;3
1;AUGUSTIN;2021;09;5
1;AURELIEN;2012;09;3
1;AURÉLIEN;2002;09;4
1;AURÉLIEN;2003;09;3
1;AURÉLIEN;2004;09;4
1;AURÉLIEN;2005;09;4
1;AURÉLIEN;2008;09;3
1;AXEL;2000;09;5
1;AXEL;2001;09;10
1;AXEL;2002;09;7
1;AXEL;2003;09;8
1;AXEL;2004;09;9
1;AXEL;2005;09;7
1;AXEL;2006;09;9
1;AXEL;2007;09;4
1;AXEL;2008;09;5
1;AXEL;2010;09;6
1;AXEL;2011;09;7
1;AXEL;2012;09;7
1;AXEL;2013;09;6
1;AXEL;2014;09;5
1;AXEL;2015;09;6
1;AXEL;2016;09;3
1;AXEL;2020;09;6
1;AXEL;2021;09;3
1;AYDEN;2016;09;4
1;AYDEN;2021;09;4
1;BAPTISTE;2000;09;3
1;BAPTISTE;2001;09;11
1;BAPTISTE;2002;09;3
1;BAPTISTE;2003;09;6
1;BAPTISTE;2004;09;6
1;BAPTISTE;2005;09;5
1;BAPTISTE;2006;09;4
1;BAPTISTE;2007;09;3
1;BAPTISTE;2008;09;5
1;BAPTISTE;2009;09;5
1;BAPTISTE;2010;09;4
1;BAPTISTE;2011;09;4
1;BAPTISTE;2012;09;3
1;BAPTISTE;2013;09;7
1;BAPTISTE;2014;09;4
1;BAPTISTE;2015;09;5
1;BAPTISTE;2016;09;5
1;BAPTISTE;2017;09;6
1;BAPTISTE;2018;09;4
1;BAPTISTE;2019;09;3
1;BAPTISTE;2020;09;6
1;BAPTISTE;2021;09;3
1;BASILE;2021;09;3
1;BASTIEN;2000;09;8
1;BASTIEN;2001;09;7
1;BASTIEN;2002;09;4
1;BASTIEN;2003;09;6
1;BASTIEN;2004;09;6
1;BASTIEN;2005;09;3
1;BASTIEN;2006;09;4
1;BASTIEN;2008;09;4
1;BASTIEN;2013;09;3
1;BASTIEN;2015;09;3
1;BENJAMIN;2000;09;7
1;BENJAMIN;2001;09;6
1;BENJAMIN;2002;09;5
1;BENJAMIN;2003;09;4
1;BENJAMIN;2004;09;6
1;BENJAMIN;2005;09;4
1;BENJAMIN;2006;09;4
1;BENJAMIN;2007;09;6
1;BENJAMIN;2008;09;5
1;BENJAMIN;2011;09;3
1;BENJAMIN;2018;09;7
1;BENOÎT;2000;09;3
1;BENOÎT;2001;09;3
1;BENOÎT;2003;09;3
1;BRYAN;2002;09;4
1;BRYAN;2004;09;3
1;BRYAN;2007;09;3
1;BRYAN;2015;09;3
1;CAMILLE;2021;09;3
1;CEDRIC;2000;09;6
1;CEDRIC;2005;09;5
1;CHARLIE;2018;09;3
1;CHARLY;2014;09;3
1;CHARLY;2020;09;3
1;CHARLY;2021;09;4
1;CLEMENT;2010;09;4
1;CLEMENT;2011;09;7
1;CLEMENT;2013;09;4
1;CLÉMENT;2000;09;12
1;CLÉMENT;2001;09;16
1;CLÉMENT;2002;09;9
1;CLÉMENT;2003;09;12
1;CLÉMENT;2004;09;8
1;CLÉMENT;2005;09;11
1;CLÉMENT;2006;09;8
1;CLÉMENT;2007;09;3
1;CLÉMENT;2008;09;13
1;CLÉMENT;2009;09;6
1;CLÉMENT;2010;09;4
1;CLÉMENT;2013;09;3
1;CLÉMENT;2015;09;6
1;CLÉMENT;2016;09;6
1;CLÉMENT;2017;09;5
1;CLÉMENT;2018;09;7
1;CLÉMENT;2021;09;3
1;CORENTIN;2001;09;4
1;CORENTIN;2002;09;5
1;CORENTIN;2003;09;5
1;CORENTIN;2004;09;4
1;CORENTIN;2006;09;6
1;CORENTIN;2007;09;7
1;CORENTIN;2009;09;3
1;CORENTIN;2012;09;4
1;CORENTIN;2015;09;3
1;CORENTIN;2021;09;3
1;DAMIEN;2000;09;6
1;DAMIEN;2002;09;9
1;DAMIEN;2003;09;3
1;DAMIEN;2004;09;3
1;DAMIEN;2007;09;5
1;DAMIEN;2015;09;3
1;DAVID;2000;09;3
1;DAVID;2001;09;3
1;DAVID;2004;09;3
1;DAVID;2006;09;3
1;DAVID;2008;09;3
1;DAVID;2020;09;3
1;DIEGO;2007;09;4
1;DIEGO;2009;09;7
1;DIEGO;2015;09;5
1;DIEGO;2018;09;3
1;DIEGO;2020;09;3
1;DIMITRI;2001;09;4
1;DIMITRI;2004;09;3
1;DIMITRI;2006;09;3
1;DIMITRI;2007;09;3
1;DORIAN;2000;09;8
1;DORIAN;2001;09;12
1;DORIAN;2002;09;7
1;DORIAN;2003;09;7
1;DORIAN;2004;09;14
1;DORIAN;2005;09;9
1;DORIAN;2006;09;5
1;DORIAN;2008;09;4
1;DORIAN;2011;09;3
1;DORIAN;2013;09;3
1;DORIAN;2015;09;3
1;DORYAN;2007;09;3
1;DYLAN;2000;09;8
1;DYLAN;2001;09;8
1;DYLAN;2002;09;4
1;DYLAN;2003;09;6
1;DYLAN;2004;09;6
1;DYLAN;2005;09;7
1;DYLAN;2006;09;3
1;DYLAN;2007;09;7
1;DYLAN;2008;09;4
1;DYLAN;2009;09;5
1;DYLAN;2010;09;3
1;DYLAN;2017;09;3
1;EDEN;2014;09;5
1;EDEN;2015;09;3
1;EDEN;2018;09;4
1;EDEN;2021;09;5
1;ELIE;2007;09;3
1;ELIO;2014;09;3
1;ELIOT;2011;09;3
1;ELIOT;2012;09;3
1;ELIOTT;2014;09;3
1;ELIOTT;2021;09;3
1;ELOAN;2013;09;5
1;ELOUAN;2005;09;4
1;ELOUAN;2010;09;3
1;EMILE;2006;09;3
1;ÉMILE;2021;09;4
1;EMILIEN;2007;09;3
1;ENZO;2000;09;7
1;ENZO;2001;09;12
1;ENZO;2002;09;15
1;ENZO;2003;09;15
1;ENZO;2004;09;17
1;ENZO;2005;09;25
1;ENZO;2006;09;12
1;ENZO;2007;09;18
1;ENZO;2008;09;14
1;ENZO;2009;09;14
1;ENZO;2010;09;13
1;ENZO;2011;09;15
1;ENZO;2012;09;9
1;ENZO;2013;09;12
1;ENZO;2014;09;10
1;ENZO;2015;09;6
1;ENZO;2016;09;5
1;ENZO;2017;09;5
1;ENZO;2018;09;3
1;ENZO;2019;09;4
1;ENZO;2021;09;3
1;ERWAN;2004;09;6
1;ESTEBAN;2006;09;4
1;ESTEBAN;2007;09;5
1;ESTEBAN;2008;09;5
1;ESTEBAN;2010;09;6
1;ESTEBAN;2011;09;6
1;ESTEBAN;2014;09;3
1;ESTEBAN;2015;09;3
1;ESTEBAN;2016;09;3
1;ESTEBAN;2021;09;3
1;ETHAN;2003;09;3
1;ETHAN;2005;09;4
1;ETHAN;2006;09;5
1;ETHAN;2007;09;3
1;ETHAN;2008;09;4
1;ETHAN;2009;09;7
1;ETHAN;2010;09;9
1;ETHAN;2011;09;6
1;ETHAN;2012;09;9
1;ETHAN;2013;09;6
1;ETHAN;2014;09;15
1;ETHAN;2015;09;8
1;ETHAN;2016;09;9
1;ETHAN;2017;09;4
1;ETHAN;2018;09;8
1;ETHAN;2019;09;6
1;ETHAN;2020;09;12
1;ETHAN;2021;09;3
1;EVAN;2003;09;5
1;EVAN;2005;09;7
1;EVAN;2006;09;4
1;EVAN;2007;09;3
1;EVAN;2008;09;8
1;EVAN;2010;09;5
1;EVAN;2011;09;12
1;EVAN;2012;09;8
1;EVAN;2013;09;5
1;EVAN;2014;09;4
1;EVAN;2021;09;3
1;EZIO;2016;09;3
1;EZIO;2021;09;3
1;FABIEN;2000;09;3
1;FABIEN;2001;09;3
1;FABIEN;2002;09;5
1;FÉLIX;2001;09;4
1;FLORENT;2002;09;3
1;FLORIAN;2000;09;7
1;FLORIAN;2001;09;11
1;FLORIAN;2002;09;5
1;FLORIAN;2003;09;3
1;FLORIAN;2004;09;4
1;FLORIAN;2005;09;5
1;FLORIAN;2006;09;7
1;FLORIAN;2008;09;3
1;FREDERIC;2011;09;3
1;GABIN;2009;09;4
1;GABIN;2010;09;4
1;GABIN;2011;09;5
1;GABIN;2012;09;5
1;GABIN;2013;09;5
1;GABIN;2014;09;7
1;GABIN;2015;09;3
1;GABIN;2016;09;4
1;GABIN;2017;09;3
1;GABIN;2018;09;6
1;GABIN;2020;09;8
1;GABIN;2021;09;5
1;GABRIEL;2000;09;3
1;GABRIEL;2002;09;4
1;GABRIEL;2004;09;6
1;GABRIEL;2005;09;6
1;GABRIEL;2006;09;7
1;GABRIEL;2007;09;10
1;GABRIEL;2008;09;4
1;GABRIEL;2009;09;9
1;GABRIEL;2010;09;9
1;GABRIEL;2011;09;5
1;GABRIEL;2012;09;9
1;GABRIEL;2013;09;8
1;GABRIEL;2014;09;10
1;GABRIEL;2015;09;6
1;GABRIEL;2016;09;11
1;GABRIEL;2017;09;12
1;GABRIEL;2018;09;10
1;GABRIEL;2019;09;6
1;GABRIEL;2020;09;6
1;GABRIEL;2021;09;11
1;GAEL;2005;09;3
1;GAEL;2006;09;4
1;GAËTAN;2000;09;3
1;GAËTAN;2003;09;3
1;GAËTAN;2006;09;3
1;GIOVANNI;2009;09;3
1;GREGORY;2002;09;3
1;GREGORY;2009;09;3
1;GUILHEM;2002;09;3
1;GUILHEM;2008;09;3
1;GUILHEM;2012;09;3
1;GUILLAUME;2000;09;11
1;GUILLAUME;2001;09;6
1;GUILLAUME;2003;09;3
1;GUILLAUME;2005;09;3
1;GUILLAUME;2007;09;5
1;GUILLEM;2004;09;3
1;HAYDEN;2016;09;3
1;HUGO;2000;09;10
1;HUGO;2001;09;10
1;HUGO;2002;09;9
1;HUGO;2003;09;14
1;HUGO;2004;09;7
1;HUGO;2005;09;8
1;HUGO;2006;09;12
1;HUGO;2007;09;11
1;HUGO;2008;09;9
1;HUGO;2009;09;6
1;HUGO;2010;09;12
1;HUGO;2011;09;8
1;HUGO;2012;09;6
1;HUGO;2013;09;13
1;HUGO;2014;09;9
1;HUGO;2015;09;10
1;HUGO;2016;09;5
1;HUGO;2017;09;6
1;HUGO;2018;09;7
1;HUGO;2019;09;7
1;HUGO;2020;09;13
1;HUGO;2021;09;5
1;ILAN;2006;09;3
1;ILAN;2007;09;3
1;ILAN;2011;09;4
1;ILAN;2014;09;3
1;ILAN;2020;09;3
1;ILYES;2010;09;3
1;ILYES;2014;09;4
1;ILYES;2016;09;4
1;JAMES;2021;09;3
1;JASON;2001;09;4
1;JASON;2004;09;5
1;JEAN;2005;09;5
1;JEAN;2013;09;4
1;JEAN;2020;09;3
1;JEREMY;2000;09;5
1;JEREMY;2001;09;7
1;JEREMY;2002;09;10
1;JEREMY;2004;09;3
1;JEREMY;2006;09;3
1;JEREMY;2008;09;3
1;JEREMY;2010;09;3
1;JOAN;2013;09;3
1;JOHAN;2007;09;3
1;JOHAN;2009;09;3
1;JOHAN;2017;09;4
1;JOHAN;2018;09;3
1;JOLAN;2000;09;3
1;JONAS;2015;09;3
1;JONATHAN;2001;09;3
1;JONATHAN;2009;09;4
1;JORDAN;2000;09;4
1;JORDAN;2004;09;4
1;JORDAN;2007;09;3
1;JORDAN;2008;09;3
1;JORDAN;2009;09;3
1;JORDAN;2014;09;3
1;JORIS;2004;09;3
1;JOSEPH;2010;09;4
1;JOSHUA;2004;09;3
1;JULES;2004;09;3
1;JULES;2006;09;5
1;JULES;2007;09;6
1;JULES;2008;09;7
1;JULES;2009;09;7
1;JULES;2010;09;8
1;JULES;2012;09;4
1;JULES;2013;09;8
1;JULES;2014;09;7
1;JULES;2015;09;12
1;JULES;2016;09;4
1;JULES;2017;09;12
1;JULES;2018;09;5
1;JULES;2019;09;8
1;JULES;2020;09;10
1;JULES;2021;09;3
1;JULIAN;2007;09;3
1;JULIAN;2008;09;4
1;JULIAN;2011;09;3
1;JULIAN;2014;09;3
1;JULIAN;2015;09;3
1;JULIAN;2017;09;3
1;JULIAN;2018;09;3
1;JULIEN;2000;09;7
1;JULIEN;2001;09;10
1;JULIEN;2002;09;5
1;JULIEN;2003;09;7
1;JULIEN;2006;09;3
1;JULIEN;2008;09;3
1;JULIEN;2009;09;3
1;JULIEN;2021;09;3
1;KAÏS;2014;09;3
1;KAÏS;2017;09;4
1;KAÏS;2020;09;7
1;KENZO;2008;09;5
1;KENZO;2010;09;3
1;KENZO;2012;09;3
1;KENZO;2014;09;3
1;KENZO;2016;09;3
1;KENZO;2021;09;4
1;KEVIN;2000;09;10
1;KEVIN;2001;09;5
1;KEVIN;2003;09;4
1;KEVIN;2006;09;4
1;KILIAN;2003;09;3
1;KILIAN;2007;09;3
1;KILLIAN;2000;09;3
1;KILLIAN;2004;09;3
1;KILLIAN;2005;09;4
1;KILLIAN;2006;09;3
1;KILLIAN;2007;09;4
1;KYLIAN;2004;09;3
1;KYLIAN;2006;09;4
1;KYLIAN;2008;09;3
1;KYLIAN;2009;09;5
1;KYLIAN;2010;09;6
1;KYLIAN;2012;09;4
1;KYLIAN;2013;09;5
1;KYLIAN;2014;09;3
1;KYLIAN;2015;09;3
1;KYLIAN;2016;09;3
1;LÉANDRE;2017;09;6
1;LÉANDRO;2017;09;3
1;LENNY;2003;09;3
1;LENNY;2004;09;3
1;LENNY;2005;09;3
1;LENNY;2006;09;3
1;LENNY;2008;09;6
1;LENNY;2009;09;4
1;LENNY;2010;09;3
1;LENNY;2011;09;4
1;LENNY;2012;09;3
1;LENNY;2013;09;5
1;LENNY;2014;09;6
1;LENNY;2019;09;3
1;LENNY;2020;09;3
1;LENY;2007;09;7
1;LENY;2012;09;5
1;LENY;2014;09;3
1;LEO;2010;09;10
1;LEO;2011;09;8
1;LEO;2012;09;7
1;LÉO;2000;09;5
1;LÉO;2001;09;13
1;LÉO;2002;09;9
1;LÉO;2003;09;8
1;LÉO;2004;09;9
1;LÉO;2005;09;6
1;LÉO;2006;09;8
1;LÉO;2007;09;4
1;LÉO;2008;09;6
1;LÉO;2009;09;8
1;LÉO;2010;09;3
1;LÉO;2012;09;6
1;LÉO;2013;09;10
1;LÉO;2014;09;16
1;LÉO;2015;09;5
1;LÉO;2016;09;13
1;LÉO;2017;09;5
1;LÉO;2018;09;5
1;LÉO;2019;09;9
1;LÉO;2020;09;8
1;LÉO;2021;09;11
1;LÉON;2016;09;4
1;LÉON;2018;09;3
1;LÉON;2019;09;6
1;LÉON;2021;09;5
1;LIAM;2007;09;3
1;LIAM;2009;09;3
1;LIAM;2011;09;3
1;LIAM;2013;09;6
1;LIAM;2014;09;7
1;LIAM;2015;09;6
1;LIAM;2016;09;8
1;LIAM;2017;09;9
1;LIAM;2018;09;4
1;LIAM;2019;09;4
1;LIAM;2020;09;8
1;LIAM;2021;09;3
1;LILIAN;2003;09;3
1;LILIAN;2004;09;4
1;LILIAN;2006;09;6
1;LIVIO;2019;09;3
1;LIVIO;2021;09;4
1;LOAN;2006;09;3
1;LOAN;2008;09;3
1;LOAN;2009;09;4
1;LOAN;2010;09;3
1;LOAN;2011;09;3
1;LOAN;2012;09;4
1;LOAN;2014;09;3
1;LOAN;2015;09;5
1;LOAN;2017;09;3
1;LOAN;2019;09;3
1;LOGAN;2017;09;4
1;LOGAN;2020;09;3
1;LOGAN;2021;09;4
1;LOHAN;2010;09;3
1;LOHAN;2013;09;3
1;LOHAN;2014;09;3
1;LOHAN;2017;09;3
1;LOIC;2012;09;3
1;LOÏC;2000;09;7
1;LOÏC;2001;09;4
1;LOÏC;2002;09;5
1;LOÏC;2003;09;4
1;LOÏC;2006;09;3
1;LOÏC;2008;09;3
1;LOÏS;2019;09;4
1;LORENZO;2005;09;3
1;LORENZO;2009;09;6
1;LORENZO;2010;09;6
1;LORENZO;2011;09;5
1;LORENZO;2012;09;4
1;LORENZO;2013;09;7
1;LORENZO;2014;09;6
1;LORENZO;2016;09;4
1;LORENZO;2017;09;4
1;LORENZO;2018;09;3
1;LORENZO;2019;09;6
1;LORIS;2005;09;3
1;LORIS;2008;09;3
1;LOUCAS;2012;09;4
1;LOUIS;2000;09;4
1;LOUIS;2001;09;8
1;LOUIS;2002;09;3
1;LOUIS;2003;09;5
1;LOUIS;2004;09;4
1;LOUIS;2005;09;4
1;LOUIS;2006;09;7
1;LOUIS;2007;09;4
1;LOUIS;2009;09;3
1;LOUIS;2010;09;7
1;LOUIS;2012;09;9
1;LOUIS;2013;09;12
1;LOUIS;2014;09;8
1;LOUIS;2015;09;11
1;LOUIS;2016;09;7
1;LOUIS;2017;09;7
1;LOUIS;2019;09;5
1;LOUIS;2020;09;9
1;LOUIS;2021;09;6
1;LOUKA;2012;09;4
1;LOUKA;2013;09;3
1;LOUKA;2014;09;4
1;LOUKA;2016;09;4
1;LOUKA;2017;09;4
1;LOUKA;2018;09;3
1;LUCA;2003;09;3
1;LUCAS;2000;09;18
1;LUCAS;2001;09;18
1;LUCAS;2002;09;18
1;LUCAS;2003;09;14
1;LUCAS;2004;09;10
1;LUCAS;2005;09;8
1;LUCAS;2006;09;9
1;LUCAS;2007;09;16
1;LUCAS;2008;09;14
1;LUCAS;2009;09;17
1;LUCAS;2010;09;14
1;LUCAS;2011;09;15
1;LUCAS;2012;09;7
1;LUCAS;2013;09;12
1;LUCAS;2014;09;8
1;LUCAS;2015;09;6
1;LUCAS;2016;09;8
1;LUCAS;2017;09;7
1;LUCAS;2018;09;8
1;LUCAS;2019;09;7
1;LUCAS;2020;09;8
1;LUCIEN;2018;09;3
1;LUDOVIC;2001;09;3
1;LUIS;2021;09;3
1;LUKA;2016;09;3
1;LUKA;2018;09;3
1;LUKAS;2012;09;4
1;LYAM;2014;09;3
1;LYAM;2017;09;4
1;LYAM;2020;09;7
1;LYAM;2021;09;10
1;MAÉ;2021;09;3
1;MAEL;2000;09;7
1;MAEL;2001;09;4
1;MAEL;2004;09;4
1;MAEL;2005;09;7
1;MAEL;2006;09;4
1;MAEL;2007;09;6
1;MAEL;2008;09;12
1;MAEL;2009;09;8
1;MAEL;2010;09;8
1;MAEL;2011;09;3
1;MAEL;2012;09;12
1;MAËL;2012;09;3
1;MAËL;2013;09;5
1;MAËL;2014;09;3
1;MAËL;2015;09;8
1;MAËL;2016;09;8
1;MAËL;2017;09;8
1;MAËL;2018;09;5
1;MAËL;2019;09;7
1;MAËL;2020;09;5
1;MAËL;2021;09;4
1;MALO;2013;09;3
1;MALO;2020;09;3
1;MALO;2021;09;3
1;MALONE;2010;09;3
1;MANOA;2014;09;3
1;MARCEL;2018;09;3
1;MARIUS;2015;09;5
1;MARIUS;2019;09;4
1;MARIUS;2020;09;3
1;MARLON;2019;09;3
1;MARTIN;2002;09;4
1;MARTIN;2004;09;4
1;MARTIN;2005;09;3
1;MARTIN;2008;09;4
1;MARTIN;2010;09;4
1;MARTIN;2011;09;5
1;MARTIN;2012;09;4
1;MARTIN;2017;09;3
1;MARTIN;2020;09;5
1;MARTIN;2021;09;6
1;MATEO;2012;09;3
1;MATÉO;2002;09;3
1;MATÉO;2003;09;3
1;MATÉO;2004;09;3
1;MATÉO;2007;09;3
1;MATÉO;2009;09;3
1;MATÉO;2014;09;4
1;MATHEO;2010;09;3
1;MATHEO;2011;09;4
1;MATHEO;2012;09;6
1;MATHÉO;2001;09;3
1;MATHÉO;2003;09;4
1;MATHÉO;2006;09;6
1;MATHÉO;2007;09;3
1;MATHÉO;2008;09;4
1;MATHÉO;2009;09;9
1;MATHÉO;2010;09;3
1;MATHÉO;2013;09;3
1;MATHÉO;2014;09;5
1;MATHÉO;2016;09;4
1;MATHÉO;2017;09;7
1;MATHÉO;2018;09;5
1;MATHÉO;2021;09;4
1;MATHIAS;2001;09;3
1;MATHIAS;2004;09;3
1;MATHIAS;2006;09;9
1;MATHIAS;2007;09;7
1;MATHIAS;2009;09;6
1;MATHIAS;2011;09;3
1;MATHIAS;2012;09;4
1;MATHIAS;2019;09;3
1;MATHIEU;2000;09;8
1;MATHIEU;2001;09;12
1;MATHIEU;2002;09;4
1;MATHIEU;2003;09;5
1;MATHIEU;2005;09;8
1;MATHIEU;2008;09;5
1;MATHIEU;2009;09;4
1;MATHIEU;2010;09;3
1;MATHIS;2001;09;4
1;MATHIS;2002;09;3
1;MATHIS;2003;09;4
1;MATHIS;2004;09;11
1;MATHIS;2005;09;5
1;MATHIS;2006;09;12
1;MATHIS;2007;09;8
1;MATHIS;2008;09;13
1;MATHIS;2009;09;11
1;MATHIS;2010;09;12
1;MATHIS;2011;09;12
1;MATHIS;2012;09;9
1;MATHIS;2013;09;5
1;MATHIS;2014;09;5
1;MATHIS;2015;09;3
1;MATHIS;2017;09;8
1;MATHIS;2018;09;4
1;MATHIS;2020;09;4
1;MATHIS;2021;09;6
1;MATHYS;2007;09;5
1;MATHYS;2009;09;3
1;MATHYS;2011;09;7
1;MATHYS;2014;09;5
1;MATHYS;2015;09;6
1;MATHYS;2018;09;6
1;MATHYS;2019;09;3
1;MATTEO;2011;09;3
1;MATTÉO;2003;09;4
1;MATTÉO;2005;09;5
1;MATTÉO;2006;09;6
1;MATTÉO;2007;09;6
1;MATTÉO;2008;09;3
1;MATTÉO;2015;09;3
1;MATTHIEU;2002;09;5
1;MATTHIEU;2005;09;4
1;MATTHIEU;2006;09;4
1;MATTHIEU;2010;09;3
1;MATTIA;2021;09;3
1;MATYS;2007;09;3
1;MAXENCE;2002;09;4
1;MAXENCE;2003;09;3
1;MAXENCE;2007;09;5
1;MAXENCE;2010;09;3
1;MAXENCE;2011;09;4
1;MAXENCE;2012;09;4
1;MAXENCE;2014;09;8
1;MAXENCE;2017;09;3
1;MAXENCE;2020;09;3
1;MAXENCE;2021;09;5
1;MAXIME;2000;09;8
1;MAXIME;2001;09;15
1;MAXIME;2002;09;4
1;MAXIME;2003;09;9
1;MAXIME;2004;09;8
1;MAXIME;2005;09;4
1;MAXIME;2006;09;7
1;MAXIME;2007;09;4
1;MAXIME;2008;09;8
1;MAXIME;2010;09;14
1;MAXIME;2011;09;4
1;MAXIME;2012;09;4
1;MAXIME;2013;09;4
1;MAXIME;2015;09;3
1;MAXIME;2016;09;3
1;MAXIME;2019;09;6
1;MELVYN;2010;09;3
1;MILAN;2015;09;3
1;MILO;2016;09;5
1;MILO;2017;09;3
1;MILO;2020;09;11
1;MILO;2021;09;7
1;MOHAMED;2002;09;4
1;MOHAMED;2010;09;6
1;MOHAMED;2011;09;3
1;MORGAN;2005;09;3
1;MORGAN;2008;09;3
1;NABIL;2003;09;3
1;NAEL;2011;09;4
1;NAËL;2013;09;5
1;NAËL;2015;09;3
1;NAËL;2016;09;3
1;NAËL;2021;09;4
1;NAÏM;2017;09;4
1;NATHAN;2000;09;4
1;NATHAN;2002;09;3
1;NATHAN;2003;09;15
1;NATHAN;2004;09;8
1;NATHAN;2005;09;6
1;NATHAN;2006;09;6
1;NATHAN;2007;09;18
1;NATHAN;2008;09;5
1;NATHAN;2009;09;12
1;NATHAN;2010;09;18
1;NATHAN;2011;09;11
1;NATHAN;2012;09;18
1;NATHAN;2013;09;9
1;NATHAN;2014;09;3
1;NATHAN;2015;09;8
1;NATHAN;2016;09;5
1;NATHAN;2017;09;6
1;NATHAN;2018;09;4
1;NATHAN;2019;09;10
1;NATHAN;2020;09;4
1;NATHAN;2021;09;9
1;NATHANAEL;2011;09;3
1;NÉO;2018;09;3
1;NICOLAS;2000;09;9
1;NICOLAS;2001;09;18
1;NICOLAS;2002;09;7
1;NICOLAS;2004;09;6
1;NICOLAS;2005;09;8
1;NICOLAS;2006;09;6
1;NICOLAS;2007;09;3
1;NICOLAS;2011;09;3
1;NILS;2006;09;3
1;NILS;2016;09;3
1;NINO;2006;09;3
1;NINO;2009;09;4
1;NINO;2010;09;5
1;NINO;2011;09;4
1;NINO;2013;09;3
1;NINO;2014;09;3
1;NINO;2015;09;5
1;NINO;2016;09;11
1;NINO;2017;09;5
1;NINO;2018;09;4
1;NINO;2019;09;5
1;NINO;2020;09;4
1;NINO;2021;09;3
1;NOA;2004;09;3
1;NOA;2006;09;7
1;NOA;2007;09;4
1;NOA;2008;09;4
1;NOA;2009;09;4
1;NOA;2010;09;5
1;NOA;2011;09;5
1;NOA;2012;09;3
1;NOA;2013;09;5
1;NOA;2015;09;3
1;NOAH;2004;09;7
1;NOAH;2005;09;3
1;NOAH;2006;09;8
1;NOAH;2007;09;6
1;NOAH;2008;09;7
1;NOAH;2009;09;7
1;NOAH;2010;09;3
1;NOAH;2011;09;6
1;NOAH;2012;09;4
1;NOAH;2013;09;7
1;NOAH;2014;09;3
1;NOAH;2015;09;7
1;NOAH;2017;09;9
1;NOAH;2018;09;6
1;NOAH;2019;09;5
1;NOAH;2020;09;5
1;NOAH;2021;09;5
1;NOAM;2017;09;3
1;NOAM;2020;09;3
1;NOE;2004;09;4
1;NOE;2007;09;3
1;NOE;2008;09;3
1;NOE;2009;09;3
1;NOE;2011;09;3
1;NOE;2012;09;4
1;NOÉ;2014;09;5
1;NOÉ;2015;09;5
1;NOÉ;2017;09;5
1;NOÉ;2019;09;3
1;NOÉ;2020;09;8
1;NOÉ;2021;09;7
1;NOLAN;2006;09;5
1;NOLAN;2007;09;3
1;NOLAN;2009;09;3
1;NOLAN;2010;09;5
1;NOLAN;2012;09;5
1;NOLAN;2013;09;6
1;NOLAN;2014;09;10
1;NOLAN;2015;09;11
1;NOLAN;2016;09;9
1;NOLAN;2017;09;3
1;NOLAN;2018;09;6
1;NOLAN;2019;09;4
1;NOLAN;2020;09;3
1;NOLANN;2020;09;3
1;NOLHAN;2011;09;3
1;OLIVIER;2001;09;3
1;OSCAR;2015;09;3
1;OWEN;2014;09;3
1;PABLO;2008;09;4
1;PABLO;2010;09;4
1;PABLO;2011;09;4
1;PABLO;2012;09;4
1;PABLO;2015;09;3
1;PABLO;2016;09;5
1;PABLO;2017;09;4
1;PABLO;2018;09;5
1;PABLO;2021;09;6
1;PAUL;2001;09;3
1;PAUL;2002;09;6
1;PAUL;2003;09;5
1;PAUL;2004;09;4
1;PAUL;2005;09;7
1;PAUL;2006;09;9
1;PAUL;2007;09;9
1;PAUL;2008;09;6
1;PAUL;2009;09;6
1;PAUL;2010;09;4
1;PAUL;2011;09;3
1;PAUL;2012;09;10
1;PAUL;2013;09;4
1;PAUL;2014;09;5
1;PAUL;2015;09;3
1;PAUL;2016;09;7
1;PAUL;2017;09;10
1;PAUL;2018;09;7
1;PAUL;2019;09;3
1;PAUL;2021;09;6
1;PIERRE;2000;09;3
1;PIERRE;2001;09;3
1;PIERRE;2002;09;5
1;PIERRE;2003;09;5
1;PIERRE;2004;09;6
1;PIERRE;2005;09;5
1;PIERRE;2006;09;4
1;PIERRE;2007;09;6
1;PIERRE;2008;09;3
1;PIERRE;2010;09;4
1;PIERRE;2011;09;4
1;PIERRICK;2006;09;3
1;QUENTIN;2000;09;4
1;QUENTIN;2001;09;6
1;QUENTIN;2002;09;7
1;QUENTIN;2003;09;5
1;QUENTIN;2004;09;6
1;QUENTIN;2005;09;7
1;QUENTIN;2006;09;7
1;QUENTIN;2009;09;4
1;QUENTIN;2010;09;8
1;QUENTIN;2012;09;5
1;RAFAEL;2009;09;3
1;RAFAEL;2011;09;3
1;RAFAËL;2018;09;4
1;RAPHAEL;2010;09;3
1;RAPHAEL;2012;09;7
1;RAPHAËL;2000;09;3
1;RAPHAËL;2002;09;6
1;RAPHAËL;2003;09;3
1;RAPHAËL;2004;09;8
1;RAPHAËL;2006;09;6
1;RAPHAËL;2008;09;3
1;RAPHAËL;2009;09;6
1;RAPHAËL;2013;09;4
1;RAPHAËL;2014;09;5
1;RAPHAËL;2015;09;6
1;RAPHAËL;2016;09;7
1;RAPHAËL;2017;09;7
1;RAPHAËL;2018;09;4
1;RAPHAËL;2019;09;7
1;RAPHAËL;2020;09;9
1;RAPHAËL;2021;09;7
1;RAYAN;2003;09;3
1;RAYAN;2004;09;5
1;RAYAN;2006;09;3
1;RAYAN;2010;09;4
1;RAYAN;2013;09;3
1;RAYAN;2014;09;3
1;RAYAN;2016;09;3
1;RAYAN;2019;09;4
1;RÉMI;2000;09;5
1;RÉMI;2001;09;8
1;RÉMI;2002;09;4
1;RÉMI;2003;09;4
1;RÉMI;2004;09;6
1;RÉMI;2008;09;3
1;RÉMY;2000;09;3
1;RÉMY;2001;09;3
1;ROBIN;2000;09;6
1;ROBIN;2004;09;5
1;ROBIN;2006;09;5
1;ROBIN;2007;09;5
1;ROBIN;2009;09;3
1;ROBIN;2012;09;5
1;ROBIN;2013;09;4
1;ROBIN;2014;09;5
1;ROBIN;2016;09;4
1;ROBIN;2017;09;6
1;ROBIN;2018;09;4
1;ROBIN;2019;09;3
1;ROBIN;2021;09;3
1;ROMAIN;2000;09;9
1;ROMAIN;2001;09;4
1;ROMAIN;2002;09;11
1;ROMAIN;2003;09;7
1;ROMAIN;2004;09;9
1;ROMAIN;2005;09;5
1;ROMAIN;2006;09;6
1;ROMAIN;2007;09;5
1;ROMAIN;2008;09;3
1;ROMAIN;2009;09;6
1;ROMAIN;2010;09;6
1;ROMAN;2005;09;3
1;RONAN;2003;09;3
1;RONAN;2008;09;3
1;RUBEN;2011;09;3
1;RYAN;2004;09;4
1;RYAN;2012;09;3
1;SACHA;2000;09;4
1;SACHA;2006;09;4
1;SACHA;2008;09;5
1;SACHA;2011;09;7
1;SACHA;2013;09;6
1;SACHA;2014;09;4
1;SACHA;2015;09;6
1;SACHA;2016;09;4
1;SACHA;2017;09;4
1;SACHA;2018;09;4
1;SACHA;2019;09;5
1;SACHA;2021;09;3
1;SAMIR;2008;09;3
1;SAMUEL;2001;09;4
1;SAMUEL;2002;09;7
1;SAMUEL;2003;09;3
1;SAMUEL;2006;09;3
1;SAMUEL;2007;09;6
1;SAMUEL;2008;09;3
1;SAMUEL;2010;09;6
1;SAMUEL;2013;09;3
1;SAMUEL;2014;09;5
1;SAMUEL;2015;09;3
1;SAMUEL;2016;09;6
1;SAMUEL;2017;09;5
1;SAMUEL;2021;09;4
1;SAMY;2007;09;3
1;SASHA;2014;09;3
1;SÉBASTIEN;2000;09;4
1;SÉBASTIEN;2001;09;5
1;SIMON;2000;09;3
1;SIMON;2002;09;3
1;SIMON;2003;09;5
1;SIMON;2005;09;3
1;SIMON;2008;09;4
1;SIMON;2011;09;3
1;SIMON;2012;09;4
1;SIMON;2015;09;4
1;SIMON;2017;09;3
1;SOAN;2013;09;5
1;SOAN;2014;09;3
1;SOAN;2018;09;3
1;SOAN;2019;09;3
1;SOAN;2020;09;3
1;SOFIANE;2007;09;4
1;SOFIANE;2010;09;3
1;STEVEN;2001;09;3
1;SYLVAIN;2000;09;5
1;SYLVAIN;2001;09;3
1;SYLVAIN;2003;09;3
1;TAO;2011;09;3
1;TAO;2012;09;3
1;TAO;2016;09;3
1;TAO;2021;09;4
1;TÉO;2009;09;3
1;THEO;2010;09;10
1;THEO;2011;09;7
1;THEO;2012;09;6
1;THÉO;2000;09;12
1;THÉO;2001;09;12
1;THÉO;2002;09;22
1;THÉO;2003;09;20
1;THÉO;2004;09;13
1;THÉO;2005;09;14
1;THÉO;2006;09;10
1;THÉO;2007;09;13
1;THÉO;2008;09;10
1;THÉO;2009;09;16
1;THÉO;2010;09;3
1;THÉO;2013;09;3
1;THÉO;2015;09;6
1;THÉO;2016;09;4
1;THÉO;2017;09;4
1;THÉO;2019;09;6
1;THÉO;2020;09;4
1;THÉO;2021;09;6
1;THIBAUD;2002;09;3
1;THIBAULT;2002;09;3
1;THIBAULT;2004;09;5
1;THIBAULT;2011;09;3
1;THIBAULT;2016;09;3
1;THOMAS;2000;09;21
1;THOMAS;2001;09;17
1;THOMAS;2002;09;13
1;THOMAS;2003;09;11
1;THOMAS;2004;09;6
1;THOMAS;2005;09;6
1;THOMAS;2006;09;4
1;THOMAS;2007;09;7
1;THOMAS;2008;09;6
1;THOMAS;2009;09;3
1;THOMAS;2010;09;7
1;THOMAS;2011;09;4
1;THOMAS;2014;09;4
1;THOMAS;2015;09;5
1;THOMAS;2016;09;4
1;THOMAS;2017;09;4
1;THOMAS;2019;09;3
1;TIAGO;2009;09;3
1;TIAGO;2010;09;3
1;TIAGO;2011;09;3
1;TIAGO;2012;09;3
1;TIAGO;2013;09;4
1;TIAGO;2015;09;3
1;TIAGO;2016;09;7
1;TIAGO;2018;09;4
1;TIAGO;2019;09;9
1;TIAGO;2020;09;9
1;TIAGO;2021;09;5
1;TIMEO;2009;09;4
1;TIMEO;2010;09;7
1;TIMEO;2011;09;12
1;TIMEO;2012;09;5
1;TIMÉO;2012;09;4
1;TIMÉO;2013;09;9
1;TIMÉO;2014;09;12
1;TIMÉO;2015;09;6
1;TIMÉO;2016;09;6
1;TIMÉO;2017;09;10
1;TIMÉO;2018;09;10
1;TIMÉO;2019;09;7
1;TIMÉO;2020;09;5
1;TIMO;2010;09;3
1;TIMOTHE;2009;09;3
1;TIMOTHE;2010;09;4
1;TINO;2007;09;3
1;TITOUAN;2005;09;5
1;TITOUAN;2007;09;4
1;TITOUAN;2008;09;5
1;TITOUAN;2010;09;3
1;TOM;2000;09;7
1;TOM;2001;09;5
1;TOM;2002;09;5
1;TOM;2003;09;6
1;TOM;2004;09;8
1;TOM;2005;09;4
1;TOM;2006;09;3
1;TOM;2007;09;11
1;TOM;2008;09;5
1;TOM;2009;09;8
1;TOM;2010;09;6
1;TOM;2011;09;8
1;TOM;2012;09;9
1;TOM;2013;09;8
1;TOM;2015;09;4
1;TOM;2016;09;4
1;TOM;2018;09;8
1;TOM;2019;09;7
1;TONY;2001;09;5
1;TONY;2005;09;3
1;TONY;2009;09;4
1;TRISTAN;2001;09;4
1;TRISTAN;2003;09;7
1;TRISTAN;2007;09;3
1;TRISTAN;2008;09;3
1;TRISTAN;2011;09;3
1;TRISTAN;2012;09;3
1;TYLER;2021;09;4
1;UGO;2013;09;3
1;VALENTIN;2000;09;6
1;VALENTIN;2001;09;4
1;VALENTIN;2002;09;8
1;VALENTIN;2003;09;5
1;VALENTIN;2004;09;3
1;VALENTIN;2005;09;3
1;VALENTIN;2007;09;3
1;VALENTIN;2008;09;5
1;VALENTIN;2009;09;4
1;VALENTIN;2011;09;6
1;VALENTIN;2012;09;11
1;VALENTIN;2014;09;5
1;VALENTIN;2016;09;6
1;VALENTIN;2018;09;7
1;VALENTIN;2019;09;4
1;VICTOR;2010;09;3
1;VICTOR;2013;09;4
1;VICTOR;2016;09;3
1;VINCENT;2000;09;7
1;VINCENT;2001;09;4
1;VINCENT;2003;09;3
1;VINCENT;2006;09;3
1;VINCENT;2009;09;3
1;VINCENT;2011;09;3
1;WILLIAM;2019;09;3
1;WILLIAM;2021;09;4
1;YAËL;2015;09;3
1;YAËL;2020;09;3
1;YANIS;2000;09;4
1;YANIS;2002;09;3
1;YANIS;2003;09;4
1;YANIS;2004;09;8
1;YANIS;2005;09;7
1;YANIS;2006;09;11
1;YANIS;2007;09;7
1;YANIS;2008;09;4
1;YANIS;2009;09;10
1;YANIS;2010;09;19
1;YANIS;2011;09;5
1;YANIS;2012;09;6
1;YANIS;2013;09;5
1;YANIS;2015;09;4
1;YANIS;2016;09;3
1;YANIS;2018;09;3
1;YANN;2001;09;3
1;YANN;2002;09;3
1;YANN;2003;09;3
1;YANNIS;2000;09;4
1;YANNIS;2004;09;3
1;YLAN;2010;09;3
1;YOAN;2006;09;3
1;YOANN;2006;09;3
1;YOHAN;2000;09;3
1;YOHAN;2001;09;3
1;YOHAN;2002;09;3
1;YOHAN;2004;09;3
1;YOHAN;2007;09;3
1;YONI;2007;09;3
2;_PRENOMS_RARES;2000;09;16
2;_PRENOMS_RARES;2001;09;19
2;_PRENOMS_RARES;2002;09;17
2;_PRENOMS_RARES;2003;09;28
2;_PRENOMS_RARES;2004;09;19
2;_PRENOMS_RARES;2005;09;20
2;_PRENOMS_RARES;2006;09;21
2;_PRENOMS_RARES;2007;09;28
2;_PRENOMS_RARES;2008;09;39
2;_PRENOMS_RARES;2009;09;34
2;_PRENOMS_RARES;2010;09;24
2;_PRENOMS_RARES;2011;09;40
2;_PRENOMS_RARES;2012;09;33
2;_PRENOMS_RARES;2013;09;22
2;_PRENOMS_RARES;2014;09;41
2;_PRENOMS_RARES;2015;09;29
2;_PRENOMS_RARES;2016;09;38
2;_PRENOMS_RARES;2017;09;41
2;_PRENOMS_RARES;2018;09;34
2;_PRENOMS_RARES;2019;09;47
2;_PRENOMS_RARES;2020;09;48
2;_PRENOMS_RARES;2021;09;35
2;ADÈLE;2015;09;3
2;ADÈLE;2018;09;4
2;ADÈLE;2021;09;3
2;AGATHE;2004;09;3
2;AGATHE;2017;09;3
2;AGATHE;2021;09;3
2;ALBA;2021;09;4
2;ALEXIA;2000;09;5
2;ALEXIA;2001;09;3
2;ALEXIA;2004;09;3
2;ALEXIA;2012;09;3
2;ALEXIA;2015;09;3
2;ALICE;2003;09;3
2;ALICE;2005;09;4
2;ALICE;2006;09;4
2;ALICE;2010;09;3
2;ALICE;2011;09;6
2;ALICE;2013;09;5
2;ALICE;2014;09;5
2;ALICE;2015;09;6
2;ALICE;2018;09;9
2;ALICE;2019;09;7
2;ALICE;2020;09;7
2;ALICIA;2000;09;6
2;ALICIA;2001;09;4
2;ALICIA;2003;09;6
2;ALICIA;2004;09;4
2;ALICIA;2005;09;4
2;ALICIA;2006;09;4
2;ALICIA;2012;09;3
2;ALICIA;2013;09;3
2;ALICIA;2017;09;3
2;ALICIA;2021;09;4
2;ALIYA;2019;09;4
2;ALIZÉE;2002;09;6
2;ALIZÉE;2004;09;3
2;ALYSON;2008;09;3
2;ALYSSA;2003;09;3
2;ALYSSA;2010;09;4
2;ALYSSA;2013;09;3
2;AMALIA;2016;09;3
2;AMANDINE;2000;09;6
2;AMANDINE;2002;09;5
2;AMANDINE;2003;09;6
2;AMANDINE;2004;09;5
2;AMANDINE;2006;09;3
2;AMANDINE;2021;09;3
2;AMBRE;2001;09;4
2;AMBRE;2003;09;3
2;AMBRE;2004;09;6
2;AMBRE;2005;09;7
2;AMBRE;2006;09;5
2;AMBRE;2007;09;8
2;AMBRE;2008;09;4
2;AMBRE;2009;09;8
2;AMBRE;2011;09;5
2;AMBRE;2012;09;8
2;AMBRE;2013;09;5
2;AMBRE;2014;09;9
2;AMBRE;2015;09;4
2;AMBRE;2016;09;5
2;AMBRE;2018;09;3
2;AMBRE;2019;09;8
2;AMBRE;2020;09;5
2;AMBRE;2021;09;3
2;AMELIA;2012;09;3
2;AMÉLIA;2014;09;3
2;AMÉLIA;2017;09;4
2;AMÉLIA;2019;09;3
2;AMÉLIE;2000;09;4
2;AMÉLIE;2001;09;4
2;AMÉLIE;2005;09;3
2;AMÉLIE;2014;09;4
2;AMINA;2009;09;3
2;ANA;2019;09;3
2;ANAE;2010;09;4
2;ANAÉ;2013;09;3
2;ANAIS;2011;09;7
2;ANAÏS;2000;09;15
2;ANAÏS;2001;09;16
2;ANAÏS;2002;09;6
2;ANAÏS;2003;09;10
2;ANAÏS;2004;09;6
2;ANAÏS;2005;09;4
2;ANAÏS;2006;09;8
2;ANAÏS;2007;09;4
2;ANAÏS;2009;09;9
2;ANAÏS;2010;09;4
2;ANAÏS;2014;09;4
2;ANAÏS;2015;09;6
2;ANAÏS;2016;09;4
2;ANAÏS;2021;09;3
2;ANDREA;2011;09;3
2;ANDRÉA;2000;09;3
2;ANDRÉA;2002;09;3
2;ANDRÉA;2008;09;5
2;ANDRÉA;2019;09;3
2;ANGELINA;2003;09;4
2;ANNA;2001;09;3
2;ANNA;2003;09;5
2;ANNA;2006;09;3
2;ANNA;2008;09;4
2;ANNA;2012;09;4
2;ANNA;2013;09;6
2;ANNA;2014;09;4
2;ANNA;2015;09;3
2;ANNA;2017;09;4
2;ANNA;2019;09;4
2;ANNA;2020;09;5
2;ANNA;2021;09;5
2;ANOUK;2004;09;5
2;ANOUK;2008;09;3
2;ANOUK;2013;09;3
2;ANOUK;2020;09;3
2;ARIA;2021;09;3
2;ARYA;2021;09;3
2;ASSIA;2015;09;3
2;ASSIA;2018;09;3
2;AUDREY;2000;09;5
2;AUDREY;2001;09;3
2;AURÉLIE;2000;09;3
2;AURÉLIE;2001;09;4
2;AURÉLIE;2003;09;4
2;AURORE;2001;09;3
2;AURORE;2002;09;3
2;AURORE;2005;09;4
2;AURORE;2007;09;3
2;AURORE;2009;09;3
2;AURORE;2010;09;3
2;AVA;2021;09;3
2;AXELLE;2003;09;4
2;CAMILLE;2000;09;15
2;CAMILLE;2001;09;7
2;CAMILLE;2002;09;4
2;CAMILLE;2003;09;12
2;CAMILLE;2004;09;9
2;CAMILLE;2005;09;6
2;CAMILLE;2006;09;8
2;CAMILLE;2007;09;6
2;CAMILLE;2008;09;6
2;CAMILLE;2009;09;7
2;CAMILLE;2010;09;6
2;CAMILLE;2012;09;5
2;CAMILLE;2013;09;8
2;CAMILLE;2014;09;8
2;CAMILLE;2015;09;3
2;CAMILLE;2017;09;3
2;CAMILLE;2019;09;4
2;CANDICE;2004;09;4
2;CANDICE;2005;09;3
2;CANDICE;2006;09;4
2;CANDICE;2010;09;3
2;CANDICE;2015;09;4
2;CAPUCINE;2013;09;4
2;CAPUCINE;2014;09;3
2;CARLA;2000;09;6
2;CARLA;2002;09;3
2;CARLA;2003;09;4
2;CARLA;2004;09;5
2;CARLA;2006;09;9
2;CARLA;2007;09;3
2;CARLA;2015;09;4
2;CAROLINE;2001;09;3
2;CASSANDRA;2002;09;6
2;CASSANDRA;2004;09;5
2;CASSANDRA;2006;09;4
2;CASSANDRE;2007;09;3
2;CATALEYA;2020;09;3
2;CELIA;2011;09;3
2;CÉLIA;2002;09;6
2;CÉLIA;2003;09;5
2;CÉLIA;2004;09;6
2;CÉLIA;2005;09;5
2;CÉLIA;2006;09;3
2;CÉLIA;2007;09;5
2;CÉLIA;2008;09;4
2;CÉLIA;2009;09;5
2;CÉLIA;2010;09;4
2;CÉLINE;2002;09;3
2;CERISE;2007;09;3
2;CHAIMA;2011;09;3
2;CHARLÈNE;2002;09;3
2;CHARLIE;2019;09;3
2;CHARLIE;2021;09;4
2;CHARLOTTE;2002;09;7
2;CHARLOTTE;2004;09;3
2;CHARLOTTE;2005;09;5
2;CHARLOTTE;2006;09;4
2;CHARLOTTE;2007;09;6
2;CHARLOTTE;2008;09;3
2;CHARLOTTE;2010;09;3
2;CHARLOTTE;2012;09;7
2;CHARLOTTE;2014;09;3
2;CHARLOTTE;2015;09;4
2;CHARLOTTE;2017;09;3
2;CHARLOTTE;2018;09;3
2;CHARLOTTE;2019;09;3
2;CHIARA;2006;09;3
2;CHLOE;2010;09;3
2;CHLOE;2011;09;9
2;CHLOE;2012;09;7
2;CHLOÉ;2000;09;15
2;CHLOÉ;2001;09;15
2;CHLOÉ;2002;09;8
2;CHLOÉ;2003;09;12
2;CHLOÉ;2004;09;10
2;CHLOÉ;2005;09;9
2;CHLOÉ;2006;09;14
2;CHLOÉ;2007;09;13
2;CHLOÉ;2008;09;10
2;CHLOÉ;2009;09;9
2;CHLOÉ;2014;09;7
2;CHLOÉ;2015;09;5
2;CHLOÉ;2016;09;5
2;CHLOÉ;2017;09;5
2;CHLOÉ;2018;09;6
2;CHLOÉ;2019;09;4
2;CHLOÉ;2020;09;6
2;CLAIRE;2000;09;4
2;CLAIRE;2001;09;5
2;CLAIRE;2004;09;3
2;CLARA;2000;09;4
2;CLARA;2001;09;4
2;CLARA;2002;09;9
2;CLARA;2003;09;8
2;CLARA;2004;09;16
2;CLARA;2005;09;7
2;CLARA;2006;09;13
2;CLARA;2007;09;5
2;CLARA;2008;09;9
2;CLARA;2009;09;8
2;CLARA;2010;09;7
2;CLARA;2011;09;7
2;CLARA;2012;09;7
2;CLARA;2013;09;5
2;CLARA;2017;09;3
2;CLARA;2018;09;3
2;CLARA;2019;09;3
2;CLARISSE;2001;09;4
2;CLARISSE;2009;09;3
2;CLARISSE;2015;09;3
2;CLÉA;2020;09;3
2;CLÉMENCE;2000;09;4
2;CLÉMENCE;2004;09;3
2;CLÉMENCE;2006;09;3
2;CLÉMENCE;2007;09;7
2;CLÉMENCE;2016;09;3
2;CLÉMENCE;2017;09;4
2;CLÉMENCE;2020;09;4
2;CLOE;2003;09;4
2;CLOE;2004;09;3
2;CLOÉ;2015;09;4
2;COLINE;2004;09;4
2;COLINE;2012;09;3
2;CORALIE;2000;09;4
2;CORALIE;2002;09;4
2;CORALIE;2003;09;5
2;DIANE;2015;09;3
2;ELEA;2006;09;3
2;ELEA;2011;09;5
2;ELEA;2012;09;4
2;ÉLÉA;2014;09;3
2;ELENA;2006;09;3
2;ELENA;2007;09;4
2;ELENA;2008;09;3
2;ELENA;2012;09;4
2;ELENA;2014;09;3
2;ELENA;2017;09;4
2;ELENA;2020;09;4
2;ELÉNA;2013;09;3
2;ELÉNA;2018;09;3
2;ÉLÉNA;2021;09;3
2;ELIA;2019;09;3
2;ÉLIA;2016;09;3
2;ELINA;2005;09;5
2;ELINA;2011;09;3
2;ÉLINA;2016;09;4
2;ELISA;2000;09;3
2;ELISA;2002;09;5
2;ELISA;2003;09;5
2;ELISA;2004;09;6
2;ELISA;2005;09;3
2;ELISA;2006;09;3
2;ELISA;2007;09;4
2;ELISA;2010;09;3
2;ELISA;2012;09;5
2;ELISA;2014;09;3
2;ELISA;2017;09;3
2;ELISA;2020;09;3
2;ELISE;2003;09;4
2;ELISE;2006;09;3
2;ELISE;2008;09;6
2;ÉLISE;2019;09;3
2;ELLIE;2019;09;3
2;ELODIE;2000;09;4
2;ELODIE;2003;09;4
2;ELODIE;2004;09;7
2;ELODIE;2012;09;4
2;ELOISE;2005;09;4
2;ELOISE;2008;09;3
2;ELOISE;2009;09;6
2;ELOÏSE;2019;09;3
2;ELOÏSE;2020;09;4
2;ELORA;2007;09;3
2;ELSA;2001;09;3
2;ELSA;2003;09;5
2;ELSA;2004;09;5
2;ELSA;2007;09;3
2;ELSA;2009;09;3
2;ELSA;2010;09;5
2;ELSA;2011;09;3
2;ELSA;2012;09;5
2;ELSA;2013;09;3
2;ELSA;2015;09;3
2;ELSA;2018;09;3
2;ELSA;2020;09;3
2;ELYA;2017;09;3
2;EMA;2008;09;3
2;EMELINE;2006;09;4
2;EMILIE;2000;09;4
2;EMILIE;2001;09;5
2;EMILIE;2002;09;5
2;EMILIE;2004;09;3
2;EMILIE;2005;09;3
2;EMILIE;2008;09;3
2;EMILIE;2009;09;3
2;EMILIE;2011;09;4
2;EMILIE;2014;09;3
2;EMMA;2000;09;8
2;EMMA;2001;09;8
2;EMMA;2002;09;11
2;EMMA;2003;09;14
2;EMMA;2004;09;21
2;EMMA;2005;09;10
2;EMMA;2006;09;10
2;EMMA;2007;09;18
2;EMMA;2008;09;6
2;EMMA;2009;09;15
2;EMMA;2010;09;10
2;EMMA;2011;09;8
2;EMMA;2012;09;8
2;EMMA;2013;09;10
2;EMMA;2014;09;4
2;EMMA;2015;09;4
2;EMMA;2016;09;9
2;EMMA;2017;09;6
2;EMMA;2018;09;5
2;EMMA;2019;09;5
2;EMMA;2020;09;5
2;EMMA;2021;09;5
2;EMMY;2005;09;4
2;EMMY;2006;09;3
2;EMMY;2014;09;4
2;EMMY;2015;09;4
2;EMY;2009;09;3
2;EMY;2016;09;3
2;EMY;2020;09;4
2;EMY;2021;09;4
2;ENOLA;2013;09;3
2;ENORA;2009;09;3
2;ENORA;2015;09;3
2;ESTELLE;2000;09;3
2;ESTELLE;2002;09;3
2;ESTELLE;2006;09;4
2;ESTELLE;2008;09;3
2;EVA;2000;09;5
2;EVA;2001;09;5
2;EVA;2002;09;8
2;EVA;2003;09;4
2;EVA;2005;09;3
2;EVA;2006;09;8
2;EVA;2007;09;5
2;EVA;2008;09;4
2;EVA;2009;09;4
2;EVA;2011;09;5
2;EVA;2012;09;3
2;EVA;2013;09;4
2;EVA;2015;09;4
2;EVA;2016;09;3
2;EVA;2018;09;3
2;FANNY;2000;09;3
2;FANNY;2003;09;3
2;FANNY;2005;09;3
2;FANNY;2007;09;8
2;FLAVIE;2003;09;3
2;FLORA;2011;09;3
2;FLORA;2021;09;3
2;GABRIELLE;2006;09;3
2;GAELLE;2002;09;3
2;GIULIA;2013;09;5
2;GIULIA;2021;09;5
2;GWENDOLINE;2010;09;3
2;HÉLOÏSE;2001;09;3
2;INAYA;2010;09;4
2;INAYA;2012;09;3
2;INAYA;2014;09;4
2;INAYA;2016;09;3
2;INAYA;2019;09;6
2;INAYA;2020;09;4
2;INAYA;2021;09;6
2;INES;2010;09;3
2;INES;2011;09;7
2;INÈS;2002;09;5
2;INÈS;2003;09;5
2;INÈS;2004;09;12
2;INÈS;2005;09;7
2;INÈS;2006;09;9
2;INÈS;2007;09;5
2;INÈS;2008;09;5
2;INÈS;2009;09;13
2;INÈS;2010;09;4
2;INÈS;2012;09;3
2;INÈS;2013;09;9
2;INÈS;2014;09;7
2;INÈS;2015;09;3
2;INÈS;2017;09;8
2;INÈS;2018;09;8
2;INÈS;2020;09;4
2;INÈS;2021;09;3
2;IRIS;2007;09;3
2;IRIS;2012;09;3
2;IRIS;2018;09;5
2;IRIS;2019;09;4
2;IRIS;2020;09;4
2;IRIS;2021;09;3
2;JADE;2000;09;4
2;JADE;2001;09;6
2;JADE;2003;09;3
2;JADE;2004;09;4
2;JADE;2005;09;7
2;JADE;2006;09;8
2;JADE;2007;09;13
2;JADE;2008;09;17
2;JADE;2009;09;6
2;JADE;2010;09;13
2;JADE;2011;09;4
2;JADE;2012;09;7
2;JADE;2013;09;10
2;JADE;2014;09;8
2;JADE;2015;09;11
2;JADE;2016;09;6
2;JADE;2017;09;8
2;JADE;2018;09;5
2;JADE;2019;09;4
2;JADE;2020;09;9
2;JADE;2021;09;9
2;JANA;2018;09;3
2;JEANNE;2001;09;3
2;JEANNE;2003;09;3
2;JEANNE;2004;09;4
2;JEANNE;2008;09;3
2;JEANNE;2010;09;4
2;JEANNE;2015;09;4
2;JEANNE;2016;09;4
2;JEANNE;2017;09;3
2;JEANNE;2018;09;4
2;JEANNE;2019;09;6
2;JESSICA;2000;09;5
2;JESSY;2011;09;3
2;JULIA;2012;09;4
2;JULIA;2013;09;4
2;JULIA;2014;09;6
2;JULIA;2016;09;4
2;JULIA;2017;09;9
2;JULIA;2018;09;8
2;JULIA;2019;09;6
2;JULIA;2020;09;5
2;JULIE;2000;09;11
2;JULIE;2001;09;10
2;JULIE;2002;09;5
2;JULIE;2003;09;5
2;JULIE;2004;09;6
2;JULIE;2005;09;3
2;JULIE;2006;09;8
2;JULIE;2007;09;6
2;JULIE;2009;09;4
2;JULIE;2010;09;4
2;JULIE;2011;09;4
2;JULIE;2012;09;4
2;JULIE;2016;09;3
2;JULIETTE;2001;09;3
2;JULIETTE;2006;09;5
2;JULIETTE;2007;09;5
2;JULIETTE;2010;09;3
2;JULIETTE;2011;09;4
2;JULIETTE;2012;09;3
2;JULIETTE;2015;09;4
2;JULIETTE;2017;09;5
2;JULIETTE;2018;09;11
2;JULIETTE;2019;09;4
2;JULIETTE;2020;09;5
2;JULIETTE;2021;09;6
2;JUSTINE;2000;09;7
2;JUSTINE;2001;09;6
2;JUSTINE;2002;09;5
2;JUSTINE;2003;09;6
2;JUSTINE;2005;09;3
2;JUSTINE;2006;09;5
2;JUSTINE;2007;09;4
2;JUSTINE;2008;09;3
2;JUSTINE;2011;09;5
2;KELLY;2009;09;3
2;KELLY;2013;09;3
2;KENZA;2009;09;3
2;LALY;2011;09;3
2;LALY;2016;09;3
2;LANA;2008;09;5
2;LANA;2009;09;3
2;LANA;2010;09;8
2;LANA;2013;09;9
2;LANA;2014;09;4
2;LANA;2016;09;3
2;LAURA;2000;09;7
2;LAURA;2001;09;8
2;LAURA;2002;09;13
2;LAURA;2003;09;6
2;LAURA;2004;09;9
2;LAURA;2005;09;6
2;LAURA;2006;09;7
2;LAURA;2007;09;7
2;LAURA;2008;09;3
2;LAURA;2009;09;3
2;LAURA;2010;09;3
2;LAURA;2012;09;4
2;LAURA;2016;09;3
2;LAURE;2000;09;3
2;LAURE;2003;09;4
2;LAURE;2004;09;3
2;LAURIANE;2002;09;3
2;LAURIANE;2007;09;3
2;LAURIE;2000;09;5
2;LAURIE;2001;09;7
2;LAURIE;2002;09;3
2;LAURINE;2000;09;3
2;LAURINE;2002;09;3
2;LAYANA;2021;09;3
2;LEA;2010;09;3
2;LEA;2011;09;11
2;LEA;2012;09;4
2;LÉA;2000;09;18
2;LÉA;2001;09;17
2;LÉA;2002;09;10
2;LÉA;2003;09;23
2;LÉA;2004;09;7
2;LÉA;2005;09;5
2;LÉA;2006;09;11
2;LÉA;2007;09;9
2;LÉA;2008;09;11
2;LÉA;2009;09;8
2;LÉA;2010;09;3
2;LÉA;2013;09;6
2;LÉA;2014;09;15
2;LÉA;2015;09;7
2;LÉA;2016;09;9
2;LÉA;2017;09;5
2;LÉA;2018;09;5
2;LÉA;2019;09;3
2;LÉA;2020;09;5
2;LÉANA;2009;09;4
2;LÉANA;2016;09;3
2;LÉANA;2018;09;7
2;LÉANA;2019;09;3
2;LÉANA;2021;09;5
2;LÉANE;2009;09;3
2;LEILA;2000;09;5
2;LEILA;2005;09;3
2;LENA;2010;09;8
2;LENA;2011;09;8
2;LENA;2012;09;13
2;LÉNA;2001;09;4
2;LÉNA;2002;09;3
2;LÉNA;2003;09;4
2;LÉNA;2004;09;6
2;LÉNA;2005;09;9
2;LÉNA;2006;09;4
2;LÉNA;2007;09;3
2;LÉNA;2008;09;3
2;LÉNA;2009;09;3
2;LÉNA;2010;09;4
2;LÉNA;2013;09;6
2;LÉNA;2014;09;10
2;LÉNA;2015;09;3
2;LÉNA;2016;09;6
2;LÉNA;2017;09;7
2;LÉNA;2018;09;3
2;LÉNA;2019;09;5
2;LÉNA;2021;09;6
2;LEONIE;2010;09;3
2;LEONIE;2011;09;5
2;LÉONIE;2007;09;3
2;LÉONIE;2013;09;3
2;LÉONIE;2017;09;3
2;LÉONIE;2019;09;5
2;LÉONIE;2020;09;3
2;LÉONIE;2021;09;3
2;LESLIE;2000;09;3
2;LIA;2015;09;3
2;LILA;2006;09;3
2;LILA;2018;09;3
2;LILAS;2001;09;3
2;LILI;2012;09;3
2;LILI;2014;09;3
2;LILIA;2015;09;3
2;LILOU;2002;09;3
2;LILOU;2003;09;3
2;LILOU;2004;09;4
2;LILOU;2005;09;3
2;LILOU;2006;09;6
2;LILOU;2007;09;9
2;LILOU;2008;09;3
2;LILOU;2009;09;11
2;LILOU;2010;09;11
2;LILOU;2011;09;6
2;LILOU;2012;09;6
2;LILOU;2013;09;11
2;LILOU;2014;09;8
2;LILOU;2016;09;4
2;LILOU;2017;09;9
2;LILOU;2019;09;3
2;LILOU;2021;09;3
2;LILY;2006;09;3
2;LILY;2007;09;6
2;LILY;2008;09;3
2;LILY;2009;09;3
2;LILY;2010;09;6
2;LILY;2014;09;4
2;LILY;2017;09;5
2;LILY;2018;09;3
2;LINA;2005;09;3
2;LINA;2008;09;3
2;LINA;2009;09;3
2;LINA;2010;09;3
2;LINA;2011;09;4
2;LINA;2012;09;4
2;LINA;2013;09;6
2;LINA;2014;09;5
2;LINA;2015;09;3
2;LINA;2016;09;6
2;LINA;2018;09;4
2;LINA;2019;09;5
2;LINA;2020;09;3
2;LINA;2021;09;4
2;LINDSAY;2011;09;4
2;LISA;2000;09;4
2;LISA;2001;09;7
2;LISA;2002;09;9
2;LISA;2003;09;10
2;LISA;2004;09;10
2;LISA;2005;09;7
2;LISA;2006;09;8
2;LISA;2007;09;5
2;LISA;2008;09;7
2;LISA;2011;09;5
2;LISA;2012;09;3
2;LISA;2013;09;3
2;LISA;2015;09;3
2;LISA;2021;09;3
2;LISE;2003;09;3
2;LISE;2004;09;4
2;LISE;2010;09;4
2;LISE;2011;09;3
2;LISE;2014;09;3
2;LISE;2021;09;4
2;LIVIA;2019;09;3
2;LIVIA;2021;09;3
2;LOANE;2004;09;5
2;LOLA;2002;09;5
2;LOLA;2003;09;4
2;LOLA;2004;09;5
2;LOLA;2005;09;3
2;LOLA;2006;09;8
2;LOLA;2007;09;9
2;LOLA;2008;09;9
2;LOLA;2009;09;15
2;LOLA;2010;09;8
2;LOLA;2011;09;10
2;LOLA;2012;09;6
2;LOLA;2013;09;6
2;LOLA;2014;09;8
2;LOLA;2015;09;9
2;LOLA;2016;09;6
2;LOLA;2017;09;9
2;LOLA;2018;09;5
2;LOLA;2019;09;3
2;LOLA;2020;09;3
2;LOLA;2021;09;5
2;LOU;2001;09;5
2;LOU;2003;09;4
2;LOU;2004;09;4
2;LOU;2005;09;3
2;LOU;2007;09;3
2;LOU;2009;09;7
2;LOU;2010;09;7
2;LOU;2011;09;5
2;LOU;2012;09;3
2;LOU;2013;09;8
2;LOU;2017;09;3
2;LOU;2018;09;5
2;LOU;2019;09;5
2;LOU;2020;09;4
2;LOU;2021;09;4
2;LOU-ANN;2006;09;3
2;LOUANE;2006;09;3
2;LOUANE;2007;09;5
2;LOUANE;2008;09;8
2;LOUANE;2009;09;4
2;LOUANE;2010;09;4
2;LOUANE;2012;09;5
2;LOUANE;2013;09;5
2;LOUANE;2017;09;4
2;LOUISE;2000;09;3
2;LOUISE;2003;09;3
2;LOUISE;2004;09;6
2;LOUISE;2010;09;4
2;LOUISE;2011;09;3
2;LOUISE;2012;09;6
2;LOUISE;2013;09;5
2;LOUISE;2014;09;5
2;LOUISE;2015;09;11
2;LOUISE;2016;09;6
2;LOUISE;2017;09;9
2;LOUISE;2018;09;6
2;LOUISE;2019;09;8
2;LOUISE;2020;09;4
2;LOUISE;2021;09;11
2;LOUNA;2003;09;7
2;LOUNA;2005;09;6
2;LOUNA;2006;09;4
2;LOUNA;2007;09;6
2;LOUNA;2009;09;4
2;LOUNA;2010;09;6
2;LOUNA;2011;09;3
2;LOUNA;2012;09;4
2;LOUNA;2013;09;3
2;LOUNA;2014;09;3
2;LOUNA;2015;09;10
2;LOUNA;2016;09;3
2;LOUNA;2017;09;5
2;LOUNA;2018;09;3
2;LOUNA;2020;09;4
2;LUCIE;2000;09;5
2;LUCIE;2001;09;8
2;LUCIE;2002;09;10
2;LUCIE;2003;09;10
2;LUCIE;2004;09;7
2;LUCIE;2005;09;8
2;LUCIE;2006;09;8
2;LUCIE;2007;09;8
2;LUCIE;2009;09;6
2;LUCIE;2010;09;3
2;LUCIE;2011;09;5
2;LUCIE;2012;09;4
2;LUCIE;2013;09;6
2;LUCIE;2014;09;9
2;LUCIE;2015;09;7
2;LUCIE;2016;09;3
2;LUCIE;2017;09;7
2;LUCIE;2018;09;4
2;LUCIE;2019;09;4
2;LUCY;2014;09;3
2;LUNA;2001;09;3
2;LUNA;2002;09;4
2;LUNA;2004;09;4
2;LUNA;2005;09;3
2;LUNA;2006;09;4
2;LUNA;2008;09;8
2;LUNA;2009;09;6
2;LUNA;2010;09;8
2;LUNA;2011;09;4
2;LUNA;2012;09;6
2;LUNA;2013;09;4
2;LUNA;2016;09;5
2;LUNA;2017;09;3
2;LUNA;2018;09;6
2;LUNA;2019;09;7
2;LUNA;2020;09;4
2;LUNA;2021;09;6
2;LYA;2008;09;3
2;LYA;2011;09;3
2;LYA;2014;09;5
2;LYA;2020;09;11
2;LYA;2021;09;4
2;LYANA;2015;09;3
2;LYANA;2018;09;5
2;LYANA;2019;09;4
2;LYANNA;2018;09;3
2;LYLOU;2011;09;3
2;LYNA;2019;09;4
2;LYNA;2021;09;3
2;MAELLE;2002;09;3
2;MAELLE;2004;09;5
2;MAELLE;2006;09;3
2;MAELLE;2008;09;4
2;MAELLE;2009;09;4
2;MAELLE;2010;09;3
2;MAELLE;2012;09;3
2;MAËLLE;2018;09;3
2;MAËLYA;2015;09;3
2;MAELYS;2003;09;5
2;MAELYS;2004;09;3
2;MAELYS;2005;09;5
2;MAELYS;2006;09;10
2;MAELYS;2007;09;7
2;MAELYS;2008;09;4
2;MAELYS;2009;09;8
2;MAELYS;2010;09;4
2;MAELYS;2011;09;4
2;MAELYS;2012;09;6
2;MAËLYS;2013;09;5
2;MAËLYS;2014;09;5
2;MAËLYS;2015;09;3
2;MAËLYS;2018;09;3
2;MAEVA;2000;09;8
2;MAEVA;2001;09;3
2;MAEVA;2002;09;7
2;MAEVA;2003;09;8
2;MAEVA;2004;09;8
2;MAEVA;2006;09;5
2;MAEVA;2007;09;3
2;MAEVA;2009;09;5
2;MAEVA;2010;09;4
2;MAILYS;2002;09;4
2;MAILYS;2004;09;3
2;MAILYS;2005;09;5
2;MAILYS;2007;09;3
2;MANON;2000;09;18
2;MANON;2001;09;19
2;MANON;2002;09;23
2;MANON;2003;09;14
2;MANON;2004;09;13
2;MANON;2005;09;8
2;MANON;2006;09;6
2;MANON;2007;09;6
2;MANON;2008;09;11
2;MANON;2009;09;13
2;MANON;2010;09;10
2;MANON;2011;09;15
2;MANON;2012;09;8
2;MANON;2013;09;5
2;MANON;2014;09;9
2;MANON;2015;09;7
2;MANON;2016;09;9
2;MANON;2017;09;4
2;MANON;2018;09;3
2;MANON;2019;09;4
2;MANON;2020;09;5
2;MARGAUX;2001;09;4
2;MARGAUX;2005;09;4
2;MARGAUX;2007;09;3
2;MARGAUX;2010;09;3
2;MARGAUX;2012;09;4
2;MARGAUX;2016;09;3
2;MARGAUX;2019;09;4
2;MARGAUX;2020;09;3
2;MARGOT;2000;09;5
2;MARGOT;2002;09;3
2;MARGOT;2005;09;3
2;MARGOT;2006;09;5
2;MARGOT;2010;09;6
2;MARGOT;2012;09;3
2;MARGOT;2015;09;4
2;MARGOT;2017;09;3
2;MARIANNE;2006;09;3
2;MARIE;2000;09;6
2;MARIE;2001;09;9
2;MARIE;2002;09;5
2;MARIE;2003;09;5
2;MARIE;2004;09;4
2;MARIE;2005;09;3
2;MARIE;2007;09;4
2;MARIE;2008;09;3
2;MARIE;2011;09;5
2;MARIE;2012;09;3
2;MARIE;2014;09;3
2;MARIE;2021;09;3
2;MARIE-LOU;2009;09;3
2;MARILOU;2020;09;3
2;MARINA;2000;09;5
2;MARINA;2001;09;3
2;MARINE;2000;09;10
2;MARINE;2001;09;5
2;MARINE;2003;09;7
2;MARINE;2007;09;4
2;MARINE;2010;09;3
2;MARION;2000;09;4
2;MARION;2001;09;6
2;MARION;2002;09;6
2;MARION;2003;09;4
2;MARION;2004;09;3
2;MATHILDE;2000;09;12
2;MATHILDE;2001;09;4
2;MATHILDE;2002;09;4
2;MATHILDE;2003;09;5
2;MATHILDE;2004;09;3
2;MATHILDE;2005;09;4
2;MATHILDE;2006;09;5
2;MATHILDE;2007;09;4
2;MATHILDE;2008;09;5
2;MATHILDE;2009;09;6
2;MATHILDE;2010;09;5
2;MATHILDE;2012;09;5
2;MATHILDE;2013;09;3
2;MATHILDE;2018;09;3
2;MAYA;2014;09;3
2;MAYA;2020;09;3
2;MAYLIS;2006;09;3
2;MAYLIS;2008;09;5
2;MÉLANIE;2000;09;5
2;MÉLANIE;2004;09;4
2;MÉLANIE;2008;09;3
2;MÉLINA;2008;09;3
2;MÉLINA;2020;09;4
2;MELINE;2008;09;3
2;MELISSA;2011;09;5
2;MELISSA;2012;09;3
2;MÉLISSA;2000;09;3
2;MÉLISSA;2001;09;3
2;MÉLISSA;2002;09;6
2;MÉLISSA;2004;09;6
2;MÉLISSA;2007;09;6
2;MIA;2015;09;5
2;MIA;2018;09;4
2;MIA;2019;09;4
2;MIA;2020;09;3
2;MIA;2021;09;3
2;MILA;2009;09;3
2;MILA;2013;09;3
2;MILA;2014;09;5
2;MILA;2015;09;6
2;MILA;2016;09;9
2;MILA;2018;09;7
2;MILA;2019;09;4
2;MILA;2020;09;3
2;MINA;2020;09;3
2;MORGANE;2000;09;8
2;MORGANE;2001;09;8
2;MORGANE;2002;09;6
2;MORGANE;2003;09;3
2;MORGANE;2004;09;10
2;MORGANE;2005;09;3
2;MORGANE;2006;09;5
2;MORGANE;2007;09;3
2;MORGANE;2008;09;3
2;MYA;2014;09;3
2;MYA;2017;09;4
2;MYA;2020;09;3
2;NAÏA;2017;09;3
2;NAIS;2006;09;5
2;NINA;2002;09;3
2;NINA;2004;09;4
2;NINA;2007;09;6
2;NINA;2009;09;6
2;NINA;2010;09;6
2;NINA;2011;09;3
2;NINA;2012;09;3
2;NINA;2013;09;3
2;NINA;2014;09;5
2;NINA;2015;09;5
2;NINA;2016;09;5
2;NINA;2017;09;5
2;NINA;2018;09;3
2;NINA;2019;09;3
2;NINA;2020;09;4
2;NINON;2004;09;4
2;NINON;2005;09;4
2;NINON;2006;09;4
2;NINON;2008;09;3
2;NOELIE;2010;09;4
2;NOEMIE;2000;09;4
2;NOEMIE;2003;09;4
2;NOEMIE;2004;09;3
2;NOEMIE;2005;09;4
2;NOEMIE;2006;09;4
2;NOEMIE;2007;09;4
2;NOEMIE;2008;09;3
2;NOEMIE;2010;09;3
2;NOEMIE;2011;09;5
2;NOEMIE;2012;09;3
2;NOÉMIE;2014;09;4
2;NOÉMIE;2015;09;3
2;NOÉMIE;2016;09;4
2;NORA;2012;09;3
2;OCEANE;2011;09;3
2;OCÉANE;2000;09;5
2;OCÉANE;2001;09;13
2;OCÉANE;2002;09;15
2;OCÉANE;2003;09;8
2;OCÉANE;2004;09;8
2;OCÉANE;2005;09;10
2;OCÉANE;2006;09;8
2;OCÉANE;2007;09;8
2;OCÉANE;2008;09;3
2;OCÉANE;2009;09;4
2;OCÉANE;2015;09;4
2;OLIVIA;2000;09;3
2;OLIVIA;2003;09;3
2;OLIVIA;2015;09;4
2;OLIVIA;2017;09;3
2;OLIVIA;2018;09;6
2;OLIVIA;2019;09;3
2;OLIVIA;2020;09;4
2;OLIVIA;2021;09;3
2;OPHELIE;2012;09;3
2;PAULINE;2000;09;6
2;PAULINE;2001;09;8
2;PAULINE;2002;09;4
2;PAULINE;2003;09;5
2;PAULINE;2004;09;6
2;PAULINE;2005;09;6
2;PAULINE;2006;09;4
2;PAULINE;2008;09;5
2;PAULINE;2010;09;3
2;PAULINE;2012;09;3
2;PAULINE;2014;09;3
2;RACHEL;2001;09;3
2;ROMANE;2000;09;6
2;ROMANE;2001;09;4
2;ROMANE;2004;09;3
2;ROMANE;2005;09;4
2;ROMANE;2006;09;6
2;ROMANE;2007;09;7
2;ROMANE;2008;09;4
2;ROMANE;2009;09;4
2;ROMANE;2010;09;5
2;ROMANE;2011;09;3
2;ROMANE;2012;09;3
2;ROMANE;2013;09;9
2;ROMANE;2014;09;4
2;ROMANE;2016;09;5
2;ROMANE;2019;09;5
2;ROMY;2020;09;3
2;ROSE;2008;09;3
2;ROSE;2014;09;3
2;ROSE;2018;09;7
2;ROSE;2021;09;4
2;ROXANE;2019;09;4
2;ROXANE;2021;09;3
2;SALOME;2012;09;4
2;SALOMÉ;2000;09;6
2;SALOMÉ;2017;09;3
2;SARA;2007;09;3
2;SARA;2009;09;3
2;SARA;2018;09;3
2;SARAH;2000;09;13
2;SARAH;2001;09;10
2;SARAH;2002;09;11
2;SARAH;2003;09;8
2;SARAH;2004;09;4
2;SARAH;2005;09;4
2;SARAH;2006;09;10
2;SARAH;2007;09;7
2;SARAH;2008;09;4
2;SARAH;2010;09;6
2;SARAH;2012;09;5
2;SARAH;2013;09;3
2;SARAH;2014;09;4
2;SARAH;2015;09;3
2;SARAH;2016;09;4
2;SARAH;2018;09;6
2;SHANNA;2015;09;4
2;SOFIA;2005;09;3
2;SOFIA;2010;09;3
2;SOFIA;2016;09;3
2;SOFIA;2017;09;4
2;SOLÈNE;2000;09;4
2;SOLÈNE;2001;09;3
2;SOLINE;2013;09;3
2;SOPHIE;2002;09;3
2;SOPHIE;2011;09;4
2;TESSA;2020;09;4
2;THAIS;2000;09;3
2;THAIS;2009;09;3
2;THAÏS;2021;09;4
2;THÉA;2016;09;3
2;THÉA;2019;09;5
2;THÉA;2020;09;3
2;VALENTINE;2000;09;3
2;VICTOIRE;2020;09;3
2;VICTORIA;2021;09;4
2;VIOLETTE;2007;09;3
2;YASMINE;2018;09;3
2;ZÉLIE;2016;09;6
2;ZIA;2007;09;3
2;ZOE;2010;09;3
2;ZOE;2011;09;6
2;ZOE;2012;09;3
2;ZOÉ;2005;09;4
2;ZOÉ;2008;09;7
2;ZOÉ;2009;09;11
2;ZOÉ;2013;09;5
2;ZOÉ;2014;09;9
2;ZOÉ;2015;09;5
2;ZOÉ;2016;09;9
2;ZOÉ;2017;09;4
2;ZOÉ;2019;09;3
2;ZOÉ;2020;09;5
2;ZOÉ;2021;09;6
