sexe;preusuel;annais;dpt;nombre
1;_PRENOMS_RARES;2000;04;10
1;_PRENOMS_RARES;2001;04;13
1;_PRENOMS_RARES;2002;04;8
1;_PRENOMS_RARES;2003;04;16
1;_PRENOMS_RARES;2004;04;21
1;_PRENOMS_RARES;2005;04;27
1;_PRENOMS_RARES;2006;04;17
1;_PRENOMS_RARES;2007;04;28
1;_PRENOMS_RARES;2008;04;13
1;_PRENOMS_RARES;2009;04;18
1;_PRENOMS_RARES;2010;04;20
1;_PRENOMS_RARES;2011;04;28
1;_PRENOMS_RARES;2012;04;18
1;_PRENOMS_RARES;2013;04;26
1;_PRENOMS_RARES;2014;04;27
1;_PRENOMS_RARES;2015;04;24
1;_PRENOMS_RARES;2016;04;28
1;_PRENOMS_RARES;2017;04;28
1;_PRENOMS_RARES;2018;04;23
1;_PRENOMS_RARES;2019;04;25
1;_PRENOMS_RARES;2020;04;26
1;_PRENOMS_RARES;2021;04;36
1;AARON;2008;04;5
1;AARON;2011;04;3
1;AARON;2012;04;7
1;AARON;2013;04;5
1;AARON;2014;04;4
1;AARON;2015;04;5
1;AARON;2016;04;8
1;AARON;2017;04;5
1;AARON;2018;04;5
1;AARON;2019;04;6
1;AARON;2020;04;3
1;AARON;2021;04;7
1;ADAM;2001;04;3
1;ADAM;2006;04;4
1;ADAM;2007;04;3
1;ADAM;2008;04;7
1;ADAM;2010;04;3
1;ADAM;2011;04;5
1;ADAM;2012;04;7
1;ADAM;2013;04;5
1;ADAM;2014;04;6
1;ADAM;2016;04;7
1;ADAM;2017;04;4
1;ADAM;2018;04;5
1;ADAM;2019;04;6
1;ADAM;2020;04;3
1;ADAM;2021;04;4
1;ADEM;2011;04;3
1;ADRIAN;2017;04;3
1;ADRIEN;2000;04;8
1;ADRIEN;2001;04;4
1;ADRIEN;2002;04;4
1;ADRIEN;2004;04;4
1;ADRIEN;2005;04;4
1;ADRIEN;2006;04;4
1;ADRIEN;2009;04;3
1;ADRIEN;2013;04;3
1;ALESSANDRO;2009;04;3
1;ALESSIO;2014;04;4
1;ALESSIO;2020;04;6
1;ALEXANDRE;2000;04;6
1;ALEXANDRE;2001;04;5
1;ALEXANDRE;2002;04;5
1;ALEXANDRE;2003;04;10
1;ALEXANDRE;2004;04;3
1;ALEXANDRE;2005;04;4
1;ALEXANDRE;2006;04;3
1;ALEXANDRE;2007;04;3
1;ALEXANDRE;2009;04;4
1;ALEXANDRE;2013;04;6
1;ALEXANDRE;2016;04;3
1;ALEXANDRE;2017;04;4
1;ALEXANDRE;2021;04;3
1;ALEXIS;2000;04;4
1;ALEXIS;2001;04;5
1;ALEXIS;2002;04;7
1;ALEXIS;2003;04;3
1;ALEXIS;2004;04;4
1;ALEXIS;2005;04;4
1;ALEXIS;2006;04;4
1;ALEXIS;2008;04;4
1;ALEXIS;2010;04;4
1;ALEXIS;2011;04;3
1;ALEXIS;2014;04;3
1;ALEXIS;2018;04;3
1;AMINE;2007;04;3
1;AMIR;2014;04;5
1;AMIR;2020;04;3
1;ANAS;2021;04;3
1;ANDREA;2021;04;4
1;ANGE;2008;04;4
1;ANGE;2009;04;3
1;ANGE;2012;04;3
1;ANGE;2013;04;5
1;ANGE;2014;04;3
1;ANGE;2021;04;3
1;ANGELO;2010;04;4
1;ANGELO;2011;04;4
1;ANTHONY;2000;04;5
1;ANTHONY;2001;04;9
1;ANTHONY;2002;04;5
1;ANTHONY;2004;04;8
1;ANTHONY;2005;04;3
1;ANTHONY;2006;04;3
1;ANTHONY;2007;04;5
1;ANTHONY;2008;04;3
1;ANTOINE;2000;04;3
1;ANTOINE;2001;04;8
1;ANTOINE;2002;04;5
1;ANTOINE;2003;04;3
1;ANTOINE;2004;04;6
1;ANTOINE;2005;04;4
1;ANTOINE;2006;04;5
1;ANTOINE;2008;04;3
1;ANTOINE;2009;04;3
1;ANTOINE;2010;04;4
1;ANTOINE;2011;04;5
1;ANTOINE;2013;04;4
1;ANTOINE;2016;04;3
1;ANTOINE;2017;04;3
1;ANTOINE;2021;04;3
1;ANTONIN;2000;04;3
1;ANTONIN;2001;04;3
1;ANTONIN;2002;04;3
1;ANTONIN;2006;04;6
1;ANTONIN;2008;04;3
1;ANTONIN;2009;04;3
1;ANTONIN;2013;04;3
1;ANTONIN;2014;04;3
1;ARNAUD;2000;04;4
1;ARNAUD;2001;04;3
1;ARSÈNE;2014;04;3
1;ARTHUR;2001;04;7
1;ARTHUR;2002;04;3
1;ARTHUR;2004;04;3
1;ARTHUR;2006;04;5
1;ARTHUR;2007;04;3
1;ARTHUR;2008;04;4
1;ARTHUR;2009;04;3
1;ARTHUR;2010;04;3
1;ARTHUR;2011;04;5
1;ARTHUR;2012;04;3
1;ARTHUR;2013;04;7
1;ARTHUR;2014;04;5
1;ARTHUR;2016;04;4
1;ARTHUR;2018;04;5
1;ARTHUR;2020;04;3
1;AURÉLIEN;2000;04;5
1;AURÉLIEN;2003;04;3
1;AXEL;2001;04;4
1;AXEL;2002;04;4
1;AXEL;2003;04;4
1;AXEL;2004;04;4
1;AXEL;2005;04;3
1;AXEL;2008;04;3
1;AXEL;2009;04;4
1;AXEL;2010;04;3
1;AXEL;2011;04;4
1;AXEL;2012;04;3
1;AXEL;2013;04;3
1;AXEL;2014;04;5
1;AXEL;2015;04;4
1;AXEL;2016;04;5
1;AXEL;2020;04;4
1;AXEL;2021;04;3
1;AYDEN;2019;04;3
1;AYDEN;2020;04;5
1;AYDEN;2021;04;5
1;BAPTISTE;2000;04;8
1;BAPTISTE;2001;04;3
1;BAPTISTE;2003;04;3
1;BAPTISTE;2004;04;8
1;BAPTISTE;2005;04;7
1;BAPTISTE;2006;04;5
1;BAPTISTE;2007;04;5
1;BAPTISTE;2008;04;4
1;BAPTISTE;2009;04;4
1;BAPTISTE;2012;04;3
1;BAPTISTE;2014;04;8
1;BAPTISTE;2015;04;4
1;BAPTISTE;2016;04;3
1;BAPTISTE;2018;04;3
1;BAPTISTE;2019;04;3
1;BASTIEN;2000;04;10
1;BASTIEN;2001;04;4
1;BASTIEN;2002;04;4
1;BASTIEN;2003;04;5
1;BASTIEN;2004;04;5
1;BASTIEN;2005;04;7
1;BASTIEN;2007;04;5
1;BASTIEN;2010;04;3
1;BASTIEN;2011;04;3
1;BASTIEN;2013;04;5
1;BASTIEN;2014;04;5
1;BENJAMIN;2000;04;4
1;BENJAMIN;2001;04;6
1;BENJAMIN;2002;04;8
1;BENJAMIN;2003;04;6
1;BENJAMIN;2004;04;4
1;BENJAMIN;2005;04;5
1;BENJAMIN;2006;04;7
1;BENJAMIN;2012;04;4
1;BENJAMIN;2013;04;5
1;BENJAMIN;2016;04;3
1;BENJAMIN;2018;04;3
1;BILEL;2004;04;3
1;BRICE;2000;04;3
1;BRICE;2001;04;3
1;BRYAN;2005;04;4
1;CAMILLE;2011;04;3
1;CEDRIC;2000;04;3
1;CEDRIC;2001;04;4
1;CELIAN;2006;04;3
1;CESAR;2003;04;3
1;CESAR;2006;04;3
1;CHARLIE;2017;04;3
1;CHRISTOPHER;2001;04;3
1;CLEMENT;2010;04;3
1;CLÉMENT;2000;04;7
1;CLÉMENT;2001;04;5
1;CLÉMENT;2002;04;6
1;CLÉMENT;2003;04;7
1;CLÉMENT;2004;04;4
1;CLÉMENT;2005;04;5
1;CLÉMENT;2006;04;7
1;CLÉMENT;2007;04;3
1;CLÉMENT;2009;04;8
1;CLÉMENT;2010;04;3
1;CLÉMENT;2011;04;3
1;CLÉMENT;2013;04;3
1;CLÉMENT;2015;04;3
1;CLOVIS;2007;04;3
1;CORENTIN;2000;04;6
1;CORENTIN;2006;04;3
1;CORENTIN;2008;04;4
1;CORENTIN;2011;04;4
1;CYRIL;2000;04;3
1;DAMIEN;2000;04;4
1;DAMIEN;2002;04;5
1;DAMIEN;2004;04;3
1;DAMIEN;2005;04;5
1;DARIO;2019;04;3
1;DAVID;2001;04;3
1;DAVID;2004;04;3
1;DAVID;2005;04;4
1;DIEGO;2005;04;5
1;DIEGO;2009;04;3
1;DORIAN;2000;04;8
1;DORIAN;2001;04;3
1;DORIAN;2003;04;5
1;DORIAN;2005;04;5
1;DORIAN;2006;04;3
1;DORIAN;2009;04;3
1;DORIAN;2011;04;4
1;DORIAN;2013;04;4
1;DYLAN;2000;04;3
1;DYLAN;2002;04;4
1;DYLAN;2004;04;5
1;DYLAN;2006;04;5
1;DYLAN;2007;04;3
1;DYLAN;2008;04;3
1;DYLAN;2009;04;3
1;EDEN;2013;04;3
1;EDEN;2014;04;3
1;EDEN;2016;04;4
1;EDEN;2019;04;3
1;ELIAS;2021;04;3
1;ELIOT;2008;04;3
1;ENZO;2000;04;7
1;ENZO;2001;04;11
1;ENZO;2002;04;13
1;ENZO;2003;04;11
1;ENZO;2004;04;19
1;ENZO;2005;04;19
1;ENZO;2006;04;13
1;ENZO;2007;04;11
1;ENZO;2008;04;5
1;ENZO;2009;04;12
1;ENZO;2010;04;9
1;ENZO;2011;04;15
1;ENZO;2012;04;8
1;ENZO;2013;04;7
1;ENZO;2014;04;4
1;ENZO;2015;04;4
1;ENZO;2016;04;4
1;ENZO;2017;04;4
1;ENZO;2019;04;5
1;ENZO;2020;04;5
1;ENZO;2021;04;3
1;ERWAN;2001;04;3
1;ERWANN;2003;04;3
1;ESTEBAN;2003;04;4
1;ESTEBAN;2004;04;4
1;ESTEBAN;2005;04;3
1;ESTEBAN;2006;04;4
1;ESTEBAN;2008;04;4
1;ESTEBAN;2009;04;5
1;ESTEBAN;2010;04;4
1;ESTEBAN;2012;04;3
1;ESTEBAN;2013;04;3
1;ESTEBAN;2020;04;4
1;ETHAN;2006;04;3
1;ETHAN;2007;04;9
1;ETHAN;2008;04;6
1;ETHAN;2009;04;4
1;ETHAN;2010;04;10
1;ETHAN;2011;04;6
1;ETHAN;2012;04;7
1;ETHAN;2013;04;5
1;ETHAN;2014;04;8
1;ETHAN;2015;04;5
1;ETHAN;2016;04;5
1;ETHAN;2017;04;6
1;ETHAN;2019;04;5
1;ETHAN;2020;04;4
1;EVAN;2005;04;4
1;EVAN;2006;04;3
1;EVAN;2007;04;4
1;EVAN;2008;04;4
1;EVAN;2010;04;7
1;EVAN;2011;04;7
1;EVAN;2012;04;6
1;EVAN;2013;04;8
1;EVAN;2014;04;7
1;EVAN;2016;04;3
1;EVAN;2017;04;3
1;EVAN;2020;04;4
1;EVAN;2021;04;4
1;EVANN;2007;04;3
1;EZIO;2020;04;3
1;EZIO;2021;04;6
1;FABIEN;2001;04;3
1;FABIEN;2008;04;3
1;FABIO;2001;04;3
1;FABIO;2003;04;3
1;FABIO;2004;04;4
1;FABIO;2006;04;5
1;FABIO;2009;04;3
1;FABIO;2013;04;5
1;FABIO;2021;04;4
1;FÉLIX;2006;04;3
1;FÉLIX;2013;04;3
1;FLAVIO;2007;04;3
1;FLORENT;2000;04;3
1;FLORENT;2001;04;4
1;FLORENT;2007;04;4
1;FLORIAN;2000;04;10
1;FLORIAN;2001;04;11
1;FLORIAN;2002;04;10
1;FLORIAN;2003;04;11
1;FLORIAN;2004;04;6
1;FLORIAN;2005;04;4
1;FLORIAN;2006;04;3
1;FLORIAN;2008;04;3
1;FRANCK;2002;04;3
1;GABIN;2003;04;3
1;GABIN;2008;04;6
1;GABIN;2011;04;6
1;GABIN;2012;04;5
1;GABIN;2013;04;5
1;GABIN;2014;04;4
1;GABIN;2015;04;7
1;GABIN;2017;04;4
1;GABIN;2018;04;3
1;GABIN;2019;04;3
1;GABIN;2021;04;6
1;GABRIEL;2000;04;3
1;GABRIEL;2001;04;4
1;GABRIEL;2002;04;4
1;GABRIEL;2003;04;3
1;GABRIEL;2004;04;5
1;GABRIEL;2005;04;4
1;GABRIEL;2006;04;3
1;GABRIEL;2007;04;4
1;GABRIEL;2008;04;7
1;GABRIEL;2009;04;8
1;GABRIEL;2011;04;4
1;GABRIEL;2012;04;10
1;GABRIEL;2013;04;10
1;GABRIEL;2014;04;8
1;GABRIEL;2015;04;12
1;GABRIEL;2016;04;14
1;GABRIEL;2017;04;6
1;GABRIEL;2018;04;9
1;GABRIEL;2019;04;6
1;GABRIEL;2020;04;7
1;GABRIEL;2021;04;7
1;GAËTAN;2000;04;3
1;GAËTAN;2002;04;3
1;GAËTAN;2009;04;3
1;GAËTAN;2015;04;3
1;GASPARD;2019;04;3
1;GIANNI;2013;04;3
1;GIANNI;2021;04;3
1;GIOVANNI;2006;04;3
1;GIULIAN;2015;04;3
1;GIULIAN;2018;04;3
1;GREGORY;2000;04;3
1;GREGORY;2001;04;3
1;GREGORY;2009;04;3
1;GUILLAUME;2001;04;5
1;GUILLAUME;2004;04;5
1;GUILLAUME;2007;04;3
1;GUILLAUME;2017;04;3
1;HUGO;2000;04;11
1;HUGO;2001;04;7
1;HUGO;2002;04;8
1;HUGO;2003;04;13
1;HUGO;2004;04;11
1;HUGO;2005;04;3
1;HUGO;2006;04;6
1;HUGO;2008;04;4
1;HUGO;2009;04;5
1;HUGO;2010;04;6
1;HUGO;2011;04;5
1;HUGO;2012;04;4
1;HUGO;2013;04;13
1;HUGO;2014;04;6
1;HUGO;2015;04;6
1;HUGO;2016;04;13
1;HUGO;2017;04;8
1;HUGO;2018;04;4
1;HUGO;2019;04;3
1;HUGO;2021;04;5
1;ILAN;2008;04;3
1;ILAN;2009;04;3
1;ILAN;2015;04;3
1;ILYAN;2021;04;3
1;ILYES;2007;04;3
1;ILYES;2010;04;4
1;ILYES;2011;04;3
1;ILYES;2012;04;4
1;IMRAN;2014;04;3
1;IMRAN;2015;04;3
1;ISAAC;2021;04;4
1;JASON;2005;04;3
1;JEAN;2000;04;3
1;JEREMY;2002;04;3
1;JEREMY;2003;04;4
1;JEREMY;2006;04;3
1;JIMMY;2007;04;3
1;JOHAN;2000;04;3
1;JOHAN;2009;04;4
1;JOHAN;2012;04;3
1;JOHAN;2013;04;5
1;JONAS;2014;04;3
1;JONATHAN;2000;04;3
1;JONATHAN;2001;04;4
1;JONATHAN;2006;04;3
1;JONATHAN;2012;04;3
1;JORDAN;2002;04;4
1;JORDAN;2004;04;3
1;JORDAN;2015;04;3
1;JORIS;2002;04;4
1;JOSHUA;2010;04;5
1;JULES;2000;04;7
1;JULES;2004;04;5
1;JULES;2006;04;5
1;JULES;2007;04;5
1;JULES;2009;04;5
1;JULES;2010;04;8
1;JULES;2011;04;5
1;JULES;2012;04;5
1;JULES;2013;04;5
1;JULES;2014;04;6
1;JULES;2015;04;11
1;JULES;2016;04;4
1;JULES;2017;04;6
1;JULES;2020;04;3
1;JULIAN;2017;04;4
1;JULIEN;2000;04;7
1;JULIEN;2001;04;7
1;JULIEN;2002;04;7
1;JULIEN;2003;04;8
1;JULIEN;2007;04;6
1;JULIEN;2008;04;5
1;JULIEN;2010;04;3
1;JULIEN;2012;04;4
1;JULIEN;2013;04;3
1;JULIEN;2018;04;3
1;JUSTIN;2003;04;3
1;KAIS;2008;04;3
1;KAÏS;2011;04;3
1;KAÏS;2014;04;4
1;KAÏS;2015;04;3
1;KAÏS;2016;04;4
1;KAÏS;2017;04;3
1;KAÏS;2018;04;3
1;KAÏS;2019;04;7
1;KELYAN;2011;04;3
1;KENZO;2006;04;4
1;KENZO;2011;04;4
1;KENZO;2015;04;3
1;KENZO;2016;04;3
1;KENZO;2017;04;3
1;KENZO;2018;04;3
1;KEVIN;2000;04;9
1;KEVIN;2002;04;6
1;KEVIN;2003;04;4
1;KEVIN;2004;04;6
1;KILLIAN;2003;04;7
1;KILLIAN;2007;04;9
1;KYLIAN;2001;04;3
1;KYLIAN;2003;04;3
1;KYLIAN;2005;04;3
1;KYLIAN;2006;04;6
1;KYLIAN;2007;04;3
1;KYLIAN;2008;04;3
1;KYLIAN;2009;04;6
1;KYLIAN;2017;04;6
1;KYLLIAN;2004;04;3
1;KYLLIAN;2009;04;3
1;LAURENT;2000;04;5
1;LÉANDRO;2011;04;3
1;LÉANDRO;2016;04;3
1;LENNY;2003;04;3
1;LENNY;2004;04;6
1;LENNY;2010;04;4
1;LENNY;2011;04;6
1;LENNY;2012;04;3
1;LENNY;2013;04;5
1;LENNY;2014;04;6
1;LENNY;2018;04;3
1;LENNY;2020;04;3
1;LEO;2010;04;4
1;LEO;2011;04;8
1;LÉO;2000;04;10
1;LÉO;2001;04;3
1;LÉO;2002;04;8
1;LÉO;2003;04;5
1;LÉO;2004;04;8
1;LÉO;2005;04;5
1;LÉO;2006;04;8
1;LÉO;2007;04;6
1;LÉO;2008;04;7
1;LÉO;2009;04;5
1;LÉO;2011;04;10
1;LÉO;2012;04;11
1;LÉO;2013;04;9
1;LÉO;2014;04;10
1;LÉO;2015;04;10
1;LÉO;2016;04;10
1;LÉO;2017;04;10
1;LÉO;2018;04;6
1;LÉO;2019;04;7
1;LÉO;2021;04;3
1;LÉON;2014;04;3
1;LÉON;2015;04;3
1;LÉON;2016;04;3
1;LÉON;2019;04;3
1;LEOPOLD;2007;04;3
1;LIAM;2000;04;3
1;LIAM;2010;04;5
1;LIAM;2011;04;3
1;LIAM;2012;04;3
1;LIAM;2013;04;6
1;LIAM;2014;04;4
1;LIAM;2015;04;6
1;LIAM;2016;04;11
1;LIAM;2017;04;6
1;LIAM;2018;04;7
1;LIAM;2019;04;4
1;LIAM;2021;04;4
1;LIHAM;2015;04;3
1;LILIAN;2003;04;3
1;LILIAN;2005;04;3
1;LILIAN;2006;04;3
1;LILIAN;2007;04;4
1;LINO;2007;04;3
1;LISANDRO;2017;04;3
1;LIVIO;2011;04;3
1;LIVIO;2014;04;3
1;LIVIO;2015;04;5
1;LIVIO;2016;04;6
1;LIVIO;2017;04;3
1;LIVIO;2018;04;5
1;LIVIO;2020;04;4
1;LIVIO;2021;04;4
1;LOAN;2013;04;4
1;LOAN;2014;04;4
1;LOAN;2016;04;3
1;LOAN;2018;04;4
1;LOGAN;2017;04;4
1;LOGAN;2018;04;5
1;LOGAN;2021;04;3
1;LOHAN;2015;04;3
1;LOÏC;2000;04;4
1;LOÏC;2001;04;4
1;LOÏC;2002;04;5
1;LOÏC;2005;04;3
1;LOÏC;2008;04;3
1;LOÏS;2001;04;3
1;LORENZO;2001;04;3
1;LORENZO;2002;04;4
1;LORENZO;2004;04;3
1;LORENZO;2006;04;5
1;LORENZO;2008;04;4
1;LORENZO;2010;04;4
1;LORENZO;2011;04;8
1;LORENZO;2012;04;3
1;LORENZO;2013;04;4
1;LORENZO;2014;04;4
1;LORENZO;2016;04;4
1;LORENZO;2017;04;3
1;LORENZO;2018;04;6
1;LORIS;2000;04;4
1;LORIS;2001;04;4
1;LORIS;2003;04;3
1;LORIS;2006;04;4
1;LORIS;2008;04;3
1;LORIS;2016;04;3
1;LOUCA;2012;04;3
1;LOUIS;2000;04;6
1;LOUIS;2001;04;5
1;LOUIS;2002;04;5
1;LOUIS;2003;04;4
1;LOUIS;2004;04;4
1;LOUIS;2006;04;4
1;LOUIS;2007;04;5
1;LOUIS;2008;04;8
1;LOUIS;2009;04;3
1;LOUIS;2010;04;5
1;LOUIS;2011;04;3
1;LOUIS;2012;04;4
1;LOUIS;2013;04;9
1;LOUIS;2015;04;10
1;LOUIS;2016;04;5
1;LOUIS;2017;04;9
1;LOUIS;2018;04;5
1;LOUIS;2019;04;3
1;LOUIS;2021;04;3
1;LOUKA;2010;04;3
1;LOUKA;2014;04;3
1;LOUKA;2018;04;4
1;LUCAS;2000;04;17
1;LUCAS;2001;04;10
1;LUCAS;2002;04;20
1;LUCAS;2003;04;13
1;LUCAS;2004;04;10
1;LUCAS;2005;04;4
1;LUCAS;2006;04;5
1;LUCAS;2007;04;12
1;LUCAS;2008;04;13
1;LUCAS;2009;04;13
1;LUCAS;2010;04;11
1;LUCAS;2011;04;8
1;LUCAS;2012;04;11
1;LUCAS;2013;04;6
1;LUCAS;2014;04;7
1;LUCAS;2015;04;8
1;LUCAS;2016;04;7
1;LUCAS;2017;04;3
1;LUCAS;2018;04;8
1;LUCAS;2020;04;5
1;LUCAS;2021;04;5
1;LUIS;2010;04;3
1;LUKAS;2004;04;4
1;LYAM;2019;04;3
1;LYAM;2021;04;3
1;MAEL;2002;04;3
1;MAEL;2004;04;5
1;MAEL;2006;04;6
1;MAEL;2007;04;6
1;MAEL;2008;04;4
1;MAEL;2009;04;4
1;MAEL;2010;04;3
1;MAËL;2011;04;3
1;MAËL;2012;04;5
1;MAËL;2013;04;10
1;MAËL;2014;04;4
1;MAËL;2015;04;3
1;MAËL;2016;04;3
1;MAËL;2017;04;3
1;MAËL;2018;04;8
1;MAËL;2019;04;3
1;MAËL;2021;04;5
1;MALONE;2016;04;5
1;MALONE;2019;04;3
1;MALONE;2020;04;3
1;MARCEAU;2021;04;3
1;MARCO;2002;04;3
1;MARIUS;2003;04;3
1;MARIUS;2007;04;4
1;MARIUS;2010;04;4
1;MARIUS;2012;04;4
1;MARIUS;2015;04;6
1;MARIUS;2016;04;4
1;MARIUS;2017;04;3
1;MARIUS;2018;04;5
1;MARIUS;2019;04;3
1;MARIUS;2021;04;3
1;MARLEY;2012;04;3
1;MARTIN;2000;04;3
1;MARTIN;2002;04;3
1;MARTIN;2009;04;3
1;MARTIN;2012;04;6
1;MARTIN;2015;04;3
1;MARTIN;2018;04;3
1;MATÉO;2016;04;3
1;MATHEO;2010;04;3
1;MATHEO;2011;04;4
1;MATHÉO;2002;04;3
1;MATHÉO;2003;04;3
1;MATHÉO;2004;04;4
1;MATHÉO;2005;04;3
1;MATHÉO;2006;04;5
1;MATHÉO;2007;04;7
1;MATHÉO;2008;04;5
1;MATHÉO;2009;04;8
1;MATHÉO;2010;04;3
1;MATHÉO;2011;04;7
1;MATHÉO;2012;04;5
1;MATHÉO;2013;04;7
1;MATHÉO;2014;04;3
1;MATHÉO;2015;04;3
1;MATHÉO;2016;04;6
1;MATHÉO;2018;04;3
1;MATHÉO;2019;04;4
1;MATHÉO;2020;04;3
1;MATHIAS;2000;04;4
1;MATHIAS;2001;04;5
1;MATHIAS;2004;04;4
1;MATHIAS;2006;04;5
1;MATHIAS;2007;04;5
1;MATHIAS;2012;04;3
1;MATHIAS;2017;04;4
1;MATHIEU;2000;04;5
1;MATHIEU;2001;04;11
1;MATHIEU;2002;04;6
1;MATHIEU;2003;04;5
1;MATHIEU;2004;04;6
1;MATHIEU;2005;04;3
1;MATHIEU;2009;04;3
1;MATHIEU;2010;04;3
1;MATHIEU;2012;04;3
1;MATHIEU;2013;04;4
1;MATHIS;2000;04;5
1;MATHIS;2001;04;6
1;MATHIS;2002;04;5
1;MATHIS;2003;04;10
1;MATHIS;2004;04;9
1;MATHIS;2005;04;12
1;MATHIS;2006;04;15
1;MATHIS;2007;04;13
1;MATHIS;2008;04;8
1;MATHIS;2009;04;4
1;MATHIS;2010;04;6
1;MATHIS;2011;04;6
1;MATHIS;2012;04;4
1;MATHIS;2013;04;6
1;MATHIS;2014;04;4
1;MATHIS;2016;04;3
1;MATHIS;2017;04;6
1;MATHYS;2006;04;4
1;MATHYS;2007;04;3
1;MATHYS;2010;04;6
1;MATHYS;2011;04;3
1;MATHYS;2012;04;5
1;MATHYS;2014;04;3
1;MATIS;2008;04;3
1;MATIS;2010;04;3
1;MATTEO;2011;04;4
1;MATTÉO;2000;04;6
1;MATTÉO;2001;04;6
1;MATTÉO;2002;04;5
1;MATTÉO;2003;04;10
1;MATTÉO;2004;04;14
1;MATTÉO;2005;04;8
1;MATTÉO;2006;04;6
1;MATTÉO;2007;04;4
1;MATTÉO;2008;04;3
1;MATTÉO;2009;04;6
1;MATTÉO;2010;04;3
1;MATTÉO;2012;04;4
1;MATTÉO;2013;04;3
1;MATTÉO;2016;04;3
1;MATTÉO;2017;04;4
1;MATTÉO;2019;04;4
1;MATTÉO;2021;04;3
1;MATYS;2003;04;3
1;MAXENCE;2001;04;3
1;MAXENCE;2008;04;3
1;MAXENCE;2011;04;3
1;MAXENCE;2012;04;4
1;MAXENCE;2013;04;3
1;MAXENCE;2014;04;4
1;MAXIME;2000;04;6
1;MAXIME;2001;04;6
1;MAXIME;2002;04;8
1;MAXIME;2003;04;5
1;MAXIME;2004;04;6
1;MAXIME;2005;04;6
1;MAXIME;2006;04;3
1;MAXIME;2007;04;3
1;MAXIME;2008;04;8
1;MAXIME;2009;04;5
1;MAXIME;2010;04;6
1;MAXIME;2011;04;6
1;MAXIME;2012;04;4
1;MAXIME;2013;04;6
1;MAXIME;2014;04;10
1;MAXIME;2016;04;3
1;MAXIME;2017;04;4
1;MAXIME;2018;04;6
1;MAXIME;2019;04;4
1;MAXIME;2021;04;3
1;MAYLAN;2021;04;3
1;MAYLON;2020;04;3
1;MEHDI;2000;04;4
1;MEHDI;2001;04;5
1;MEHDI;2007;04;3
1;MICKAEL;2006;04;4
1;MILAN;2014;04;3
1;MILAN;2017;04;5
1;MILO;2011;04;3
1;MILO;2014;04;4
1;MILO;2019;04;5
1;MILO;2020;04;3
1;MILO;2021;04;3
1;MOHAMED;2007;04;3
1;MOHAMED;2008;04;4
1;MOHAMED;2011;04;3
1;MOHAMED;2012;04;5
1;MOHAMED;2014;04;4
1;MOHAMED;2019;04;3
1;MORGAN;2001;04;3
1;NAEL;2017;04;3
1;NAËL;2013;04;3
1;NAËL;2015;04;4
1;NAËL;2017;04;5
1;NAËL;2019;04;4
1;NAËL;2020;04;3
1;NAHIL;2016;04;3
1;NAHIL;2019;04;3
1;NAHIL;2021;04;3
1;NAÏM;2014;04;4
1;NANS;2001;04;5
1;NANS;2004;04;3
1;NANS;2006;04;5
1;NANS;2010;04;4
1;NANS;2012;04;3
1;NANS;2016;04;5
1;NASSIM;2000;04;3
1;NASSIM;2011;04;3
1;NATHAN;2000;04;5
1;NATHAN;2002;04;6
1;NATHAN;2003;04;6
1;NATHAN;2004;04;6
1;NATHAN;2005;04;10
1;NATHAN;2006;04;8
1;NATHAN;2007;04;8
1;NATHAN;2008;04;13
1;NATHAN;2009;04;16
1;NATHAN;2010;04;15
1;NATHAN;2011;04;15
1;NATHAN;2012;04;5
1;NATHAN;2013;04;4
1;NATHAN;2014;04;8
1;NATHAN;2015;04;5
1;NATHAN;2016;04;4
1;NATHAN;2017;04;4
1;NATHAN;2018;04;5
1;NATHAN;2020;04;7
1;NATHAN;2021;04;4
1;NICOLAS;2000;04;14
1;NICOLAS;2001;04;9
1;NICOLAS;2002;04;3
1;NICOLAS;2003;04;4
1;NICOLAS;2004;04;9
1;NICOLAS;2005;04;6
1;NICOLAS;2006;04;4
1;NICOLAS;2007;04;6
1;NICOLAS;2008;04;3
1;NINO;2006;04;3
1;NINO;2010;04;3
1;NINO;2012;04;5
1;NINO;2013;04;4
1;NINO;2014;04;7
1;NINO;2015;04;3
1;NINO;2016;04;6
1;NINO;2017;04;4
1;NINO;2019;04;3
1;NINO;2020;04;6
1;NINO;2021;04;4
1;NOA;2004;04;3
1;NOA;2006;04;4
1;NOA;2007;04;4
1;NOA;2008;04;5
1;NOA;2009;04;5
1;NOA;2010;04;5
1;NOA;2011;04;4
1;NOA;2013;04;4
1;NOA;2014;04;6
1;NOA;2015;04;6
1;NOA;2016;04;4
1;NOA;2017;04;3
1;NOA;2021;04;4
1;NOAH;2003;04;3
1;NOAH;2004;04;3
1;NOAH;2005;04;4
1;NOAH;2006;04;8
1;NOAH;2007;04;6
1;NOAH;2008;04;7
1;NOAH;2009;04;4
1;NOAH;2010;04;3
1;NOAH;2011;04;11
1;NOAH;2012;04;3
1;NOAH;2013;04;5
1;NOAH;2014;04;5
1;NOAH;2015;04;3
1;NOAH;2016;04;4
1;NOAH;2017;04;6
1;NOAH;2018;04;4
1;NOAH;2021;04;7
1;NOAM;2011;04;4
1;NOE;2003;04;4
1;NOE;2006;04;4
1;NOE;2008;04;4
1;NOE;2009;04;3
1;NOE;2011;04;3
1;NOÉ;2010;04;3
1;NOÉ;2011;04;3
1;NOÉ;2012;04;5
1;NOÉ;2013;04;9
1;NOÉ;2014;04;4
1;NOÉ;2015;04;4
1;NOÉ;2017;04;4
1;NOÉ;2018;04;3
1;NOÉ;2019;04;4
1;NOÉ;2020;04;4
1;NOÉ;2021;04;5
1;NOHAM;2013;04;3
1;NOHAM;2016;04;5
1;NOLAN;2006;04;4
1;NOLAN;2007;04;3
1;NOLAN;2009;04;5
1;NOLAN;2010;04;6
1;NOLAN;2011;04;4
1;NOLAN;2012;04;8
1;NOLAN;2013;04;6
1;NOLAN;2014;04;9
1;NOLAN;2015;04;8
1;NOLAN;2016;04;9
1;NOLAN;2018;04;5
1;NOLAN;2019;04;3
1;NOLHAN;2011;04;3
1;NOLHAN;2020;04;3
1;OLIVIER;2002;04;3
1;OLIVIER;2006;04;3
1;OWEN;2017;04;4
1;PABLO;2013;04;4
1;PABLO;2014;04;3
1;PABLO;2020;04;5
1;PAOLO;2009;04;4
1;PAUL;2000;04;6
1;PAUL;2001;04;4
1;PAUL;2003;04;5
1;PAUL;2004;04;3
1;PAUL;2006;04;3
1;PAUL;2007;04;5
1;PAUL;2008;04;3
1;PAUL;2009;04;4
1;PAUL;2010;04;3
1;PAUL;2011;04;3
1;PAUL;2012;04;3
1;PAUL;2014;04;4
1;PAUL;2017;04;5
1;PAUL;2018;04;4
1;PAUL;2019;04;3
1;PAUL;2020;04;4
1;PIERRE;2003;04;5
1;PIERRE;2004;04;3
1;PIERRE;2006;04;4
1;PIERRE;2009;04;4
1;QUENTIN;2000;04;9
1;QUENTIN;2001;04;11
1;QUENTIN;2002;04;8
1;QUENTIN;2003;04;7
1;QUENTIN;2004;04;5
1;QUENTIN;2005;04;4
1;QUENTIN;2006;04;6
1;QUENTIN;2008;04;5
1;QUENTIN;2009;04;4
1;QUENTIN;2011;04;3
1;RAFAEL;2009;04;4
1;RAFAEL;2020;04;4
1;RAFAËL;2014;04;4
1;RAFAËL;2015;04;3
1;RAPHAEL;2010;04;4
1;RAPHAEL;2011;04;3
1;RAPHAËL;2001;04;4
1;RAPHAËL;2003;04;5
1;RAPHAËL;2004;04;4
1;RAPHAËL;2005;04;3
1;RAPHAËL;2006;04;4
1;RAPHAËL;2007;04;6
1;RAPHAËL;2008;04;6
1;RAPHAËL;2009;04;6
1;RAPHAËL;2010;04;3
1;RAPHAËL;2012;04;6
1;RAPHAËL;2013;04;6
1;RAPHAËL;2014;04;8
1;RAPHAËL;2015;04;6
1;RAPHAËL;2016;04;9
1;RAPHAËL;2017;04;5
1;RAPHAËL;2018;04;6
1;RAPHAËL;2019;04;5
1;RAPHAËL;2020;04;3
1;RAPHAËL;2021;04;5
1;RAYAN;2002;04;3
1;RAYAN;2005;04;3
1;RAYAN;2007;04;4
1;RAYAN;2009;04;3
1;RAYAN;2010;04;5
1;RAYAN;2013;04;6
1;RAYAN;2014;04;5
1;RAYAN;2015;04;4
1;RÉMI;2000;04;4
1;RÉMI;2007;04;3
1;RÉMY;2001;04;4
1;RÉMY;2003;04;4
1;ROBIN;2000;04;3
1;ROBIN;2001;04;5
1;ROBIN;2007;04;5
1;ROBIN;2010;04;3
1;ROBIN;2015;04;3
1;ROBIN;2017;04;5
1;ROBIN;2021;04;3
1;ROMAIN;2000;04;3
1;ROMAIN;2001;04;4
1;ROMAIN;2002;04;10
1;ROMAIN;2003;04;6
1;ROMAIN;2004;04;5
1;ROMAIN;2005;04;7
1;ROMAIN;2006;04;6
1;ROMAIN;2007;04;4
1;ROMAIN;2009;04;4
1;ROMAIN;2010;04;3
1;ROMAIN;2011;04;4
1;ROMAIN;2013;04;4
1;ROMAIN;2015;04;3
1;RYAN;2001;04;5
1;RYAN;2002;04;4
1;RYAN;2003;04;4
1;RYAN;2006;04;3
1;SACHA;2006;04;4
1;SACHA;2007;04;5
1;SACHA;2008;04;3
1;SACHA;2009;04;3
1;SACHA;2010;04;5
1;SACHA;2011;04;3
1;SACHA;2012;04;8
1;SACHA;2013;04;7
1;SACHA;2014;04;8
1;SACHA;2015;04;4
1;SACHA;2016;04;4
1;SACHA;2017;04;5
1;SACHA;2018;04;8
1;SAMUEL;2001;04;6
1;SAMUEL;2002;04;3
1;SAMUEL;2003;04;3
1;SAMUEL;2005;04;5
1;SAMUEL;2007;04;4
1;SAMUEL;2008;04;3
1;SAMUEL;2010;04;6
1;SAMUEL;2011;04;3
1;SAMUEL;2013;04;3
1;SAMUEL;2014;04;3
1;SAMUEL;2018;04;5
1;SAMUEL;2020;04;3
1;SAMY;2011;04;3
1;SANDRO;2013;04;4
1;SÉBASTIEN;2000;04;3
1;SIMON;2000;04;5
1;SIMON;2003;04;3
1;SIMON;2007;04;3
1;SIMON;2011;04;4
1;SIMON;2012;04;4
1;SIMON;2014;04;3
1;SIMON;2015;04;3
1;SOAN;2009;04;3
1;SOAN;2012;04;3
1;SOAN;2013;04;3
1;SOAN;2014;04;4
1;SOAN;2015;04;3
1;SOAN;2018;04;4
1;SOFIAN;2010;04;3
1;SOFIANE;2011;04;3
1;SOHAN;2020;04;3
1;SOHAN;2021;04;5
1;STEVEN;2000;04;6
1;SWANN;2008;04;3
1;TAO;2006;04;3
1;TAO;2011;04;3
1;THEO;2010;04;5
1;THEO;2011;04;3
1;THÉO;2000;04;6
1;THÉO;2001;04;13
1;THÉO;2002;04;17
1;THÉO;2003;04;9
1;THÉO;2004;04;12
1;THÉO;2005;04;11
1;THÉO;2006;04;10
1;THÉO;2007;04;10
1;THÉO;2008;04;4
1;THÉO;2009;04;5
1;THÉO;2011;04;6
1;THÉO;2012;04;6
1;THÉO;2013;04;7
1;THÉO;2014;04;8
1;THÉO;2015;04;4
1;THÉO;2016;04;9
1;THÉO;2017;04;6
1;THÉO;2018;04;3
1;THÉO;2020;04;6
1;THÉO;2021;04;3
1;THIAGO;2021;04;4
1;THIBAULT;2000;04;3
1;THIBAULT;2004;04;3
1;THIBAULT;2005;04;3
1;THIBAUT;2003;04;3
1;THIBAUT;2009;04;3
1;THOMAS;2000;04;15
1;THOMAS;2001;04;9
1;THOMAS;2002;04;6
1;THOMAS;2003;04;9
1;THOMAS;2004;04;15
1;THOMAS;2005;04;7
1;THOMAS;2006;04;13
1;THOMAS;2007;04;8
1;THOMAS;2008;04;5
1;THOMAS;2009;04;6
1;THOMAS;2010;04;7
1;THOMAS;2012;04;4
1;THOMAS;2015;04;5
1;TIAGO;2009;04;3
1;TIAGO;2012;04;3
1;TIAGO;2016;04;3
1;TIAGO;2019;04;5
1;TIMEO;2008;04;6
1;TIMEO;2009;04;3
1;TIMÉO;2010;04;4
1;TIMÉO;2011;04;3
1;TIMÉO;2012;04;6
1;TIMÉO;2013;04;11
1;TIMÉO;2014;04;5
1;TIMÉO;2015;04;8
1;TIMÉO;2016;04;7
1;TIMÉO;2019;04;6
1;TIMÉO;2020;04;3
1;TIMÉO;2021;04;5
1;TIMOTHÉ;2013;04;3
1;TIMOTHÉ;2016;04;3
1;TITOUAN;2005;04;3
1;TITOUAN;2006;04;3
1;TITOUAN;2007;04;5
1;TITOUAN;2008;04;3
1;TITOUAN;2012;04;3
1;TITOUAN;2013;04;3
1;TOM;2000;04;11
1;TOM;2001;04;7
1;TOM;2002;04;6
1;TOM;2003;04;10
1;TOM;2004;04;4
1;TOM;2005;04;8
1;TOM;2006;04;5
1;TOM;2007;04;6
1;TOM;2008;04;6
1;TOM;2009;04;8
1;TOM;2011;04;4
1;TOM;2012;04;7
1;TOM;2013;04;4
1;TOM;2014;04;4
1;TOM;2015;04;7
1;TOM;2016;04;5
1;TOM;2017;04;4
1;TOM;2018;04;5
1;TOM;2019;04;3
1;TOM;2020;04;5
1;TONY;2001;04;3
1;TONY;2008;04;3
1;TONY;2009;04;3
1;TONY;2010;04;4
1;TONY;2014;04;3
1;TRISTAN;2000;04;3
1;TRISTAN;2001;04;4
1;TRISTAN;2003;04;3
1;TRISTAN;2004;04;7
1;TRISTAN;2006;04;5
1;TRISTAN;2008;04;4
1;TRISTAN;2014;04;3
1;UGO;2000;04;3
1;UGO;2013;04;3
1;VALENTIN;2000;04;6
1;VALENTIN;2001;04;3
1;VALENTIN;2002;04;6
1;VALENTIN;2003;04;6
1;VALENTIN;2004;04;5
1;VALENTIN;2005;04;4
1;VALENTIN;2007;04;5
1;VALENTIN;2008;04;3
1;VALENTIN;2010;04;6
1;VALENTIN;2011;04;4
1;VALENTIN;2013;04;4
1;VALENTIN;2014;04;5
1;VALENTIN;2015;04;3
1;VALENTIN;2016;04;4
1;VALENTIN;2019;04;3
1;VICTOR;2000;04;3
1;VICTOR;2001;04;4
1;VICTOR;2011;04;6
1;VICTOR;2015;04;4
1;VICTOR;2021;04;3
1;VINCENT;2000;04;4
1;VINCENT;2001;04;3
1;VINCENT;2002;04;5
1;VINCENT;2003;04;3
1;VINCENT;2007;04;3
1;WALID;2010;04;3
1;WALID;2011;04;3
1;WASSIM;2013;04;4
1;WASSIM;2014;04;3
1;WASSIM;2017;04;3
1;WASSIM;2018;04;3
1;WILLIAM;2005;04;3
1;YANIS;2000;04;4
1;YANIS;2001;04;3
1;YANIS;2002;04;4
1;YANIS;2003;04;5
1;YANIS;2004;04;5
1;YANIS;2007;04;6
1;YANIS;2009;04;6
1;YANIS;2010;04;6
1;YANIS;2011;04;3
1;YANIS;2012;04;7
1;YANIS;2013;04;4
1;YANIS;2014;04;9
1;YANIS;2016;04;4
1;YANIS;2017;04;4
1;YANIS;2021;04;3
1;YANN;2001;04;4
1;YANN;2003;04;4
1;YANN;2004;04;3
1;YANN;2006;04;3
1;YANN;2011;04;4
1;YANNIS;2000;04;4
1;YANNIS;2001;04;4
1;YANNIS;2009;04;3
1;YASSINE;2013;04;3
1;YASSINE;2015;04;4
1;YLAN;2009;04;3
1;YLANN;2010;04;3
1;YOUNES;2003;04;3
1;YOUNES;2008;04;4
1;YOUSSEF;2015;04;3
1;YOUSSEF;2019;04;3
1;ZAKARIA;2007;04;3
2;_PRENOMS_RARES;2000;04;13
2;_PRENOMS_RARES;2001;04;9
2;_PRENOMS_RARES;2002;04;17
2;_PRENOMS_RARES;2003;04;17
2;_PRENOMS_RARES;2004;04;15
2;_PRENOMS_RARES;2005;04;14
2;_PRENOMS_RARES;2006;04;18
2;_PRENOMS_RARES;2007;04;18
2;_PRENOMS_RARES;2008;04;18
2;_PRENOMS_RARES;2009;04;22
2;_PRENOMS_RARES;2010;04;16
2;_PRENOMS_RARES;2011;04;28
2;_PRENOMS_RARES;2012;04;33
2;_PRENOMS_RARES;2013;04;33
2;_PRENOMS_RARES;2014;04;33
2;_PRENOMS_RARES;2015;04;25
2;_PRENOMS_RARES;2016;04;29
2;_PRENOMS_RARES;2017;04;21
2;_PRENOMS_RARES;2018;04;29
2;_PRENOMS_RARES;2019;04;33
2;_PRENOMS_RARES;2020;04;20
2;_PRENOMS_RARES;2021;04;27
2;ADÈLE;2016;04;3
2;ADÈLE;2017;04;3
2;AGATHE;2007;04;3
2;AGATHE;2008;04;4
2;AGATHE;2019;04;3
2;AICHA;2002;04;3
2;ALBA;2021;04;7
2;ALEXIA;2001;04;6
2;ALICE;2005;04;3
2;ALICE;2011;04;4
2;ALICE;2012;04;4
2;ALICE;2013;04;3
2;ALICE;2014;04;4
2;ALICE;2015;04;4
2;ALICE;2017;04;4
2;ALICE;2018;04;3
2;ALICE;2020;04;5
2;ALICE;2021;04;7
2;ALICIA;2001;04;3
2;ALICIA;2002;04;5
2;ALICIA;2005;04;5
2;ALICIA;2007;04;3
2;ALICIA;2010;04;4
2;ALICIA;2012;04;3
2;ALICIA;2013;04;4
2;ALICIA;2016;04;4
2;ALICIA;2017;04;4
2;ALICIA;2020;04;3
2;ALIX;2004;04;3
2;ALYSSA;2004;04;3
2;ALYSSA;2006;04;4
2;AMANDINE;2001;04;10
2;AMANDINE;2002;04;3
2;AMANDINE;2003;04;5
2;AMANDINE;2004;04;3
2;AMBRE;2000;04;3
2;AMBRE;2002;04;4
2;AMBRE;2003;04;4
2;AMBRE;2005;04;8
2;AMBRE;2006;04;5
2;AMBRE;2007;04;4
2;AMBRE;2008;04;5
2;AMBRE;2009;04;4
2;AMBRE;2010;04;3
2;AMBRE;2011;04;3
2;AMBRE;2012;04;6
2;AMBRE;2013;04;3
2;AMBRE;2015;04;3
2;AMBRE;2019;04;3
2;AMBRE;2021;04;7
2;AMÉLIA;2017;04;3
2;AMÉLIE;2000;04;4
2;AMÉLIE;2005;04;7
2;AMÉLIE;2008;04;4
2;AMINA;2005;04;3
2;ANA;2014;04;4
2;ANAIS;2011;04;3
2;ANAÏS;2000;04;10
2;ANAÏS;2001;04;5
2;ANAÏS;2002;04;7
2;ANAÏS;2003;04;5
2;ANAÏS;2004;04;5
2;ANAÏS;2005;04;7
2;ANAÏS;2006;04;7
2;ANAÏS;2007;04;5
2;ANAÏS;2008;04;4
2;ANAÏS;2011;04;4
2;ANAÏS;2012;04;3
2;ANAÏS;2015;04;4
2;ANAÏS;2017;04;3
2;ANDRÉA;2001;04;4
2;ANDRÉA;2002;04;5
2;ANDRÉA;2003;04;4
2;ANDRÉA;2013;04;4
2;ANGELINA;2006;04;3
2;ANGELINA;2007;04;5
2;ANGELINA;2009;04;4
2;ANGELINA;2010;04;3
2;ANGÉLINA;2013;04;3
2;ANNA;2002;04;4
2;ANNA;2004;04;5
2;ANNA;2005;04;3
2;ANNA;2007;04;4
2;ANNA;2008;04;3
2;ANNA;2009;04;3
2;ANNA;2011;04;3
2;ANNA;2013;04;6
2;ANNA;2014;04;4
2;ANNA;2015;04;3
2;ANNA;2017;04;4
2;ANNA;2018;04;3
2;ANNA;2019;04;4
2;ANNA;2020;04;6
2;ANNA;2021;04;3
2;ASEEL;2019;04;3
2;ASSIA;2000;04;3
2;ASSYA;2019;04;3
2;AUDREY;2000;04;3
2;AVA;2019;04;3
2;AXELLE;2000;04;5
2;AXELLE;2001;04;3
2;AYA;2009;04;3
2;AYA;2013;04;3
2;AYA;2017;04;4
2;AYA;2018;04;3
2;BILLIE;2021;04;4
2;CAMÉLIA;2009;04;3
2;CAMÉLIA;2017;04;3
2;CAMILLE;2000;04;18
2;CAMILLE;2001;04;6
2;CAMILLE;2002;04;7
2;CAMILLE;2003;04;4
2;CAMILLE;2004;04;7
2;CAMILLE;2005;04;3
2;CAMILLE;2006;04;4
2;CAMILLE;2007;04;7
2;CAMILLE;2008;04;8
2;CAMILLE;2009;04;3
2;CAMILLE;2010;04;4
2;CAMILLE;2011;04;8
2;CAMILLE;2012;04;5
2;CAMILLE;2013;04;4
2;CAMILLE;2015;04;4
2;CAMILLE;2017;04;3
2;CANDICE;2005;04;3
2;CANDICE;2008;04;3
2;CANDICE;2012;04;3
2;CANDICE;2017;04;3
2;CAPUCINE;2013;04;3
2;CARLA;2000;04;4
2;CARLA;2002;04;7
2;CARLA;2003;04;4
2;CARLA;2004;04;5
2;CARLA;2005;04;5
2;CARLA;2006;04;5
2;CARLA;2007;04;4
2;CARLA;2009;04;4
2;CASSANDRA;2010;04;5
2;CASSANDRA;2011;04;3
2;CÉCILE;2001;04;3
2;CÉLIA;2000;04;3
2;CÉLIA;2001;04;7
2;CÉLIA;2002;04;5
2;CÉLIA;2003;04;11
2;CÉLIA;2004;04;7
2;CÉLIA;2005;04;6
2;CÉLIA;2006;04;4
2;CÉLIA;2007;04;4
2;CÉLIA;2009;04;3
2;CÉLIA;2010;04;3
2;CÉLIA;2012;04;7
2;CÉLIA;2013;04;6
2;CÉLIA;2019;04;3
2;CÉLIA;2021;04;4
2;CHARLÈNE;2000;04;3
2;CHARLÈNE;2001;04;3
2;CHARLIE;2020;04;3
2;CHARLINE;2010;04;4
2;CHARLINE;2018;04;3
2;CHARLOTTE;2000;04;6
2;CHARLOTTE;2001;04;5
2;CHARLOTTE;2006;04;3
2;CHARLOTTE;2007;04;3
2;CHARLOTTE;2017;04;3
2;CHARLOTTE;2018;04;3
2;CHARLOTTE;2020;04;3
2;CHARLOTTE;2021;04;3
2;CHIARA;2006;04;3
2;CHIARA;2008;04;3
2;CHIARA;2010;04;6
2;CHIARA;2012;04;4
2;CHIARA;2013;04;3
2;CHIARA;2021;04;3
2;CHLOE;2011;04;4
2;CHLOÉ;2000;04;9
2;CHLOÉ;2001;04;6
2;CHLOÉ;2002;04;6
2;CHLOÉ;2003;04;9
2;CHLOÉ;2004;04;5
2;CHLOÉ;2005;04;4
2;CHLOÉ;2006;04;7
2;CHLOÉ;2007;04;5
2;CHLOÉ;2009;04;4
2;CHLOÉ;2010;04;6
2;CHLOÉ;2011;04;4
2;CHLOÉ;2012;04;6
2;CHLOÉ;2013;04;8
2;CHLOÉ;2014;04;7
2;CHLOÉ;2015;04;3
2;CHLOÉ;2016;04;6
2;CHLOÉ;2017;04;11
2;CHLOÉ;2018;04;3
2;CHLOÉ;2019;04;4
2;CHLOÉ;2020;04;5
2;CHLOÉ;2021;04;4
2;CLARA;2000;04;7
2;CLARA;2001;04;13
2;CLARA;2002;04;11
2;CLARA;2003;04;6
2;CLARA;2004;04;7
2;CLARA;2005;04;9
2;CLARA;2006;04;6
2;CLARA;2007;04;7
2;CLARA;2008;04;9
2;CLARA;2009;04;7
2;CLARA;2010;04;6
2;CLARA;2011;04;6
2;CLARA;2012;04;3
2;CLARA;2013;04;6
2;CLARA;2014;04;3
2;CLARA;2018;04;3
2;CLARISSE;2003;04;3
2;CLÉMENCE;2003;04;5
2;CLÉMENCE;2005;04;4
2;CLÉMENCE;2009;04;3
2;CLÉMENCE;2010;04;3
2;CLÉMENCE;2012;04;6
2;CLÉMENCE;2013;04;3
2;CLÉMENCE;2015;04;3
2;CLÉMENCE;2016;04;3
2;CLÉMENTINE;2000;04;3
2;CLÉMENTINE;2012;04;3
2;CLOE;2001;04;3
2;CLOÉ;2014;04;3
2;COLINE;2001;04;3
2;COLINE;2002;04;3
2;COLINE;2003;04;3
2;COLINE;2006;04;3
2;COLINE;2008;04;3
2;COLINE;2009;04;3
2;CORALIE;2000;04;3
2;CORALIE;2001;04;3
2;ÉLÉA;2017;04;3
2;ELENA;2010;04;3
2;ELENA;2013;04;3
2;ELÉNA;2011;04;4
2;ELÉNA;2012;04;3
2;ELÉNA;2014;04;3
2;ÉLÉNA;2018;04;3
2;ELINA;2006;04;3
2;ELINA;2007;04;3
2;ELINA;2014;04;3
2;ELINA;2018;04;3
2;ELISA;2000;04;4
2;ELISA;2002;04;6
2;ELISA;2006;04;6
2;ELISA;2008;04;3
2;ELISA;2009;04;4
2;ELISA;2010;04;3
2;ELISA;2011;04;4
2;ELISE;2003;04;3
2;ELISE;2006;04;3
2;ELISE;2010;04;4
2;ELISE;2015;04;3
2;ELISE;2016;04;3
2;ÉLISE;2019;04;3
2;ELLA;2019;04;3
2;ELOISE;2001;04;4
2;ELOISE;2002;04;3
2;ELOÏSE;2015;04;4
2;ELSA;2001;04;4
2;ELSA;2002;04;5
2;ELSA;2003;04;3
2;ELSA;2004;04;4
2;ELSA;2008;04;4
2;ELSA;2009;04;5
2;ELSA;2010;04;5
2;EMA;2011;04;3
2;EMILIE;2000;04;5
2;EMILIE;2001;04;5
2;EMILIE;2004;04;3
2;EMILIE;2005;04;7
2;EMILIE;2006;04;4
2;EMILIE;2009;04;7
2;EMILIE;2015;04;3
2;EMILIE;2018;04;3
2;EMMA;2000;04;10
2;EMMA;2001;04;10
2;EMMA;2002;04;14
2;EMMA;2003;04;11
2;EMMA;2004;04;10
2;EMMA;2005;04;13
2;EMMA;2006;04;7
2;EMMA;2007;04;11
2;EMMA;2008;04;10
2;EMMA;2009;04;16
2;EMMA;2010;04;13
2;EMMA;2011;04;10
2;EMMA;2012;04;8
2;EMMA;2013;04;5
2;EMMA;2014;04;15
2;EMMA;2015;04;10
2;EMMA;2016;04;7
2;EMMA;2017;04;4
2;EMMA;2018;04;6
2;EMMA;2019;04;3
2;EMMA;2020;04;6
2;EMMY;2016;04;3
2;EMY;2008;04;3
2;EMY;2015;04;3
2;EMY;2016;04;4
2;EMY;2018;04;3
2;EMY;2019;04;5
2;ENOLA;2009;04;3
2;ESTELLE;2000;04;3
2;EVA;2000;04;6
2;EVA;2001;04;7
2;EVA;2002;04;5
2;EVA;2003;04;4
2;EVA;2004;04;7
2;EVA;2006;04;6
2;EVA;2007;04;3
2;EVA;2008;04;3
2;EVA;2009;04;6
2;EVA;2011;04;3
2;EVA;2012;04;7
2;EVA;2013;04;5
2;EVA;2016;04;3
2;EVA;2021;04;3
2;FANNY;2000;04;7
2;FANNY;2001;04;6
2;FANNY;2002;04;6
2;FANNY;2004;04;3
2;FANNY;2005;04;4
2;FAUSTINE;2008;04;3
2;FLAVIE;2003;04;6
2;FLORA;2013;04;3
2;FLORA;2014;04;5
2;GABRIELLE;2003;04;3
2;GABRIELLE;2012;04;3
2;GIULIA;2012;04;5
2;GIULIA;2013;04;4
2;GIULIA;2014;04;6
2;GIULIA;2016;04;3
2;GIULIA;2017;04;6
2;GIULIA;2019;04;3
2;GIULIA;2020;04;4
2;GIULIA;2021;04;6
2;HÉLOÏSE;2005;04;3
2;ILLONA;2003;04;3
2;ILONA;2001;04;3
2;ILONA;2002;04;3
2;ILONA;2005;04;7
2;ILONA;2010;04;3
2;ILYANA;2019;04;3
2;INAYA;2013;04;3
2;INAYA;2015;04;3
2;INAYA;2016;04;3
2;INAYA;2018;04;4
2;INAYA;2020;04;3
2;INAYA;2021;04;3
2;INES;2010;04;3
2;INES;2011;04;3
2;INES;2012;04;3
2;INES;2014;04;3
2;INÈS;2000;04;4
2;INÈS;2001;04;4
2;INÈS;2002;04;4
2;INÈS;2003;04;5
2;INÈS;2004;04;5
2;INÈS;2006;04;9
2;INÈS;2007;04;8
2;INÈS;2008;04;10
2;INÈS;2009;04;3
2;INÈS;2011;04;4
2;INÈS;2012;04;4
2;INÈS;2013;04;8
2;INÈS;2014;04;3
2;INÈS;2015;04;5
2;IRIS;2019;04;3
2;JADE;2000;04;3
2;JADE;2001;04;4
2;JADE;2002;04;3
2;JADE;2003;04;12
2;JADE;2004;04;5
2;JADE;2005;04;6
2;JADE;2006;04;11
2;JADE;2007;04;11
2;JADE;2008;04;8
2;JADE;2009;04;8
2;JADE;2010;04;6
2;JADE;2011;04;6
2;JADE;2012;04;3
2;JADE;2013;04;9
2;JADE;2014;04;4
2;JADE;2015;04;4
2;JADE;2016;04;5
2;JADE;2017;04;4
2;JADE;2018;04;3
2;JADE;2020;04;3
2;JADE;2021;04;5
2;JEANNE;2002;04;3
2;JEANNE;2005;04;6
2;JEANNE;2009;04;5
2;JEANNE;2010;04;4
2;JEANNE;2013;04;3
2;JEANNE;2015;04;3
2;JEANNE;2018;04;3
2;JEANNE;2021;04;3
2;JESSICA;2002;04;4
2;JOY;2019;04;3
2;JULIA;2000;04;3
2;JULIA;2003;04;3
2;JULIA;2005;04;4
2;JULIA;2007;04;4
2;JULIA;2009;04;6
2;JULIA;2011;04;4
2;JULIA;2012;04;7
2;JULIA;2013;04;6
2;JULIA;2014;04;6
2;JULIA;2015;04;4
2;JULIA;2016;04;3
2;JULIA;2017;04;5
2;JULIA;2018;04;4
2;JULIA;2019;04;6
2;JULIA;2020;04;3
2;JULIA;2021;04;6
2;JULIE;2000;04;4
2;JULIE;2001;04;8
2;JULIE;2002;04;3
2;JULIE;2003;04;5
2;JULIE;2004;04;3
2;JULIE;2005;04;3
2;JULIE;2006;04;8
2;JULIE;2007;04;5
2;JULIE;2008;04;4
2;JULIE;2009;04;4
2;JULIE;2010;04;4
2;JULIETTE;2003;04;4
2;JULIETTE;2005;04;7
2;JULIETTE;2006;04;4
2;JULIETTE;2011;04;4
2;JULIETTE;2012;04;3
2;JULIETTE;2013;04;3
2;JULIETTE;2015;04;3
2;JULIETTE;2019;04;3
2;JUSTINE;2001;04;4
2;JUSTINE;2002;04;5
2;JUSTINE;2003;04;4
2;JUSTINE;2004;04;7
2;JUSTINE;2005;04;3
2;JUSTINE;2006;04;4
2;JUSTINE;2010;04;5
2;KAYLA;2021;04;3
2;KELLY;2007;04;3
2;KENZA;2000;04;4
2;KENZA;2007;04;4
2;KENZA;2008;04;5
2;KIM;2012;04;4
2;LAETITIA;2000;04;3
2;LANA;2005;04;3
2;LANA;2006;04;4
2;LANA;2007;04;7
2;LANA;2011;04;4
2;LANA;2013;04;8
2;LANA;2014;04;5
2;LANA;2015;04;5
2;LANA;2017;04;4
2;LANA;2018;04;3
2;LARA;2019;04;3
2;LAURA;2000;04;6
2;LAURA;2001;04;9
2;LAURA;2002;04;3
2;LAURA;2003;04;4
2;LAURA;2004;04;4
2;LAURA;2006;04;3
2;LAURA;2007;04;4
2;LAURA;2009;04;6
2;LAURA;2010;04;6
2;LAURA;2011;04;3
2;LAURA;2015;04;5
2;LAURA;2021;04;4
2;LAURIE;2000;04;5
2;LAURIE;2002;04;4
2;LAURINE;2000;04;5
2;LAURINE;2005;04;4
2;LÉA;2000;04;10
2;LÉA;2001;04;18
2;LÉA;2002;04;15
2;LÉA;2003;04;8
2;LÉA;2004;04;6
2;LÉA;2005;04;10
2;LÉA;2006;04;10
2;LÉA;2007;04;10
2;LÉA;2008;04;8
2;LÉA;2009;04;8
2;LÉA;2011;04;6
2;LÉA;2012;04;7
2;LÉA;2013;04;10
2;LÉA;2014;04;4
2;LÉA;2015;04;9
2;LÉA;2016;04;4
2;LÉA;2018;04;5
2;LÉA;2021;04;4
2;LEANA;2011;04;3
2;LÉANA;2013;04;4
2;LÉANA;2014;04;3
2;LÉANA;2016;04;3
2;LÉANE;2005;04;3
2;LÉANE;2007;04;4
2;LEIA;2010;04;3
2;LEÏA;2019;04;3
2;LEÏLA;2013;04;3
2;LEÏLA;2017;04;3
2;LENA;2010;04;3
2;LÉNA;2001;04;4
2;LÉNA;2003;04;3
2;LÉNA;2004;04;3
2;LÉNA;2006;04;6
2;LÉNA;2008;04;7
2;LÉNA;2009;04;3
2;LÉNA;2010;04;5
2;LÉNA;2011;04;5
2;LÉNA;2012;04;4
2;LÉNA;2013;04;6
2;LÉNA;2014;04;8
2;LÉNA;2015;04;11
2;LÉNA;2016;04;3
2;LÉNA;2017;04;7
2;LÉNA;2018;04;5
2;LÉNA;2020;04;4
2;LÉNA;2021;04;3
2;LÉONIE;2004;04;6
2;LÉONIE;2012;04;4
2;LÉONIE;2017;04;5
2;LEYA;2020;04;3
2;LILA;2014;04;4
2;LILI;2019;04;3
2;LILLY;2011;04;3
2;LILOU;2002;04;5
2;LILOU;2003;04;4
2;LILOU;2005;04;5
2;LILOU;2006;04;8
2;LILOU;2008;04;9
2;LILOU;2009;04;7
2;LILOU;2010;04;9
2;LILOU;2011;04;5
2;LILOU;2012;04;6
2;LILOU;2013;04;10
2;LILOU;2014;04;3
2;LILOU;2015;04;5
2;LILOU;2019;04;3
2;LILOU;2021;04;3
2;LILY;2007;04;3
2;LILY;2009;04;5
2;LILY;2010;04;4
2;LILY;2011;04;5
2;LILY;2012;04;5
2;LILY;2015;04;3
2;LILY-ROSE;2021;04;3
2;LILYA;2014;04;4
2;LINA;2002;04;4
2;LINA;2003;04;4
2;LINA;2007;04;5
2;LINA;2008;04;7
2;LINA;2009;04;7
2;LINA;2010;04;3
2;LINA;2011;04;7
2;LINA;2012;04;10
2;LINA;2013;04;3
2;LINA;2014;04;6
2;LINA;2015;04;7
2;LINA;2016;04;6
2;LINA;2017;04;3
2;LINA;2019;04;5
2;LINA;2020;04;4
2;LINA;2021;04;3
2;LISA;2000;04;6
2;LISA;2001;04;4
2;LISA;2002;04;6
2;LISA;2004;04;8
2;LISA;2005;04;5
2;LISA;2006;04;3
2;LISA;2007;04;6
2;LISA;2008;04;5
2;LISA;2010;04;4
2;LISA;2014;04;4
2;LISE;2011;04;3
2;LISE;2012;04;4
2;LISE;2019;04;3
2;LIVIA;2009;04;3
2;LIVIA;2014;04;6
2;LIVIA;2015;04;4
2;LIVIA;2017;04;4
2;LIVIA;2021;04;3
2;LOANE;2003;04;3
2;LOANE;2004;04;3
2;LOANE;2009;04;3
2;LOLA;2000;04;3
2;LOLA;2001;04;4
2;LOLA;2002;04;9
2;LOLA;2003;04;8
2;LOLA;2004;04;6
2;LOLA;2005;04;4
2;LOLA;2006;04;12
2;LOLA;2007;04;11
2;LOLA;2008;04;6
2;LOLA;2009;04;8
2;LOLA;2010;04;7
2;LOLA;2011;04;14
2;LOLA;2012;04;9
2;LOLA;2013;04;7
2;LOLA;2014;04;9
2;LOLA;2015;04;7
2;LOLA;2016;04;6
2;LOLA;2018;04;6
2;LOLA;2019;04;3
2;LOLA;2020;04;3
2;LOLA;2021;04;3
2;LORIE;2002;04;3
2;LOU;2001;04;3
2;LOU;2002;04;7
2;LOU;2004;04;6
2;LOU;2006;04;6
2;LOU;2007;04;6
2;LOU;2008;04;4
2;LOU;2010;04;4
2;LOU;2012;04;3
2;LOU;2013;04;5
2;LOU;2014;04;3
2;LOU;2017;04;3
2;LOU;2020;04;5
2;LOU;2021;04;7
2;LOU-ANN;2008;04;3
2;LOU-ANNE;2004;04;3
2;LOUANE;2007;04;3
2;LOUANE;2008;04;4
2;LOUANE;2009;04;3
2;LOUANE;2011;04;3
2;LOUANE;2012;04;4
2;LOUANE;2014;04;3
2;LOUANE;2015;04;4
2;LOUANE;2018;04;3
2;LOUISA;2015;04;3
2;LOUISE;2008;04;9
2;LOUISE;2011;04;3
2;LOUISE;2012;04;5
2;LOUISE;2014;04;7
2;LOUISE;2015;04;3
2;LOUISE;2016;04;5
2;LOUISE;2017;04;5
2;LOUISE;2018;04;4
2;LOUISE;2020;04;8
2;LOUISE;2021;04;3
2;LOUNA;2002;04;4
2;LOUNA;2003;04;3
2;LOUNA;2004;04;3
2;LOUNA;2006;04;7
2;LOUNA;2007;04;3
2;LOUNA;2008;04;3
2;LOUNA;2009;04;5
2;LOUNA;2011;04;4
2;LOUNA;2012;04;3
2;LOUNA;2013;04;5
2;LOUNA;2014;04;4
2;LOUNA;2015;04;8
2;LOUNA;2016;04;5
2;LOUNA;2017;04;4
2;LOUNA;2018;04;5
2;LOUNA;2019;04;4
2;LOUNA;2020;04;3
2;LOUNA;2021;04;5
2;LUCIE;2000;04;8
2;LUCIE;2001;04;9
2;LUCIE;2002;04;8
2;LUCIE;2003;04;7
2;LUCIE;2004;04;3
2;LUCIE;2005;04;4
2;LUCIE;2006;04;5
2;LUCIE;2007;04;4
2;LUCIE;2008;04;3
2;LUCIE;2009;04;3
2;LUCIE;2010;04;6
2;LUCIE;2011;04;4
2;LUCIE;2012;04;5
2;LUCIE;2013;04;4
2;LUCIE;2014;04;3
2;LUCIE;2015;04;5
2;LUCIE;2016;04;3
2;LUCIE;2018;04;3
2;LUCIE;2021;04;5
2;LUCILE;2004;04;4
2;LUCY;2007;04;3
2;LUCY;2020;04;3
2;LUNA;2005;04;4
2;LUNA;2006;04;3
2;LUNA;2007;04;6
2;LUNA;2008;04;5
2;LUNA;2009;04;3
2;LUNA;2010;04;6
2;LUNA;2012;04;9
2;LUNA;2013;04;6
2;LUNA;2015;04;3
2;LUNA;2016;04;3
2;LUNA;2018;04;5
2;LUNA;2019;04;4
2;LUNA;2021;04;3
2;LYA;2014;04;3
2;LYA;2019;04;3
2;LYA;2021;04;3
2;LYANA;2017;04;3
2;LYANA;2018;04;4
2;LYNA;2013;04;3
2;LYNA;2014;04;3
2;LYNA;2016;04;3
2;LYNA;2019;04;3
2;MADDY;2019;04;3
2;MAE;2007;04;3
2;MAELINE;2009;04;3
2;MAELLE;2004;04;4
2;MAELLE;2005;04;3
2;MAËLLE;2011;04;3
2;MAËLLE;2015;04;3
2;MAELYA;2009;04;3
2;MAELYS;2000;04;4
2;MAELYS;2001;04;3
2;MAELYS;2003;04;4
2;MAELYS;2004;04;4
2;MAELYS;2006;04;4
2;MAELYS;2007;04;5
2;MAELYS;2008;04;7
2;MAELYS;2009;04;8
2;MAELYS;2010;04;7
2;MAËLYS;2011;04;3
2;MAËLYS;2012;04;4
2;MAËLYS;2013;04;5
2;MAËLYS;2014;04;5
2;MAËLYS;2019;04;3
2;MAËLYS;2020;04;3
2;MAEVA;2000;04;10
2;MAEVA;2001;04;5
2;MAEVA;2002;04;7
2;MAEVA;2003;04;7
2;MAEVA;2004;04;7
2;MAEVA;2005;04;3
2;MAEVA;2006;04;3
2;MAEVA;2007;04;8
2;MAEVA;2009;04;5
2;MAEVA;2010;04;3
2;MAILYS;2002;04;3
2;MAISSA;2001;04;3
2;MALIA;2018;04;3
2;MALIA;2020;04;3
2;MANEL;2011;04;3
2;MANEL;2019;04;4
2;MANON;2000;04;11
2;MANON;2001;04;12
2;MANON;2002;04;10
2;MANON;2003;04;13
2;MANON;2004;04;5
2;MANON;2005;04;6
2;MANON;2006;04;5
2;MANON;2007;04;6
2;MANON;2008;04;7
2;MANON;2009;04;8
2;MANON;2010;04;5
2;MANON;2011;04;12
2;MANON;2012;04;6
2;MANON;2013;04;4
2;MANON;2014;04;7
2;MANON;2015;04;6
2;MANON;2016;04;9
2;MANON;2017;04;8
2;MANON;2019;04;3
2;MARGAUX;2005;04;3
2;MARGAUX;2015;04;4
2;MARGAUX;2016;04;4
2;MARGOT;2001;04;4
2;MARGOT;2004;04;3
2;MARGOT;2005;04;3
2;MARGOT;2007;04;3
2;MARGOT;2011;04;5
2;MARGOT;2012;04;6
2;MARGOT;2019;04;3
2;MARIA;2009;04;3
2;MARIE;2000;04;8
2;MARIE;2001;04;7
2;MARIE;2002;04;11
2;MARIE;2004;04;5
2;MARIE;2005;04;4
2;MARIE;2007;04;5
2;MARIE;2008;04;6
2;MARIE;2011;04;3
2;MARIE;2012;04;5
2;MARIE;2014;04;3
2;MARIE-LOU;2003;04;3
2;MARILOU;2002;04;4
2;MARILOU;2007;04;4
2;MARINA;2002;04;4
2;MARINA;2011;04;3
2;MARINE;2000;04;8
2;MARINE;2008;04;3
2;MARION;2001;04;3
2;MARION;2002;04;5
2;MARION;2005;04;4
2;MATHILDE;2000;04;10
2;MATHILDE;2001;04;4
2;MATHILDE;2003;04;5
2;MATHILDE;2004;04;4
2;MATHILDE;2006;04;3
2;MATHILDE;2007;04;4
2;MATHILDE;2009;04;6
2;MATHILDE;2012;04;6
2;MATHILDE;2015;04;3
2;MATHILDE;2021;04;3
2;MAYA;2015;04;3
2;MAYA;2017;04;4
2;MELINA;2010;04;3
2;MÉLINA;2006;04;3
2;MÉLINA;2007;04;3
2;MÉLINA;2009;04;3
2;MÉLINA;2012;04;4
2;MÉLINA;2013;04;6
2;MÉLINA;2015;04;3
2;MÉLINA;2016;04;3
2;MÉLINA;2020;04;3
2;MELINE;2006;04;3
2;MELINE;2007;04;3
2;MÉLINE;2011;04;3
2;MELISSA;2010;04;4
2;MELISSA;2011;04;5
2;MÉLISSA;2000;04;4
2;MÉLISSA;2001;04;4
2;MÉLISSA;2005;04;6
2;MÉLISSA;2006;04;3
2;MÉLISSA;2008;04;3
2;MÉLISSA;2009;04;8
2;MÉLISSA;2011;04;3
2;MÉLISSA;2013;04;3
2;MÉLYA;2014;04;3
2;MIA;2014;04;3
2;MIA;2015;04;4
2;MIA;2016;04;3
2;MIA;2017;04;3
2;MIA;2018;04;6
2;MIA;2019;04;3
2;MILA;2010;04;3
2;MILA;2012;04;7
2;MILA;2013;04;3
2;MILA;2014;04;3
2;MILA;2015;04;5
2;MILA;2016;04;10
2;MILA;2017;04;4
2;MILA;2018;04;10
2;MILA;2019;04;4
2;MILA;2020;04;5
2;MILA;2021;04;5
2;MORGANE;2002;04;3
2;MORGANE;2004;04;3
2;MORGANE;2005;04;3
2;MORGANE;2008;04;5
2;MYA;2015;04;3
2;MYA;2017;04;4
2;MYA;2020;04;3
2;MYLA;2014;04;3
2;MYRIAM;2000;04;3
2;MYRIAM;2007;04;3
2;NAÏLA;2013;04;3
2;NAÏLA;2020;04;3
2;NAIS;2001;04;3
2;NAIS;2005;04;3
2;NAIS;2007;04;3
2;NAWEL;2008;04;3
2;NÉLYA;2021;04;3
2;NINA;2000;04;3
2;NINA;2001;04;3
2;NINA;2003;04;3
2;NINA;2005;04;4
2;NINA;2006;04;3
2;NINA;2007;04;5
2;NINA;2008;04;3
2;NINA;2009;04;3
2;NINA;2010;04;4
2;NINA;2012;04;4
2;NINA;2013;04;3
2;NINA;2015;04;4
2;NINA;2016;04;7
2;NINA;2017;04;5
2;NINA;2019;04;4
2;NINA;2020;04;7
2;NINA;2021;04;5
2;NINON;2005;04;3
2;NOEMIE;2001;04;3
2;NOEMIE;2003;04;4
2;NOEMIE;2004;04;7
2;NOEMIE;2007;04;4
2;NOEMIE;2009;04;3
2;NOEMIE;2011;04;3
2;NOÉMIE;2013;04;3
2;NOÉMIE;2017;04;3
2;NORA;2014;04;4
2;NOUR;2016;04;5
2;NOUR;2017;04;6
2;NOUR;2019;04;3
2;OCÉANE;2000;04;6
2;OCÉANE;2001;04;13
2;OCÉANE;2002;04;9
2;OCÉANE;2003;04;9
2;OCÉANE;2004;04;8
2;OCÉANE;2005;04;4
2;OCÉANE;2006;04;7
2;OCÉANE;2007;04;3
2;OCÉANE;2008;04;3
2;OCÉANE;2009;04;8
2;OCÉANE;2010;04;4
2;OCÉANE;2012;04;6
2;OCÉANE;2014;04;5
2;OCÉANE;2015;04;3
2;OLIVIA;2012;04;3
2;OLIVIA;2015;04;3
2;OLIVIA;2016;04;3
2;OLIVIA;2017;04;3
2;OLIVIA;2018;04;3
2;OLIVIA;2020;04;5
2;OPHÉLIE;2002;04;3
2;PALOMA;2005;04;3
2;PALOMA;2011;04;3
2;PAULINE;2000;04;10
2;PAULINE;2001;04;6
2;PAULINE;2002;04;4
2;PAULINE;2003;04;6
2;PAULINE;2004;04;3
2;PAULINE;2007;04;3
2;PAULINE;2014;04;4
2;RACHEL;2002;04;3
2;ROMANE;2000;04;4
2;ROMANE;2001;04;3
2;ROMANE;2003;04;5
2;ROMANE;2004;04;3
2;ROMANE;2005;04;4
2;ROMANE;2008;04;3
2;ROMANE;2010;04;4
2;ROMANE;2013;04;3
2;ROMANE;2014;04;3
2;ROMANE;2016;04;3
2;ROMANE;2018;04;3
2;ROSE;2012;04;5
2;ROSE;2016;04;5
2;ROSE;2017;04;3
2;ROSE;2019;04;3
2;ROXANE;2017;04;3
2;SABRINA;2002;04;3
2;SARA;2001;04;3
2;SARA;2007;04;5
2;SARAH;2000;04;11
2;SARAH;2001;04;4
2;SARAH;2002;04;11
2;SARAH;2003;04;5
2;SARAH;2004;04;5
2;SARAH;2005;04;7
2;SARAH;2006;04;10
2;SARAH;2007;04;6
2;SARAH;2008;04;8
2;SARAH;2009;04;6
2;SARAH;2010;04;8
2;SARAH;2011;04;4
2;SARAH;2012;04;11
2;SARAH;2013;04;6
2;SARAH;2014;04;3
2;SARAH;2016;04;4
2;SARAH;2017;04;4
2;SARAH;2018;04;4
2;SARAH;2020;04;3
2;SELENA;2015;04;3
2;SÉLÉNA;2015;04;3
2;SERENA;2012;04;3
2;SHANA;2005;04;3
2;SHANA;2010;04;4
2;SHANNA;2016;04;3
2;SOFIA;2004;04;4
2;SOFIA;2005;04;4
2;SOFIA;2011;04;3
2;SOFIA;2014;04;3
2;SOFIA;2017;04;4
2;SOFIA;2018;04;3
2;SOLÈNE;2000;04;6
2;SOPHIA;2016;04;3
2;STELLA;2000;04;3
2;STELLA;2003;04;3
2;STELLA;2013;04;5
2;STELLA;2017;04;5
2;STELLA;2018;04;3
2;STELLA;2021;04;3
2;TESS;2010;04;5
2;TESSA;2004;04;3
2;TESSA;2012;04;3
2;THAIS;2002;04;4
2;THEA;2008;04;3
2;THÉA;2016;04;5
2;TINA;2016;04;3
2;VALENTINE;2011;04;3
2;VALENTINE;2021;04;3
2;VICTORIA;2001;04;4
2;VICTORIA;2004;04;3
2;VICTORIA;2007;04;3
2;VICTORIA;2010;04;3
2;VICTORIA;2021;04;3
2;YASMINE;2001;04;3
2;YASMINE;2013;04;3
2;ZOE;2011;04;4
2;ZOÉ;2000;04;3
2;ZOÉ;2002;04;3
2;ZOÉ;2005;04;3
2;ZOÉ;2007;04;6
2;ZOÉ;2009;04;5
2;ZOÉ;2011;04;3
2;ZOÉ;2012;04;4
2;ZOÉ;2014;04;3
2;ZOÉ;2015;04;6
2;ZOÉ;2016;04;5
2;ZOÉ;2021;04;3
