sexe;preusuel;annais;dpt;nombre
1;_PRENOMS_RARES;2000;19;16
1;_PRENOMS_RARES;2001;19;26
1;_PRENOMS_RARES;2002;19;20
1;_PRENOMS_RARES;2003;19;19
1;_PRENOMS_RARES;2004;19;36
1;_PRENOMS_RARES;2005;19;27
1;_PRENOMS_RARES;2006;19;39
1;_PRENOMS_RARES;2007;19;31
1;_PRENOMS_RARES;2008;19;33
1;_PRENOMS_RARES;2009;19;40
1;_PRENOMS_RARES;2010;19;34
1;_PRENOMS_RARES;2011;19;37
1;_PRENOMS_RARES;2012;19;47
1;_PRENOMS_RARES;2013;19;41
1;_PRENOMS_RARES;2014;19;51
1;_PRENOMS_RARES;2015;19;37
1;_PRENOMS_RARES;2016;19;40
1;_PRENOMS_RARES;2017;19;50
1;_PRENOMS_RARES;2018;19;58
1;_PRENOMS_RARES;2019;19;50
1;_PRENOMS_RARES;2020;19;48
1;_PRENOMS_RARES;2021;19;65
1;AARON;2008;19;4
1;AARON;2009;19;4
1;AARON;2010;19;5
1;AARON;2012;19;6
1;AARON;2013;19;3
1;AARON;2014;19;5
1;AARON;2015;19;4
1;AARON;2016;19;10
1;AARON;2017;19;8
1;AARON;2018;19;9
1;AARON;2019;19;8
1;AARON;2020;19;10
1;AARON;2021;19;7
1;ABEL;2010;19;3
1;ABEL;2012;19;3
1;ABEL;2013;19;3
1;ABEL;2021;19;3
1;ACHILLE;2002;19;3
1;ACHILLE;2011;19;3
1;ACHILLE;2019;19;3
1;ADAM;2006;19;3
1;ADAM;2007;19;4
1;ADAM;2008;19;3
1;ADAM;2009;19;7
1;ADAM;2010;19;6
1;ADAM;2012;19;7
1;ADAM;2013;19;8
1;ADAM;2014;19;7
1;ADAM;2015;19;7
1;ADAM;2016;19;6
1;ADAM;2017;19;13
1;ADAM;2018;19;8
1;ADAM;2019;19;6
1;ADAM;2020;19;7
1;ADAM;2021;19;6
1;ADEM;2010;19;3
1;ADRIEN;2000;19;21
1;ADRIEN;2001;19;20
1;ADRIEN;2002;19;13
1;ADRIEN;2003;19;12
1;ADRIEN;2004;19;13
1;ADRIEN;2005;19;8
1;ADRIEN;2006;19;8
1;ADRIEN;2007;19;10
1;ADRIEN;2008;19;9
1;ADRIEN;2009;19;8
1;ADRIEN;2010;19;5
1;ADRIEN;2011;19;4
1;ADRIEN;2012;19;3
1;ADRIEN;2013;19;5
1;ADRIEN;2014;19;6
1;ADRIEN;2015;19;6
1;ADRIEN;2016;19;3
1;ADRIEN;2017;19;5
1;ADRIEN;2018;19;7
1;ADRIEN;2019;19;3
1;ADRIEN;2020;19;4
1;ADRIEN;2021;19;4
1;AHMET;2008;19;5
1;AKSEL;2008;19;3
1;ALAN;2000;19;3
1;ALBAN;2001;19;4
1;ALBAN;2002;19;3
1;ALBAN;2004;19;6
1;ALBAN;2005;19;3
1;ALBAN;2006;19;4
1;ALBAN;2007;19;3
1;ALBAN;2009;19;6
1;ALBAN;2010;19;6
1;ALBAN;2012;19;7
1;ALBAN;2013;19;3
1;ALBAN;2014;19;3
1;ALBAN;2015;19;3
1;ALBAN;2017;19;3
1;ALBIN;2021;19;3
1;ALESSIO;2020;19;3
1;ALEX;2000;19;3
1;ALEX;2002;19;3
1;ALEX;2003;19;4
1;ALEX;2006;19;3
1;ALEX;2014;19;5
1;ALEX;2021;19;3
1;ALEXANDRE;2000;19;20
1;ALEXANDRE;2001;19;20
1;ALEXANDRE;2002;19;20
1;ALEXANDRE;2003;19;18
1;ALEXANDRE;2004;19;12
1;ALEXANDRE;2005;19;11
1;ALEXANDRE;2006;19;11
1;ALEXANDRE;2007;19;13
1;ALEXANDRE;2008;19;5
1;ALEXANDRE;2009;19;5
1;ALEXANDRE;2010;19;7
1;ALEXANDRE;2011;19;3
1;ALEXANDRE;2012;19;8
1;ALEXANDRE;2013;19;9
1;ALEXANDRE;2014;19;3
1;ALEXANDRE;2015;19;7
1;ALEXANDRE;2016;19;4
1;ALEXANDRE;2017;19;3
1;ALEXANDRE;2018;19;4
1;ALEXANDRE;2019;19;3
1;ALEXI;2007;19;3
1;ALEXIAN;2007;19;3
1;ALEXIS;2000;19;32
1;ALEXIS;2001;19;18
1;ALEXIS;2002;19;19
1;ALEXIS;2003;19;11
1;ALEXIS;2004;19;20
1;ALEXIS;2005;19;21
1;ALEXIS;2006;19;19
1;ALEXIS;2007;19;16
1;ALEXIS;2008;19;10
1;ALEXIS;2009;19;15
1;ALEXIS;2010;19;5
1;ALEXIS;2011;19;9
1;ALEXIS;2012;19;8
1;ALEXIS;2013;19;7
1;ALEXIS;2014;19;9
1;ALEXIS;2015;19;6
1;ALEXIS;2016;19;3
1;ALEXIS;2017;19;7
1;ALI;2006;19;4
1;ALI;2017;19;4
1;ALI;2018;19;4
1;ALI;2020;19;4
1;ALLAN;2000;19;3
1;ALOIS;2009;19;3
1;ALOÏS;2015;19;4
1;AMAURY;2004;19;4
1;AMAURY;2007;19;3
1;AMAURY;2010;19;3
1;AMAURY;2017;19;5
1;AMINE;2001;19;4
1;AMINE;2004;19;3
1;AMINE;2006;19;3
1;AMINE;2007;19;3
1;AMINE;2010;19;4
1;AMINE;2012;19;4
1;AMINE;2015;19;4
1;AMIR;2017;19;4
1;AMIR;2020;19;4
1;ANAS;2020;19;3
1;ANATOLE;2013;19;3
1;ANGE;2017;19;3
1;ANIS;2004;19;3
1;ANTHONY;2000;19;19
1;ANTHONY;2001;19;10
1;ANTHONY;2002;19;18
1;ANTHONY;2003;19;7
1;ANTHONY;2004;19;9
1;ANTHONY;2005;19;6
1;ANTHONY;2006;19;5
1;ANTHONY;2010;19;3
1;ANTHONY;2014;19;3
1;ANTHONY;2015;19;4
1;ANTOINE;2000;19;27
1;ANTOINE;2001;19;26
1;ANTOINE;2002;19;19
1;ANTOINE;2003;19;19
1;ANTOINE;2004;19;14
1;ANTOINE;2005;19;21
1;ANTOINE;2006;19;18
1;ANTOINE;2007;19;15
1;ANTOINE;2008;19;15
1;ANTOINE;2009;19;9
1;ANTOINE;2010;19;11
1;ANTOINE;2011;19;8
1;ANTOINE;2012;19;14
1;ANTOINE;2013;19;11
1;ANTOINE;2014;19;5
1;ANTOINE;2015;19;9
1;ANTOINE;2016;19;10
1;ANTOINE;2017;19;18
1;ANTOINE;2018;19;10
1;ANTOINE;2019;19;5
1;ANTOINE;2020;19;3
1;ANTOINE;2021;19;6
1;ANTON;2020;19;3
1;ANTONIN;2000;19;7
1;ANTONIN;2001;19;8
1;ANTONIN;2002;19;10
1;ANTONIN;2003;19;7
1;ANTONIN;2004;19;6
1;ANTONIN;2005;19;4
1;ANTONIN;2006;19;5
1;ANTONIN;2007;19;8
1;ANTONIN;2008;19;13
1;ANTONIN;2009;19;6
1;ANTONIN;2010;19;5
1;ANTONIN;2011;19;4
1;ANTONIN;2012;19;8
1;ANTONIN;2013;19;4
1;ANTONIN;2014;19;7
1;ANTONIN;2015;19;6
1;ANTONIN;2017;19;3
1;ANTONIN;2018;19;4
1;ANTONY;2010;19;3
1;ARMAND;2004;19;4
1;ARMAND;2005;19;4
1;ARMAND;2009;19;3
1;ARMAND;2012;19;3
1;ARMAND;2016;19;3
1;ARMAND;2021;19;3
1;ARNAUD;2000;19;8
1;ARNAUD;2001;19;8
1;ARNAUD;2002;19;3
1;ARNAUD;2003;19;3
1;ARSENE;2008;19;3
1;ARSENE;2010;19;3
1;ARTHUR;2000;19;8
1;ARTHUR;2001;19;13
1;ARTHUR;2002;19;12
1;ARTHUR;2003;19;9
1;ARTHUR;2004;19;15
1;ARTHUR;2005;19;13
1;ARTHUR;2006;19;7
1;ARTHUR;2007;19;20
1;ARTHUR;2008;19;14
1;ARTHUR;2009;19;15
1;ARTHUR;2010;19;13
1;ARTHUR;2011;19;24
1;ARTHUR;2012;19;20
1;ARTHUR;2013;19;15
1;ARTHUR;2014;19;16
1;ARTHUR;2015;19;13
1;ARTHUR;2016;19;10
1;ARTHUR;2017;19;11
1;ARTHUR;2018;19;14
1;ARTHUR;2019;19;10
1;ARTHUR;2020;19;16
1;ARTHUR;2021;19;18
1;AUBIN;2000;19;4
1;AUBIN;2001;19;6
1;AUBIN;2002;19;8
1;AUBIN;2003;19;4
1;AUBIN;2004;19;4
1;AUBIN;2006;19;5
1;AUBIN;2007;19;4
1;AUBIN;2008;19;7
1;AUBIN;2010;19;6
1;AUBIN;2011;19;3
1;AUBIN;2013;19;5
1;AUBIN;2014;19;3
1;AUBIN;2015;19;5
1;AUBIN;2018;19;3
1;AUBIN;2020;19;4
1;AUGUSTE;2020;19;5
1;AUGUSTIN;2007;19;4
1;AUGUSTIN;2012;19;3
1;AUGUSTIN;2013;19;5
1;AUGUSTIN;2014;19;4
1;AUGUSTIN;2016;19;5
1;AUGUSTIN;2017;19;3
1;AUGUSTIN;2018;19;4
1;AUGUSTIN;2019;19;6
1;AUGUSTIN;2020;19;5
1;AUGUSTIN;2021;19;5
1;AURÉLIEN;2000;19;8
1;AURÉLIEN;2002;19;6
1;AURÉLIEN;2003;19;7
1;AURÉLIEN;2004;19;6
1;AURÉLIEN;2005;19;7
1;AURÉLIEN;2007;19;3
1;AURÉLIEN;2008;19;3
1;AURÉLIEN;2009;19;3
1;AXEL;2000;19;7
1;AXEL;2001;19;5
1;AXEL;2002;19;6
1;AXEL;2003;19;10
1;AXEL;2004;19;13
1;AXEL;2005;19;17
1;AXEL;2006;19;16
1;AXEL;2007;19;12
1;AXEL;2008;19;10
1;AXEL;2009;19;16
1;AXEL;2010;19;19
1;AXEL;2011;19;16
1;AXEL;2012;19;7
1;AXEL;2013;19;13
1;AXEL;2014;19;7
1;AXEL;2015;19;10
1;AXEL;2016;19;11
1;AXEL;2017;19;3
1;AXEL;2018;19;5
1;AXEL;2019;19;6
1;AXEL;2020;19;9
1;AXEL;2021;19;4
1;AYDEN;2014;19;3
1;AYDEN;2016;19;4
1;AYDEN;2020;19;4
1;AYMERIC;2001;19;5
1;AYMERIC;2002;19;3
1;AYMERIC;2007;19;3
1;AYOUB;2016;19;3
1;BAPTISTE;2000;19;20
1;BAPTISTE;2001;19;23
1;BAPTISTE;2002;19;20
1;BAPTISTE;2003;19;22
1;BAPTISTE;2004;19;25
1;BAPTISTE;2005;19;20
1;BAPTISTE;2006;19;23
1;BAPTISTE;2007;19;23
1;BAPTISTE;2008;19;28
1;BAPTISTE;2009;19;12
1;BAPTISTE;2010;19;13
1;BAPTISTE;2011;19;5
1;BAPTISTE;2012;19;11
1;BAPTISTE;2013;19;18
1;BAPTISTE;2014;19;15
1;BAPTISTE;2015;19;9
1;BAPTISTE;2016;19;10
1;BAPTISTE;2017;19;9
1;BAPTISTE;2018;19;6
1;BAPTISTE;2019;19;10
1;BAPTISTE;2021;19;5
1;BASILE;2020;19;4
1;BASTIEN;2000;19;13
1;BASTIEN;2001;19;8
1;BASTIEN;2002;19;9
1;BASTIEN;2003;19;4
1;BASTIEN;2004;19;10
1;BASTIEN;2005;19;12
1;BASTIEN;2006;19;7
1;BASTIEN;2007;19;6
1;BASTIEN;2008;19;7
1;BASTIEN;2009;19;4
1;BASTIEN;2010;19;5
1;BASTIEN;2011;19;7
1;BASTIEN;2012;19;4
1;BASTIEN;2013;19;9
1;BASTIEN;2014;19;3
1;BASTIEN;2015;19;7
1;BASTIEN;2017;19;5
1;BASTIEN;2018;19;7
1;BASTIEN;2020;19;3
1;BENJAMIN;2000;19;21
1;BENJAMIN;2001;19;12
1;BENJAMIN;2002;19;12
1;BENJAMIN;2003;19;8
1;BENJAMIN;2004;19;11
1;BENJAMIN;2005;19;8
1;BENJAMIN;2006;19;6
1;BENJAMIN;2007;19;7
1;BENJAMIN;2008;19;9
1;BENJAMIN;2009;19;4
1;BENJAMIN;2010;19;7
1;BENJAMIN;2011;19;4
1;BENJAMIN;2012;19;4
1;BENJAMIN;2013;19;5
1;BENJAMIN;2014;19;5
1;BENJAMIN;2015;19;4
1;BENJAMIN;2019;19;5
1;BENJAMIN;2021;19;3
1;BENOÎT;2001;19;5
1;BENOÎT;2003;19;4
1;BENOÎT;2004;19;3
1;BENOÎT;2005;19;3
1;BILAL;2007;19;3
1;BILAL;2009;19;3
1;BILAL;2010;19;3
1;BILAL;2014;19;3
1;BILAL;2016;19;3
1;BILAL;2020;19;3
1;BRYAN;2000;19;6
1;BRYAN;2003;19;3
1;BRYAN;2004;19;7
1;BRYAN;2006;19;4
1;BRYAN;2007;19;4
1;CAMILLE;2000;19;4
1;CAMILLE;2005;19;3
1;CAMILLE;2006;19;3
1;CAMILLE;2010;19;4
1;CAMILLE;2011;19;11
1;CAMILLE;2012;19;3
1;CAMILLE;2013;19;5
1;CAMILLE;2014;19;3
1;CAMILLE;2015;19;6
1;CAMILLE;2017;19;4
1;CAMILLE;2019;19;4
1;CAMILLE;2021;19;3
1;CEDRIC;2000;19;4
1;CEDRIC;2006;19;4
1;CELESTIN;2014;19;3
1;CÉLESTIN;2021;19;3
1;CHARLES;2000;19;3
1;CHARLES;2002;19;4
1;CHARLES;2003;19;3
1;CHARLES;2004;19;4
1;CHARLES;2008;19;3
1;CHARLES;2016;19;3
1;CHARLES;2020;19;3
1;CHARLIE;2011;19;3
1;CHARLIE;2019;19;4
1;CHARLY;2014;19;4
1;CHARLY;2016;19;3
1;CHARLY;2017;19;5
1;CHARLY;2018;19;3
1;CHARLY;2019;19;3
1;CHARLY;2020;19;4
1;CHARLY;2021;19;4
1;CHRISTOPHER;2000;19;3
1;CLEMENT;2010;19;14
1;CLEMENT;2011;19;4
1;CLEMENT;2014;19;3
1;CLÉMENT;2000;19;29
1;CLÉMENT;2001;19;29
1;CLÉMENT;2002;19;25
1;CLÉMENT;2003;19;16
1;CLÉMENT;2004;19;15
1;CLÉMENT;2005;19;24
1;CLÉMENT;2006;19;22
1;CLÉMENT;2007;19;13
1;CLÉMENT;2008;19;18
1;CLÉMENT;2009;19;17
1;CLÉMENT;2010;19;8
1;CLÉMENT;2011;19;10
1;CLÉMENT;2012;19;16
1;CLÉMENT;2013;19;11
1;CLÉMENT;2014;19;8
1;CLÉMENT;2015;19;9
1;CLÉMENT;2016;19;9
1;CLÉMENT;2017;19;6
1;CLÉMENT;2018;19;7
1;CLÉMENT;2019;19;10
1;CLÉMENT;2020;19;11
1;CLÉMENT;2021;19;7
1;CORENTIN;2000;19;9
1;CORENTIN;2001;19;8
1;CORENTIN;2002;19;10
1;CORENTIN;2003;19;17
1;CORENTIN;2004;19;7
1;CORENTIN;2005;19;14
1;CORENTIN;2006;19;9
1;CORENTIN;2007;19;3
1;CORENTIN;2009;19;8
1;CORENTIN;2010;19;6
1;CORENTIN;2011;19;4
1;CORENTIN;2012;19;3
1;CORENTIN;2014;19;4
1;CORENTIN;2015;19;5
1;CORENTIN;2016;19;3
1;CORENTIN;2017;19;4
1;CORENTIN;2018;19;4
1;CORENTIN;2019;19;4
1;CYPRIEN;2002;19;4
1;CYPRIEN;2003;19;3
1;CYRIL;2001;19;4
1;DAMIEN;2000;19;20
1;DAMIEN;2001;19;6
1;DAMIEN;2002;19;9
1;DAMIEN;2003;19;8
1;DAMIEN;2004;19;5
1;DAMIEN;2005;19;3
1;DAMIEN;2006;19;3
1;DAMIEN;2007;19;5
1;DAMIEN;2010;19;3
1;DAVID;2000;19;6
1;DAVID;2005;19;3
1;DAVID;2007;19;3
1;DAVID;2021;19;3
1;DIEGO;2009;19;3
1;DIEGO;2010;19;10
1;DIEGO;2013;19;3
1;DIEGO;2014;19;5
1;DIEGO;2015;19;4
1;DIEGO;2017;19;4
1;DIEGO;2018;19;4
1;DIEGO;2019;19;4
1;DIEGO;2021;19;3
1;DIMITRI;2000;19;4
1;DIMITRI;2002;19;5
1;DIMITRI;2003;19;4
1;DIMITRI;2004;19;6
1;DIMITRI;2005;19;3
1;DIMITRI;2009;19;4
1;DIOGO;2019;19;4
1;DORIAN;2000;19;6
1;DORIAN;2001;19;7
1;DORIAN;2002;19;9
1;DORIAN;2003;19;10
1;DORIAN;2004;19;13
1;DORIAN;2005;19;5
1;DORIAN;2006;19;6
1;DORIAN;2007;19;8
1;DORIAN;2008;19;3
1;DORIAN;2009;19;4
1;DORIAN;2010;19;4
1;DORIAN;2012;19;3
1;DYLAN;2000;19;10
1;DYLAN;2001;19;8
1;DYLAN;2002;19;6
1;DYLAN;2003;19;7
1;DYLAN;2004;19;7
1;DYLAN;2005;19;9
1;DYLAN;2006;19;8
1;DYLAN;2007;19;6
1;DYLAN;2008;19;7
1;DYLAN;2009;19;7
1;DYLAN;2010;19;3
1;DYLAN;2011;19;3
1;DYLAN;2012;19;6
1;DYLAN;2013;19;3
1;DYLAN;2015;19;3
1;EDDY;2003;19;3
1;EDEN;2011;19;3
1;EDEN;2014;19;3
1;EDEN;2015;19;3
1;EDEN;2016;19;4
1;EDEN;2017;19;4
1;EDEN;2018;19;7
1;EDEN;2019;19;8
1;EDEN;2020;19;11
1;EDEN;2021;19;7
1;ELIAN;2008;19;3
1;ELIAS;2018;19;4
1;ELIE;2000;19;3
1;ELIE;2001;19;3
1;ELIE;2002;19;5
1;ELIE;2004;19;4
1;ELIE;2005;19;3
1;ELIE;2006;19;3
1;ELIE;2007;19;3
1;ELIE;2008;19;4
1;ELIE;2010;19;3
1;ELIE;2012;19;8
1;ELIE;2015;19;3
1;ELIO;2017;19;3
1;ELIO;2019;19;5
1;ELIO;2021;19;6
1;ELIOT;2006;19;4
1;ELIOT;2010;19;3
1;ELIOT;2015;19;4
1;ELIOT;2016;19;6
1;ELIOT;2018;19;3
1;ELIOT;2021;19;3
1;ELIOTT;2002;19;3
1;ELIOTT;2006;19;3
1;ELIOTT;2007;19;3
1;ELIOTT;2008;19;4
1;ELIOTT;2009;19;3
1;ELIOTT;2011;19;4
1;ELIOTT;2012;19;5
1;ELIOTT;2015;19;3
1;ELIOTT;2016;19;4
1;ELIOTT;2017;19;4
1;ELIOTT;2019;19;5
1;ELIOTT;2020;19;5
1;ELIOTT;2021;19;9
1;ELLIOT;2008;19;3
1;ELOAN;2009;19;3
1;ELOI;2014;19;3
1;EMILE;2000;19;4
1;EMILE;2008;19;3
1;EMILE;2010;19;4
1;EMILE;2018;19;5
1;ÉMILE;2021;19;3
1;EMILIEN;2000;19;3
1;EMILIEN;2001;19;5
1;EMILIEN;2002;19;4
1;EMILIEN;2003;19;3
1;EMILIEN;2004;19;3
1;EMILIEN;2006;19;4
1;EMILIEN;2007;19;5
1;EMILIEN;2010;19;5
1;EMIR;2011;19;5
1;EMIR;2012;19;4
1;EMIR;2013;19;4
1;ENES;2004;19;3
1;ENES;2005;19;4
1;ENES;2015;19;3
1;ENZO;2000;19;15
1;ENZO;2001;19;12
1;ENZO;2002;19;17
1;ENZO;2003;19;27
1;ENZO;2004;19;26
1;ENZO;2005;19;36
1;ENZO;2006;19;47
1;ENZO;2007;19;34
1;ENZO;2008;19;37
1;ENZO;2009;19;28
1;ENZO;2010;19;36
1;ENZO;2011;19;23
1;ENZO;2012;19;20
1;ENZO;2013;19;20
1;ENZO;2014;19;16
1;ENZO;2015;19;9
1;ENZO;2016;19;12
1;ENZO;2017;19;19
1;ENZO;2018;19;5
1;ENZO;2019;19;15
1;ENZO;2020;19;11
1;ENZO;2021;19;8
1;ERWAN;2001;19;3
1;ERWAN;2002;19;5
1;ERWAN;2003;19;4
1;ERWAN;2004;19;5
1;ERWAN;2005;19;3
1;ERWAN;2006;19;3
1;ERWAN;2007;19;4
1;ERWAN;2008;19;4
1;ERWAN;2011;19;3
1;ERWAN;2013;19;3
1;ERWAN;2016;19;3
1;ERWAN;2019;19;4
1;ESTEBAN;2000;19;4
1;ESTEBAN;2001;19;4
1;ESTEBAN;2002;19;4
1;ESTEBAN;2005;19;4
1;ESTEBAN;2006;19;6
1;ESTEBAN;2007;19;3
1;ESTEBAN;2008;19;6
1;ESTEBAN;2009;19;4
1;ESTEBAN;2010;19;9
1;ESTEBAN;2011;19;13
1;ESTEBAN;2012;19;7
1;ESTEBAN;2013;19;5
1;ESTEBAN;2014;19;5
1;ESTEBAN;2015;19;5
1;ESTEBAN;2016;19;5
1;ESTEBAN;2017;19;4
1;ESTEBAN;2018;19;3
1;ESTEBAN;2019;19;4
1;ESTEBAN;2020;19;5
1;ESTÉBAN;2012;19;3
1;ETHAN;2004;19;3
1;ETHAN;2005;19;8
1;ETHAN;2006;19;13
1;ETHAN;2007;19;4
1;ETHAN;2008;19;9
1;ETHAN;2009;19;13
1;ETHAN;2010;19;15
1;ETHAN;2011;19;15
1;ETHAN;2012;19;20
1;ETHAN;2013;19;11
1;ETHAN;2014;19;17
1;ETHAN;2015;19;16
1;ETHAN;2016;19;11
1;ETHAN;2017;19;8
1;ETHAN;2018;19;12
1;ETHAN;2019;19;6
1;ETHAN;2020;19;7
1;ETHAN;2021;19;5
1;ETIENNE;2000;19;6
1;ETIENNE;2001;19;10
1;ETIENNE;2002;19;7
1;ETIENNE;2003;19;7
1;ETIENNE;2004;19;3
1;ETIENNE;2005;19;3
1;ETIENNE;2006;19;5
1;ETIENNE;2008;19;3
1;ETIENNE;2011;19;3
1;EVAN;2002;19;3
1;EVAN;2004;19;6
1;EVAN;2005;19;10
1;EVAN;2006;19;8
1;EVAN;2007;19;6
1;EVAN;2008;19;9
1;EVAN;2009;19;7
1;EVAN;2010;19;9
1;EVAN;2011;19;12
1;EVAN;2012;19;10
1;EVAN;2013;19;6
1;EVAN;2014;19;12
1;EVAN;2015;19;7
1;EVAN;2017;19;5
1;EVAN;2018;19;5
1;EVAN;2020;19;6
1;EVAN;2021;19;8
1;EVANN;2011;19;3
1;EWAN;2004;19;3
1;EWEN;2010;19;4
1;EWEN;2011;19;3
1;EYDEN;2021;19;3
1;EZIO;2013;19;3
1;EZIO;2014;19;3
1;EZIO;2016;19;5
1;EZIO;2020;19;3
1;EZIO;2021;19;3
1;EZRA;2021;19;4
1;FABIEN;2000;19;3
1;FABIEN;2001;19;4
1;FABIEN;2002;19;4
1;FABIEN;2003;19;3
1;FABIEN;2004;19;3
1;FABIEN;2005;19;3
1;FABIEN;2007;19;3
1;FABIO;2003;19;5
1;FABIO;2010;19;3
1;FÉLIX;2004;19;3
1;FLAVIEN;2001;19;3
1;FLAVIEN;2002;19;3
1;FLAVIEN;2005;19;3
1;FLAVIEN;2016;19;3
1;FLAVIO;2015;19;3
1;FLORENT;2000;19;4
1;FLORENT;2002;19;3
1;FLORENT;2003;19;4
1;FLORENTIN;2001;19;3
1;FLORENTIN;2005;19;3
1;FLORIAN;2000;19;10
1;FLORIAN;2001;19;16
1;FLORIAN;2002;19;13
1;FLORIAN;2003;19;12
1;FLORIAN;2004;19;6
1;FLORIAN;2005;19;16
1;FLORIAN;2006;19;9
1;FLORIAN;2007;19;4
1;FLORIAN;2008;19;5
1;FLORIAN;2009;19;6
1;FLORIAN;2011;19;3
1;FLORIAN;2012;19;3
1;FLORIAN;2013;19;4
1;FRANÇOIS;2000;19;9
1;FRANÇOIS;2002;19;4
1;FRANÇOIS;2003;19;3
1;FRANÇOIS;2004;19;3
1;GABIN;2002;19;3
1;GABIN;2003;19;4
1;GABIN;2004;19;6
1;GABIN;2006;19;7
1;GABIN;2007;19;10
1;GABIN;2008;19;8
1;GABIN;2009;19;18
1;GABIN;2010;19;16
1;GABIN;2011;19;11
1;GABIN;2012;19;13
1;GABIN;2013;19;13
1;GABIN;2014;19;16
1;GABIN;2015;19;19
1;GABIN;2016;19;9
1;GABIN;2017;19;10
1;GABIN;2018;19;21
1;GABIN;2019;19;15
1;GABIN;2020;19;18
1;GABIN;2021;19;19
1;GABRIEL;2000;19;6
1;GABRIEL;2001;19;8
1;GABRIEL;2002;19;6
1;GABRIEL;2003;19;6
1;GABRIEL;2004;19;7
1;GABRIEL;2005;19;9
1;GABRIEL;2006;19;15
1;GABRIEL;2007;19;8
1;GABRIEL;2008;19;13
1;GABRIEL;2009;19;12
1;GABRIEL;2010;19;10
1;GABRIEL;2011;19;15
1;GABRIEL;2012;19;17
1;GABRIEL;2013;19;18
1;GABRIEL;2014;19;16
1;GABRIEL;2015;19;18
1;GABRIEL;2016;19;22
1;GABRIEL;2017;19;10
1;GABRIEL;2018;19;24
1;GABRIEL;2019;19;19
1;GABRIEL;2020;19;15
1;GABRIEL;2021;19;13
1;GAEL;2007;19;3
1;GAETAN;2011;19;3
1;GAËTAN;2000;19;7
1;GAËTAN;2001;19;7
1;GAËTAN;2002;19;8
1;GAËTAN;2003;19;4
1;GAËTAN;2004;19;9
1;GAËTAN;2005;19;7
1;GAËTAN;2006;19;6
1;GAËTAN;2007;19;3
1;GAËTAN;2008;19;4
1;GASPARD;2009;19;3
1;GASPARD;2010;19;8
1;GASPARD;2013;19;4
1;GASPARD;2014;19;3
1;GASPARD;2016;19;3
1;GASPARD;2017;19;3
1;GASPARD;2018;19;3
1;GASPARD;2019;19;5
1;GASPARD;2021;19;5
1;GAUTHIER;2008;19;3
1;GIANNI;2011;19;4
1;GRÉGOIRE;2000;19;3
1;GREGORY;2001;19;3
1;GREGORY;2007;19;3
1;GREGORY;2008;19;4
1;GRÉGORY;2012;19;3
1;GUILHEM;2004;19;3
1;GUILLAUME;2000;19;11
1;GUILLAUME;2001;19;8
1;GUILLAUME;2002;19;6
1;GUILLAUME;2003;19;6
1;GUILLAUME;2004;19;5
1;GUILLAUME;2005;19;7
1;GUILLAUME;2007;19;3
1;GUILLAUME;2008;19;5
1;HAMZA;2001;19;3
1;HAMZA;2006;19;4
1;HAMZA;2009;19;3
1;HAMZA;2016;19;3
1;HASAN;2003;19;3
1;HENRI;2017;19;3
1;HUGO;2000;19;27
1;HUGO;2001;19;27
1;HUGO;2002;19;33
1;HUGO;2003;19;34
1;HUGO;2004;19;27
1;HUGO;2005;19;24
1;HUGO;2006;19;19
1;HUGO;2007;19;15
1;HUGO;2008;19;18
1;HUGO;2009;19;14
1;HUGO;2010;19;25
1;HUGO;2011;19;26
1;HUGO;2012;19;18
1;HUGO;2013;19;17
1;HUGO;2014;19;25
1;HUGO;2015;19;16
1;HUGO;2016;19;12
1;HUGO;2017;19;16
1;HUGO;2018;19;16
1;HUGO;2019;19;9
1;HUGO;2020;19;12
1;HUGO;2021;19;14
1;HUSEYIN;2006;19;3
1;IBRAHIM;2011;19;3
1;IBRAHIM;2016;19;3
1;IBRAHIM;2021;19;4
1;ILAN;2006;19;4
1;ILAN;2007;19;5
1;ILAN;2008;19;4
1;ILAN;2009;19;4
1;ILHAN;2010;19;3
1;ILHAN;2016;19;3
1;ILYES;2013;19;3
1;ILYES;2015;19;3
1;IMRAN;2016;19;3
1;IMRAN;2017;19;5
1;IMRAN;2021;19;3
1;ISAAC;2016;19;4
1;ISAAC;2017;19;3
1;ISAAC;2018;19;3
1;ISAAC;2019;19;3
1;ISAAC;2021;19;7
1;ISMAIL;2008;19;3
1;JAMES;2018;19;4
1;JASON;2000;19;4
1;JASON;2001;19;3
1;JEAN;2000;19;5
1;JEAN;2001;19;6
1;JEAN;2002;19;3
1;JEAN;2003;19;6
1;JEAN;2004;19;4
1;JEAN;2005;19;3
1;JEAN;2008;19;4
1;JEAN;2009;19;6
1;JEAN;2010;19;4
1;JEAN;2011;19;7
1;JEAN;2012;19;4
1;JEAN;2013;19;4
1;JEAN;2017;19;3
1;JEAN;2019;19;3
1;JEAN;2021;19;3
1;JEAN-BAPTISTE;2002;19;4
1;JEAN-BAPTISTE;2003;19;5
1;JEAN-BAPTISTE;2004;19;3
1;JEREMY;2000;19;16
1;JEREMY;2001;19;13
1;JEREMY;2002;19;6
1;JEREMY;2003;19;5
1;JEREMY;2004;19;4
1;JEREMY;2005;19;3
1;JEREMY;2006;19;8
1;JEREMY;2007;19;5
1;JIMMY;2001;19;3
1;JOAN;2008;19;3
1;JOAN;2018;19;3
1;JOEY;2009;19;3
1;JOHAN;2005;19;5
1;JOHAN;2007;19;3
1;JOHAN;2009;19;3
1;JOHAN;2012;19;4
1;JOHAN;2017;19;3
1;JOHAN;2018;19;4
1;JOLAN;2005;19;3
1;JONAS;2014;19;3
1;JONAS;2015;19;4
1;JONAS;2020;19;3
1;JONATHAN;2000;19;5
1;JONATHAN;2001;19;3
1;JONATHAN;2003;19;6
1;JONATHAN;2004;19;9
1;JONATHAN;2005;19;5
1;JONATHAN;2006;19;3
1;JORDAN;2000;19;6
1;JORDAN;2001;19;9
1;JORDAN;2002;19;5
1;JORDAN;2003;19;5
1;JORDAN;2004;19;6
1;JORDAN;2006;19;3
1;JORDAN;2011;19;3
1;JORDAN;2015;19;3
1;JORDAN;2016;19;4
1;JORIS;2000;19;3
1;JORIS;2003;19;3
1;JORIS;2004;19;3
1;JORIS;2005;19;3
1;JORIS;2006;19;3
1;JORIS;2007;19;3
1;JORIS;2013;19;3
1;JORIS;2020;19;3
1;JOSEPH;2011;19;4
1;JOSEPH;2014;19;3
1;JOSEPH;2018;19;3
1;JOSHUA;2003;19;4
1;JOSHUA;2004;19;3
1;JULES;2000;19;10
1;JULES;2001;19;6
1;JULES;2002;19;3
1;JULES;2003;19;15
1;JULES;2004;19;11
1;JULES;2005;19;12
1;JULES;2006;19;25
1;JULES;2007;19;17
1;JULES;2008;19;20
1;JULES;2009;19;22
1;JULES;2010;19;18
1;JULES;2011;19;20
1;JULES;2012;19;23
1;JULES;2013;19;26
1;JULES;2014;19;21
1;JULES;2015;19;19
1;JULES;2016;19;33
1;JULES;2017;19;12
1;JULES;2018;19;21
1;JULES;2019;19;15
1;JULES;2020;19;25
1;JULES;2021;19;16
1;JULIAN;2000;19;3
1;JULIAN;2001;19;4
1;JULIAN;2002;19;4
1;JULIAN;2003;19;4
1;JULIAN;2006;19;3
1;JULIAN;2007;19;3
1;JULIAN;2010;19;3
1;JULIAN;2012;19;4
1;JULIAN;2018;19;3
1;JULIEN;2000;19;20
1;JULIEN;2001;19;13
1;JULIEN;2002;19;13
1;JULIEN;2003;19;15
1;JULIEN;2004;19;8
1;JULIEN;2005;19;13
1;JULIEN;2006;19;4
1;JULIEN;2007;19;8
1;JULIEN;2008;19;4
1;JULIEN;2009;19;5
1;JULIEN;2010;19;5
1;JULIEN;2013;19;4
1;JULIEN;2016;19;3
1;JUSTIN;2000;19;6
1;JUSTIN;2001;19;3
1;JUSTIN;2004;19;5
1;JUSTIN;2007;19;3
1;JUSTIN;2008;19;3
1;JUSTIN;2009;19;5
1;JUSTIN;2010;19;3
1;JUSTIN;2016;19;3
1;KAÏS;2015;19;4
1;KAÏS;2019;19;5
1;KELYAN;2006;19;3
1;KELYAN;2015;19;4
1;KENDJI;2014;19;3
1;KENZO;2005;19;3
1;KENZO;2007;19;3
1;KENZO;2009;19;4
1;KENZO;2012;19;3
1;KENZO;2016;19;4
1;KENZO;2019;19;5
1;KENZO;2020;19;3
1;KEVIN;2000;19;16
1;KEVIN;2001;19;17
1;KEVIN;2002;19;6
1;KEVIN;2003;19;7
1;KEVIN;2004;19;6
1;KEVIN;2005;19;7
1;KEVIN;2006;19;9
1;KEVIN;2007;19;4
1;KEVIN;2010;19;5
1;KILIAN;2005;19;3
1;KILIAN;2006;19;4
1;KILIAN;2011;19;3
1;KILIAN;2018;19;3
1;KILLIAN;2000;19;7
1;KILLIAN;2002;19;5
1;KILLIAN;2003;19;4
1;KILLIAN;2005;19;6
1;KILLIAN;2006;19;6
1;KILLIAN;2007;19;5
1;KILLIAN;2008;19;3
1;KILLIAN;2009;19;4
1;KILLIAN;2011;19;6
1;KYLIAN;2003;19;3
1;KYLIAN;2004;19;6
1;KYLIAN;2005;19;7
1;KYLIAN;2006;19;6
1;KYLIAN;2007;19;10
1;KYLIAN;2008;19;8
1;KYLIAN;2009;19;14
1;KYLIAN;2010;19;10
1;KYLIAN;2011;19;9
1;KYLIAN;2012;19;5
1;KYLIAN;2013;19;7
1;KYLIAN;2018;19;5
1;KYLIAN;2019;19;5
1;KYLIAN;2020;19;3
1;KYLIAN;2021;19;3
1;KYLLIAN;2002;19;3
1;KYLLIAN;2005;19;4
1;KYLLIAN;2010;19;3
1;KYLLIAN;2014;19;3
1;LAURENT;2001;19;3
1;LEANDRE;2010;19;3
1;LÉANDRE;2002;19;3
1;LÉANDRE;2012;19;4
1;LÉANDRE;2015;19;3
1;LÉANDRE;2017;19;5
1;LÉANDRE;2020;19;6
1;LÉANDRE;2021;19;4
1;LÉANDRO;2012;19;3
1;LÉANDRO;2014;19;4
1;LÉANDRO;2020;19;3
1;LENNY;2004;19;4
1;LENNY;2009;19;4
1;LENNY;2010;19;3
1;LENNY;2012;19;7
1;LENNY;2014;19;3
1;LENNY;2018;19;3
1;LENNY;2019;19;3
1;LENNY;2020;19;3
1;LENNY;2021;19;3
1;LENY;2008;19;3
1;LEO;2010;19;9
1;LEO;2011;19;9
1;LEO;2012;19;3
1;LEO;2017;19;4
1;LÉO;2000;19;10
1;LÉO;2001;19;18
1;LÉO;2002;19;17
1;LÉO;2003;19;23
1;LÉO;2004;19;14
1;LÉO;2005;19;13
1;LÉO;2006;19;17
1;LÉO;2007;19;14
1;LÉO;2008;19;17
1;LÉO;2009;19;20
1;LÉO;2010;19;11
1;LÉO;2011;19;12
1;LÉO;2012;19;21
1;LÉO;2013;19;26
1;LÉO;2014;19;19
1;LÉO;2015;19;29
1;LÉO;2016;19;15
1;LÉO;2017;19;21
1;LÉO;2018;19;18
1;LÉO;2019;19;21
1;LÉO;2020;19;17
1;LÉO;2021;19;17
1;LÉON;2013;19;3
1;LÉON;2014;19;5
1;LÉON;2015;19;6
1;LÉON;2016;19;7
1;LÉON;2017;19;8
1;LÉON;2018;19;11
1;LÉON;2019;19;16
1;LÉON;2020;19;13
1;LÉON;2021;19;12
1;LÉONARD;2018;19;4
1;LÉOPOLD;2020;19;4
1;LIAM;2002;19;3
1;LIAM;2007;19;3
1;LIAM;2010;19;3
1;LIAM;2011;19;3
1;LIAM;2012;19;7
1;LIAM;2013;19;7
1;LIAM;2014;19;6
1;LIAM;2016;19;13
1;LIAM;2017;19;11
1;LIAM;2018;19;19
1;LIAM;2019;19;7
1;LIAM;2020;19;7
1;LIAM;2021;19;6
1;LILIAN;2000;19;3
1;LILIAN;2001;19;3
1;LILIAN;2002;19;9
1;LILIAN;2003;19;6
1;LILIAN;2004;19;6
1;LILIAN;2005;19;7
1;LILIAN;2006;19;9
1;LILIAN;2007;19;10
1;LILIAN;2008;19;4
1;LILIAN;2009;19;5
1;LILIAN;2010;19;5
1;LILIAN;2012;19;5
1;LILIAN;2013;19;4
1;LILIAN;2014;19;4
1;LILIAN;2018;19;3
1;LINO;2018;19;6
1;LINO;2020;19;3
1;LINO;2021;19;3
1;LISSANDRO;2020;19;3
1;LIVIO;2020;19;3
1;LOAN;2003;19;3
1;LOAN;2007;19;3
1;LOAN;2009;19;4
1;LOAN;2012;19;4
1;LOAN;2014;19;4
1;LOANN;2011;19;3
1;LOGAN;2003;19;4
1;LOGAN;2005;19;4
1;LOGAN;2017;19;5
1;LOGAN;2018;19;4
1;LOGAN;2020;19;5
1;LOHAN;2004;19;3
1;LOHAN;2014;19;3
1;LOHAN;2015;19;4
1;LOÏC;2000;19;12
1;LOÏC;2001;19;16
1;LOÏC;2002;19;6
1;LOÏC;2003;19;9
1;LOÏC;2005;19;8
1;LOÏC;2006;19;4
1;LOÏC;2007;19;4
1;LOÏC;2009;19;5
1;LOÏS;2000;19;3
1;LORENZO;2008;19;6
1;LORENZO;2009;19;3
1;LORENZO;2010;19;7
1;LORENZO;2011;19;9
1;LORENZO;2012;19;7
1;LORENZO;2013;19;3
1;LORENZO;2014;19;4
1;LORENZO;2016;19;3
1;LORENZO;2017;19;7
1;LORENZO;2018;19;9
1;LORENZO;2019;19;5
1;LORENZO;2020;19;3
1;LORIS;2001;19;3
1;LORIS;2002;19;4
1;LORIS;2010;19;4
1;LORIS;2021;19;3
1;LOUCA;2013;19;3
1;LOUCAS;2009;19;3
1;LOUCAS;2013;19;3
1;LOUIS;2000;19;13
1;LOUIS;2001;19;25
1;LOUIS;2002;19;30
1;LOUIS;2003;19;34
1;LOUIS;2004;19;15
1;LOUIS;2005;19;22
1;LOUIS;2006;19;26
1;LOUIS;2007;19;28
1;LOUIS;2008;19;16
1;LOUIS;2009;19;26
1;LOUIS;2010;19;25
1;LOUIS;2011;19;23
1;LOUIS;2012;19;18
1;LOUIS;2013;19;20
1;LOUIS;2014;19;27
1;LOUIS;2015;19;20
1;LOUIS;2016;19;24
1;LOUIS;2017;19;28
1;LOUIS;2018;19;16
1;LOUIS;2019;19;21
1;LOUIS;2020;19;19
1;LOUIS;2021;19;12
1;LOUISON;2004;19;3
1;LOUKA;2003;19;3
1;LOUKA;2008;19;4
1;LOUKA;2010;19;3
1;LOUKA;2011;19;6
1;LOUKA;2013;19;5
1;LOUKA;2015;19;7
1;LOUKA;2021;19;3
1;LOUKAS;2015;19;4
1;LUBIN;2013;19;3
1;LUC;2000;19;3
1;LUC;2002;19;3
1;LUCA;2004;19;3
1;LUCA;2010;19;3
1;LUCA;2016;19;3
1;LUCAS;2000;19;34
1;LUCAS;2001;19;58
1;LUCAS;2002;19;32
1;LUCAS;2003;19;31
1;LUCAS;2004;19;30
1;LUCAS;2005;19;28
1;LUCAS;2006;19;35
1;LUCAS;2007;19;31
1;LUCAS;2008;19;32
1;LUCAS;2009;19;38
1;LUCAS;2010;19;30
1;LUCAS;2011;19;27
1;LUCAS;2012;19;21
1;LUCAS;2013;19;27
1;LUCAS;2014;19;30
1;LUCAS;2015;19;26
1;LUCAS;2016;19;18
1;LUCAS;2017;19;16
1;LUCAS;2018;19;17
1;LUCAS;2019;19;9
1;LUCAS;2020;19;8
1;LUCAS;2021;19;8
1;LUCIEN;2021;19;4
1;LUDOVIC;2001;19;3
1;LUIS;2008;19;3
1;LUIS;2016;19;3
1;LUIS;2017;19;3
1;LUKA;2007;19;4
1;LUKA;2010;19;5
1;LUKA;2012;19;3
1;LUKA;2017;19;3
1;LUKA;2020;19;3
1;LUKAS;2004;19;10
1;LUKAS;2005;19;6
1;LUKAS;2006;19;5
1;LUKAS;2009;19;4
1;LUKAS;2010;19;4
1;LUKAS;2013;19;5
1;LYAM;2014;19;4
1;LYAM;2015;19;5
1;LYAM;2016;19;6
1;LYAM;2017;19;3
1;LYAM;2018;19;4
1;LYAM;2019;19;3
1;LYAM;2020;19;7
1;LYAM;2021;19;3
1;MAE;2010;19;3
1;MAÉ;2021;19;3
1;MAEL;2000;19;3
1;MAEL;2002;19;5
1;MAEL;2003;19;3
1;MAEL;2004;19;9
1;MAEL;2005;19;4
1;MAEL;2006;19;8
1;MAEL;2007;19;12
1;MAEL;2008;19;4
1;MAEL;2009;19;10
1;MAEL;2010;19;8
1;MAEL;2011;19;7
1;MAEL;2012;19;3
1;MAEL;2014;19;3
1;MAËL;2011;19;15
1;MAËL;2012;19;13
1;MAËL;2013;19;14
1;MAËL;2014;19;16
1;MAËL;2015;19;14
1;MAËL;2016;19;13
1;MAËL;2017;19;14
1;MAËL;2018;19;17
1;MAËL;2019;19;13
1;MAËL;2020;19;18
1;MAËL;2021;19;17
1;MAËLAN;2021;19;3
1;MAHÉ;2012;19;3
1;MAHÉ;2014;19;3
1;MAHÉ;2017;19;4
1;MALO;2005;19;3
1;MALO;2011;19;3
1;MALO;2012;19;3
1;MALO;2013;19;4
1;MALO;2014;19;8
1;MALO;2015;19;5
1;MALO;2019;19;3
1;MALO;2020;19;4
1;MALO;2021;19;8
1;MALONE;2008;19;3
1;MALONE;2015;19;4
1;MALONE;2016;19;5
1;MALONE;2017;19;3
1;MALONE;2020;19;5
1;MALONE;2021;19;5
1;MARCEAU;2015;19;3
1;MARCEAU;2016;19;3
1;MARCEAU;2017;19;3
1;MARCEAU;2018;19;4
1;MARCEAU;2019;19;8
1;MARCEAU;2020;19;4
1;MARCEAU;2021;19;7
1;MARCEL;2012;19;4
1;MARCEL;2017;19;6
1;MARCEL;2019;19;4
1;MARCEL;2020;19;5
1;MARCEL;2021;19;3
1;MARIN;2021;19;3
1;MARIUS;2003;19;5
1;MARIUS;2004;19;4
1;MARIUS;2005;19;3
1;MARIUS;2006;19;10
1;MARIUS;2007;19;6
1;MARIUS;2009;19;3
1;MARIUS;2010;19;5
1;MARIUS;2011;19;4
1;MARIUS;2013;19;7
1;MARIUS;2014;19;4
1;MARIUS;2015;19;14
1;MARIUS;2016;19;10
1;MARIUS;2017;19;7
1;MARIUS;2018;19;8
1;MARIUS;2019;19;10
1;MARIUS;2020;19;8
1;MARIUS;2021;19;9
1;MARLON;2017;19;3
1;MARTIN;2000;19;11
1;MARTIN;2001;19;5
1;MARTIN;2002;19;3
1;MARTIN;2003;19;5
1;MARTIN;2004;19;5
1;MARTIN;2005;19;5
1;MARTIN;2006;19;7
1;MARTIN;2007;19;6
1;MARTIN;2008;19;5
1;MARTIN;2009;19;7
1;MARTIN;2010;19;7
1;MARTIN;2011;19;4
1;MARTIN;2012;19;4
1;MARTIN;2013;19;6
1;MARTIN;2014;19;6
1;MARTIN;2015;19;10
1;MARTIN;2016;19;10
1;MARTIN;2017;19;6
1;MARTIN;2018;19;11
1;MARTIN;2019;19;8
1;MARTIN;2020;19;11
1;MARTIN;2021;19;6
1;MARVIN;2002;19;3
1;MARWAN;2003;19;3
1;MARWAN;2007;19;3
1;MATÉO;2001;19;6
1;MATÉO;2002;19;3
1;MATÉO;2003;19;5
1;MATÉO;2004;19;6
1;MATÉO;2005;19;8
1;MATÉO;2006;19;4
1;MATÉO;2007;19;8
1;MATÉO;2008;19;5
1;MATÉO;2010;19;3
1;MATÉO;2011;19;4
1;MATÉO;2012;19;4
1;MATÉO;2015;19;3
1;MATÉO;2016;19;3
1;MATÉO;2018;19;3
1;MATHEO;2010;19;8
1;MATHEO;2011;19;5
1;MATHEO;2012;19;6
1;MATHÉO;2001;19;4
1;MATHÉO;2002;19;9
1;MATHÉO;2003;19;11
1;MATHÉO;2004;19;20
1;MATHÉO;2005;19;18
1;MATHÉO;2006;19;15
1;MATHÉO;2007;19;19
1;MATHÉO;2008;19;18
1;MATHÉO;2009;19;25
1;MATHÉO;2010;19;9
1;MATHÉO;2011;19;7
1;MATHÉO;2012;19;8
1;MATHÉO;2013;19;12
1;MATHÉO;2014;19;15
1;MATHÉO;2015;19;6
1;MATHÉO;2016;19;9
1;MATHÉO;2017;19;13
1;MATHÉO;2018;19;8
1;MATHÉO;2019;19;7
1;MATHÉO;2020;19;8
1;MATHÉO;2021;19;7
1;MATHIAS;2001;19;12
1;MATHIAS;2005;19;3
1;MATHIAS;2006;19;8
1;MATHIAS;2007;19;10
1;MATHIAS;2008;19;3
1;MATHIAS;2009;19;4
1;MATHIAS;2011;19;4
1;MATHIAS;2013;19;3
1;MATHIAS;2014;19;3
1;MATHIAS;2015;19;3
1;MATHIAS;2018;19;3
1;MATHIEU;2000;19;13
1;MATHIEU;2001;19;14
1;MATHIEU;2002;19;14
1;MATHIEU;2003;19;7
1;MATHIEU;2004;19;7
1;MATHIEU;2005;19;9
1;MATHIEU;2006;19;5
1;MATHIEU;2007;19;7
1;MATHIEU;2008;19;8
1;MATHIEU;2009;19;4
1;MATHIEU;2010;19;5
1;MATHIEU;2012;19;3
1;MATHIEU;2013;19;6
1;MATHIEU;2015;19;3
1;MATHIS;2000;19;7
1;MATHIS;2001;19;8
1;MATHIS;2002;19;17
1;MATHIS;2003;19;28
1;MATHIS;2004;19;21
1;MATHIS;2005;19;22
1;MATHIS;2006;19;19
1;MATHIS;2007;19;23
1;MATHIS;2008;19;21
1;MATHIS;2009;19;18
1;MATHIS;2010;19;18
1;MATHIS;2011;19;23
1;MATHIS;2012;19;23
1;MATHIS;2013;19;8
1;MATHIS;2014;19;5
1;MATHIS;2015;19;7
1;MATHIS;2016;19;12
1;MATHIS;2017;19;10
1;MATHIS;2018;19;8
1;MATHIS;2019;19;9
1;MATHIS;2020;19;6
1;MATHIS;2021;19;6
1;MATHYS;2001;19;4
1;MATHYS;2002;19;6
1;MATHYS;2003;19;4
1;MATHYS;2004;19;5
1;MATHYS;2005;19;12
1;MATHYS;2006;19;9
1;MATHYS;2007;19;12
1;MATHYS;2008;19;10
1;MATHYS;2009;19;9
1;MATHYS;2010;19;13
1;MATHYS;2011;19;9
1;MATHYS;2012;19;10
1;MATHYS;2013;19;4
1;MATHYS;2014;19;11
1;MATHYS;2015;19;8
1;MATHYS;2016;19;8
1;MATHYS;2017;19;3
1;MATHYS;2018;19;6
1;MATHYS;2019;19;4
1;MATHYS;2020;19;9
1;MATIS;2008;19;3
1;MATTEO;2010;19;4
1;MATTÉO;2000;19;3
1;MATTÉO;2001;19;9
1;MATTÉO;2002;19;9
1;MATTÉO;2003;19;5
1;MATTÉO;2004;19;14
1;MATTÉO;2005;19;14
1;MATTÉO;2006;19;8
1;MATTÉO;2007;19;4
1;MATTÉO;2008;19;8
1;MATTÉO;2009;19;5
1;MATTÉO;2011;19;4
1;MATTÉO;2014;19;5
1;MATTÉO;2015;19;3
1;MATTÉO;2019;19;3
1;MATTÉO;2021;19;4
1;MATTHÉO;2004;19;4
1;MATTHEW;2013;19;3
1;MATTHIAS;2003;19;3
1;MATTHIEU;2000;19;4
1;MATTHIEU;2001;19;4
1;MATTHIEU;2002;19;3
1;MATTHIEU;2006;19;3
1;MATTHIEU;2007;19;3
1;MAX;2000;19;3
1;MAX;2002;19;3
1;MAX;2005;19;4
1;MAX;2008;19;4
1;MAXENCE;2001;19;7
1;MAXENCE;2002;19;4
1;MAXENCE;2003;19;9
1;MAXENCE;2004;19;6
1;MAXENCE;2005;19;6
1;MAXENCE;2006;19;10
1;MAXENCE;2007;19;8
1;MAXENCE;2008;19;14
1;MAXENCE;2009;19;16
1;MAXENCE;2010;19;11
1;MAXENCE;2011;19;16
1;MAXENCE;2012;19;4
1;MAXENCE;2013;19;10
1;MAXENCE;2014;19;10
1;MAXENCE;2015;19;9
1;MAXENCE;2016;19;8
1;MAXENCE;2017;19;7
1;MAXENCE;2018;19;5
1;MAXENCE;2020;19;5
1;MAXENCE;2021;19;6
1;MAXIME;2000;19;31
1;MAXIME;2001;19;31
1;MAXIME;2002;19;26
1;MAXIME;2003;19;19
1;MAXIME;2004;19;19
1;MAXIME;2005;19;21
1;MAXIME;2006;19;22
1;MAXIME;2007;19;24
1;MAXIME;2008;19;17
1;MAXIME;2009;19;14
1;MAXIME;2010;19;20
1;MAXIME;2011;19;17
1;MAXIME;2012;19;15
1;MAXIME;2013;19;7
1;MAXIME;2014;19;9
1;MAXIME;2015;19;9
1;MAXIME;2016;19;7
1;MAXIME;2017;19;5
1;MAXIME;2018;19;8
1;MAXIME;2019;19;5
1;MAXIME;2020;19;5
1;MAXIME;2021;19;5
1;MAYLONE;2021;19;7
1;MEHDI;2000;19;4
1;MEHDI;2001;19;5
1;MEHDI;2002;19;6
1;MEHDI;2003;19;4
1;MEHDI;2009;19;3
1;MEHDI;2012;19;3
1;MEHMET;2004;19;3
1;MEHMET;2015;19;3
1;MELVIN;2011;19;3
1;MICKAEL;2000;19;7
1;MICKAEL;2002;19;6
1;MIKAIL;2008;19;4
1;MILAN;2015;19;3
1;MILAN;2017;19;4
1;MILAN;2018;19;3
1;MILO;2008;19;3
1;MILO;2010;19;3
1;MILO;2012;19;3
1;MILO;2013;19;3
1;MILO;2015;19;5
1;MILO;2016;19;3
1;MILO;2017;19;9
1;MILO;2018;19;6
1;MILO;2020;19;10
1;MILO;2021;19;9
1;MOHAMED;2001;19;3
1;MOHAMED;2004;19;3
1;MOHAMED;2009;19;5
1;MOHAMED;2010;19;5
1;MOHAMED;2012;19;6
1;MOHAMED;2015;19;6
1;MOHAMED;2016;19;3
1;MOHAMED;2017;19;4
1;MOHAMED;2019;19;3
1;MORGAN;2000;19;3
1;MORGAN;2003;19;3
1;MORGAN;2008;19;3
1;MORGAN;2010;19;3
1;MORGAN;2011;19;3
1;MORGAN;2014;19;4
1;MUHAMMED-ALI;2008;19;3
1;MYLAN;2014;19;4
1;MYLAN;2020;19;3
1;NAEL;2008;19;4
1;NAEL;2009;19;4
1;NAEL;2010;19;4
1;NAËL;2012;19;3
1;NAËL;2016;19;3
1;NAËL;2017;19;4
1;NAËL;2018;19;4
1;NAËL;2020;19;7
1;NAËL;2021;19;3
1;NAHIL;2014;19;3
1;NASSIM;2010;19;3
1;NASSIM;2019;19;4
1;NASSIM;2020;19;3
1;NATHAEL;2008;19;3
1;NATHAEL;2009;19;3
1;NATHAN;2000;19;12
1;NATHAN;2001;19;16
1;NATHAN;2002;19;20
1;NATHAN;2003;19;19
1;NATHAN;2004;19;15
1;NATHAN;2005;19;25
1;NATHAN;2006;19;16
1;NATHAN;2007;19;28
1;NATHAN;2008;19;24
1;NATHAN;2009;19;27
1;NATHAN;2010;19;26
1;NATHAN;2011;19;23
1;NATHAN;2012;19;25
1;NATHAN;2013;19;14
1;NATHAN;2014;19;16
1;NATHAN;2015;19;14
1;NATHAN;2016;19;18
1;NATHAN;2017;19;10
1;NATHAN;2018;19;9
1;NATHAN;2019;19;14
1;NATHAN;2020;19;11
1;NATHAN;2021;19;8
1;NATHANAEL;2006;19;4
1;NATHANAËL;2016;19;3
1;NATHANAËL;2018;19;3
1;NATHANAËL;2019;19;3
1;NATHÉO;2015;19;3
1;NICOLAS;2000;19;21
1;NICOLAS;2001;19;26
1;NICOLAS;2002;19;15
1;NICOLAS;2003;19;20
1;NICOLAS;2004;19;11
1;NICOLAS;2005;19;14
1;NICOLAS;2006;19;6
1;NICOLAS;2007;19;5
1;NICOLAS;2010;19;3
1;NICOLAS;2018;19;4
1;NILS;2008;19;3
1;NINO;2008;19;5
1;NINO;2009;19;4
1;NINO;2010;19;6
1;NINO;2011;19;12
1;NINO;2012;19;4
1;NINO;2013;19;3
1;NINO;2014;19;4
1;NINO;2015;19;3
1;NINO;2016;19;6
1;NINO;2017;19;7
1;NINO;2018;19;5
1;NINO;2019;19;5
1;NINO;2020;19;8
1;NINO;2021;19;10
1;NOA;2003;19;4
1;NOA;2004;19;6
1;NOA;2005;19;14
1;NOA;2006;19;11
1;NOA;2007;19;11
1;NOA;2008;19;13
1;NOA;2009;19;3
1;NOA;2010;19;15
1;NOA;2011;19;10
1;NOA;2012;19;3
1;NOA;2013;19;7
1;NOA;2014;19;4
1;NOA;2015;19;7
1;NOA;2016;19;5
1;NOA;2017;19;4
1;NOA;2018;19;8
1;NOA;2019;19;4
1;NOA;2020;19;3
1;NOAH;2002;19;3
1;NOAH;2003;19;8
1;NOAH;2004;19;8
1;NOAH;2005;19;10
1;NOAH;2006;19;12
1;NOAH;2007;19;17
1;NOAH;2008;19;20
1;NOAH;2009;19;11
1;NOAH;2010;19;17
1;NOAH;2011;19;15
1;NOAH;2012;19;6
1;NOAH;2013;19;9
1;NOAH;2014;19;14
1;NOAH;2015;19;11
1;NOAH;2016;19;7
1;NOAH;2017;19;9
1;NOAH;2018;19;14
1;NOAH;2019;19;4
1;NOAH;2020;19;7
1;NOAH;2021;19;11
1;NOAM;2009;19;4
1;NOAM;2012;19;4
1;NOAM;2016;19;3
1;NOAM;2019;19;5
1;NOAN;2010;19;3
1;NOE;2000;19;3
1;NOE;2003;19;3
1;NOE;2006;19;9
1;NOE;2007;19;6
1;NOE;2008;19;12
1;NOE;2009;19;12
1;NOE;2010;19;8
1;NOE;2011;19;3
1;NOÉ;2011;19;6
1;NOÉ;2012;19;9
1;NOÉ;2013;19;7
1;NOÉ;2014;19;5
1;NOÉ;2015;19;6
1;NOÉ;2016;19;3
1;NOÉ;2017;19;6
1;NOÉ;2018;19;8
1;NOÉ;2019;19;10
1;NOÉ;2020;19;5
1;NOÉ;2021;19;15
1;NOHAM;2017;19;3
1;NOLAN;2004;19;5
1;NOLAN;2006;19;3
1;NOLAN;2007;19;4
1;NOLAN;2008;19;6
1;NOLAN;2009;19;8
1;NOLAN;2010;19;10
1;NOLAN;2011;19;11
1;NOLAN;2012;19;14
1;NOLAN;2013;19;23
1;NOLAN;2014;19;17
1;NOLAN;2015;19;13
1;NOLAN;2016;19;7
1;NOLAN;2017;19;14
1;NOLAN;2018;19;6
1;NOLAN;2019;19;11
1;NOLAN;2021;19;7
1;NOLANN;2008;19;3
1;NOLANN;2011;19;5
1;NOLANN;2013;19;3
1;NOLHAN;2009;19;5
1;NOLHAN;2010;19;4
1;NOLHAN;2011;19;3
1;NOLHAN;2012;19;6
1;NOLHAN;2013;19;4
1;NOLHAN;2015;19;6
1;NOLHAN;2017;19;3
1;NOLHAN;2020;19;6
1;OLIVIER;2008;19;3
1;OSCAR;2008;19;4
1;OSCAR;2009;19;3
1;OSCAR;2010;19;3
1;OSCAR;2012;19;3
1;OSCAR;2018;19;6
1;PABLO;2009;19;3
1;PABLO;2010;19;5
1;PABLO;2016;19;5
1;PABLO;2017;19;3
1;PABLO;2020;19;4
1;PABLO;2021;19;4
1;PACÔME;2017;19;3
1;PAUL;2000;19;23
1;PAUL;2001;19;20
1;PAUL;2002;19;26
1;PAUL;2003;19;17
1;PAUL;2004;19;18
1;PAUL;2005;19;21
1;PAUL;2006;19;20
1;PAUL;2007;19;13
1;PAUL;2008;19;11
1;PAUL;2009;19;13
1;PAUL;2010;19;12
1;PAUL;2011;19;16
1;PAUL;2012;19;7
1;PAUL;2013;19;15
1;PAUL;2014;19;20
1;PAUL;2015;19;15
1;PAUL;2016;19;21
1;PAUL;2017;19;11
1;PAUL;2018;19;12
1;PAUL;2019;19;10
1;PAUL;2020;19;6
1;PAUL;2021;19;15
1;PAULIN;2001;19;3
1;PIERRE;2000;19;13
1;PIERRE;2001;19;14
1;PIERRE;2002;19;14
1;PIERRE;2003;19;6
1;PIERRE;2004;19;13
1;PIERRE;2005;19;13
1;PIERRE;2006;19;7
1;PIERRE;2007;19;6
1;PIERRE;2008;19;5
1;PIERRE;2009;19;4
1;PIERRE;2010;19;6
1;PIERRE;2011;19;6
1;PIERRE;2013;19;3
1;PIERRE;2014;19;3
1;PIERRE;2015;19;3
1;PIERRE;2017;19;5
1;PIERRE;2020;19;4
1;QUENTIN;2000;19;35
1;QUENTIN;2001;19;26
1;QUENTIN;2002;19;19
1;QUENTIN;2003;19;19
1;QUENTIN;2004;19;30
1;QUENTIN;2005;19;21
1;QUENTIN;2006;19;18
1;QUENTIN;2007;19;10
1;QUENTIN;2008;19;11
1;QUENTIN;2009;19;16
1;QUENTIN;2010;19;7
1;QUENTIN;2011;19;6
1;QUENTIN;2012;19;6
1;QUENTIN;2013;19;7
1;QUENTIN;2014;19;5
1;QUENTIN;2015;19;4
1;QUENTIN;2016;19;3
1;RAFAEL;2005;19;4
1;RAFAEL;2006;19;3
1;RAFAEL;2007;19;3
1;RAFAEL;2008;19;6
1;RAFAEL;2013;19;3
1;RAFAEL;2014;19;3
1;RAFAEL;2016;19;4
1;RAFAEL;2017;19;3
1;RAFAËL;2013;19;6
1;RAFAËL;2014;19;4
1;RAFAËL;2016;19;3
1;RAFAËL;2017;19;3
1;RAFAËL;2018;19;3
1;RAFAËL;2019;19;5
1;RAFAËL;2021;19;3
1;RAPHAEL;2010;19;12
1;RAPHAEL;2011;19;5
1;RAPHAEL;2012;19;3
1;RAPHAEL;2015;19;3
1;RAPHAËL;2000;19;7
1;RAPHAËL;2001;19;9
1;RAPHAËL;2002;19;5
1;RAPHAËL;2003;19;11
1;RAPHAËL;2004;19;14
1;RAPHAËL;2005;19;15
1;RAPHAËL;2006;19;16
1;RAPHAËL;2007;19;25
1;RAPHAËL;2008;19;23
1;RAPHAËL;2009;19;20
1;RAPHAËL;2010;19;10
1;RAPHAËL;2011;19;8
1;RAPHAËL;2012;19;10
1;RAPHAËL;2013;19;8
1;RAPHAËL;2014;19;16
1;RAPHAËL;2015;19;14
1;RAPHAËL;2016;19;18
1;RAPHAËL;2017;19;13
1;RAPHAËL;2018;19;23
1;RAPHAËL;2019;19;11
1;RAPHAËL;2020;19;15
1;RAPHAËL;2021;19;16
1;RAYAN;2005;19;3
1;RAYAN;2007;19;5
1;RAYAN;2010;19;4
1;RAYAN;2011;19;5
1;RAYAN;2012;19;5
1;RAYAN;2013;19;3
1;RAYAN;2014;19;4
1;RAYAN;2016;19;3
1;RAYAN;2017;19;4
1;RAYAN;2018;19;4
1;RAYAN;2019;19;3
1;RAYAN;2021;19;4
1;RAYANE;2010;19;4
1;RAYANE;2016;19;4
1;REDA;2006;19;4
1;REMI;2010;19;7
1;RÉMI;2000;19;16
1;RÉMI;2001;19;10
1;RÉMI;2002;19;12
1;RÉMI;2003;19;10
1;RÉMI;2004;19;7
1;RÉMI;2005;19;6
1;RÉMI;2006;19;5
1;RÉMI;2007;19;7
1;RÉMI;2008;19;3
1;RÉMI;2015;19;3
1;RÉMY;2000;19;5
1;RÉMY;2001;19;6
1;RÉMY;2002;19;7
1;RÉMY;2005;19;3
1;ROBIN;2001;19;7
1;ROBIN;2002;19;6
1;ROBIN;2003;19;4
1;ROBIN;2004;19;8
1;ROBIN;2005;19;4
1;ROBIN;2006;19;3
1;ROBIN;2007;19;4
1;ROBIN;2008;19;4
1;ROBIN;2009;19;5
1;ROBIN;2010;19;3
1;ROBIN;2011;19;4
1;ROBIN;2012;19;7
1;ROBIN;2013;19;6
1;ROBIN;2014;19;5
1;ROBIN;2015;19;12
1;ROBIN;2016;19;5
1;ROBIN;2017;19;7
1;ROBIN;2018;19;4
1;ROBIN;2019;19;4
1;ROBIN;2021;19;4
1;RODRIGO;2014;19;3
1;ROMAIN;2000;19;13
1;ROMAIN;2001;19;20
1;ROMAIN;2002;19;11
1;ROMAIN;2003;19;17
1;ROMAIN;2004;19;17
1;ROMAIN;2005;19;11
1;ROMAIN;2006;19;22
1;ROMAIN;2007;19;5
1;ROMAIN;2008;19;5
1;ROMAIN;2009;19;10
1;ROMAIN;2010;19;7
1;ROMAIN;2011;19;4
1;ROMAIN;2012;19;7
1;ROMAIN;2013;19;3
1;ROMAIN;2014;19;3
1;ROMAIN;2015;19;3
1;ROMAN;2004;19;4
1;ROMAN;2005;19;3
1;ROMAN;2007;19;3
1;ROMÉO;2004;19;3
1;ROMÉO;2012;19;4
1;ROMÉO;2021;19;4
1;RONAN;2004;19;3
1;RUBEN;2010;19;3
1;RUBEN;2017;19;6
1;RYAN;2006;19;3
1;SACHA;2002;19;5
1;SACHA;2004;19;6
1;SACHA;2005;19;9
1;SACHA;2006;19;10
1;SACHA;2007;19;6
1;SACHA;2008;19;5
1;SACHA;2009;19;8
1;SACHA;2010;19;6
1;SACHA;2011;19;12
1;SACHA;2012;19;14
1;SACHA;2013;19;12
1;SACHA;2014;19;7
1;SACHA;2015;19;16
1;SACHA;2016;19;9
1;SACHA;2017;19;8
1;SACHA;2018;19;13
1;SACHA;2019;19;8
1;SACHA;2020;19;11
1;SACHA;2021;19;12
1;SAMI;2000;19;3
1;SAMI;2015;19;3
1;SAMUEL;2000;19;6
1;SAMUEL;2001;19;7
1;SAMUEL;2002;19;7
1;SAMUEL;2003;19;4
1;SAMUEL;2004;19;7
1;SAMUEL;2006;19;6
1;SAMUEL;2007;19;8
1;SAMUEL;2008;19;9
1;SAMUEL;2009;19;12
1;SAMUEL;2010;19;8
1;SAMUEL;2011;19;9
1;SAMUEL;2012;19;4
1;SAMUEL;2013;19;6
1;SAMUEL;2014;19;8
1;SAMUEL;2015;19;9
1;SAMUEL;2017;19;4
1;SAMUEL;2018;19;12
1;SAMUEL;2019;19;4
1;SAMUEL;2020;19;5
1;SAMUEL;2021;19;4
1;SANDRO;2017;19;3
1;SASHA;2007;19;3
1;SASHA;2010;19;3
1;SASHA;2012;19;3
1;SASHA;2014;19;5
1;SASHA;2016;19;3
1;SASHA;2021;19;3
1;SÉBASTIEN;2001;19;3
1;SÉBASTIEN;2004;19;3
1;SIMON;2000;19;10
1;SIMON;2001;19;4
1;SIMON;2002;19;9
1;SIMON;2003;19;7
1;SIMON;2004;19;6
1;SIMON;2005;19;10
1;SIMON;2006;19;5
1;SIMON;2007;19;12
1;SIMON;2008;19;10
1;SIMON;2009;19;8
1;SIMON;2010;19;5
1;SIMON;2011;19;9
1;SIMON;2012;19;3
1;SIMON;2013;19;5
1;SIMON;2014;19;10
1;SIMON;2015;19;5
1;SIMON;2016;19;3
1;SIMON;2017;19;6
1;SIMON;2018;19;4
1;SIMON;2019;19;3
1;SIMON;2020;19;7
1;SIMON;2021;19;5
1;SOAN;2012;19;5
1;SOAN;2014;19;7
1;SOAN;2015;19;3
1;SOAN;2016;19;3
1;SOAN;2020;19;5
1;SOAN;2021;19;5
1;SOANN;2020;19;3
1;SOFIANE;2007;19;4
1;SOFIANE;2011;19;3
1;SOFIANE;2012;19;3
1;SOHAN;2010;19;3
1;SOHAN;2012;19;3
1;SOHAN;2014;19;3
1;SOHAN;2015;19;3
1;SOHAN;2021;19;5
1;STEVEN;2003;19;5
1;STEVEN;2005;19;3
1;SWAN;2011;19;3
1;SWAN;2021;19;3
1;SYLVAIN;2000;19;3
1;SYLVAIN;2002;19;3
1;TANGUY;2000;19;3
1;TANGUY;2002;19;3
1;TANGUY;2003;19;5
1;TANGUY;2005;19;4
1;TAO;2011;19;4
1;TAO;2020;19;4
1;TEDDY;2000;19;4
1;TEDDY;2002;19;4
1;TEDDY;2003;19;3
1;TÉO;2002;19;3
1;TÉO;2005;19;4
1;THEO;2010;19;14
1;THEO;2011;19;8
1;THÉO;2000;19;39
1;THÉO;2001;19;52
1;THÉO;2002;19;48
1;THÉO;2003;19;44
1;THÉO;2004;19;17
1;THÉO;2005;19;23
1;THÉO;2006;19;25
1;THÉO;2007;19;17
1;THÉO;2008;19;13
1;THÉO;2009;19;15
1;THÉO;2010;19;8
1;THÉO;2011;19;11
1;THÉO;2012;19;12
1;THÉO;2013;19;18
1;THÉO;2014;19;13
1;THÉO;2015;19;7
1;THÉO;2016;19;15
1;THÉO;2017;19;8
1;THÉO;2018;19;14
1;THÉO;2019;19;10
1;THÉO;2020;19;6
1;THÉO;2021;19;4
1;THIAGO;2014;19;4
1;THIAGO;2019;19;3
1;THIAGO;2020;19;8
1;THIBAUD;2009;19;3
1;THIBAUD;2010;19;3
1;THIBAULT;2000;19;8
1;THIBAULT;2001;19;10
1;THIBAULT;2002;19;8
1;THIBAULT;2003;19;5
1;THIBAULT;2004;19;7
1;THIBAULT;2005;19;7
1;THIBAULT;2006;19;3
1;THIBAULT;2007;19;3
1;THIBAULT;2008;19;6
1;THIBAULT;2009;19;8
1;THIBAULT;2010;19;4
1;THIBAULT;2012;19;4
1;THIBAULT;2013;19;3
1;THIBAULT;2014;19;10
1;THIBAULT;2016;19;5
1;THIBAULT;2017;19;3
1;THIBAULT;2021;19;4
1;THIBAUT;2000;19;4
1;THIBAUT;2002;19;4
1;THIBAUT;2003;19;7
1;THIBAUT;2004;19;4
1;THIBAUT;2010;19;5
1;THIBAUT;2011;19;3
1;THIBAUT;2014;19;3
1;THIMEO;2010;19;3
1;THIMÉO;2016;19;5
1;THOMAS;2000;19;51
1;THOMAS;2001;19;29
1;THOMAS;2002;19;30
1;THOMAS;2003;19;31
1;THOMAS;2004;19;32
1;THOMAS;2005;19;26
1;THOMAS;2006;19;28
1;THOMAS;2007;19;10
1;THOMAS;2008;19;14
1;THOMAS;2009;19;18
1;THOMAS;2010;19;11
1;THOMAS;2011;19;11
1;THOMAS;2012;19;11
1;THOMAS;2013;19;6
1;THOMAS;2014;19;6
1;THOMAS;2015;19;4
1;THOMAS;2016;19;4
1;THOMAS;2017;19;4
1;TIAGO;2005;19;3
1;TIAGO;2009;19;3
1;TIAGO;2011;19;4
1;TIAGO;2013;19;3
1;TIAGO;2014;19;9
1;TIAGO;2015;19;10
1;TIAGO;2016;19;9
1;TIAGO;2017;19;5
1;TIAGO;2018;19;9
1;TIAGO;2019;19;13
1;TIAGO;2020;19;15
1;TIAGO;2021;19;9
1;TIM;2008;19;3
1;TIMEO;2006;19;4
1;TIMEO;2007;19;6
1;TIMEO;2008;19;5
1;TIMEO;2009;19;6
1;TIMEO;2010;19;15
1;TIMEO;2014;19;4
1;TIMEO;2015;19;5
1;TIMÉO;2011;19;9
1;TIMÉO;2012;19;20
1;TIMÉO;2013;19;19
1;TIMÉO;2014;19;18
1;TIMÉO;2015;19;15
1;TIMÉO;2016;19;14
1;TIMÉO;2017;19;8
1;TIMÉO;2018;19;11
1;TIMÉO;2019;19;9
1;TIMÉO;2020;19;3
1;TIMÉO;2021;19;9
1;TIMOTHÉ;2011;19;5
1;TIMOTHÉ;2013;19;4
1;TIMOTHÉ;2014;19;3
1;TIMOTHÉ;2019;19;3
1;TIMOTHÉ;2021;19;3
1;TIMOTHÉE;2012;19;3
1;TIMOTHÉE;2021;19;3
1;TINO;2011;19;4
1;TINO;2016;19;3
1;TITOUAN;2006;19;3
1;TITOUAN;2008;19;4
1;TITOUAN;2014;19;5
1;TOM;2000;19;20
1;TOM;2001;19;21
1;TOM;2002;19;20
1;TOM;2003;19;18
1;TOM;2004;19;20
1;TOM;2005;19;20
1;TOM;2006;19;16
1;TOM;2007;19;14
1;TOM;2008;19;22
1;TOM;2009;19;17
1;TOM;2010;19;11
1;TOM;2011;19;13
1;TOM;2012;19;23
1;TOM;2013;19;10
1;TOM;2014;19;14
1;TOM;2015;19;14
1;TOM;2016;19;13
1;TOM;2017;19;14
1;TOM;2018;19;6
1;TOM;2019;19;6
1;TOM;2020;19;8
1;TOM;2021;19;16
1;TOMMY;2001;19;3
1;TONY;2001;19;4
1;TONY;2002;19;5
1;TONY;2008;19;3
1;TRISTAN;2000;19;5
1;TRISTAN;2001;19;7
1;TRISTAN;2002;19;5
1;TRISTAN;2003;19;3
1;TRISTAN;2004;19;6
1;TRISTAN;2005;19;4
1;TRISTAN;2006;19;8
1;TRISTAN;2007;19;7
1;TRISTAN;2008;19;3
1;TRISTAN;2009;19;8
1;TRISTAN;2010;19;4
1;TRISTAN;2013;19;5
1;TRISTAN;2020;19;4
1;TYLER;2014;19;3
1;TYMÉO;2013;19;3
1;TYMÉO;2020;19;4
1;UGO;2007;19;5
1;UGO;2009;19;3
1;VALENTIN;2000;19;35
1;VALENTIN;2001;19;14
1;VALENTIN;2002;19;13
1;VALENTIN;2003;19;19
1;VALENTIN;2004;19;14
1;VALENTIN;2005;19;19
1;VALENTIN;2006;19;18
1;VALENTIN;2007;19;16
1;VALENTIN;2008;19;7
1;VALENTIN;2009;19;12
1;VALENTIN;2010;19;13
1;VALENTIN;2011;19;8
1;VALENTIN;2012;19;13
1;VALENTIN;2013;19;7
1;VALENTIN;2014;19;7
1;VALENTIN;2015;19;12
1;VALENTIN;2016;19;6
1;VALENTIN;2017;19;7
1;VALENTIN;2018;19;4
1;VALENTIN;2019;19;13
1;VALENTIN;2020;19;5
1;VALENTIN;2021;19;5
1;VICTOR;2000;19;7
1;VICTOR;2001;19;10
1;VICTOR;2002;19;8
1;VICTOR;2003;19;6
1;VICTOR;2004;19;7
1;VICTOR;2005;19;6
1;VICTOR;2006;19;4
1;VICTOR;2007;19;7
1;VICTOR;2009;19;5
1;VICTOR;2010;19;5
1;VICTOR;2011;19;6
1;VICTOR;2012;19;8
1;VICTOR;2013;19;7
1;VICTOR;2014;19;13
1;VICTOR;2015;19;4
1;VICTOR;2016;19;9
1;VICTOR;2017;19;6
1;VICTOR;2018;19;5
1;VICTOR;2019;19;6
1;VICTOR;2021;19;4
1;VINCENT;2000;19;8
1;VINCENT;2001;19;6
1;VINCENT;2002;19;7
1;VINCENT;2003;19;4
1;VINCENT;2004;19;3
1;VINCENT;2005;19;4
1;VINCENT;2012;19;4
1;WAEL;2016;19;3
1;WALID;2002;19;4
1;WASSIM;2005;19;4
1;WASSIM;2009;19;4
1;WASSIM;2010;19;4
1;WASSIM;2014;19;3
1;WASSIM;2018;19;3
1;WASSIM;2021;19;3
1;WILLIAM;2000;19;8
1;WILLIAM;2001;19;10
1;WILLIAM;2002;19;4
1;WILLIAM;2004;19;4
1;WILLIAM;2006;19;4
1;WILLIAM;2008;19;4
1;WILLIAM;2010;19;3
1;WILLIAM;2018;19;3
1;WYATT;2018;19;3
1;XAVIER;2001;19;3
1;YANIS;2000;19;4
1;YANIS;2001;19;7
1;YANIS;2003;19;7
1;YANIS;2004;19;6
1;YANIS;2005;19;8
1;YANIS;2006;19;14
1;YANIS;2007;19;12
1;YANIS;2008;19;13
1;YANIS;2009;19;13
1;YANIS;2010;19;15
1;YANIS;2011;19;12
1;YANIS;2012;19;14
1;YANIS;2013;19;11
1;YANIS;2014;19;8
1;YANIS;2015;19;9
1;YANIS;2016;19;11
1;YANIS;2017;19;5
1;YANIS;2018;19;8
1;YANIS;2019;19;5
1;YANN;2000;19;3
1;YANN;2001;19;6
1;YANN;2002;19;7
1;YANN;2003;19;5
1;YANN;2004;19;4
1;YANN;2006;19;3
1;YANN;2007;19;4
1;YANN;2008;19;7
1;YANN;2014;19;3
1;YANNIS;2003;19;3
1;YANNIS;2006;19;3
1;YASIN;2005;19;3
1;YASIN;2006;19;5
1;YASSINE;2006;19;4
1;YASSINE;2012;19;3
1;YLAN;2007;19;3
1;YLAN;2014;19;3
1;YLANN;2017;19;3
1;YOAN;2000;19;3
1;YOAN;2007;19;4
1;YOAN;2009;19;4
1;YOANN;2001;19;4
1;YOHAN;2004;19;3
1;YOHAN;2005;19;4
1;YOHAN;2008;19;3
1;YOHANN;2004;19;3
1;YOUNES;2013;19;3
1;YOUSSEF;2015;19;3
1;YOUSSEF;2018;19;3
1;YOUSSEF;2019;19;4
1;ZACHARIE;2011;19;3
2;_PRENOMS_RARES;2000;19;23
2;_PRENOMS_RARES;2001;19;20
2;_PRENOMS_RARES;2002;19;23
2;_PRENOMS_RARES;2003;19;27
2;_PRENOMS_RARES;2004;19;26
2;_PRENOMS_RARES;2005;19;34
2;_PRENOMS_RARES;2006;19;32
2;_PRENOMS_RARES;2007;19;39
2;_PRENOMS_RARES;2008;19;37
2;_PRENOMS_RARES;2009;19;43
2;_PRENOMS_RARES;2010;19;36
2;_PRENOMS_RARES;2011;19;55
2;_PRENOMS_RARES;2012;19;44
2;_PRENOMS_RARES;2013;19;57
2;_PRENOMS_RARES;2014;19;50
2;_PRENOMS_RARES;2015;19;51
2;_PRENOMS_RARES;2016;19;56
2;_PRENOMS_RARES;2017;19;55
2;_PRENOMS_RARES;2018;19;51
2;_PRENOMS_RARES;2019;19;67
2;_PRENOMS_RARES;2020;19;62
2;_PRENOMS_RARES;2021;19;62
2;ABBY;2021;19;4
2;ADELE;2010;19;3
2;ADÈLE;2003;19;5
2;ADÈLE;2005;19;5
2;ADÈLE;2006;19;3
2;ADÈLE;2008;19;4
2;ADÈLE;2011;19;5
2;ADÈLE;2012;19;7
2;ADÈLE;2014;19;5
2;ADÈLE;2015;19;3
2;ADÈLE;2016;19;12
2;ADÈLE;2017;19;9
2;ADÈLE;2018;19;3
2;ADÈLE;2019;19;6
2;ADÈLE;2020;19;7
2;ADÈLE;2021;19;7
2;ADELINE;2003;19;3
2;AGATHE;2000;19;7
2;AGATHE;2001;19;7
2;AGATHE;2002;19;4
2;AGATHE;2003;19;6
2;AGATHE;2004;19;5
2;AGATHE;2005;19;13
2;AGATHE;2006;19;6
2;AGATHE;2007;19;7
2;AGATHE;2009;19;5
2;AGATHE;2010;19;4
2;AGATHE;2011;19;6
2;AGATHE;2012;19;11
2;AGATHE;2013;19;4
2;AGATHE;2014;19;8
2;AGATHE;2015;19;5
2;AGATHE;2016;19;6
2;AGATHE;2017;19;10
2;AGATHE;2018;19;8
2;AGATHE;2019;19;6
2;AGATHE;2020;19;13
2;AGATHE;2021;19;10
2;ALBA;2020;19;4
2;ALBA;2021;19;5
2;ALBANE;2009;19;3
2;ALBANE;2019;19;3
2;ALBANE;2020;19;3
2;ALEXANDRA;2000;19;4
2;ALEXANDRA;2001;19;6
2;ALEXANDRA;2003;19;3
2;ALEXANDRA;2004;19;3
2;ALEXANE;2008;19;4
2;ALEXIA;2000;19;5
2;ALEXIA;2001;19;8
2;ALEXIA;2002;19;13
2;ALEXIA;2003;19;4
2;ALEXIA;2004;19;3
2;ALEXIA;2005;19;4
2;ALEXIA;2006;19;3
2;ALEXIA;2007;19;4
2;ALEXIA;2009;19;4
2;ALEXIA;2010;19;3
2;ALEYNA;2006;19;3
2;ALICE;2001;19;5
2;ALICE;2002;19;10
2;ALICE;2003;19;9
2;ALICE;2005;19;4
2;ALICE;2006;19;5
2;ALICE;2007;19;6
2;ALICE;2008;19;10
2;ALICE;2009;19;7
2;ALICE;2010;19;6
2;ALICE;2011;19;13
2;ALICE;2012;19;9
2;ALICE;2013;19;5
2;ALICE;2014;19;10
2;ALICE;2015;19;18
2;ALICE;2016;19;16
2;ALICE;2017;19;8
2;ALICE;2018;19;19
2;ALICE;2019;19;11
2;ALICE;2020;19;9
2;ALICE;2021;19;8
2;ALICIA;2000;19;7
2;ALICIA;2001;19;4
2;ALICIA;2002;19;10
2;ALICIA;2003;19;5
2;ALICIA;2004;19;6
2;ALICIA;2005;19;4
2;ALICIA;2006;19;7
2;ALICIA;2008;19;7
2;ALICIA;2009;19;9
2;ALICIA;2010;19;4
2;ALICIA;2012;19;5
2;ALICIA;2013;19;4
2;ALICIA;2014;19;9
2;ALICIA;2016;19;7
2;ALICIA;2017;19;5
2;ALICIA;2019;19;3
2;ALICIA;2021;19;3
2;ALISON;2002;19;3
2;ALIX;2003;19;3
2;ALIX;2004;19;4
2;ALIX;2005;19;4
2;ALIX;2007;19;3
2;ALIX;2010;19;3
2;ALIX;2012;19;7
2;ALIX;2014;19;3
2;ALIX;2018;19;3
2;ALIX;2019;19;7
2;ALIX;2020;19;5
2;ALIX;2021;19;3
2;ALIYAH;2013;19;3
2;ALIYAH;2014;19;3
2;ALIZÉE;2001;19;6
2;ALIZÉE;2002;19;4
2;ALIZÉE;2006;19;3
2;ALIZÉE;2009;19;4
2;ALMA;2021;19;3
2;ALYA;2017;19;3
2;ALYA;2019;19;3
2;ALYA;2021;19;4
2;ALYCIA;2005;19;3
2;ALYCIA;2010;19;3
2;ALYCIA;2012;19;4
2;ALYSSA;2008;19;3
2;ALYSSA;2009;19;3
2;ALYSSA;2010;19;3
2;ALYSSA;2011;19;3
2;ALYSSA;2015;19;3
2;ALYSSIA;2011;19;3
2;AMALIA;2016;19;3
2;AMALIA;2018;19;3
2;AMANDINE;2000;19;20
2;AMANDINE;2001;19;8
2;AMANDINE;2002;19;7
2;AMANDINE;2004;19;9
2;AMANDINE;2005;19;6
2;AMANDINE;2006;19;4
2;AMANDINE;2007;19;5
2;AMANDINE;2008;19;5
2;AMANDINE;2010;19;4
2;AMBRE;2000;19;4
2;AMBRE;2001;19;4
2;AMBRE;2002;19;5
2;AMBRE;2003;19;7
2;AMBRE;2004;19;8
2;AMBRE;2005;19;12
2;AMBRE;2006;19;5
2;AMBRE;2007;19;6
2;AMBRE;2008;19;9
2;AMBRE;2009;19;10
2;AMBRE;2010;19;12
2;AMBRE;2011;19;10
2;AMBRE;2012;19;10
2;AMBRE;2013;19;10
2;AMBRE;2014;19;6
2;AMBRE;2015;19;4
2;AMBRE;2016;19;9
2;AMBRE;2017;19;8
2;AMBRE;2018;19;7
2;AMBRE;2019;19;8
2;AMBRE;2020;19;10
2;AMBRE;2021;19;12
2;AMEL;2020;19;3
2;AMÉLIA;2008;19;3
2;AMÉLIE;2000;19;11
2;AMÉLIE;2001;19;9
2;AMÉLIE;2002;19;8
2;AMÉLIE;2003;19;6
2;AMÉLIE;2005;19;6
2;AMÉLIE;2006;19;3
2;AMÉLIE;2008;19;9
2;AMÉLIE;2009;19;4
2;AMÉLIE;2011;19;4
2;AMIRA;2019;19;3
2;ANA;2013;19;4
2;ANA;2017;19;4
2;ANA;2018;19;5
2;ANAE;2009;19;3
2;ANAE;2010;19;3
2;ANAÉ;2016;19;3
2;ANAELLE;2000;19;4
2;ANAELLE;2001;19;3
2;ANAELLE;2002;19;4
2;ANAELLE;2003;19;3
2;ANAELLE;2004;19;5
2;ANAELLE;2005;19;4
2;ANAELLE;2006;19;4
2;ANAELLE;2007;19;4
2;ANAELLE;2008;19;5
2;ANAELLE;2009;19;3
2;ANAELLE;2010;19;5
2;ANAËLLE;2011;19;3
2;ANAËLLE;2012;19;4
2;ANAËLLE;2013;19;4
2;ANAËLLE;2020;19;3
2;ANAIS;2010;19;5
2;ANAIS;2011;19;5
2;ANAÏS;2000;19;14
2;ANAÏS;2001;19;15
2;ANAÏS;2002;19;15
2;ANAÏS;2003;19;18
2;ANAÏS;2004;19;13
2;ANAÏS;2005;19;20
2;ANAÏS;2006;19;13
2;ANAÏS;2007;19;11
2;ANAÏS;2008;19;16
2;ANAÏS;2009;19;8
2;ANAÏS;2010;19;7
2;ANAÏS;2011;19;5
2;ANAÏS;2012;19;8
2;ANAÏS;2013;19;6
2;ANAÏS;2014;19;5
2;ANAÏS;2015;19;8
2;ANAÏS;2016;19;7
2;ANAÏS;2017;19;5
2;ANAÏS;2018;19;3
2;ANAÏS;2019;19;4
2;ANDRÉA;2000;19;4
2;ANDRÉA;2001;19;7
2;ANDRÉA;2002;19;4
2;ANDRÉA;2003;19;4
2;ANDRÉA;2005;19;4
2;ANDRÉA;2006;19;4
2;ANDRÉA;2007;19;6
2;ANDRÉA;2013;19;4
2;ANDRÉA;2016;19;5
2;ANDRÉA;2018;19;4
2;ANDRÉA;2021;19;4
2;ANGÈLE;2001;19;4
2;ANGÈLE;2003;19;3
2;ANGÈLE;2007;19;6
2;ANGÈLE;2008;19;3
2;ANGÈLE;2009;19;4
2;ANGÈLE;2012;19;5
2;ANGÈLE;2014;19;4
2;ANGÈLE;2020;19;3
2;ANGELINA;2005;19;5
2;ANGELINA;2009;19;3
2;ANGELINA;2015;19;3
2;ANGELIQUE;2000;19;4
2;ANISSA;2000;19;3
2;ANISSA;2001;19;3
2;ANISSA;2011;19;3
2;ANNA;2000;19;6
2;ANNA;2001;19;4
2;ANNA;2002;19;8
2;ANNA;2003;19;6
2;ANNA;2004;19;6
2;ANNA;2005;19;11
2;ANNA;2006;19;6
2;ANNA;2007;19;10
2;ANNA;2008;19;5
2;ANNA;2010;19;6
2;ANNA;2011;19;8
2;ANNA;2012;19;4
2;ANNA;2013;19;5
2;ANNA;2014;19;5
2;ANNA;2015;19;8
2;ANNA;2016;19;6
2;ANNA;2017;19;10
2;ANNA;2018;19;15
2;ANNA;2019;19;11
2;ANNA;2020;19;10
2;ANNA;2021;19;7
2;ANOUK;2006;19;3
2;ANOUK;2008;19;3
2;APOLLINE;2011;19;3
2;APOLLINE;2012;19;3
2;APOLLINE;2013;19;3
2;APOLLINE;2015;19;4
2;APOLLINE;2016;19;4
2;APOLLINE;2020;19;3
2;ARIA;2018;19;3
2;ASHLEY;2017;19;3
2;ASSIA;2004;19;4
2;ASSIA;2011;19;3
2;AUDE;2004;19;3
2;AUDREY;2000;19;9
2;AUDREY;2001;19;16
2;AUDREY;2002;19;10
2;AUDREY;2003;19;4
2;AUDREY;2005;19;4
2;AUDREY;2006;19;5
2;AUDREY;2008;19;6
2;AUGUSTINE;2013;19;3
2;AURÉLIE;2001;19;5
2;AURÉLIE;2003;19;5
2;AURORE;2001;19;7
2;AURORE;2002;19;4
2;AURORE;2003;19;3
2;AURORE;2004;19;3
2;AURORE;2008;19;5
2;AVA;2021;19;4
2;AXELLE;2000;19;3
2;AXELLE;2001;19;6
2;AXELLE;2002;19;7
2;AXELLE;2003;19;6
2;AXELLE;2004;19;3
2;AXELLE;2007;19;3
2;AXELLE;2010;19;3
2;AYA;2012;19;3
2;AYA;2015;19;4
2;AYA;2018;19;3
2;AYA;2021;19;3
2;AYLIN;2008;19;3
2;AZRA;2008;19;3
2;AZRA;2015;19;4
2;BELLA;2013;19;3
2;CALIE;2012;19;3
2;CALISTA;2010;19;3
2;CAMÉLIA;2021;19;3
2;CAMILLE;2000;19;35
2;CAMILLE;2001;19;19
2;CAMILLE;2002;19;19
2;CAMILLE;2003;19;24
2;CAMILLE;2004;19;34
2;CAMILLE;2005;19;20
2;CAMILLE;2006;19;21
2;CAMILLE;2007;19;23
2;CAMILLE;2008;19;15
2;CAMILLE;2009;19;20
2;CAMILLE;2010;19;11
2;CAMILLE;2011;19;12
2;CAMILLE;2012;19;14
2;CAMILLE;2013;19;14
2;CAMILLE;2014;19;16
2;CAMILLE;2015;19;11
2;CAMILLE;2016;19;11
2;CAMILLE;2017;19;6
2;CAMILLE;2018;19;6
2;CAMILLE;2019;19;5
2;CAMILLE;2020;19;4
2;CAMILLE;2021;19;3
2;CANDICE;2000;19;3
2;CANDICE;2003;19;3
2;CANDICE;2004;19;14
2;CANDICE;2005;19;5
2;CANDICE;2006;19;7
2;CANDICE;2007;19;5
2;CANDICE;2008;19;5
2;CANDICE;2010;19;4
2;CANDICE;2013;19;3
2;CANDICE;2015;19;4
2;CANDICE;2017;19;4
2;CANDICE;2018;19;5
2;CANDICE;2019;19;4
2;CANDICE;2020;19;3
2;CAPUCINE;2006;19;3
2;CAPUCINE;2009;19;3
2;CAPUCINE;2010;19;4
2;CAPUCINE;2012;19;6
2;CAPUCINE;2013;19;4
2;CAPUCINE;2014;19;3
2;CAPUCINE;2015;19;3
2;CAPUCINE;2016;19;5
2;CAPUCINE;2017;19;6
2;CAPUCINE;2018;19;5
2;CAPUCINE;2019;19;4
2;CAPUCINE;2020;19;3
2;CAPUCINE;2021;19;3
2;CARLA;2000;19;3
2;CARLA;2001;19;3
2;CARLA;2002;19;7
2;CARLA;2003;19;3
2;CARLA;2004;19;3
2;CARLA;2007;19;8
2;CAROLINE;2000;19;8
2;CAROLINE;2001;19;3
2;CASSANDRA;2000;19;6
2;CASSANDRA;2001;19;8
2;CASSANDRA;2004;19;3
2;CASSANDRA;2005;19;5
2;CASSANDRA;2006;19;3
2;CASSANDRA;2007;19;4
2;CASSANDRE;2000;19;4
2;CASSANDRE;2010;19;4
2;CASSANDRE;2013;19;3
2;CASSANDRE;2016;19;3
2;CASSIE;2008;19;4
2;CATALINA;2018;19;3
2;CÉCILE;2000;19;4
2;CÉLESTE;2021;19;5
2;CELIA;2010;19;7
2;CELIA;2011;19;3
2;CÉLIA;2000;19;5
2;CÉLIA;2001;19;5
2;CÉLIA;2002;19;9
2;CÉLIA;2003;19;9
2;CÉLIA;2004;19;15
2;CÉLIA;2005;19;12
2;CÉLIA;2006;19;13
2;CÉLIA;2007;19;6
2;CÉLIA;2008;19;6
2;CÉLIA;2009;19;7
2;CÉLIA;2011;19;4
2;CÉLIA;2012;19;4
2;CÉLIA;2013;19;6
2;CÉLIA;2014;19;5
2;CÉLIA;2015;19;6
2;CÉLIA;2018;19;4
2;CÉLIA;2020;19;3
2;CÉLINE;2000;19;4
2;CÉLINE;2002;19;6
2;CÉLINE;2003;19;3
2;CHARLIE;2008;19;4
2;CHARLIE;2014;19;3
2;CHARLIE;2017;19;7
2;CHARLIE;2018;19;6
2;CHARLIE;2019;19;3
2;CHARLIE;2020;19;7
2;CHARLINE;2000;19;6
2;CHARLINE;2002;19;4
2;CHARLINE;2003;19;4
2;CHARLINE;2005;19;3
2;CHARLINE;2006;19;4
2;CHARLINE;2007;19;3
2;CHARLINE;2008;19;3
2;CHARLINE;2009;19;6
2;CHARLINE;2011;19;8
2;CHARLINE;2012;19;4
2;CHARLINE;2015;19;3
2;CHARLINE;2016;19;5
2;CHARLINE;2017;19;5
2;CHARLINE;2019;19;4
2;CHARLINE;2021;19;3
2;CHARLOTTE;2000;19;7
2;CHARLOTTE;2001;19;12
2;CHARLOTTE;2002;19;11
2;CHARLOTTE;2003;19;6
2;CHARLOTTE;2004;19;8
2;CHARLOTTE;2005;19;12
2;CHARLOTTE;2006;19;10
2;CHARLOTTE;2007;19;16
2;CHARLOTTE;2008;19;8
2;CHARLOTTE;2009;19;3
2;CHARLOTTE;2010;19;13
2;CHARLOTTE;2011;19;9
2;CHARLOTTE;2012;19;5
2;CHARLOTTE;2013;19;5
2;CHARLOTTE;2015;19;7
2;CHARLOTTE;2016;19;7
2;CHARLOTTE;2018;19;5
2;CHARLOTTE;2019;19;4
2;CHARLOTTE;2020;19;7
2;CHARLOTTE;2021;19;8
2;CHIARA;2006;19;3
2;CHLOE;2010;19;10
2;CHLOE;2011;19;6
2;CHLOE;2013;19;4
2;CHLOE;2014;19;5
2;CHLOE;2016;19;3
2;CHLOÉ;2000;19;21
2;CHLOÉ;2001;19;30
2;CHLOÉ;2002;19;32
2;CHLOÉ;2003;19;30
2;CHLOÉ;2004;19;28
2;CHLOÉ;2005;19;23
2;CHLOÉ;2006;19;19
2;CHLOÉ;2007;19;22
2;CHLOÉ;2008;19;20
2;CHLOÉ;2009;19;19
2;CHLOÉ;2010;19;9
2;CHLOÉ;2011;19;10
2;CHLOÉ;2012;19;11
2;CHLOÉ;2013;19;17
2;CHLOÉ;2014;19;14
2;CHLOÉ;2015;19;8
2;CHLOÉ;2016;19;17
2;CHLOÉ;2017;19;10
2;CHLOÉ;2018;19;11
2;CHLOÉ;2019;19;15
2;CHLOÉ;2020;19;11
2;CHLOÉ;2021;19;4
2;CINDY;2000;19;3
2;CINDY;2002;19;3
2;CLAIRE;2000;19;9
2;CLAIRE;2001;19;4
2;CLAIRE;2003;19;4
2;CLAIRE;2004;19;5
2;CLARA;2000;19;15
2;CLARA;2001;19;21
2;CLARA;2002;19;26
2;CLARA;2003;19;13
2;CLARA;2004;19;24
2;CLARA;2005;19;26
2;CLARA;2006;19;17
2;CLARA;2007;19;33
2;CLARA;2008;19;22
2;CLARA;2009;19;11
2;CLARA;2010;19;12
2;CLARA;2011;19;11
2;CLARA;2012;19;11
2;CLARA;2013;19;11
2;CLARA;2014;19;8
2;CLARA;2015;19;10
2;CLARA;2016;19;5
2;CLARA;2017;19;4
2;CLARA;2018;19;7
2;CLARA;2019;19;7
2;CLARA;2020;19;4
2;CLARA;2021;19;3
2;CLARISSE;2000;19;4
2;CLARISSE;2001;19;3
2;CLARISSE;2002;19;4
2;CLARISSE;2003;19;5
2;CLARISSE;2004;19;6
2;CLARISSE;2005;19;5
2;CLARISSE;2007;19;4
2;CLARISSE;2008;19;3
2;CLARISSE;2013;19;3
2;CLARISSE;2018;19;4
2;CLÉA;2003;19;3
2;CLÉA;2006;19;3
2;CLÉA;2007;19;3
2;CLÉA;2015;19;4
2;CLÉA;2016;19;4
2;CLÉA;2020;19;3
2;CLEMENCE;2010;19;3
2;CLÉMENCE;2000;19;6
2;CLÉMENCE;2001;19;10
2;CLÉMENCE;2002;19;10
2;CLÉMENCE;2003;19;10
2;CLÉMENCE;2004;19;8
2;CLÉMENCE;2005;19;9
2;CLÉMENCE;2006;19;8
2;CLÉMENCE;2007;19;5
2;CLÉMENCE;2008;19;11
2;CLÉMENCE;2009;19;6
2;CLÉMENCE;2010;19;3
2;CLÉMENCE;2011;19;9
2;CLÉMENCE;2012;19;7
2;CLÉMENCE;2014;19;9
2;CLÉMENCE;2015;19;5
2;CLÉMENCE;2016;19;11
2;CLÉMENCE;2017;19;6
2;CLÉMENCE;2018;19;6
2;CLÉMENCE;2019;19;11
2;CLÉMENCE;2020;19;6
2;CLÉMENCE;2021;19;12
2;CLÉMENTINE;2002;19;5
2;CLÉMENTINE;2006;19;3
2;CLOE;2000;19;6
2;CLOE;2001;19;3
2;CLOE;2002;19;4
2;CLOE;2005;19;5
2;CLOE;2006;19;3
2;CLOE;2007;19;5
2;CLOE;2009;19;5
2;CLOÉ;2012;19;5
2;CLOÉ;2013;19;4
2;CLOÉ;2014;19;3
2;CLOÉ;2016;19;4
2;COLINE;2000;19;3
2;COLINE;2001;19;3
2;COLINE;2002;19;6
2;COLINE;2007;19;4
2;COLINE;2013;19;3
2;COLYNE;2004;19;3
2;CONSTANCE;2006;19;3
2;CONSTANCE;2008;19;5
2;CONSTANCE;2011;19;3
2;CONSTANCE;2014;19;3
2;CONSTANCE;2020;19;4
2;CORALIE;2000;19;4
2;CORALIE;2002;19;8
2;CORALIE;2003;19;3
2;CORALIE;2004;19;7
2;CORALIE;2005;19;7
2;CORALIE;2006;19;4
2;CORALIE;2008;19;3
2;CYNTHIA;2004;19;3
2;DEBORAH;2001;19;4
2;DIANE;2012;19;3
2;DORINE;2000;19;3
2;DORINE;2001;19;3
2;DORINE;2002;19;3
2;EDEN;2006;19;3
2;EDEN;2007;19;3
2;EDEN;2016;19;3
2;EDEN;2018;19;5
2;ELEA;2008;19;3
2;ELEA;2009;19;3
2;ELEA;2010;19;4
2;ELÉA;2013;19;3
2;ELÉA;2015;19;3
2;ELÉA;2017;19;3
2;ELÉA;2020;19;3
2;ÉLÉA;2014;19;3
2;ELENA;2002;19;3
2;ELENA;2004;19;3
2;ELENA;2012;19;5
2;ELENA;2015;19;3
2;ELENA;2017;19;5
2;ELENA;2021;19;5
2;ELÉNA;2012;19;4
2;ELÉNA;2015;19;4
2;ELÉNA;2017;19;3
2;ELÉNA;2018;19;6
2;ELÉNA;2020;19;3
2;ELÉNA;2021;19;5
2;ÉLÉNA;2020;19;5
2;ELEONORE;2000;19;3
2;ELEONORE;2003;19;3
2;ELIA;2015;19;3
2;ELIF;2016;19;4
2;ELIF;2017;19;3
2;ELINA;2000;19;6
2;ELINA;2004;19;8
2;ELINA;2005;19;7
2;ELINA;2006;19;8
2;ELINA;2007;19;7
2;ELINA;2008;19;4
2;ELINA;2009;19;5
2;ELINA;2010;19;3
2;ELINA;2011;19;4
2;ELINA;2012;19;5
2;ELINA;2014;19;3
2;ELINA;2015;19;5
2;ELINA;2016;19;3
2;ELINA;2020;19;3
2;ELINE;2011;19;6
2;ELISA;2000;19;15
2;ELISA;2001;19;14
2;ELISA;2002;19;12
2;ELISA;2003;19;11
2;ELISA;2004;19;6
2;ELISA;2005;19;7
2;ELISA;2006;19;11
2;ELISA;2007;19;9
2;ELISA;2008;19;9
2;ELISA;2009;19;6
2;ELISA;2010;19;4
2;ELISA;2011;19;7
2;ELISA;2012;19;9
2;ELISA;2013;19;3
2;ELISA;2014;19;4
2;ELISA;2017;19;3
2;ELISA;2019;19;3
2;ELISA;2021;19;3
2;ELISE;2000;19;12
2;ELISE;2001;19;10
2;ELISE;2002;19;5
2;ELISE;2003;19;4
2;ELISE;2004;19;4
2;ELISE;2005;19;6
2;ELISE;2006;19;7
2;ELISE;2007;19;8
2;ELISE;2008;19;7
2;ELISE;2009;19;5
2;ELISE;2010;19;6
2;ELISE;2011;19;9
2;ELISE;2012;19;4
2;ELISE;2013;19;3
2;ELISE;2014;19;8
2;ELISE;2015;19;3
2;ELISE;2016;19;3
2;ELISE;2017;19;6
2;ELISE;2018;19;7
2;ELISE;2019;19;5
2;ELISE;2020;19;3
2;ELISE;2021;19;6
2;ELLA;2012;19;3
2;ELLIE;2018;19;3
2;ELOANE;2009;19;3
2;ELODIE;2000;19;5
2;ELODIE;2001;19;3
2;ELODIE;2002;19;8
2;ELODIE;2003;19;4
2;ELODIE;2004;19;5
2;ELODIE;2006;19;3
2;ELOISE;2000;19;5
2;ELOISE;2001;19;4
2;ELOISE;2002;19;5
2;ELOISE;2003;19;3
2;ELOISE;2005;19;8
2;ELOISE;2006;19;14
2;ELOISE;2007;19;7
2;ELOISE;2010;19;6
2;ELOÏSE;2011;19;4
2;ELOÏSE;2012;19;6
2;ELOÏSE;2014;19;5
2;ELOÏSE;2015;19;4
2;ELOÏSE;2016;19;4
2;ELOÏSE;2017;19;6
2;ELOÏSE;2019;19;4
2;ELOÏSE;2021;19;3
2;ELORA;2012;19;3
2;ELSA;2000;19;4
2;ELSA;2001;19;5
2;ELSA;2003;19;8
2;ELSA;2004;19;7
2;ELSA;2005;19;11
2;ELSA;2006;19;4
2;ELSA;2007;19;5
2;ELSA;2008;19;6
2;ELSA;2009;19;9
2;ELSA;2010;19;5
2;ELSA;2011;19;5
2;ELSA;2012;19;7
2;ELSA;2014;19;7
2;ELSA;2015;19;5
2;ELSA;2016;19;3
2;ELSA;2017;19;4
2;ELSA;2018;19;3
2;ELSA;2019;19;8
2;ELSA;2021;19;6
2;ELYA;2017;19;3
2;ELYA;2021;19;3
2;ELYNA;2019;19;3
2;EMA;2009;19;3
2;EMELINE;2001;19;3
2;EMELINE;2002;19;7
2;EMELINE;2003;19;5
2;EMELINE;2006;19;4
2;EMELINE;2009;19;3
2;EMELINE;2012;19;3
2;EMIE;2008;19;3
2;EMILIE;2000;19;17
2;EMILIE;2001;19;13
2;EMILIE;2002;19;9
2;EMILIE;2003;19;10
2;EMILIE;2004;19;13
2;EMILIE;2005;19;12
2;EMILIE;2006;19;6
2;EMILIE;2007;19;9
2;EMILIE;2008;19;3
2;EMILIE;2009;19;5
2;EMILIE;2010;19;4
2;EMILIE;2011;19;4
2;EMILIE;2012;19;3
2;EMILIE;2017;19;3
2;EMILY;2005;19;3
2;EMMA;2000;19;23
2;EMMA;2001;19;19
2;EMMA;2002;19;34
2;EMMA;2003;19;25
2;EMMA;2004;19;32
2;EMMA;2005;19;36
2;EMMA;2006;19;30
2;EMMA;2007;19;19
2;EMMA;2008;19;25
2;EMMA;2009;19;23
2;EMMA;2010;19;20
2;EMMA;2011;19;21
2;EMMA;2012;19;26
2;EMMA;2013;19;24
2;EMMA;2014;19;15
2;EMMA;2015;19;16
2;EMMA;2016;19;13
2;EMMA;2017;19;17
2;EMMA;2018;19;12
2;EMMA;2019;19;15
2;EMMA;2020;19;12
2;EMMA;2021;19;13
2;EMMIE;2008;19;3
2;EMMIE;2010;19;3
2;EMMY;2012;19;3
2;EMMY;2015;19;3
2;EMMY;2019;19;4
2;EMNA;2019;19;3
2;EMY;2008;19;5
2;EMY;2009;19;3
2;EMY;2010;19;5
2;EMY;2014;19;5
2;EMY;2016;19;6
2;EMY;2017;19;4
2;EMY;2021;19;5
2;ENÉA;2014;19;3
2;ENOLA;2004;19;3
2;ENOLA;2005;19;5
2;ENOLA;2008;19;4
2;ENOLA;2011;19;4
2;ENOLA;2014;19;3
2;ENOLA;2016;19;3
2;ENOLA;2019;19;3
2;ENORA;2005;19;3
2;ENORA;2013;19;3
2;ENORA;2014;19;5
2;ENORA;2016;19;4
2;ESMA;2011;19;3
2;ESTELLE;2000;19;5
2;ESTELLE;2001;19;5
2;ESTELLE;2002;19;4
2;ESTELLE;2003;19;6
2;ESTELLE;2004;19;4
2;ESTELLE;2007;19;3
2;ESTELLE;2009;19;5
2;EVA;2000;19;8
2;EVA;2001;19;8
2;EVA;2002;19;11
2;EVA;2003;19;6
2;EVA;2004;19;8
2;EVA;2005;19;11
2;EVA;2006;19;12
2;EVA;2007;19;7
2;EVA;2008;19;12
2;EVA;2009;19;6
2;EVA;2010;19;7
2;EVA;2011;19;12
2;EVA;2012;19;8
2;EVA;2013;19;4
2;EVA;2014;19;5
2;EVA;2016;19;7
2;EVA;2017;19;6
2;EVA;2018;19;4
2;EVA;2019;19;10
2;EVA;2020;19;8
2;EVA;2021;19;4
2;EVE;2007;19;3
2;FANNY;2000;19;5
2;FANNY;2001;19;5
2;FANNY;2003;19;5
2;FANNY;2004;19;4
2;FANNY;2005;19;6
2;FANNY;2007;19;5
2;FANNY;2008;19;6
2;FANNY;2010;19;5
2;FANTINE;2007;19;4
2;FAUSTINE;2006;19;8
2;FAUSTINE;2007;19;6
2;FAUSTINE;2008;19;4
2;FAUSTINE;2009;19;3
2;FAUSTINE;2010;19;5
2;FAUSTINE;2011;19;7
2;FAUSTINE;2012;19;4
2;FAUSTINE;2014;19;4
2;FAUSTINE;2015;19;3
2;FAUSTINE;2016;19;7
2;FAUSTINE;2017;19;3
2;FAUSTINE;2018;19;3
2;FIONA;2004;19;3
2;FLAVIE;2002;19;9
2;FLAVIE;2004;19;3
2;FLAVIE;2005;19;3
2;FLAVIE;2006;19;3
2;FLORINE;2002;19;4
2;GABRIELLA;2020;19;3
2;GABRIELLE;2000;19;3
2;GABRIELLE;2006;19;3
2;GABRIELLE;2007;19;4
2;GABRIELLE;2009;19;3
2;GABRIELLE;2011;19;4
2;GABRIELLE;2012;19;4
2;GABRIELLE;2013;19;3
2;GABRIELLE;2014;19;3
2;GABRIELLE;2017;19;5
2;GABRIELLE;2018;19;3
2;GABRIELLE;2019;19;6
2;GABRIELLE;2021;19;6
2;GAELLE;2001;19;5
2;GAELLE;2002;19;4
2;GAELLE;2003;19;3
2;GAELLE;2005;19;3
2;GAÏA;2018;19;3
2;GARANCE;2019;19;3
2;GARANCE;2021;19;3
2;GIULIA;2015;19;6
2;GIULIA;2019;19;4
2;GIULIA;2021;19;5
2;GIZEM;2001;19;3
2;GIZEM;2010;19;3
2;GLADYS;2011;19;3
2;GWENDOLINE;2000;19;3
2;HAILEY;2009;19;3
2;HÉLÈNA;2014;19;3
2;HÉLÈNE;2001;19;3
2;HELOISE;2010;19;4
2;HÉLOÏSE;2001;19;3
2;HÉLOÏSE;2002;19;4
2;HÉLOÏSE;2004;19;5
2;HÉLOÏSE;2017;19;4
2;HÉLOÏSE;2018;19;3
2;HÉLOÏSE;2019;19;3
2;HORTENSE;2019;19;3
2;HORTENSE;2020;19;3
2;ILANA;2012;19;3
2;ILONA;2000;19;3
2;ILONA;2002;19;4
2;ILONA;2005;19;6
2;ILYANA;2010;19;3
2;ILYANA;2013;19;4
2;ILYANA;2019;19;3
2;IMANE;2006;19;3
2;IMANE;2007;19;3
2;INAYA;2010;19;7
2;INAYA;2011;19;3
2;INAYA;2012;19;5
2;INAYA;2013;19;6
2;INAYA;2014;19;4
2;INAYA;2015;19;4
2;INAYA;2016;19;3
2;INAYA;2017;19;5
2;INAYA;2018;19;7
2;INAYA;2019;19;3
2;INAYA;2020;19;3
2;INES;2010;19;7
2;INES;2011;19;11
2;INES;2013;19;4
2;INES;2015;19;4
2;INÈS;2000;19;11
2;INÈS;2001;19;5
2;INÈS;2002;19;13
2;INÈS;2003;19;11
2;INÈS;2004;19;8
2;INÈS;2005;19;6
2;INÈS;2006;19;14
2;INÈS;2007;19;13
2;INÈS;2008;19;5
2;INÈS;2009;19;15
2;INÈS;2010;19;4
2;INÈS;2011;19;11
2;INÈS;2012;19;13
2;INÈS;2013;19;14
2;INÈS;2014;19;10
2;INÈS;2015;19;5
2;INÈS;2016;19;11
2;INÈS;2017;19;5
2;INÈS;2018;19;10
2;INÈS;2019;19;4
2;INÈS;2020;19;7
2;INÈS;2021;19;3
2;IRIS;2007;19;4
2;IRIS;2009;19;4
2;IRIS;2014;19;6
2;IRIS;2017;19;4
2;IRIS;2018;19;4
2;IRIS;2019;19;9
2;IRIS;2020;19;8
2;IRIS;2021;19;6
2;JADE;2000;19;10
2;JADE;2001;19;6
2;JADE;2002;19;13
2;JADE;2003;19;13
2;JADE;2004;19;11
2;JADE;2005;19;8
2;JADE;2006;19;14
2;JADE;2007;19;16
2;JADE;2008;19;28
2;JADE;2009;19;27
2;JADE;2010;19;18
2;JADE;2011;19;17
2;JADE;2012;19;15
2;JADE;2013;19;17
2;JADE;2014;19;16
2;JADE;2015;19;12
2;JADE;2016;19;17
2;JADE;2017;19;16
2;JADE;2018;19;12
2;JADE;2019;19;15
2;JADE;2020;19;16
2;JADE;2021;19;10
2;JEANNE;2001;19;12
2;JEANNE;2002;19;4
2;JEANNE;2003;19;3
2;JEANNE;2004;19;4
2;JEANNE;2005;19;11
2;JEANNE;2006;19;6
2;JEANNE;2007;19;5
2;JEANNE;2008;19;11
2;JEANNE;2009;19;10
2;JEANNE;2010;19;5
2;JEANNE;2011;19;3
2;JEANNE;2012;19;10
2;JEANNE;2013;19;5
2;JEANNE;2014;19;6
2;JEANNE;2015;19;8
2;JEANNE;2016;19;7
2;JEANNE;2018;19;6
2;JEANNE;2019;19;11
2;JEANNE;2020;19;8
2;JEANNE;2021;19;7
2;JESSICA;2000;19;3
2;JESSICA;2002;19;5
2;JESSICA;2004;19;5
2;JOHANNA;2012;19;3
2;JOHANNA;2014;19;3
2;JOSÉPHINE;2012;19;3
2;JOY;2019;19;3
2;JOY;2021;19;3
2;JOYCE;2014;19;3
2;JULIA;2000;19;5
2;JULIA;2003;19;5
2;JULIA;2006;19;5
2;JULIA;2007;19;5
2;JULIA;2008;19;8
2;JULIA;2009;19;5
2;JULIA;2010;19;4
2;JULIA;2012;19;4
2;JULIA;2013;19;11
2;JULIA;2014;19;4
2;JULIA;2015;19;9
2;JULIA;2016;19;8
2;JULIA;2017;19;8
2;JULIA;2018;19;15
2;JULIA;2019;19;8
2;JULIA;2020;19;11
2;JULIA;2021;19;9
2;JULIE;2000;19;13
2;JULIE;2001;19;16
2;JULIE;2002;19;13
2;JULIE;2003;19;8
2;JULIE;2004;19;11
2;JULIE;2005;19;15
2;JULIE;2006;19;12
2;JULIE;2007;19;7
2;JULIE;2008;19;8
2;JULIE;2009;19;5
2;JULIE;2010;19;5
2;JULIE;2011;19;6
2;JULIE;2013;19;3
2;JULIE;2014;19;4
2;JULIE;2018;19;4
2;JULIETTE;2000;19;6
2;JULIETTE;2001;19;15
2;JULIETTE;2002;19;8
2;JULIETTE;2003;19;8
2;JULIETTE;2004;19;8
2;JULIETTE;2005;19;12
2;JULIETTE;2006;19;6
2;JULIETTE;2007;19;7
2;JULIETTE;2008;19;6
2;JULIETTE;2009;19;7
2;JULIETTE;2010;19;9
2;JULIETTE;2011;19;5
2;JULIETTE;2012;19;7
2;JULIETTE;2013;19;10
2;JULIETTE;2014;19;5
2;JULIETTE;2015;19;7
2;JULIETTE;2016;19;3
2;JULIETTE;2017;19;6
2;JULIETTE;2018;19;11
2;JULIETTE;2019;19;8
2;JULIETTE;2020;19;6
2;JULIETTE;2021;19;8
2;JUSTINE;2000;19;13
2;JUSTINE;2001;19;14
2;JUSTINE;2002;19;16
2;JUSTINE;2003;19;19
2;JUSTINE;2004;19;8
2;JUSTINE;2005;19;11
2;JUSTINE;2006;19;10
2;JUSTINE;2007;19;9
2;JUSTINE;2008;19;11
2;JUSTINE;2009;19;4
2;JUSTINE;2010;19;11
2;JUSTINE;2011;19;8
2;JUSTINE;2012;19;5
2;JUSTINE;2013;19;9
2;JUSTINE;2014;19;6
2;JUSTINE;2015;19;3
2;JUSTINE;2016;19;4
2;JUSTINE;2017;19;5
2;JUSTINE;2018;19;4
2;JUSTINE;2019;19;8
2;KELLY;2011;19;3
2;KÉLYA;2017;19;3
2;KENZA;2004;19;3
2;KENZA;2010;19;3
2;KENZA;2014;19;6
2;KIARA;2010;19;3
2;KIARA;2021;19;4
2;KLARA;2005;19;3
2;LAETITIA;2001;19;3
2;LAETITIA;2004;19;3
2;LALIE;2015;19;3
2;LALY;2008;19;3
2;LALY;2010;19;3
2;LALY;2012;19;4
2;LALY;2014;19;4
2;LALY;2015;19;3
2;LALY;2020;19;3
2;LAMIA;2004;19;3
2;LANA;2005;19;5
2;LANA;2006;19;6
2;LANA;2007;19;5
2;LANA;2008;19;6
2;LANA;2009;19;6
2;LANA;2010;19;11
2;LANA;2011;19;11
2;LANA;2012;19;7
2;LANA;2013;19;4
2;LANA;2014;19;6
2;LANA;2015;19;6
2;LANA;2016;19;7
2;LANA;2017;19;3
2;LANA;2018;19;5
2;LANA;2019;19;3
2;LANA;2020;19;9
2;LANA;2021;19;4
2;LARA;2000;19;3
2;LARA;2005;19;3
2;LARA;2007;19;4
2;LARA;2009;19;3
2;LARA;2014;19;4
2;LAURA;2000;19;34
2;LAURA;2001;19;17
2;LAURA;2002;19;11
2;LAURA;2003;19;18
2;LAURA;2004;19;16
2;LAURA;2005;19;17
2;LAURA;2006;19;8
2;LAURA;2007;19;11
2;LAURA;2008;19;7
2;LAURA;2009;19;9
2;LAURA;2010;19;8
2;LAURA;2013;19;5
2;LAURA;2014;19;7
2;LAURA;2016;19;5
2;LAURA;2020;19;3
2;LAURE;2000;19;3
2;LAURE;2001;19;4
2;LAURE;2005;19;3
2;LAURIANE;2001;19;3
2;LAURIE;2000;19;8
2;LAURIE;2001;19;8
2;LAURINE;2000;19;11
2;LAURINE;2001;19;6
2;LAURINE;2002;19;7
2;LAURINE;2003;19;7
2;LAURINE;2004;19;3
2;LAURINE;2005;19;6
2;LAURINE;2006;19;4
2;LAURINE;2007;19;4
2;LAURINE;2008;19;3
2;LAURINE;2009;19;4
2;LAURY;2000;19;4
2;LAURYNE;2003;19;7
2;LEA;2010;19;13
2;LEA;2011;19;12
2;LEA;2014;19;4
2;LÉA;2000;19;49
2;LÉA;2001;19;46
2;LÉA;2002;19;47
2;LÉA;2003;19;40
2;LÉA;2004;19;27
2;LÉA;2005;19;33
2;LÉA;2006;19;39
2;LÉA;2007;19;18
2;LÉA;2008;19;36
2;LÉA;2009;19;26
2;LÉA;2010;19;10
2;LÉA;2011;19;22
2;LÉA;2012;19;18
2;LÉA;2013;19;13
2;LÉA;2014;19;11
2;LÉA;2015;19;10
2;LÉA;2016;19;12
2;LÉA;2017;19;12
2;LÉA;2018;19;16
2;LÉA;2019;19;5
2;LÉA;2020;19;18
2;LÉA;2021;19;8
2;LÉANA;2001;19;3
2;LÉANA;2007;19;3
2;LÉANA;2009;19;3
2;LÉANA;2011;19;5
2;LÉANA;2014;19;6
2;LÉANA;2016;19;6
2;LÉANA;2018;19;9
2;LÉANA;2019;19;7
2;LÉANA;2020;19;8
2;LÉANA;2021;19;4
2;LEANE;2010;19;4
2;LÉANE;2003;19;3
2;LÉANE;2004;19;3
2;LÉANE;2005;19;3
2;LÉANE;2006;19;4
2;LÉANE;2007;19;7
2;LÉANE;2008;19;6
2;LÉANE;2009;19;4
2;LÉANE;2011;19;4
2;LÉANE;2012;19;4
2;LÉANE;2013;19;3
2;LÉANE;2014;19;5
2;LÉANE;2016;19;6
2;LÉANE;2017;19;3
2;LÉANE;2019;19;3
2;LEELOU;2010;19;3
2;LEILA;2011;19;3
2;LEÏLA;2015;19;3
2;LEÏLA;2018;19;3
2;LEÏLA;2021;19;3
2;LENA;2010;19;4
2;LENA;2011;19;5
2;LENA;2013;19;4
2;LENA;2015;19;4
2;LENA;2016;19;7
2;LENA;2018;19;3
2;LÉNA;2001;19;5
2;LÉNA;2002;19;6
2;LÉNA;2003;19;6
2;LÉNA;2004;19;10
2;LÉNA;2005;19;6
2;LÉNA;2006;19;6
2;LÉNA;2007;19;4
2;LÉNA;2008;19;9
2;LÉNA;2009;19;10
2;LÉNA;2010;19;6
2;LÉNA;2011;19;5
2;LÉNA;2012;19;10
2;LÉNA;2013;19;5
2;LÉNA;2014;19;15
2;LÉNA;2015;19;13
2;LÉNA;2016;19;9
2;LÉNA;2017;19;9
2;LÉNA;2018;19;11
2;LÉNA;2019;19;6
2;LÉNA;2020;19;12
2;LÉNA;2021;19;8
2;LEONIE;2010;19;3
2;LEONIE;2013;19;3
2;LÉONIE;2004;19;4
2;LÉONIE;2005;19;7
2;LÉONIE;2006;19;4
2;LÉONIE;2007;19;6
2;LÉONIE;2008;19;4
2;LÉONIE;2011;19;5
2;LÉONIE;2012;19;3
2;LÉONIE;2013;19;4
2;LÉONIE;2014;19;9
2;LÉONIE;2015;19;3
2;LÉONIE;2016;19;7
2;LÉONIE;2017;19;6
2;LÉONIE;2018;19;4
2;LÉONIE;2019;19;3
2;LÉONIE;2020;19;7
2;LÉONIE;2021;19;4
2;LEYLA;2000;19;3
2;LEYNA;2012;19;3
2;LIANA;2011;19;3
2;LILA;2012;19;3
2;LILA;2015;19;3
2;LILA;2016;19;3
2;LILA;2018;19;4
2;LILA;2019;19;3
2;LILA;2020;19;4
2;LILA;2021;19;3
2;LILAS;2019;19;3
2;LILI;2004;19;3
2;LILI;2008;19;5
2;LILI;2014;19;4
2;LILIA;2015;19;5
2;LILIA;2016;19;3
2;LILLY;2008;19;3
2;LILLY;2011;19;5
2;LILOU;2001;19;4
2;LILOU;2003;19;5
2;LILOU;2004;19;4
2;LILOU;2005;19;8
2;LILOU;2006;19;6
2;LILOU;2007;19;13
2;LILOU;2008;19;12
2;LILOU;2009;19;14
2;LILOU;2010;19;15
2;LILOU;2011;19;19
2;LILOU;2012;19;13
2;LILOU;2013;19;7
2;LILOU;2014;19;11
2;LILOU;2015;19;11
2;LILOU;2016;19;6
2;LILOU;2017;19;6
2;LILOU;2018;19;3
2;LILOU;2019;19;4
2;LILOU;2020;19;6
2;LILOU;2021;19;3
2;LILY;2005;19;3
2;LILY;2006;19;3
2;LILY;2007;19;5
2;LILY;2008;19;3
2;LILY;2009;19;7
2;LILY;2010;19;6
2;LILY;2011;19;9
2;LILY;2012;19;10
2;LILY;2013;19;7
2;LILY;2014;19;4
2;LILY;2015;19;10
2;LILY;2016;19;3
2;LILY;2018;19;4
2;LILY;2019;19;4
2;LILY-ROSE;2008;19;3
2;LILY-ROSE;2012;19;3
2;LILY-ROSE;2017;19;4
2;LILYA;2012;19;3
2;LILYA;2019;19;3
2;LINA;2003;19;3
2;LINA;2004;19;4
2;LINA;2005;19;4
2;LINA;2006;19;7
2;LINA;2007;19;8
2;LINA;2008;19;9
2;LINA;2009;19;7
2;LINA;2010;19;7
2;LINA;2011;19;14
2;LINA;2012;19;13
2;LINA;2013;19;7
2;LINA;2014;19;4
2;LINA;2015;19;7
2;LINA;2016;19;8
2;LINA;2017;19;12
2;LINA;2018;19;6
2;LINA;2019;19;7
2;LINA;2020;19;3
2;LINA;2021;19;10
2;LISA;2000;19;17
2;LISA;2001;19;14
2;LISA;2002;19;20
2;LISA;2003;19;20
2;LISA;2004;19;12
2;LISA;2005;19;10
2;LISA;2006;19;11
2;LISA;2007;19;14
2;LISA;2008;19;4
2;LISA;2009;19;8
2;LISA;2010;19;7
2;LISA;2011;19;7
2;LISA;2012;19;4
2;LISA;2013;19;8
2;LISA;2015;19;7
2;LISA;2016;19;7
2;LISA;2019;19;3
2;LISA;2021;19;3
2;LISE;2001;19;9
2;LISE;2002;19;7
2;LISE;2003;19;6
2;LISE;2004;19;6
2;LISE;2005;19;4
2;LISE;2006;19;5
2;LISE;2007;19;6
2;LISE;2008;19;10
2;LISE;2010;19;3
2;LISE;2012;19;3
2;LISE;2013;19;6
2;LISE;2014;19;6
2;LISE;2016;19;4
2;LISE;2017;19;9
2;LISE;2018;19;6
2;LISE;2019;19;3
2;LISE;2020;19;3
2;LISE;2021;19;6
2;LISON;2006;19;3
2;LISON;2007;19;3
2;LISON;2010;19;3
2;LISON;2016;19;4
2;LIVIA;2014;19;4
2;LIVIA;2017;19;3
2;LIVIA;2020;19;4
2;LIVIA;2021;19;3
2;LOAN;2003;19;3
2;LOANE;2004;19;4
2;LOANE;2005;19;4
2;LOANE;2006;19;3
2;LOANE;2007;19;3
2;LOANE;2009;19;3
2;LOANE;2010;19;3
2;LOANE;2011;19;3
2;LOANE;2012;19;3
2;LOANNE;2008;19;4
2;LOLA;2000;19;4
2;LOLA;2001;19;6
2;LOLA;2002;19;5
2;LOLA;2003;19;11
2;LOLA;2004;19;7
2;LOLA;2005;19;13
2;LOLA;2006;19;18
2;LOLA;2007;19;24
2;LOLA;2008;19;23
2;LOLA;2009;19;23
2;LOLA;2010;19;22
2;LOLA;2011;19;27
2;LOLA;2012;19;18
2;LOLA;2013;19;20
2;LOLA;2014;19;16
2;LOLA;2015;19;10
2;LOLA;2016;19;11
2;LOLA;2017;19;8
2;LOLA;2018;19;8
2;LOLA;2019;19;13
2;LOLA;2020;19;7
2;LOLA;2021;19;10
2;LOU;2002;19;3
2;LOU;2003;19;5
2;LOU;2004;19;6
2;LOU;2005;19;9
2;LOU;2006;19;10
2;LOU;2007;19;5
2;LOU;2008;19;8
2;LOU;2009;19;8
2;LOU;2010;19;6
2;LOU;2011;19;13
2;LOU;2012;19;11
2;LOU;2013;19;9
2;LOU;2014;19;9
2;LOU;2015;19;8
2;LOU;2016;19;6
2;LOU;2017;19;9
2;LOU;2018;19;9
2;LOU;2019;19;7
2;LOU;2020;19;11
2;LOU;2021;19;14
2;LOU-ANN;2003;19;3
2;LOU-ANN;2004;19;6
2;LOU-ANN;2013;19;3
2;LOU-ANNE;2003;19;3
2;LOU-ANNE;2005;19;4
2;LOU-ANNE;2006;19;3
2;LOUANE;2001;19;5
2;LOUANE;2004;19;4
2;LOUANE;2005;19;7
2;LOUANE;2006;19;8
2;LOUANE;2007;19;6
2;LOUANE;2008;19;13
2;LOUANE;2009;19;10
2;LOUANE;2010;19;9
2;LOUANE;2011;19;14
2;LOUANE;2012;19;12
2;LOUANE;2013;19;11
2;LOUANE;2014;19;7
2;LOUANE;2015;19;14
2;LOUANE;2016;19;6
2;LOUANE;2017;19;4
2;LOUANE;2018;19;4
2;LOUANE;2019;19;3
2;LOUANN;2007;19;3
2;LOUANNE;2002;19;3
2;LOUANNE;2004;19;3
2;LOUANNE;2007;19;3
2;LOUANNE;2009;19;3
2;LOUISA;2005;19;3
2;LOUISA;2009;19;3
2;LOUISA;2010;19;3
2;LOUISA;2017;19;3
2;LOUISA;2018;19;3
2;LOUISA;2021;19;3
2;LOUISE;2000;19;13
2;LOUISE;2001;19;15
2;LOUISE;2002;19;6
2;LOUISE;2003;19;10
2;LOUISE;2005;19;11
2;LOUISE;2006;19;19
2;LOUISE;2007;19;11
2;LOUISE;2008;19;19
2;LOUISE;2009;19;17
2;LOUISE;2010;19;21
2;LOUISE;2011;19;14
2;LOUISE;2012;19;14
2;LOUISE;2013;19;12
2;LOUISE;2014;19;12
2;LOUISE;2015;19;20
2;LOUISE;2016;19;14
2;LOUISE;2017;19;21
2;LOUISE;2018;19;12
2;LOUISE;2019;19;17
2;LOUISE;2020;19;26
2;LOUISE;2021;19;10
2;LOUNA;2002;19;3
2;LOUNA;2003;19;5
2;LOUNA;2004;19;6
2;LOUNA;2005;19;12
2;LOUNA;2006;19;8
2;LOUNA;2007;19;12
2;LOUNA;2008;19;10
2;LOUNA;2009;19;9
2;LOUNA;2010;19;4
2;LOUNA;2011;19;16
2;LOUNA;2012;19;16
2;LOUNA;2013;19;7
2;LOUNA;2014;19;9
2;LOUNA;2015;19;11
2;LOUNA;2016;19;5
2;LOUNA;2017;19;8
2;LOUNA;2018;19;6
2;LOUNA;2019;19;3
2;LOUNA;2020;19;3
2;LOUNA;2021;19;6
2;LUANA;2015;19;3
2;LUCE;2018;19;3
2;LUCIE;2000;19;12
2;LUCIE;2001;19;21
2;LUCIE;2002;19;19
2;LUCIE;2003;19;10
2;LUCIE;2004;19;22
2;LUCIE;2005;19;22
2;LUCIE;2006;19;18
2;LUCIE;2007;19;16
2;LUCIE;2008;19;17
2;LUCIE;2009;19;13
2;LUCIE;2010;19;10
2;LUCIE;2011;19;8
2;LUCIE;2012;19;5
2;LUCIE;2013;19;9
2;LUCIE;2014;19;12
2;LUCIE;2015;19;19
2;LUCIE;2016;19;6
2;LUCIE;2017;19;8
2;LUCIE;2018;19;3
2;LUCIE;2019;19;9
2;LUCIE;2020;19;5
2;LUCIE;2021;19;8
2;LUCILE;2002;19;5
2;LUCILE;2003;19;4
2;LUCILE;2004;19;3
2;LUCILE;2005;19;4
2;LUCILE;2010;19;3
2;LUCILE;2011;19;4
2;LUCY;2016;19;3
2;LUCY;2017;19;3
2;LUCY;2018;19;3
2;LUCY;2019;19;4
2;LUDIVINE;2001;19;3
2;LUDIVINE;2003;19;4
2;LUDIVINE;2004;19;3
2;LUDIVINE;2005;19;3
2;LUNA;2002;19;3
2;LUNA;2003;19;4
2;LUNA;2006;19;3
2;LUNA;2008;19;3
2;LUNA;2009;19;5
2;LUNA;2010;19;4
2;LUNA;2011;19;8
2;LUNA;2012;19;7
2;LUNA;2013;19;5
2;LUNA;2016;19;4
2;LUNA;2017;19;6
2;LUNA;2018;19;6
2;LUNA;2019;19;4
2;LUNA;2020;19;7
2;LUNA;2021;19;4
2;LYA;2008;19;4
2;LYA;2010;19;3
2;LYA;2012;19;3
2;LYA;2015;19;3
2;LYA;2016;19;8
2;LYA;2017;19;5
2;LYA;2018;19;5
2;LYA;2019;19;8
2;LYA;2020;19;4
2;LYA;2021;19;8
2;LYANA;2014;19;5
2;LYANA;2015;19;3
2;LYANA;2018;19;7
2;LYANA;2019;19;4
2;LYANA;2020;19;6
2;LYANA;2021;19;5
2;LYANNA;2020;19;4
2;LYLOU;2006;19;3
2;LYLOU;2009;19;3
2;LYLOU;2011;19;4
2;LYLOU;2018;19;4
2;LYNA;2010;19;3
2;LYNA;2019;19;4
2;LYNA;2021;19;4
2;MADISON;2007;19;3
2;MAE;2009;19;3
2;MAELIE;2010;19;5
2;MAËLIE;2014;19;3
2;MAËLIE;2016;19;3
2;MAELLA;2006;19;3
2;MAELLE;2000;19;6
2;MAELLE;2001;19;4
2;MAELLE;2002;19;9
2;MAELLE;2003;19;6
2;MAELLE;2004;19;6
2;MAELLE;2005;19;9
2;MAELLE;2006;19;12
2;MAELLE;2007;19;12
2;MAELLE;2008;19;5
2;MAELLE;2009;19;3
2;MAELLE;2010;19;7
2;MAËLLE;2011;19;6
2;MAËLLE;2012;19;9
2;MAËLLE;2013;19;6
2;MAËLLE;2014;19;5
2;MAËLLE;2015;19;7
2;MAËLLE;2017;19;3
2;MAËLLE;2019;19;6
2;MAËLY;2011;19;3
2;MAËLY;2012;19;3
2;MAËLYA;2021;19;4
2;MAËLYNE;2013;19;3
2;MAELYS;2001;19;4
2;MAELYS;2003;19;4
2;MAELYS;2004;19;7
2;MAELYS;2006;19;12
2;MAELYS;2007;19;14
2;MAELYS;2008;19;12
2;MAELYS;2009;19;16
2;MAELYS;2010;19;13
2;MAELYS;2011;19;10
2;MAELYS;2012;19;4
2;MAELYS;2013;19;3
2;MAËLYS;2011;19;3
2;MAËLYS;2012;19;13
2;MAËLYS;2013;19;14
2;MAËLYS;2014;19;8
2;MAËLYS;2015;19;6
2;MAËLYS;2016;19;6
2;MAËLYS;2017;19;6
2;MAËLYS;2018;19;4
2;MAËLYS;2020;19;4
2;MAËLYS;2021;19;4
2;MAEVA;2000;19;18
2;MAEVA;2001;19;18
2;MAEVA;2002;19;13
2;MAEVA;2003;19;16
2;MAEVA;2004;19;8
2;MAEVA;2005;19;7
2;MAEVA;2006;19;9
2;MAEVA;2007;19;6
2;MAEVA;2008;19;3
2;MAEVA;2009;19;7
2;MAEVA;2010;19;6
2;MAËVA;2012;19;3
2;MAËVA;2015;19;6
2;MAGALIE;2000;19;3
2;MAILYS;2001;19;4
2;MAISSA;2008;19;3
2;MAISSA;2009;19;4
2;MAÏWENN;2012;19;3
2;MAÏWENN;2014;19;5
2;MALIA;2018;19;3
2;MALIA;2020;19;3
2;MANON;2000;19;29
2;MANON;2001;19;27
2;MANON;2002;19;37
2;MANON;2003;19;35
2;MANON;2004;19;26
2;MANON;2005;19;28
2;MANON;2006;19;26
2;MANON;2007;19;20
2;MANON;2008;19;19
2;MANON;2009;19;18
2;MANON;2010;19;22
2;MANON;2011;19;20
2;MANON;2012;19;11
2;MANON;2013;19;15
2;MANON;2014;19;14
2;MANON;2015;19;15
2;MANON;2016;19;8
2;MANON;2017;19;18
2;MANON;2018;19;8
2;MANON;2019;19;10
2;MANON;2020;19;6
2;MANON;2021;19;6
2;MARGAUX;2000;19;15
2;MARGAUX;2001;19;12
2;MARGAUX;2002;19;7
2;MARGAUX;2003;19;7
2;MARGAUX;2004;19;3
2;MARGAUX;2005;19;6
2;MARGAUX;2006;19;7
2;MARGAUX;2007;19;9
2;MARGAUX;2008;19;5
2;MARGAUX;2009;19;6
2;MARGAUX;2010;19;4
2;MARGAUX;2011;19;6
2;MARGAUX;2012;19;10
2;MARGAUX;2013;19;8
2;MARGAUX;2014;19;6
2;MARGAUX;2015;19;5
2;MARGAUX;2017;19;11
2;MARGAUX;2018;19;4
2;MARGAUX;2019;19;7
2;MARGAUX;2020;19;4
2;MARGAUX;2021;19;12
2;MARGOT;2000;19;7
2;MARGOT;2001;19;3
2;MARGOT;2002;19;6
2;MARGOT;2003;19;4
2;MARGOT;2004;19;7
2;MARGOT;2005;19;5
2;MARGOT;2006;19;4
2;MARGOT;2007;19;7
2;MARGOT;2008;19;6
2;MARGOT;2009;19;4
2;MARGOT;2010;19;4
2;MARGOT;2011;19;5
2;MARGOT;2012;19;6
2;MARGOT;2013;19;5
2;MARGOT;2014;19;5
2;MARGOT;2015;19;3
2;MARGOT;2016;19;5
2;MARGOT;2019;19;4
2;MARGOT;2020;19;4
2;MARGOT;2021;19;6
2;MARIANNE;2004;19;3
2;MARIE;2000;19;20
2;MARIE;2001;19;15
2;MARIE;2002;19;12
2;MARIE;2003;19;18
2;MARIE;2004;19;17
2;MARIE;2005;19;9
2;MARIE;2006;19;17
2;MARIE;2007;19;11
2;MARIE;2008;19;3
2;MARIE;2009;19;7
2;MARIE;2010;19;7
2;MARIE;2011;19;3
2;MARIE;2012;19;3
2;MARIE;2013;19;3
2;MARIE;2015;19;3
2;MARIE;2016;19;3
2;MARIE;2017;19;4
2;MARIE;2019;19;8
2;MARINA;2000;19;4
2;MARINA;2001;19;5
2;MARINA;2004;19;3
2;MARINA;2005;19;3
2;MARINA;2008;19;5
2;MARINE;2000;19;19
2;MARINE;2001;19;19
2;MARINE;2002;19;18
2;MARINE;2003;19;9
2;MARINE;2004;19;8
2;MARINE;2005;19;4
2;MARINE;2006;19;5
2;MARINE;2009;19;3
2;MARINE;2010;19;4
2;MARINE;2011;19;3
2;MARION;2000;19;9
2;MARION;2001;19;9
2;MARION;2002;19;9
2;MARION;2003;19;5
2;MARION;2004;19;8
2;MARION;2005;19;7
2;MARION;2006;19;5
2;MARION;2008;19;3
2;MARION;2009;19;5
2;MARION;2010;19;3
2;MARION;2011;19;5
2;MARION;2012;19;3
2;MARJORIE;2002;19;3
2;MARLÈNE;2004;19;3
2;MARWA;2013;19;4
2;MATHILDE;2000;19;23
2;MATHILDE;2001;19;23
2;MATHILDE;2002;19;16
2;MATHILDE;2003;19;21
2;MATHILDE;2004;19;14
2;MATHILDE;2005;19;16
2;MATHILDE;2006;19;11
2;MATHILDE;2007;19;9
2;MATHILDE;2008;19;3
2;MATHILDE;2010;19;6
2;MATHILDE;2011;19;6
2;MATHILDE;2012;19;6
2;MATHILDE;2013;19;11
2;MATHILDE;2014;19;3
2;MATHILDE;2016;19;8
2;MATHILDE;2018;19;4
2;MATHILDE;2019;19;4
2;MATHILDE;2020;19;3
2;MAUD;2006;19;3
2;MAUD;2007;19;4
2;MAUD;2008;19;3
2;MAUREEN;2000;19;3
2;MAUREEN;2001;19;3
2;MAYA;2007;19;4
2;MAYA;2009;19;4
2;MAYA;2010;19;5
2;MAYLIS;2006;19;3
2;MAYSSA;2018;19;3
2;MÉLANIE;2000;19;8
2;MÉLANIE;2001;19;6
2;MÉLANIE;2002;19;6
2;MÉLANIE;2003;19;3
2;MÉLANIE;2006;19;4
2;MELIHA;2009;19;3
2;MÉLINA;2001;19;3
2;MÉLINA;2002;19;3
2;MÉLINA;2003;19;4
2;MÉLINA;2004;19;3
2;MÉLINA;2005;19;3
2;MÉLINA;2006;19;4
2;MÉLINA;2007;19;3
2;MÉLINA;2008;19;6
2;MÉLINA;2009;19;3
2;MÉLINA;2011;19;3
2;MÉLINA;2012;19;7
2;MÉLINA;2014;19;7
2;MÉLINA;2019;19;5
2;MELINE;2002;19;5
2;MELINE;2005;19;5
2;MELINE;2006;19;4
2;MELINE;2007;19;4
2;MELINE;2008;19;4
2;MELINE;2009;19;5
2;MELINE;2010;19;3
2;MÉLINE;2012;19;4
2;MÉLINE;2013;19;5
2;MÉLINE;2017;19;3
2;MÉLINE;2018;19;3
2;MÉLINE;2019;19;5
2;MELISSA;2010;19;3
2;MÉLISSA;2000;19;10
2;MÉLISSA;2001;19;5
2;MÉLISSA;2002;19;8
2;MÉLISSA;2003;19;12
2;MÉLISSA;2004;19;7
2;MÉLISSA;2005;19;7
2;MÉLISSA;2006;19;3
2;MÉLISSA;2007;19;3
2;MÉLISSA;2008;19;3
2;MÉLISSA;2009;19;8
2;MÉLISSA;2012;19;4
2;MÉLISSA;2014;19;3
2;MÉLISSA;2015;19;3
2;MÉLISSA;2017;19;3
2;MÉLISSA;2018;19;4
2;MÉLYNE;2018;19;3
2;MIA;2013;19;6
2;MIA;2014;19;3
2;MIA;2015;19;5
2;MIA;2016;19;8
2;MIA;2017;19;6
2;MIA;2018;19;9
2;MIA;2019;19;12
2;MIA;2020;19;6
2;MIA;2021;19;11
2;MILA;2007;19;3
2;MILA;2008;19;3
2;MILA;2009;19;6
2;MILA;2010;19;3
2;MILA;2012;19;7
2;MILA;2013;19;5
2;MILA;2014;19;8
2;MILA;2015;19;7
2;MILA;2016;19;14
2;MILA;2017;19;10
2;MILA;2018;19;7
2;MILA;2019;19;13
2;MILA;2020;19;16
2;MILA;2021;19;10
2;MILLA;2016;19;3
2;MINA;2017;19;3
2;MORGANE;2000;19;12
2;MORGANE;2001;19;17
2;MORGANE;2002;19;9
2;MORGANE;2003;19;11
2;MORGANE;2004;19;7
2;MORGANE;2005;19;10
2;MORGANE;2006;19;8
2;MORGANE;2007;19;7
2;MORGANE;2008;19;4
2;MORGANE;2009;19;6
2;MORGANE;2011;19;5
2;MORGANE;2012;19;4
2;MORGANE;2016;19;3
2;MYA;2014;19;4
2;MYA;2016;19;5
2;MYA;2017;19;4
2;MYA;2018;19;5
2;MYA;2019;19;4
2;MYA;2020;19;7
2;MYA;2021;19;9
2;MYLÈNE;2001;19;3
2;MYRIAM;2001;19;3
2;MYRIAM;2005;19;3
2;MYRIAM;2014;19;3
2;NAËLLE;2013;19;3
2;NAËLLE;2020;19;4
2;NAIS;2003;19;4
2;NAIS;2009;19;3
2;NAWEL;2010;19;3
2;NAYA;2021;19;3
2;NINA;2000;19;5
2;NINA;2003;19;11
2;NINA;2005;19;7
2;NINA;2006;19;5
2;NINA;2007;19;4
2;NINA;2008;19;6
2;NINA;2009;19;4
2;NINA;2010;19;7
2;NINA;2011;19;4
2;NINA;2012;19;5
2;NINA;2013;19;3
2;NINA;2014;19;7
2;NINA;2015;19;7
2;NINA;2016;19;11
2;NINA;2017;19;8
2;NINA;2018;19;8
2;NINA;2019;19;7
2;NINA;2020;19;14
2;NINA;2021;19;5
2;NINON;2005;19;5
2;NINON;2006;19;3
2;NINON;2007;19;5
2;NINON;2008;19;7
2;NINON;2009;19;5
2;NINON;2010;19;4
2;NINON;2011;19;4
2;NINON;2013;19;3
2;NINON;2014;19;3
2;NINON;2015;19;10
2;NINON;2016;19;3
2;NINON;2017;19;3
2;NINON;2018;19;5
2;NINON;2020;19;3
2;NOELIE;2005;19;3
2;NOELIE;2008;19;3
2;NOELIE;2010;19;5
2;NOÉLIE;2015;19;3
2;NOÉLIE;2017;19;4
2;NOEMIE;2000;19;16
2;NOEMIE;2001;19;9
2;NOEMIE;2002;19;5
2;NOEMIE;2003;19;8
2;NOEMIE;2004;19;5
2;NOEMIE;2005;19;5
2;NOEMIE;2007;19;8
2;NOEMIE;2008;19;12
2;NOEMIE;2009;19;6
2;NOEMIE;2010;19;8
2;NOÉMIE;2012;19;3
2;NOÉMIE;2013;19;5
2;NOÉMIE;2014;19;4
2;NOÉMIE;2016;19;6
2;NOÉMIE;2017;19;6
2;NOÉMIE;2020;19;3
2;NOLWENN;2003;19;3
2;NORA;2008;19;4
2;NORA;2009;19;3
2;NORA;2012;19;3
2;NORA;2014;19;4
2;NORAH;2007;19;4
2;NORAH;2019;19;5
2;NOUHAILA;2001;19;3
2;NOUR;2019;19;3
2;NOUR;2020;19;3
2;OCEANE;2010;19;7
2;OCEANE;2011;19;4
2;OCÉANE;2000;19;15
2;OCÉANE;2001;19;23
2;OCÉANE;2002;19;20
2;OCÉANE;2003;19;23
2;OCÉANE;2004;19;22
2;OCÉANE;2005;19;16
2;OCÉANE;2006;19;21
2;OCÉANE;2007;19;17
2;OCÉANE;2008;19;9
2;OCÉANE;2009;19;12
2;OCÉANE;2010;19;4
2;OCÉANE;2011;19;4
2;OCÉANE;2012;19;8
2;OCÉANE;2013;19;7
2;OCÉANE;2014;19;5
2;OCÉANE;2015;19;4
2;OCÉANE;2016;19;3
2;OCÉANE;2019;19;3
2;OLIVIA;2001;19;3
2;OLIVIA;2004;19;6
2;OLIVIA;2005;19;5
2;OLIVIA;2008;19;4
2;OLIVIA;2012;19;8
2;OLIVIA;2013;19;5
2;OLIVIA;2016;19;3
2;OLIVIA;2017;19;4
2;OLIVIA;2018;19;3
2;OPHÉLIE;2002;19;3
2;OPHÉLIE;2004;19;4
2;ORIANE;2005;19;3
2;ORIANE;2008;19;5
2;ORLANE;2007;19;3
2;PALOMA;2012;19;4
2;PAULINE;2000;19;22
2;PAULINE;2001;19;13
2;PAULINE;2002;19;24
2;PAULINE;2003;19;14
2;PAULINE;2004;19;14
2;PAULINE;2005;19;10
2;PAULINE;2006;19;7
2;PAULINE;2007;19;10
2;PAULINE;2008;19;4
2;PAULINE;2009;19;9
2;PAULINE;2010;19;7
2;PAULINE;2011;19;4
2;PAULINE;2012;19;3
2;PAULINE;2013;19;3
2;PAULINE;2014;19;3
2;PAULINE;2015;19;3
2;PAULINE;2016;19;6
2;PAULINE;2017;19;3
2;PAULINE;2020;19;3
2;PERRINE;2005;19;3
2;PERRINE;2006;19;3
2;PERRINE;2009;19;4
2;PERRINE;2010;19;3
2;RANIA;2007;19;3
2;ROMANE;2000;19;8
2;ROMANE;2001;19;5
2;ROMANE;2002;19;7
2;ROMANE;2003;19;12
2;ROMANE;2004;19;8
2;ROMANE;2005;19;14
2;ROMANE;2006;19;23
2;ROMANE;2007;19;15
2;ROMANE;2008;19;7
2;ROMANE;2009;19;19
2;ROMANE;2010;19;16
2;ROMANE;2011;19;10
2;ROMANE;2012;19;15
2;ROMANE;2013;19;6
2;ROMANE;2014;19;6
2;ROMANE;2015;19;9
2;ROMANE;2016;19;5
2;ROMANE;2017;19;7
2;ROMANE;2018;19;9
2;ROMANE;2019;19;6
2;ROMANE;2020;19;5
2;ROMANE;2021;19;9
2;ROMY;2006;19;3
2;ROMY;2011;19;3
2;ROMY;2017;19;3
2;ROMY;2018;19;3
2;ROMY;2019;19;3
2;ROMY;2020;19;10
2;ROMY;2021;19;6
2;ROSALIE;2007;19;3
2;ROSE;2002;19;3
2;ROSE;2007;19;4
2;ROSE;2008;19;4
2;ROSE;2009;19;5
2;ROSE;2010;19;8
2;ROSE;2011;19;6
2;ROSE;2012;19;5
2;ROSE;2013;19;5
2;ROSE;2015;19;5
2;ROSE;2016;19;9
2;ROSE;2017;19;9
2;ROSE;2018;19;8
2;ROSE;2019;19;11
2;ROSE;2020;19;11
2;ROSE;2021;19;12
2;ROXANE;2013;19;3
2;ROXANE;2016;19;3
2;ROXANE;2017;19;3
2;ROXANE;2018;19;3
2;ROXANE;2019;19;5
2;ROXANE;2021;19;5
2;SABRINA;2000;19;4
2;SACHA;2011;19;3
2;SACHA;2021;19;3
2;SALMA;2015;19;3
2;SALOME;2010;19;3
2;SALOMÉ;2000;19;4
2;SALOMÉ;2001;19;3
2;SALOMÉ;2002;19;3
2;SALOMÉ;2004;19;4
2;SALOMÉ;2005;19;3
2;SALOMÉ;2006;19;3
2;SALOMÉ;2007;19;3
2;SALOMÉ;2008;19;4
2;SALOMÉ;2011;19;3
2;SALOMÉ;2013;19;3
2;SALOMÉ;2016;19;4
2;SALOMÉ;2020;19;4
2;SAMANTHA;2000;19;4
2;SAMIA;2005;19;4
2;SARA;2000;19;4
2;SARA;2006;19;3
2;SARA;2008;19;3
2;SARA;2011;19;4
2;SARA;2019;19;4
2;SARAH;2000;19;21
2;SARAH;2001;19;27
2;SARAH;2002;19;17
2;SARAH;2003;19;17
2;SARAH;2004;19;13
2;SARAH;2005;19;13
2;SARAH;2006;19;13
2;SARAH;2007;19;13
2;SARAH;2008;19;17
2;SARAH;2009;19;5
2;SARAH;2010;19;11
2;SARAH;2011;19;11
2;SARAH;2012;19;10
2;SARAH;2013;19;17
2;SARAH;2014;19;7
2;SARAH;2015;19;7
2;SARAH;2016;19;13
2;SARAH;2017;19;6
2;SARAH;2018;19;5
2;SARAH;2019;19;3
2;SASHA;2016;19;3
2;SASHA;2021;19;3
2;SELEN;2005;19;4
2;SENA;2021;19;3
2;SHANA;2005;19;3
2;SHANA;2014;19;3
2;SHANA;2015;19;4
2;SHANA;2017;19;3
2;SHANNA;2015;19;3
2;SOFIA;2007;19;4
2;SOFIA;2015;19;3
2;SOFIA;2017;19;4
2;SOFIA;2018;19;3
2;SOLÈNE;2000;19;5
2;SOLÈNE;2001;19;7
2;SOLÈNE;2002;19;6
2;SOLÈNE;2003;19;8
2;SOLÈNE;2005;19;5
2;SOLÈNE;2006;19;3
2;SOLÈNE;2007;19;5
2;SOLINE;2012;19;3
2;SOLINE;2014;19;3
2;SOLINE;2017;19;4
2;SOLINE;2020;19;3
2;SOPHIA;2015;19;3
2;SOPHIA;2017;19;3
2;SOPHIA;2020;19;3
2;SOPHIE;2000;19;4
2;SOPHIE;2001;19;4
2;SOPHIE;2002;19;3
2;SOPHIE;2004;19;3
2;SOPHIE;2007;19;4
2;SOPHIE;2009;19;5
2;STELLA;2009;19;4
2;SUZANNE;2020;19;3
2;TALIA;2013;19;3
2;TANIA;2000;19;3
2;TESS;2009;19;3
2;TESSA;2021;19;4
2;THAIS;2007;19;5
2;THAIS;2009;19;3
2;THAIS;2010;19;3
2;THAÏS;2017;19;3
2;THAÏS;2018;19;4
2;THAÏS;2021;19;5
2;THÉA;2014;19;3
2;THÉA;2016;19;5
2;THÉA;2017;19;4
2;THÉA;2018;19;6
2;THÉA;2019;19;5
2;THÉA;2020;19;8
2;THÉA;2021;19;4
2;THELMA;2020;19;3
2;TIPHAINE;2001;19;3
2;VALENTINE;2000;19;10
2;VALENTINE;2001;19;4
2;VALENTINE;2002;19;5
2;VALENTINE;2003;19;5
2;VALENTINE;2004;19;5
2;VALENTINE;2005;19;6
2;VALENTINE;2006;19;3
2;VALENTINE;2010;19;3
2;VALENTINE;2011;19;4
2;VALENTINE;2012;19;3
2;VALENTINE;2013;19;4
2;VALENTINE;2014;19;4
2;VALENTINE;2016;19;4
2;VALENTINE;2020;19;4
2;VANESSA;2000;19;3
2;VICTOIRE;2009;19;4
2;VICTOIRE;2010;19;4
2;VICTOIRE;2011;19;4
2;VICTOIRE;2018;19;3
2;VICTOIRE;2019;19;6
2;VICTOIRE;2020;19;3
2;VICTOIRE;2021;19;8
2;VICTORIA;2000;19;3
2;VICTORIA;2004;19;3
2;VICTORIA;2013;19;3
2;VICTORIA;2015;19;3
2;VICTORIA;2021;19;7
2;VIOLETTE;2009;19;3
2;WENDY;2006;19;3
2;WENDY;2019;19;3
2;YASMINE;2005;19;6
2;YASMINE;2007;19;3
2;YASMINE;2009;19;5
2;YASMINE;2013;19;3
2;YASMINE;2019;19;3
2;YASMINE;2021;19;3
2;ZELIE;2007;19;3
2;ZELIE;2009;19;4
2;ZELIE;2010;19;3
2;ZÉLIE;2012;19;4
2;ZÉLIE;2016;19;3
2;ZÉLIE;2018;19;4
2;ZÉLIE;2021;19;3
2;ZOE;2010;19;5
2;ZOE;2011;19;10
2;ZOÉ;2000;19;7
2;ZOÉ;2001;19;8
2;ZOÉ;2002;19;7
2;ZOÉ;2003;19;7
2;ZOÉ;2004;19;6
2;ZOÉ;2005;19;3
2;ZOÉ;2006;19;6
2;ZOÉ;2007;19;8
2;ZOÉ;2008;19;14
2;ZOÉ;2009;19;20
2;ZOÉ;2010;19;9
2;ZOÉ;2011;19;9
2;ZOÉ;2012;19;6
2;ZOÉ;2013;19;14
2;ZOÉ;2014;19;12
2;ZOÉ;2015;19;16
2;ZOÉ;2016;19;7
2;ZOÉ;2017;19;10
2;ZOÉ;2018;19;9
2;ZOÉ;2019;19;7
2;ZOÉ;2020;19;9
2;ZOÉ;2021;19;10
