sexe;preusuel;annais;dpt;nombre
1;_PRENOMS_RARES;2000;12;15
1;_PRENOMS_RARES;2001;12;10
1;_PRENOMS_RARES;2002;12;13
1;_PRENOMS_RARES;2003;12;25
1;_PRENOMS_RARES;2004;12;26
1;_PRENOMS_RARES;2005;12;34
1;_PRENOMS_RARES;2006;12;39
1;_PRENOMS_RARES;2007;12;37
1;_PRENOMS_RARES;2008;12;42
1;_PRENOMS_RARES;2009;12;41
1;_PRENOMS_RARES;2010;12;44
1;_PRENOMS_RARES;2011;12;47
1;_PRENOMS_RARES;2012;12;47
1;_PRENOMS_RARES;2013;12;50
1;_PRENOMS_RARES;2014;12;41
1;_PRENOMS_RARES;2015;12;45
1;_PRENOMS_RARES;2016;12;51
1;_PRENOMS_RARES;2017;12;51
1;_PRENOMS_RARES;2018;12;42
1;_PRENOMS_RARES;2019;12;46
1;_PRENOMS_RARES;2020;12;48
1;_PRENOMS_RARES;2021;12;45
1;AARON;2004;12;3
1;AARON;2008;12;5
1;AARON;2009;12;5
1;AARON;2010;12;6
1;AARON;2011;12;6
1;AARON;2012;12;6
1;AARON;2013;12;8
1;AARON;2014;12;9
1;AARON;2015;12;9
1;AARON;2016;12;8
1;AARON;2017;12;13
1;AARON;2018;12;8
1;AARON;2019;12;10
1;AARON;2020;12;4
1;AARON;2021;12;8
1;ABEL;2002;12;3
1;ABEL;2009;12;4
1;ABEL;2010;12;3
1;ABEL;2014;12;3
1;ABEL;2017;12;3
1;ABEL;2020;12;4
1;ABRAHAM;2018;12;3
1;ACHILLE;2009;12;3
1;ACHILLE;2021;12;4
1;ADAM;2001;12;3
1;ADAM;2002;12;4
1;ADAM;2003;12;4
1;ADAM;2004;12;3
1;ADAM;2005;12;3
1;ADAM;2006;12;4
1;ADAM;2008;12;6
1;ADAM;2009;12;9
1;ADAM;2010;12;6
1;ADAM;2011;12;8
1;ADAM;2012;12;8
1;ADAM;2013;12;4
1;ADAM;2014;12;9
1;ADAM;2015;12;7
1;ADAM;2016;12;17
1;ADAM;2017;12;4
1;ADAM;2018;12;12
1;ADAM;2019;12;6
1;ADAM;2020;12;6
1;ADAM;2021;12;3
1;ADRIAN;2001;12;6
1;ADRIAN;2003;12;3
1;ADRIAN;2017;12;4
1;ADRIEN;2000;12;21
1;ADRIEN;2001;12;21
1;ADRIEN;2002;12;14
1;ADRIEN;2003;12;17
1;ADRIEN;2004;12;13
1;ADRIEN;2005;12;12
1;ADRIEN;2006;12;11
1;ADRIEN;2007;12;11
1;ADRIEN;2008;12;8
1;ADRIEN;2009;12;8
1;ADRIEN;2010;12;4
1;ADRIEN;2011;12;8
1;ADRIEN;2012;12;7
1;ADRIEN;2013;12;10
1;ADRIEN;2014;12;4
1;ADRIEN;2015;12;9
1;ADRIEN;2017;12;9
1;ADRIEN;2018;12;4
1;ADRIEN;2019;12;4
1;ADRIEN;2020;12;8
1;ADRIEN;2021;12;3
1;AHMED;2016;12;3
1;AIDAN;2014;12;3
1;ALAN;2006;12;3
1;ALAN;2007;12;4
1;ALBAN;2000;12;5
1;ALBAN;2002;12;4
1;ALBAN;2004;12;3
1;ALBAN;2005;12;4
1;ALBAN;2006;12;7
1;ALBAN;2007;12;9
1;ALBAN;2009;12;4
1;ALBAN;2011;12;5
1;ALBAN;2012;12;5
1;ALBAN;2014;12;5
1;ALBAN;2016;12;5
1;ALBAN;2017;12;6
1;ALBAN;2018;12;4
1;ALBAN;2019;12;4
1;ALBAN;2020;12;5
1;ALBIN;2013;12;4
1;ALBIN;2016;12;3
1;ALEX;2000;12;4
1;ALEX;2001;12;4
1;ALEX;2004;12;6
1;ALEX;2010;12;6
1;ALEX;2013;12;3
1;ALEXANDRE;2000;12;14
1;ALEXANDRE;2001;12;6
1;ALEXANDRE;2002;12;20
1;ALEXANDRE;2003;12;19
1;ALEXANDRE;2004;12;11
1;ALEXANDRE;2005;12;12
1;ALEXANDRE;2006;12;7
1;ALEXANDRE;2007;12;4
1;ALEXANDRE;2008;12;5
1;ALEXANDRE;2009;12;4
1;ALEXANDRE;2010;12;6
1;ALEXANDRE;2011;12;3
1;ALEXANDRE;2012;12;5
1;ALEXANDRE;2013;12;5
1;ALEXANDRE;2014;12;6
1;ALEXANDRE;2015;12;5
1;ALEXANDRE;2016;12;3
1;ALEXANDRE;2017;12;3
1;ALEXANDRE;2018;12;3
1;ALEXANDRE;2019;12;3
1;ALEXANDRE;2021;12;5
1;ALEXI;2009;12;4
1;ALEXIS;2000;12;26
1;ALEXIS;2001;12;19
1;ALEXIS;2002;12;17
1;ALEXIS;2003;12;8
1;ALEXIS;2004;12;9
1;ALEXIS;2005;12;11
1;ALEXIS;2006;12;10
1;ALEXIS;2007;12;7
1;ALEXIS;2008;12;7
1;ALEXIS;2009;12;9
1;ALEXIS;2010;12;8
1;ALEXIS;2011;12;10
1;ALEXIS;2012;12;6
1;ALEXIS;2013;12;3
1;ALEXIS;2014;12;4
1;ALEXIS;2016;12;3
1;ALEXIS;2019;12;3
1;ALEXY;2001;12;4
1;ALEXY;2009;12;3
1;ALI;2008;12;3
1;ALI;2019;12;3
1;ALIX;2011;12;4
1;ALOIS;2008;12;3
1;ALOÏS;2016;12;3
1;AMAURY;2011;12;3
1;AMINE;2005;12;3
1;AMIR;2013;12;3
1;AMIR;2017;12;4
1;AMIR;2018;12;3
1;AMIR;2020;12;3
1;ANAEL;2007;12;6
1;ANAEL;2009;12;6
1;ANAEL;2011;12;4
1;ANAËL;2013;12;5
1;ANAËL;2014;12;3
1;ANAËL;2015;12;3
1;ANAËL;2017;12;3
1;ANATOLE;2021;12;3
1;ANDREA;2017;12;3
1;ANDRÉA;2021;12;3
1;ANDY;2009;12;4
1;ANDY;2015;12;3
1;ANGE;2009;12;3
1;ANGE;2011;12;3
1;ANGEL;2001;12;5
1;ANGEL;2003;12;6
1;ANGEL;2005;12;3
1;ANGEL;2006;12;4
1;ANGEL;2008;12;3
1;ANGEL;2011;12;5
1;ANGEL;2013;12;3
1;ANGEL;2018;12;3
1;ANGEL;2019;12;3
1;ANGELO;2006;12;3
1;ANTHONY;2000;12;17
1;ANTHONY;2001;12;14
1;ANTHONY;2002;12;6
1;ANTHONY;2003;12;6
1;ANTHONY;2004;12;7
1;ANTHONY;2005;12;3
1;ANTHONY;2006;12;10
1;ANTHONY;2007;12;4
1;ANTHONY;2008;12;5
1;ANTHONY;2011;12;3
1;ANTHONY;2012;12;3
1;ANTOINE;2000;12;8
1;ANTOINE;2001;12;12
1;ANTOINE;2002;12;15
1;ANTOINE;2003;12;10
1;ANTOINE;2004;12;10
1;ANTOINE;2005;12;10
1;ANTOINE;2006;12;9
1;ANTOINE;2007;12;11
1;ANTOINE;2008;12;7
1;ANTOINE;2009;12;4
1;ANTOINE;2010;12;7
1;ANTOINE;2011;12;8
1;ANTOINE;2012;12;3
1;ANTOINE;2013;12;10
1;ANTOINE;2014;12;8
1;ANTOINE;2015;12;4
1;ANTOINE;2016;12;7
1;ANTOINE;2017;12;6
1;ANTOINE;2018;12;5
1;ANTOINE;2019;12;6
1;ANTOINE;2020;12;8
1;ANTOINE;2021;12;5
1;ANTON;2011;12;3
1;ANTON;2018;12;3
1;ANTONIN;2001;12;8
1;ANTONIN;2002;12;6
1;ANTONIN;2003;12;5
1;ANTONIN;2004;12;3
1;ANTONIN;2005;12;5
1;ANTONIN;2006;12;10
1;ANTONIN;2007;12;11
1;ANTONIN;2008;12;8
1;ANTONIN;2009;12;8
1;ANTONIN;2011;12;5
1;ANTONIN;2012;12;4
1;ANTONIN;2013;12;3
1;ANTONIN;2014;12;4
1;ANTONIN;2015;12;11
1;ANTONIN;2016;12;3
1;ANTONIN;2017;12;3
1;ANTONIN;2018;12;3
1;ANTONIN;2020;12;7
1;ARMAND;2003;12;4
1;ARMAND;2006;12;5
1;ARMAND;2009;12;3
1;ARMAND;2011;12;4
1;ARMAND;2016;12;5
1;ARMAND;2019;12;4
1;ARNAUD;2001;12;6
1;ARNAUD;2002;12;4
1;ARNAUD;2003;12;4
1;ARNAUD;2005;12;3
1;ARSENE;2011;12;3
1;ARTHUR;2000;12;10
1;ARTHUR;2001;12;13
1;ARTHUR;2002;12;11
1;ARTHUR;2003;12;7
1;ARTHUR;2004;12;11
1;ARTHUR;2005;12;17
1;ARTHUR;2006;12;8
1;ARTHUR;2007;12;13
1;ARTHUR;2008;12;11
1;ARTHUR;2009;12;10
1;ARTHUR;2010;12;16
1;ARTHUR;2011;12;9
1;ARTHUR;2012;12;12
1;ARTHUR;2013;12;11
1;ARTHUR;2014;12;17
1;ARTHUR;2015;12;14
1;ARTHUR;2016;12;6
1;ARTHUR;2017;12;7
1;ARTHUR;2018;12;10
1;ARTHUR;2019;12;14
1;ARTHUR;2020;12;11
1;ARTHUR;2021;12;10
1;AUGUSTE;2020;12;4
1;AUGUSTIN;2004;12;3
1;AUGUSTIN;2005;12;3
1;AUGUSTIN;2007;12;3
1;AUGUSTIN;2008;12;4
1;AUGUSTIN;2009;12;5
1;AUGUSTIN;2011;12;4
1;AUGUSTIN;2012;12;4
1;AUGUSTIN;2013;12;5
1;AUGUSTIN;2014;12;5
1;AUGUSTIN;2015;12;5
1;AUGUSTIN;2016;12;8
1;AUGUSTIN;2017;12;7
1;AUGUSTIN;2018;12;4
1;AUGUSTIN;2019;12;8
1;AUGUSTIN;2020;12;5
1;AUGUSTIN;2021;12;3
1;AURÉLIEN;2000;12;9
1;AURÉLIEN;2001;12;3
1;AURÉLIEN;2002;12;3
1;AURÉLIEN;2003;12;6
1;AURÉLIEN;2004;12;5
1;AURÉLIEN;2005;12;3
1;AURÉLIEN;2006;12;7
1;AURÉLIEN;2012;12;4
1;AXEL;2000;12;17
1;AXEL;2001;12;17
1;AXEL;2002;12;14
1;AXEL;2003;12;23
1;AXEL;2004;12;16
1;AXEL;2005;12;18
1;AXEL;2006;12;23
1;AXEL;2007;12;15
1;AXEL;2008;12;14
1;AXEL;2009;12;18
1;AXEL;2010;12;17
1;AXEL;2011;12;11
1;AXEL;2012;12;12
1;AXEL;2013;12;12
1;AXEL;2014;12;9
1;AXEL;2015;12;11
1;AXEL;2016;12;4
1;AXEL;2017;12;8
1;AXEL;2018;12;10
1;AXEL;2019;12;10
1;AXEL;2020;12;10
1;AXEL;2021;12;12
1;AYDEN;2018;12;3
1;AYDEN;2020;12;6
1;AYLAN;2021;12;4
1;AYMERIC;2003;12;3
1;AYMERIC;2005;12;4
1;AYMERIC;2006;12;3
1;AYMERIC;2007;12;5
1;AYMERIC;2011;12;5
1;AYOUB;2011;12;4
1;BAPTISTE;2000;12;14
1;BAPTISTE;2001;12;15
1;BAPTISTE;2002;12;16
1;BAPTISTE;2003;12;15
1;BAPTISTE;2004;12;12
1;BAPTISTE;2005;12;12
1;BAPTISTE;2006;12;18
1;BAPTISTE;2007;12;18
1;BAPTISTE;2008;12;12
1;BAPTISTE;2009;12;9
1;BAPTISTE;2010;12;19
1;BAPTISTE;2011;12;19
1;BAPTISTE;2012;12;11
1;BAPTISTE;2013;12;9
1;BAPTISTE;2014;12;11
1;BAPTISTE;2015;12;15
1;BAPTISTE;2016;12;3
1;BAPTISTE;2017;12;9
1;BAPTISTE;2018;12;7
1;BAPTISTE;2019;12;6
1;BAPTISTE;2020;12;7
1;BAPTISTE;2021;12;3
1;BASILE;2006;12;4
1;BASILE;2011;12;4
1;BASILE;2017;12;4
1;BASILE;2019;12;5
1;BASILE;2021;12;3
1;BASTIEN;2000;12;20
1;BASTIEN;2001;12;14
1;BASTIEN;2002;12;8
1;BASTIEN;2003;12;15
1;BASTIEN;2004;12;6
1;BASTIEN;2005;12;8
1;BASTIEN;2006;12;7
1;BASTIEN;2007;12;13
1;BASTIEN;2008;12;7
1;BASTIEN;2010;12;7
1;BASTIEN;2011;12;6
1;BASTIEN;2012;12;3
1;BASTIEN;2013;12;3
1;BASTIEN;2014;12;4
1;BASTIEN;2016;12;3
1;BASTIEN;2021;12;4
1;BENJAMIN;2000;12;15
1;BENJAMIN;2001;12;14
1;BENJAMIN;2002;12;13
1;BENJAMIN;2003;12;8
1;BENJAMIN;2004;12;8
1;BENJAMIN;2005;12;6
1;BENJAMIN;2006;12;6
1;BENJAMIN;2007;12;4
1;BENJAMIN;2008;12;6
1;BENJAMIN;2010;12;3
1;BENJAMIN;2011;12;5
1;BENJAMIN;2012;12;5
1;BENJAMIN;2013;12;3
1;BENJAMIN;2014;12;6
1;BENJAMIN;2015;12;5
1;BENJAMIN;2016;12;3
1;BENJAMIN;2020;12;4
1;BRANDON;2003;12;3
1;BRICE;2000;12;3
1;BRICE;2001;12;3
1;BRUNO;2000;12;4
1;BRYAN;2003;12;3
1;BRYAN;2004;12;4
1;BRYAN;2005;12;3
1;BRYAN;2008;12;3
1;BRYAN;2010;12;3
1;CAMERON;2007;12;4
1;CAMILLE;2003;12;3
1;CAMILLE;2008;12;4
1;CAMILLE;2009;12;4
1;CAMILLE;2010;12;4
1;CAMILLE;2011;12;4
1;CAMILLE;2012;12;4
1;CAMILLE;2015;12;4
1;CAMILLE;2016;12;6
1;CAMILLE;2017;12;4
1;CAMILLE;2018;12;5
1;CAMILLE;2019;12;3
1;CAMILLE;2020;12;5
1;CEDRIC;2000;12;6
1;CELESTIN;2006;12;3
1;CELIAN;2005;12;3
1;CELIAN;2009;12;3
1;CELIAN;2011;12;4
1;CÉSAR;2020;12;3
1;CÉSAR;2021;12;3
1;CHARLES;2000;12;3
1;CHARLES;2002;12;3
1;CHARLES;2003;12;3
1;CHARLES;2004;12;3
1;CHARLES;2006;12;3
1;CHARLES;2009;12;3
1;CHARLES;2013;12;4
1;CHARLES;2015;12;4
1;CHARLES;2020;12;3
1;CHARLIE;2010;12;3
1;CHARLIE;2012;12;3
1;CHARLIE;2013;12;3
1;CHARLIE;2015;12;3
1;CHARLIE;2016;12;3
1;CHARLIE;2018;12;5
1;CHARLIE;2019;12;5
1;CHARLIE;2021;12;3
1;CHARLY;2005;12;4
1;CHARLY;2006;12;3
1;CHARLY;2007;12;3
1;CHARLY;2010;12;4
1;CHARLY;2012;12;3
1;CHARLY;2013;12;5
1;CHARLY;2014;12;4
1;CHARLY;2015;12;5
1;CHARLY;2018;12;3
1;CHARLY;2020;12;3
1;CHARLY;2021;12;3
1;CHRISTOPHE;2003;12;3
1;CLEMENT;2010;12;3
1;CLEMENT;2011;12;10
1;CLEMENT;2012;12;5
1;CLÉMENT;2000;12;21
1;CLÉMENT;2001;12;29
1;CLÉMENT;2002;12;23
1;CLÉMENT;2003;12;26
1;CLÉMENT;2004;12;17
1;CLÉMENT;2005;12;20
1;CLÉMENT;2006;12;16
1;CLÉMENT;2007;12;14
1;CLÉMENT;2008;12;16
1;CLÉMENT;2009;12;20
1;CLÉMENT;2010;12;7
1;CLÉMENT;2012;12;5
1;CLÉMENT;2013;12;14
1;CLÉMENT;2014;12;11
1;CLÉMENT;2015;12;7
1;CLÉMENT;2016;12;10
1;CLÉMENT;2017;12;8
1;CLÉMENT;2018;12;3
1;CLÉMENT;2019;12;6
1;CLÉMENT;2020;12;4
1;CLÉMENT;2021;12;6
1;CLOVIS;2009;12;5
1;CLOVIS;2013;12;4
1;COLIN;2004;12;3
1;CÔME;2021;12;3
1;CORENTIN;2000;12;11
1;CORENTIN;2001;12;14
1;CORENTIN;2002;12;10
1;CORENTIN;2003;12;11
1;CORENTIN;2004;12;16
1;CORENTIN;2005;12;4
1;CORENTIN;2006;12;5
1;CORENTIN;2007;12;4
1;CORENTIN;2008;12;7
1;CORENTIN;2009;12;3
1;CORENTIN;2010;12;3
1;CORENTIN;2011;12;6
1;CORENTIN;2013;12;6
1;CORENTIN;2014;12;3
1;CORENTIN;2016;12;4
1;CORENTIN;2017;12;4
1;CORENTIN;2019;12;3
1;CYPRIEN;2006;12;3
1;CYPRIEN;2008;12;3
1;CYRIL;2000;12;8
1;DAMIEN;2000;12;9
1;DAMIEN;2001;12;12
1;DAMIEN;2002;12;8
1;DAMIEN;2003;12;5
1;DAMIEN;2004;12;6
1;DAMIEN;2005;12;5
1;DAMIEN;2007;12;6
1;DAMIEN;2008;12;5
1;DAMIEN;2009;12;4
1;DAMIEN;2010;12;3
1;DAMIEN;2011;12;3
1;DANIEL;2007;12;3
1;DANIEL;2008;12;4
1;DANIEL;2011;12;3
1;DAVID;2001;12;3
1;DAVID;2009;12;5
1;DAVID;2010;12;3
1;DAVID;2011;12;4
1;DAVID;2014;12;3
1;DAVID;2015;12;3
1;DAVID;2016;12;3
1;DAVID;2017;12;3
1;DIEGO;2006;12;5
1;DIEGO;2007;12;3
1;DIEGO;2008;12;3
1;DIEGO;2009;12;5
1;DIEGO;2010;12;4
1;DIEGO;2015;12;4
1;DIEGO;2019;12;3
1;DIEGO;2020;12;3
1;DIEGO;2021;12;4
1;DIMITRI;2000;12;5
1;DIMITRI;2002;12;8
1;DIMITRI;2007;12;3
1;DIMITRI;2008;12;3
1;DIMITRI;2019;12;3
1;DORIAN;2000;12;20
1;DORIAN;2001;12;23
1;DORIAN;2002;12;23
1;DORIAN;2003;12;17
1;DORIAN;2004;12;22
1;DORIAN;2005;12;10
1;DORIAN;2006;12;10
1;DORIAN;2007;12;7
1;DORIAN;2008;12;4
1;DORIAN;2009;12;8
1;DORIAN;2010;12;6
1;DORIAN;2011;12;7
1;DORIAN;2012;12;5
1;DORIAN;2013;12;6
1;DORIAN;2014;12;4
1;DORIAN;2016;12;3
1;DYLAN;2000;12;9
1;DYLAN;2001;12;14
1;DYLAN;2002;12;12
1;DYLAN;2003;12;12
1;DYLAN;2004;12;5
1;DYLAN;2005;12;9
1;DYLAN;2006;12;11
1;DYLAN;2007;12;11
1;DYLAN;2008;12;9
1;DYLAN;2009;12;5
1;DYLAN;2010;12;5
1;DYLAN;2011;12;6
1;DYLAN;2013;12;7
1;DYLAN;2017;12;4
1;EDDY;2007;12;3
1;EDEN;2012;12;3
1;EDEN;2013;12;8
1;EDEN;2015;12;9
1;EDEN;2016;12;5
1;EDEN;2017;12;7
1;EDEN;2018;12;8
1;EDEN;2019;12;11
1;EDEN;2020;12;3
1;EDEN;2021;12;10
1;EDOUARD;2018;12;3
1;ELIAN;2002;12;4
1;ELIAN;2003;12;3
1;ELIAN;2009;12;3
1;ELIAS;2010;12;3
1;ELIAS;2017;12;3
1;ELIE;2000;12;4
1;ELIE;2001;12;4
1;ELIE;2002;12;5
1;ELIE;2004;12;4
1;ELIE;2006;12;5
1;ELIE;2008;12;4
1;ELIE;2009;12;5
1;ELIE;2010;12;3
1;ELIE;2011;12;7
1;ELIE;2012;12;7
1;ELIE;2017;12;3
1;ELIE;2018;12;6
1;ELIE;2020;12;3
1;ELIO;2008;12;4
1;ELIO;2011;12;6
1;ELIO;2014;12;5
1;ELIO;2016;12;4
1;ELIO;2018;12;5
1;ELIO;2020;12;4
1;ELIO;2021;12;15
1;ELIOT;2005;12;4
1;ELIOT;2006;12;3
1;ELIOT;2008;12;4
1;ELIOT;2009;12;3
1;ELIOT;2010;12;4
1;ELIOT;2013;12;3
1;ELIOT;2016;12;3
1;ELIOT;2019;12;3
1;ELIOTT;2007;12;3
1;ELIOTT;2009;12;3
1;ELIOTT;2011;12;4
1;ELIOTT;2012;12;5
1;ELIOTT;2014;12;3
1;ELIOTT;2015;12;3
1;ELIOTT;2016;12;6
1;ELIOTT;2019;12;6
1;ELIOTT;2020;12;3
1;ELIOTT;2021;12;3
1;ELOAN;2013;12;5
1;ELOI;2011;12;3
1;ELOUAN;2005;12;3
1;ELOUAN;2012;12;5
1;ELOUAN;2013;12;4
1;ELOUAN;2015;12;4
1;ELY;2013;12;3
1;EMERIC;2005;12;4
1;EMILE;2001;12;3
1;EMILE;2005;12;4
1;EMILE;2006;12;3
1;EMILE;2011;12;3
1;EMILE;2012;12;4
1;EMILE;2014;12;4
1;EMILE;2015;12;4
1;EMILE;2017;12;3
1;EMILE;2018;12;4
1;EMILE;2019;12;3
1;EMILE;2020;12;4
1;EMILE;2021;12;6
1;ÉMILE;2016;12;3
1;EMILIEN;2000;12;5
1;EMILIEN;2001;12;7
1;EMILIEN;2003;12;4
1;EMILIEN;2004;12;5
1;EMILIEN;2005;12;7
1;EMILIEN;2006;12;7
1;EMILIEN;2007;12;6
1;EMILIEN;2008;12;5
1;EMILIEN;2009;12;4
1;EMILIEN;2011;12;5
1;EMILIEN;2012;12;4
1;EMILIEN;2015;12;8
1;EMILIEN;2016;12;3
1;EMMANUEL;2003;12;3
1;EMMANUEL;2014;12;3
1;ENAËL;2013;12;3
1;ENZO;2000;12;13
1;ENZO;2001;12;15
1;ENZO;2002;12;24
1;ENZO;2003;12;22
1;ENZO;2004;12;30
1;ENZO;2005;12;32
1;ENZO;2006;12;35
1;ENZO;2007;12;30
1;ENZO;2008;12;23
1;ENZO;2009;12;28
1;ENZO;2010;12;22
1;ENZO;2011;12;26
1;ENZO;2012;12;26
1;ENZO;2013;12;19
1;ENZO;2014;12;23
1;ENZO;2015;12;24
1;ENZO;2016;12;20
1;ENZO;2017;12;11
1;ENZO;2018;12;12
1;ENZO;2019;12;5
1;ENZO;2020;12;4
1;ENZO;2021;12;9
1;ERWAN;2001;12;6
1;ERWAN;2002;12;7
1;ERWAN;2003;12;3
1;ERWAN;2005;12;6
1;ERWAN;2006;12;4
1;ERWAN;2007;12;5
1;ERWAN;2008;12;4
1;ERWAN;2009;12;3
1;ERWAN;2011;12;5
1;ERWAN;2012;12;4
1;ERWAN;2014;12;3
1;ERWAN;2017;12;4
1;ERWANN;2002;12;3
1;ERWANN;2003;12;3
1;ERWANN;2006;12;3
1;ESTEBAN;2000;12;3
1;ESTEBAN;2002;12;5
1;ESTEBAN;2003;12;3
1;ESTEBAN;2004;12;5
1;ESTEBAN;2005;12;7
1;ESTEBAN;2006;12;6
1;ESTEBAN;2007;12;4
1;ESTEBAN;2008;12;8
1;ESTEBAN;2009;12;5
1;ESTEBAN;2010;12;13
1;ESTEBAN;2011;12;6
1;ESTEBAN;2012;12;8
1;ESTEBAN;2013;12;4
1;ESTEBAN;2014;12;6
1;ESTEBAN;2015;12;4
1;ESTEBAN;2016;12;9
1;ESTEBAN;2017;12;4
1;ESTEBAN;2018;12;6
1;ESTEBAN;2019;12;4
1;ESTEBAN;2020;12;4
1;ETHAN;2004;12;3
1;ETHAN;2005;12;4
1;ETHAN;2006;12;14
1;ETHAN;2007;12;11
1;ETHAN;2008;12;9
1;ETHAN;2009;12;11
1;ETHAN;2010;12;24
1;ETHAN;2011;12;12
1;ETHAN;2012;12;13
1;ETHAN;2013;12;14
1;ETHAN;2014;12;15
1;ETHAN;2015;12;15
1;ETHAN;2016;12;12
1;ETHAN;2017;12;14
1;ETHAN;2018;12;7
1;ETHAN;2019;12;11
1;ETHAN;2020;12;9
1;ETHAN;2021;12;4
1;ETIENNE;2000;12;4
1;ETIENNE;2001;12;5
1;ETIENNE;2002;12;6
1;ETIENNE;2003;12;8
1;ETIENNE;2004;12;5
1;ETIENNE;2005;12;4
1;ETIENNE;2006;12;5
1;ETIENNE;2007;12;3
1;EVAN;2002;12;3
1;EVAN;2003;12;4
1;EVAN;2004;12;8
1;EVAN;2005;12;5
1;EVAN;2006;12;7
1;EVAN;2007;12;8
1;EVAN;2008;12;10
1;EVAN;2009;12;6
1;EVAN;2010;12;8
1;EVAN;2011;12;13
1;EVAN;2012;12;13
1;EVAN;2013;12;12
1;EVAN;2014;12;8
1;EVAN;2015;12;7
1;EVAN;2016;12;6
1;EVAN;2017;12;8
1;EVAN;2018;12;8
1;EVAN;2019;12;4
1;EVAN;2020;12;5
1;EVANN;2011;12;3
1;EVANN;2018;12;3
1;EWAN;2010;12;3
1;EWEN;2013;12;3
1;EWEN;2015;12;3
1;EWEN;2016;12;4
1;EWEN;2018;12;5
1;EWENN;2010;12;4
1;EZIO;2014;12;4
1;EZIO;2017;12;3
1;EZIO;2018;12;6
1;EZIO;2019;12;4
1;EZIO;2020;12;3
1;EZIO;2021;12;5
1;FABIEN;2000;12;4
1;FABIEN;2002;12;3
1;FABIEN;2003;12;3
1;FARES;2018;12;3
1;FAUSTIN;2009;12;4
1;FELICIEN;2006;12;3
1;FÉLIX;2013;12;3
1;FÉLIX;2019;12;3
1;FÉLIX;2021;12;3
1;FLORENT;2002;12;4
1;FLORENT;2005;12;3
1;FLORIAN;2000;12;17
1;FLORIAN;2001;12;11
1;FLORIAN;2002;12;8
1;FLORIAN;2003;12;10
1;FLORIAN;2004;12;5
1;FLORIAN;2005;12;6
1;FLORIAN;2006;12;6
1;FLORIAN;2007;12;6
1;FLORIAN;2010;12;4
1;FLORIAN;2013;12;3
1;FRANÇOIS;2000;12;4
1;GABIN;2001;12;6
1;GABIN;2002;12;5
1;GABIN;2003;12;9
1;GABIN;2004;12;6
1;GABIN;2005;12;9
1;GABIN;2006;12;10
1;GABIN;2007;12;11
1;GABIN;2008;12;13
1;GABIN;2009;12;7
1;GABIN;2010;12;14
1;GABIN;2011;12;15
1;GABIN;2012;12;27
1;GABIN;2013;12;23
1;GABIN;2014;12;13
1;GABIN;2015;12;20
1;GABIN;2016;12;16
1;GABIN;2017;12;9
1;GABIN;2018;12;17
1;GABIN;2019;12;11
1;GABIN;2020;12;19
1;GABIN;2021;12;15
1;GABRIEL;2000;12;7
1;GABRIEL;2001;12;9
1;GABRIEL;2002;12;4
1;GABRIEL;2003;12;8
1;GABRIEL;2004;12;8
1;GABRIEL;2005;12;13
1;GABRIEL;2006;12;15
1;GABRIEL;2007;12;10
1;GABRIEL;2008;12;20
1;GABRIEL;2009;12;22
1;GABRIEL;2010;12;18
1;GABRIEL;2011;12;22
1;GABRIEL;2012;12;22
1;GABRIEL;2013;12;21
1;GABRIEL;2014;12;22
1;GABRIEL;2015;12;11
1;GABRIEL;2016;12;24
1;GABRIEL;2017;12;21
1;GABRIEL;2018;12;21
1;GABRIEL;2019;12;22
1;GABRIEL;2020;12;21
1;GABRIEL;2021;12;22
1;GAEL;2000;12;4
1;GAEL;2001;12;5
1;GAEL;2002;12;4
1;GAEL;2004;12;5
1;GAEL;2005;12;5
1;GAEL;2006;12;3
1;GAEL;2007;12;7
1;GAEL;2008;12;4
1;GAEL;2009;12;5
1;GAEL;2010;12;7
1;GAEL;2011;12;8
1;GAEL;2012;12;4
1;GAËL;2014;12;4
1;GAËL;2015;12;4
1;GAËL;2017;12;3
1;GAËTAN;2000;12;3
1;GAËTAN;2001;12;10
1;GAËTAN;2002;12;6
1;GAËTAN;2003;12;5
1;GAËTAN;2005;12;3
1;GAËTAN;2006;12;6
1;GAËTAN;2007;12;6
1;GAËTAN;2008;12;3
1;GAËTAN;2014;12;6
1;GAËTAN;2016;12;3
1;GAËTAN;2018;12;3
1;GASPARD;2008;12;4
1;GASPARD;2009;12;6
1;GASPARD;2010;12;5
1;GASPARD;2011;12;4
1;GASPARD;2014;12;4
1;GASPARD;2015;12;3
1;GASPARD;2016;12;6
1;GASPARD;2017;12;6
1;GASPARD;2018;12;5
1;GASPARD;2019;12;4
1;GASPARD;2020;12;5
1;GASPARD;2021;12;4
1;GASTON;2015;12;3
1;GASTON;2021;12;3
1;GAUTHIER;2000;12;7
1;GAUTHIER;2001;12;5
1;GAUTHIER;2002;12;6
1;GAUTHIER;2005;12;6
1;GAUTHIER;2006;12;3
1;GAUTHIER;2007;12;3
1;GAUTHIER;2008;12;5
1;GAUTHIER;2009;12;3
1;GAUTHIER;2011;12;3
1;GAUTHIER;2014;12;3
1;GAUTHIER;2017;12;4
1;GAUTHIER;2018;12;3
1;GAUTHIER;2019;12;4
1;GAUTIER;2001;12;4
1;GAUTIER;2002;12;3
1;GAUTIER;2003;12;4
1;GERAUD;2006;12;3
1;GRÉGOIRE;2000;12;4
1;GRÉGOIRE;2001;12;4
1;GRÉGOIRE;2006;12;4
1;GREGORY;2001;12;3
1;GREGORY;2008;12;4
1;GUILHEM;2000;12;5
1;GUILHEM;2001;12;9
1;GUILHEM;2002;12;3
1;GUILHEM;2003;12;3
1;GUILHEM;2004;12;5
1;GUILHEM;2005;12;3
1;GUILHEM;2007;12;5
1;GUILHEM;2012;12;3
1;GUILLAUME;2000;12;10
1;GUILLAUME;2001;12;7
1;GUILLAUME;2002;12;8
1;GUILLAUME;2003;12;12
1;GUILLAUME;2004;12;5
1;GUILLAUME;2005;12;5
1;GUILLAUME;2006;12;3
1;GUSTAVE;2016;12;3
1;GUSTAVE;2018;12;4
1;GUSTAVE;2020;12;4
1;GWENDAL;2004;12;3
1;HENRI;2010;12;3
1;HUGO;2000;12;30
1;HUGO;2001;12;40
1;HUGO;2002;12;30
1;HUGO;2003;12;22
1;HUGO;2004;12;29
1;HUGO;2005;12;20
1;HUGO;2006;12;22
1;HUGO;2007;12;22
1;HUGO;2008;12;12
1;HUGO;2009;12;8
1;HUGO;2010;12;19
1;HUGO;2011;12;14
1;HUGO;2012;12;24
1;HUGO;2013;12;19
1;HUGO;2014;12;21
1;HUGO;2015;12;16
1;HUGO;2016;12;17
1;HUGO;2017;12;19
1;HUGO;2018;12;10
1;HUGO;2019;12;15
1;HUGO;2020;12;18
1;HUGO;2021;12;7
1;ILAN;2006;12;8
1;ILAN;2007;12;4
1;ILAN;2008;12;4
1;ILAN;2009;12;3
1;ILAN;2010;12;3
1;ILAN;2011;12;3
1;ILAN;2013;12;3
1;ILAN;2014;12;3
1;ILAN;2015;12;3
1;ILAN;2019;12;5
1;ILANN;2009;12;3
1;ILYES;2010;12;4
1;ILYES;2017;12;4
1;ILYES;2018;12;6
1;IMRAN;2012;12;3
1;IMRAN;2018;12;3
1;ISAAC;2013;12;3
1;ISAAC;2014;12;5
1;ISAAC;2020;12;7
1;ISAAC;2021;12;4
1;ISMAËL;2014;12;3
1;ISMAËL;2017;12;3
1;ISMAËL;2021;12;3
1;JAROD;2011;12;4
1;JASON;2001;12;3
1;JAYDEN;2015;12;3
1;JAYDEN;2021;12;3
1;JEAN;2000;12;6
1;JEAN;2003;12;3
1;JEAN;2005;12;3
1;JEAN;2010;12;4
1;JEAN;2011;12;5
1;JEAN;2013;12;5
1;JEAN;2015;12;3
1;JEAN;2016;12;3
1;JEAN;2017;12;4
1;JEAN;2020;12;5
1;JEAN;2021;12;4
1;JEAN-BAPTISTE;2001;12;3
1;JEAN-BAPTISTE;2007;12;3
1;JEREMY;2000;12;11
1;JEREMY;2001;12;11
1;JEREMY;2002;12;11
1;JEREMY;2003;12;6
1;JEREMY;2004;12;5
1;JEREMY;2005;12;5
1;JEREMY;2006;12;3
1;JEREMY;2007;12;8
1;JEREMY;2009;12;4
1;JIMMY;2002;12;3
1;JIMMY;2003;12;3
1;JIMMY;2007;12;4
1;JOAN;2008;12;3
1;JOAN;2014;12;3
1;JOHAN;2000;12;4
1;JOHAN;2002;12;4
1;JOHAN;2005;12;3
1;JOHAN;2006;12;3
1;JOHAN;2007;12;6
1;JOHAN;2012;12;4
1;JOHAN;2014;12;3
1;JOHANN;2004;12;3
1;JONATHAN;2000;12;5
1;JONATHAN;2001;12;4
1;JONATHAN;2002;12;6
1;JONATHAN;2003;12;4
1;JONATHAN;2004;12;5
1;JONATHAN;2005;12;3
1;JORDAN;2000;12;6
1;JORDAN;2001;12;4
1;JORDAN;2002;12;6
1;JORDAN;2003;12;3
1;JORDAN;2005;12;4
1;JORDAN;2006;12;4
1;JORDAN;2007;12;3
1;JORDAN;2008;12;3
1;JORDAN;2014;12;5
1;JORDAN;2015;12;4
1;JORDAN;2016;12;3
1;JORIS;2000;12;7
1;JORIS;2001;12;5
1;JORIS;2002;12;6
1;JORIS;2004;12;5
1;JORIS;2005;12;8
1;JORIS;2006;12;5
1;JORIS;2007;12;3
1;JORIS;2011;12;4
1;JORIS;2012;12;3
1;JORIS;2019;12;3
1;JOSEPH;2001;12;3
1;JOSEPH;2010;12;3
1;JOSHUA;2017;12;3
1;JULES;2000;12;6
1;JULES;2001;12;6
1;JULES;2002;12;18
1;JULES;2003;12;12
1;JULES;2004;12;17
1;JULES;2005;12;13
1;JULES;2006;12;15
1;JULES;2007;12;14
1;JULES;2008;12;10
1;JULES;2009;12;19
1;JULES;2010;12;20
1;JULES;2011;12;23
1;JULES;2012;12;21
1;JULES;2013;12;22
1;JULES;2014;12;20
1;JULES;2015;12;25
1;JULES;2016;12;14
1;JULES;2017;12;31
1;JULES;2018;12;11
1;JULES;2019;12;15
1;JULES;2020;12;21
1;JULES;2021;12;24
1;JULIAN;2000;12;3
1;JULIAN;2001;12;4
1;JULIAN;2002;12;8
1;JULIAN;2005;12;5
1;JULIAN;2007;12;4
1;JULIAN;2008;12;5
1;JULIAN;2010;12;5
1;JULIAN;2011;12;3
1;JULIAN;2012;12;3
1;JULIAN;2013;12;3
1;JULIAN;2014;12;5
1;JULIAN;2015;12;4
1;JULIAN;2017;12;3
1;JULIAN;2019;12;5
1;JULIAN;2021;12;3
1;JULIEN;2000;12;12
1;JULIEN;2001;12;9
1;JULIEN;2002;12;16
1;JULIEN;2003;12;12
1;JULIEN;2004;12;11
1;JULIEN;2005;12;9
1;JULIEN;2006;12;6
1;JULIEN;2007;12;4
1;JULIEN;2008;12;10
1;JULIEN;2009;12;4
1;JULIEN;2010;12;4
1;JULIEN;2013;12;4
1;JUSTIN;2000;12;8
1;JUSTIN;2001;12;8
1;JUSTIN;2002;12;5
1;JUSTIN;2003;12;9
1;JUSTIN;2005;12;4
1;JUSTIN;2006;12;6
1;JUSTIN;2007;12;4
1;JUSTIN;2008;12;7
1;JUSTIN;2009;12;6
1;JUSTIN;2010;12;6
1;JUSTIN;2012;12;5
1;JUSTIN;2013;12;3
1;JUSTIN;2014;12;8
1;JUSTIN;2015;12;5
1;JUSTIN;2016;12;3
1;JUSTIN;2017;12;6
1;JUSTIN;2018;12;6
1;JUSTIN;2019;12;5
1;JUSTIN;2020;12;6
1;JUSTIN;2021;12;6
1;KAÏS;2015;12;5
1;KAÏS;2016;12;3
1;KAÏS;2018;12;5
1;KELIAN;2005;12;5
1;KENNY;2014;12;3
1;KENZO;2010;12;3
1;KENZO;2011;12;3
1;KENZO;2012;12;3
1;KENZO;2013;12;6
1;KENZO;2015;12;7
1;KENZO;2016;12;4
1;KENZO;2020;12;5
1;KEVIN;2000;12;19
1;KEVIN;2001;12;8
1;KEVIN;2002;12;12
1;KEVIN;2003;12;11
1;KEVIN;2004;12;8
1;KEVIN;2005;12;6
1;KEVIN;2006;12;7
1;KEVIN;2007;12;7
1;KEVIN;2008;12;3
1;KEVIN;2011;12;3
1;KILIAN;2002;12;3
1;KILIAN;2003;12;4
1;KILIAN;2004;12;8
1;KILIAN;2005;12;5
1;KILIAN;2006;12;7
1;KILIAN;2007;12;3
1;KILLIAN;2002;12;8
1;KILLIAN;2003;12;5
1;KILLIAN;2004;12;5
1;KILLIAN;2006;12;5
1;KILLIAN;2008;12;4
1;KILLIAN;2009;12;5
1;KILLIAN;2011;12;5
1;KYLIAN;2003;12;6
1;KYLIAN;2004;12;8
1;KYLIAN;2005;12;4
1;KYLIAN;2006;12;7
1;KYLIAN;2007;12;5
1;KYLIAN;2008;12;7
1;KYLIAN;2009;12;8
1;KYLIAN;2010;12;11
1;KYLIAN;2011;12;6
1;KYLIAN;2012;12;6
1;KYLIAN;2013;12;3
1;KYLIAN;2014;12;4
1;KYLIAN;2015;12;4
1;KYLIAN;2016;12;5
1;KYLIAN;2017;12;3
1;KYLIAN;2018;12;10
1;KYLLIAN;2008;12;3
1;LANDRY;2005;12;4
1;LÉANDRE;2008;12;3
1;LÉANDRE;2016;12;4
1;LÉANDRE;2017;12;5
1;LÉANDRE;2019;12;4
1;LÉANDRE;2020;12;5
1;LÉANDRE;2021;12;3
1;LEANDRO;2011;12;3
1;LÉANDRO;2020;12;4
1;LÉANDRO;2021;12;3
1;LENNY;2004;12;10
1;LENNY;2006;12;4
1;LENNY;2007;12;9
1;LENNY;2009;12;6
1;LENNY;2010;12;4
1;LENNY;2011;12;4
1;LENNY;2012;12;7
1;LENNY;2013;12;6
1;LENNY;2014;12;5
1;LENNY;2015;12;5
1;LENNY;2016;12;7
1;LENNY;2017;12;4
1;LENNY;2020;12;4
1;LENNY;2021;12;4
1;LENY;2011;12;3
1;LENY;2015;12;3
1;LENZO;2013;12;3
1;LENZO;2018;12;3
1;LEO;2010;12;9
1;LEO;2011;12;20
1;LEO;2012;12;6
1;LÉO;2000;12;12
1;LÉO;2001;12;18
1;LÉO;2002;12;15
1;LÉO;2003;12;22
1;LÉO;2004;12;17
1;LÉO;2005;12;14
1;LÉO;2006;12;17
1;LÉO;2007;12;16
1;LÉO;2008;12;23
1;LÉO;2009;12;15
1;LÉO;2010;12;13
1;LÉO;2011;12;5
1;LÉO;2012;12;16
1;LÉO;2013;12;22
1;LÉO;2014;12;30
1;LÉO;2015;12;17
1;LÉO;2016;12;22
1;LÉO;2017;12;22
1;LÉO;2018;12;9
1;LÉO;2019;12;12
1;LÉO;2020;12;17
1;LÉO;2021;12;17
1;LEON;2010;12;3
1;LEON;2011;12;5
1;LÉON;2012;12;6
1;LÉON;2013;12;6
1;LÉON;2014;12;10
1;LÉON;2015;12;5
1;LÉON;2016;12;10
1;LÉON;2017;12;10
1;LÉON;2018;12;9
1;LÉON;2019;12;16
1;LÉON;2020;12;8
1;LÉON;2021;12;14
1;LÉONARD;2020;12;3
1;LÉOPOLD;2017;12;5
1;LÉOPOLD;2018;12;3
1;LÉOPOLD;2020;12;7
1;LIAM;2002;12;3
1;LIAM;2005;12;3
1;LIAM;2006;12;3
1;LIAM;2008;12;4
1;LIAM;2009;12;4
1;LIAM;2010;12;3
1;LIAM;2011;12;5
1;LIAM;2012;12;5
1;LIAM;2013;12;16
1;LIAM;2014;12;8
1;LIAM;2015;12;9
1;LIAM;2016;12;11
1;LIAM;2017;12;12
1;LIAM;2018;12;15
1;LIAM;2019;12;5
1;LIAM;2020;12;9
1;LIAM;2021;12;12
1;LILIAN;2002;12;5
1;LILIAN;2003;12;3
1;LILIAN;2005;12;7
1;LILIAN;2007;12;4
1;LILIAN;2008;12;3
1;LILIAN;2009;12;5
1;LILIAN;2010;12;6
1;LILIAN;2012;12;3
1;LILIAN;2013;12;4
1;LILIAN;2016;12;4
1;LINO;2008;12;4
1;LINO;2016;12;4
1;LINO;2017;12;3
1;LINO;2021;12;4
1;LISANDRO;2020;12;4
1;LISSANDRO;2021;12;3
1;LIVIO;2020;12;5
1;LIVIO;2021;12;6
1;LOAN;2000;12;3
1;LOAN;2002;12;3
1;LOAN;2004;12;5
1;LOAN;2005;12;9
1;LOAN;2006;12;7
1;LOAN;2007;12;9
1;LOAN;2008;12;9
1;LOAN;2009;12;8
1;LOAN;2010;12;9
1;LOAN;2011;12;4
1;LOAN;2012;12;5
1;LOAN;2013;12;5
1;LOAN;2014;12;7
1;LOAN;2015;12;7
1;LOAN;2016;12;5
1;LOAN;2017;12;7
1;LOAN;2018;12;6
1;LOAN;2021;12;5
1;LOANN;2000;12;3
1;LOANN;2006;12;3
1;LOEVAN;2011;12;3
1;LOGAN;2003;12;4
1;LOGAN;2005;12;3
1;LOGAN;2009;12;3
1;LOGAN;2013;12;3
1;LOGAN;2014;12;5
1;LOGAN;2015;12;3
1;LOGAN;2016;12;4
1;LOGAN;2017;12;4
1;LOGAN;2021;12;3
1;LOHAN;2008;12;4
1;LOHAN;2010;12;3
1;LOHAN;2013;12;4
1;LOHAN;2015;12;3
1;LOIC;2011;12;3
1;LOÏC;2000;12;18
1;LOÏC;2001;12;12
1;LOÏC;2002;12;10
1;LOÏC;2003;12;5
1;LOÏC;2004;12;5
1;LOÏC;2005;12;9
1;LOÏC;2006;12;8
1;LOÏC;2007;12;3
1;LOÏC;2010;12;4
1;LOÏC;2014;12;3
1;LOÏC;2016;12;3
1;LOÏC;2017;12;4
1;LOÏC;2021;12;3
1;LOÏS;2004;12;3
1;LOÏS;2005;12;4
1;LOÏS;2006;12;3
1;LOÏS;2007;12;5
1;LOÏS;2015;12;3
1;LOÏS;2017;12;4
1;LOÏS;2020;12;3
1;LORENZO;2005;12;3
1;LORENZO;2006;12;3
1;LORENZO;2008;12;5
1;LORENZO;2009;12;4
1;LORENZO;2010;12;6
1;LORENZO;2011;12;4
1;LORENZO;2012;12;3
1;LORENZO;2014;12;6
1;LORENZO;2015;12;3
1;LORENZO;2016;12;4
1;LORENZO;2017;12;3
1;LORENZO;2018;12;5
1;LORIS;2008;12;3
1;LORIS;2009;12;4
1;LORIS;2010;12;4
1;LORIS;2014;12;4
1;LORIS;2018;12;3
1;LORIS;2020;12;3
1;LORIS;2021;12;3
1;LOU;2021;12;3
1;LOUAN;2007;12;3
1;LOUAN;2012;12;4
1;LOUIS;2000;12;19
1;LOUIS;2001;12;28
1;LOUIS;2002;12;16
1;LOUIS;2003;12;16
1;LOUIS;2004;12;10
1;LOUIS;2005;12;23
1;LOUIS;2006;12;25
1;LOUIS;2007;12;17
1;LOUIS;2008;12;18
1;LOUIS;2009;12;16
1;LOUIS;2010;12;18
1;LOUIS;2011;12;11
1;LOUIS;2012;12;15
1;LOUIS;2013;12;25
1;LOUIS;2014;12;23
1;LOUIS;2015;12;21
1;LOUIS;2016;12;25
1;LOUIS;2017;12;21
1;LOUIS;2018;12;19
1;LOUIS;2019;12;12
1;LOUIS;2020;12;15
1;LOUIS;2021;12;16
1;LOUKA;2007;12;3
1;LOUKA;2008;12;6
1;LOUKA;2009;12;5
1;LOUKA;2010;12;7
1;LOUKA;2012;12;3
1;LOUKA;2014;12;4
1;LOUKA;2015;12;4
1;LOUKA;2016;12;3
1;LOUKA;2017;12;6
1;LOUKA;2018;12;4
1;LOUKA;2019;12;3
1;LUBIN;2008;12;3
1;LUBIN;2010;12;4
1;LUBIN;2011;12;3
1;LUBIN;2014;12;4
1;LUBIN;2019;12;4
1;LUC;2000;12;3
1;LUC;2002;12;4
1;LUC;2009;12;4
1;LUCA;2002;12;3
1;LUCA;2003;12;3
1;LUCA;2004;12;3
1;LUCA;2014;12;3
1;LUCA;2019;12;4
1;LUCAS;2000;12;33
1;LUCAS;2001;12;36
1;LUCAS;2002;12;42
1;LUCAS;2003;12;21
1;LUCAS;2004;12;31
1;LUCAS;2005;12;25
1;LUCAS;2006;12;37
1;LUCAS;2007;12;27
1;LUCAS;2008;12;31
1;LUCAS;2009;12;23
1;LUCAS;2010;12;32
1;LUCAS;2011;12;26
1;LUCAS;2012;12;27
1;LUCAS;2013;12;22
1;LUCAS;2014;12;27
1;LUCAS;2015;12;14
1;LUCAS;2016;12;15
1;LUCAS;2017;12;15
1;LUCAS;2018;12;11
1;LUCAS;2019;12;14
1;LUCAS;2020;12;13
1;LUCAS;2021;12;14
1;LUCIEN;2000;12;3
1;LUCIEN;2002;12;3
1;LUCIEN;2007;12;4
1;LUCIEN;2011;12;3
1;LUCIEN;2013;12;5
1;LUCIEN;2017;12;5
1;LUCIEN;2018;12;4
1;LUCIEN;2019;12;4
1;LUCIEN;2020;12;3
1;LUCIEN;2021;12;4
1;LUDOVIC;2000;12;8
1;LUDOVIC;2003;12;3
1;LUDOVIC;2005;12;3
1;LUIS;2012;12;3
1;LUIS;2016;12;4
1;LUKA;2004;12;3
1;LUKA;2006;12;4
1;LUKA;2009;12;3
1;LUKA;2014;12;3
1;LUKA;2018;12;5
1;LUKA;2019;12;3
1;LUKAS;2004;12;3
1;LUKAS;2005;12;3
1;LUKAS;2007;12;3
1;LYAM;2015;12;5
1;LYAM;2016;12;3
1;LYAM;2017;12;3
1;LYAM;2019;12;3
1;LYAM;2020;12;4
1;LYAM;2021;12;3
1;MAE;2010;12;3
1;MAÉ;2020;12;4
1;MAÉ;2021;12;6
1;MAEL;2001;12;6
1;MAEL;2002;12;7
1;MAEL;2003;12;9
1;MAEL;2004;12;6
1;MAEL;2005;12;12
1;MAEL;2006;12;19
1;MAEL;2007;12;16
1;MAEL;2008;12;18
1;MAEL;2009;12;26
1;MAEL;2010;12;17
1;MAEL;2011;12;17
1;MAEL;2012;12;9
1;MAEL;2016;12;4
1;MAËL;2010;12;3
1;MAËL;2011;12;5
1;MAËL;2012;12;11
1;MAËL;2013;12;17
1;MAËL;2014;12;19
1;MAËL;2015;12;14
1;MAËL;2016;12;17
1;MAËL;2017;12;21
1;MAËL;2018;12;19
1;MAËL;2019;12;17
1;MAËL;2020;12;16
1;MAËL;2021;12;15
1;MAHÉ;2008;12;3
1;MAHÉ;2009;12;5
1;MAHÉ;2012;12;6
1;MAHÉ;2013;12;3
1;MAHÉ;2015;12;6
1;MAHÉ;2016;12;3
1;MAHÉ;2020;12;4
1;MALO;2012;12;3
1;MALO;2013;12;4
1;MALO;2015;12;3
1;MALO;2016;12;6
1;MALO;2017;12;5
1;MALO;2018;12;4
1;MALO;2019;12;3
1;MALO;2021;12;5
1;MALONE;2019;12;3
1;MARC;2012;12;4
1;MARCEAU;2011;12;3
1;MARCEAU;2012;12;3
1;MARCEAU;2013;12;3
1;MARCEAU;2014;12;3
1;MARCEAU;2015;12;4
1;MARCEAU;2016;12;5
1;MARCEAU;2017;12;7
1;MARCEAU;2018;12;6
1;MARCEAU;2019;12;8
1;MARCEAU;2020;12;5
1;MARCEAU;2021;12;11
1;MARCEL;2017;12;7
1;MARCEL;2018;12;4
1;MARIN;2000;12;4
1;MARIN;2014;12;3
1;MARIN;2016;12;4
1;MARIN;2017;12;3
1;MARIN;2018;12;3
1;MARIN;2020;12;5
1;MARIN;2021;12;3
1;MARIUS;2004;12;5
1;MARIUS;2005;12;6
1;MARIUS;2006;12;4
1;MARIUS;2007;12;3
1;MARIUS;2008;12;4
1;MARIUS;2009;12;5
1;MARIUS;2010;12;8
1;MARIUS;2011;12;9
1;MARIUS;2012;12;6
1;MARIUS;2013;12;9
1;MARIUS;2014;12;9
1;MARIUS;2015;12;8
1;MARIUS;2016;12;11
1;MARIUS;2017;12;14
1;MARIUS;2018;12;14
1;MARIUS;2019;12;9
1;MARIUS;2020;12;15
1;MARIUS;2021;12;11
1;MARLEY;2020;12;3
1;MARTIN;2000;12;7
1;MARTIN;2001;12;8
1;MARTIN;2002;12;10
1;MARTIN;2003;12;10
1;MARTIN;2004;12;3
1;MARTIN;2005;12;5
1;MARTIN;2006;12;5
1;MARTIN;2007;12;13
1;MARTIN;2008;12;9
1;MARTIN;2009;12;7
1;MARTIN;2010;12;7
1;MARTIN;2011;12;8
1;MARTIN;2012;12;4
1;MARTIN;2013;12;7
1;MARTIN;2014;12;5
1;MARTIN;2015;12;6
1;MARTIN;2016;12;8
1;MARTIN;2017;12;8
1;MARTIN;2018;12;10
1;MARTIN;2019;12;10
1;MARTIN;2020;12;17
1;MARTIN;2021;12;5
1;MARVIN;2001;12;3
1;MARWAN;2008;12;4
1;MARWAN;2010;12;4
1;MARWAN;2013;12;3
1;MATEO;2011;12;4
1;MATÉO;2002;12;8
1;MATÉO;2003;12;3
1;MATÉO;2004;12;7
1;MATÉO;2005;12;8
1;MATÉO;2006;12;3
1;MATÉO;2007;12;8
1;MATÉO;2009;12;7
1;MATÉO;2012;12;3
1;MATÉO;2017;12;3
1;MATÉO;2019;12;4
1;MATÉO;2021;12;4
1;MATHEO;2010;12;7
1;MATHEO;2011;12;15
1;MATHÉO;2001;12;4
1;MATHÉO;2002;12;3
1;MATHÉO;2003;12;9
1;MATHÉO;2004;12;15
1;MATHÉO;2005;12;15
1;MATHÉO;2006;12;11
1;MATHÉO;2007;12;14
1;MATHÉO;2008;12;21
1;MATHÉO;2009;12;10
1;MATHÉO;2010;12;13
1;MATHÉO;2011;12;3
1;MATHÉO;2012;12;6
1;MATHÉO;2013;12;9
1;MATHÉO;2014;12;8
1;MATHÉO;2015;12;14
1;MATHÉO;2016;12;11
1;MATHÉO;2017;12;3
1;MATHÉO;2018;12;8
1;MATHÉO;2020;12;5
1;MATHÉO;2021;12;8
1;MATHIAS;2000;12;6
1;MATHIAS;2001;12;5
1;MATHIAS;2002;12;10
1;MATHIAS;2003;12;12
1;MATHIAS;2004;12;5
1;MATHIAS;2005;12;8
1;MATHIAS;2006;12;11
1;MATHIAS;2007;12;7
1;MATHIAS;2008;12;4
1;MATHIAS;2009;12;3
1;MATHIAS;2011;12;8
1;MATHIAS;2014;12;6
1;MATHIAS;2017;12;4
1;MATHIAS;2018;12;3
1;MATHIAS;2020;12;3
1;MATHIAS;2021;12;3
1;MATHIEU;2000;12;14
1;MATHIEU;2001;12;15
1;MATHIEU;2002;12;18
1;MATHIEU;2003;12;12
1;MATHIEU;2004;12;7
1;MATHIEU;2005;12;13
1;MATHIEU;2007;12;9
1;MATHIEU;2008;12;3
1;MATHIEU;2010;12;4
1;MATHIEU;2011;12;3
1;MATHIEU;2013;12;6
1;MATHIS;2000;12;8
1;MATHIS;2001;12;13
1;MATHIS;2002;12;20
1;MATHIS;2003;12;25
1;MATHIS;2004;12;35
1;MATHIS;2005;12;25
1;MATHIS;2006;12;33
1;MATHIS;2007;12;32
1;MATHIS;2008;12;28
1;MATHIS;2009;12;21
1;MATHIS;2010;12;14
1;MATHIS;2011;12;21
1;MATHIS;2012;12;17
1;MATHIS;2013;12;8
1;MATHIS;2014;12;26
1;MATHIS;2015;12;10
1;MATHIS;2016;12;10
1;MATHIS;2017;12;7
1;MATHIS;2018;12;10
1;MATHIS;2019;12;7
1;MATHIS;2020;12;9
1;MATHIS;2021;12;8
1;MATHYS;2003;12;4
1;MATHYS;2004;12;6
1;MATHYS;2005;12;3
1;MATHYS;2006;12;6
1;MATHYS;2007;12;5
1;MATHYS;2008;12;6
1;MATHYS;2009;12;6
1;MATHYS;2010;12;7
1;MATHYS;2011;12;4
1;MATHYS;2012;12;9
1;MATHYS;2013;12;10
1;MATHYS;2014;12;4
1;MATHYS;2015;12;4
1;MATHYS;2016;12;5
1;MATHYS;2018;12;4
1;MATHYS;2019;12;4
1;MATHYS;2021;12;4
1;MATIS;2007;12;3
1;MATIS;2008;12;4
1;MATTEO;2019;12;4
1;MATTÉO;2001;12;6
1;MATTÉO;2003;12;9
1;MATTÉO;2004;12;9
1;MATTÉO;2005;12;12
1;MATTÉO;2006;12;11
1;MATTÉO;2008;12;4
1;MATTÉO;2013;12;7
1;MATTÉO;2018;12;3
1;MATTÉO;2020;12;3
1;MATTÉO;2021;12;5
1;MATTHÉO;2013;12;3
1;MATTHIAS;2001;12;7
1;MATTHIAS;2005;12;3
1;MATTHIEU;2000;12;3
1;MATTHIEU;2001;12;7
1;MATTHIEU;2002;12;7
1;MATTHIEU;2003;12;3
1;MATTHIEU;2004;12;7
1;MATTHIEU;2007;12;3
1;MATTIS;2003;12;3
1;MATTIS;2009;12;3
1;MAX;2004;12;3
1;MAX;2009;12;3
1;MAX;2020;12;3
1;MAXENCE;2000;12;3
1;MAXENCE;2001;12;3
1;MAXENCE;2002;12;3
1;MAXENCE;2005;12;5
1;MAXENCE;2006;12;3
1;MAXENCE;2007;12;8
1;MAXENCE;2008;12;13
1;MAXENCE;2009;12;5
1;MAXENCE;2010;12;6
1;MAXENCE;2011;12;6
1;MAXENCE;2012;12;8
1;MAXENCE;2013;12;6
1;MAXENCE;2014;12;10
1;MAXENCE;2015;12;6
1;MAXENCE;2016;12;8
1;MAXENCE;2017;12;7
1;MAXENCE;2018;12;9
1;MAXENCE;2021;12;7
1;MAXIM;2006;12;3
1;MAXIME;2000;12;28
1;MAXIME;2001;12;16
1;MAXIME;2002;12;31
1;MAXIME;2003;12;8
1;MAXIME;2004;12;21
1;MAXIME;2005;12;12
1;MAXIME;2006;12;3
1;MAXIME;2007;12;9
1;MAXIME;2008;12;12
1;MAXIME;2009;12;9
1;MAXIME;2010;12;9
1;MAXIME;2011;12;9
1;MAXIME;2012;12;4
1;MAXIME;2014;12;5
1;MAXIME;2015;12;5
1;MAXIME;2018;12;5
1;MAXIME;2021;12;6
1;MAYLONE;2020;12;3
1;MEHDI;2001;12;3
1;MEHDI;2004;12;5
1;MEHDI;2005;12;3
1;MEHDI;2006;12;4
1;MEHDI;2007;12;3
1;MEHDI;2008;12;3
1;MELVIN;2000;12;4
1;MELVIN;2007;12;4
1;MELVIN;2009;12;4
1;MELVIN;2010;12;4
1;MELVIN;2017;12;3
1;MELVYN;2007;12;3
1;MICKAEL;2000;12;4
1;MICKAEL;2001;12;3
1;MICKAEL;2002;12;6
1;MICKAEL;2004;12;5
1;MIGUEL;2015;12;3
1;MILAN;2010;12;4
1;MILAN;2013;12;3
1;MILAN;2014;12;3
1;MILAN;2017;12;4
1;MILAN;2018;12;3
1;MILAN;2019;12;3
1;MILAN;2020;12;4
1;MILO;2009;12;6
1;MILO;2010;12;3
1;MILO;2011;12;4
1;MILO;2014;12;5
1;MILO;2015;12;4
1;MILO;2018;12;9
1;MILO;2019;12;3
1;MILO;2020;12;5
1;MILO;2021;12;12
1;MOHAMED;2000;12;3
1;MOHAMED;2007;12;3
1;MOHAMED;2012;12;3
1;MOHAMED;2013;12;3
1;MOHAMED;2014;12;4
1;MOHAMED;2015;12;3
1;MOHAMED;2016;12;3
1;MOHAMED;2021;12;5
1;MORGAN;2000;12;5
1;MORGAN;2002;12;4
1;MORGAN;2003;12;5
1;MORGAN;2004;12;4
1;MORGAN;2005;12;4
1;MORGAN;2006;12;4
1;MORGAN;2007;12;3
1;MORGAN;2008;12;3
1;MORGAN;2010;12;7
1;MORGAN;2012;12;7
1;MORGAN;2017;12;3
1;MORGAN;2018;12;3
1;NAEL;2007;12;4
1;NAEL;2009;12;5
1;NAEL;2010;12;6
1;NAEL;2011;12;8
1;NAEL;2012;12;4
1;NAEL;2013;12;5
1;NAËL;2013;12;3
1;NAËL;2014;12;4
1;NAËL;2015;12;5
1;NAËL;2016;12;3
1;NAËL;2017;12;4
1;NAËL;2019;12;4
1;NAËL;2020;12;4
1;NAËL;2021;12;10
1;NAÏM;2018;12;5
1;NANS;2020;12;3
1;NASSIM;2006;12;4
1;NASSIM;2011;12;3
1;NATHAEL;2008;12;3
1;NATHAEL;2009;12;5
1;NATHAN;2000;12;16
1;NATHAN;2001;12;17
1;NATHAN;2002;12;15
1;NATHAN;2003;12;19
1;NATHAN;2004;12;18
1;NATHAN;2005;12;20
1;NATHAN;2006;12;29
1;NATHAN;2007;12;35
1;NATHAN;2008;12;28
1;NATHAN;2009;12;19
1;NATHAN;2010;12;15
1;NATHAN;2011;12;21
1;NATHAN;2012;12;21
1;NATHAN;2013;12;26
1;NATHAN;2014;12;28
1;NATHAN;2015;12;14
1;NATHAN;2016;12;12
1;NATHAN;2017;12;12
1;NATHAN;2018;12;13
1;NATHAN;2019;12;11
1;NATHAN;2020;12;10
1;NATHAN;2021;12;11
1;NATHANAEL;2010;12;4
1;NATHANAEL;2011;12;4
1;NATHANAËL;2012;12;3
1;NATHANAËL;2014;12;3
1;NELSON;2019;12;3
1;NÉO;2021;12;3
1;NICOLAS;2000;12;18
1;NICOLAS;2001;12;18
1;NICOLAS;2002;12;9
1;NICOLAS;2003;12;8
1;NICOLAS;2004;12;9
1;NICOLAS;2005;12;9
1;NICOLAS;2006;12;5
1;NICOLAS;2007;12;8
1;NICOLAS;2008;12;3
1;NICOLAS;2009;12;3
1;NICOLAS;2011;12;3
1;NINO;2005;12;4
1;NINO;2006;12;3
1;NINO;2008;12;5
1;NINO;2009;12;5
1;NINO;2011;12;6
1;NINO;2012;12;9
1;NINO;2013;12;9
1;NINO;2014;12;6
1;NINO;2015;12;4
1;NINO;2016;12;12
1;NINO;2017;12;10
1;NINO;2018;12;7
1;NINO;2019;12;7
1;NINO;2020;12;11
1;NINO;2021;12;10
1;NOA;2004;12;7
1;NOA;2005;12;6
1;NOA;2006;12;14
1;NOA;2007;12;6
1;NOA;2008;12;6
1;NOA;2010;12;9
1;NOA;2011;12;5
1;NOA;2012;12;8
1;NOA;2013;12;3
1;NOA;2014;12;5
1;NOA;2015;12;5
1;NOA;2016;12;3
1;NOA;2018;12;3
1;NOA;2021;12;4
1;NOAH;2002;12;4
1;NOAH;2003;12;5
1;NOAH;2004;12;6
1;NOAH;2005;12;20
1;NOAH;2006;12;9
1;NOAH;2007;12;24
1;NOAH;2008;12;21
1;NOAH;2009;12;12
1;NOAH;2010;12;15
1;NOAH;2011;12;12
1;NOAH;2012;12;13
1;NOAH;2013;12;6
1;NOAH;2014;12;15
1;NOAH;2015;12;8
1;NOAH;2016;12;6
1;NOAH;2017;12;9
1;NOAH;2018;12;5
1;NOAH;2019;12;4
1;NOAH;2020;12;13
1;NOAH;2021;12;9
1;NOAM;2008;12;3
1;NOAM;2010;12;5
1;NOAM;2012;12;3
1;NOAM;2013;12;3
1;NOAM;2015;12;3
1;NOAM;2017;12;10
1;NOAM;2021;12;3
1;NOE;2000;12;3
1;NOE;2001;12;4
1;NOE;2002;12;6
1;NOE;2004;12;4
1;NOE;2005;12;5
1;NOE;2006;12;7
1;NOE;2007;12;3
1;NOE;2008;12;12
1;NOE;2009;12;9
1;NOE;2010;12;16
1;NOE;2011;12;9
1;NOÉ;2011;12;4
1;NOÉ;2012;12;9
1;NOÉ;2013;12;12
1;NOÉ;2014;12;11
1;NOÉ;2015;12;12
1;NOÉ;2016;12;11
1;NOÉ;2017;12;10
1;NOÉ;2018;12;9
1;NOÉ;2019;12;11
1;NOÉ;2020;12;8
1;NOÉ;2021;12;9
1;NOHA;2009;12;4
1;NOHAM;2012;12;3
1;NOHAM;2015;12;7
1;NOHAM;2016;12;3
1;NOLAN;2004;12;4
1;NOLAN;2005;12;4
1;NOLAN;2007;12;3
1;NOLAN;2008;12;3
1;NOLAN;2009;12;8
1;NOLAN;2010;12;13
1;NOLAN;2011;12;8
1;NOLAN;2012;12;15
1;NOLAN;2013;12;9
1;NOLAN;2014;12;13
1;NOLAN;2015;12;11
1;NOLAN;2016;12;12
1;NOLAN;2017;12;11
1;NOLAN;2018;12;5
1;NOLAN;2019;12;4
1;NOLAN;2021;12;5
1;NOLANN;2010;12;3
1;NOLANN;2014;12;4
1;NOLHAN;2011;12;4
1;NOLHAN;2012;12;3
1;NOLHAN;2013;12;3
1;NOLHAN;2014;12;3
1;NOLHAN;2015;12;3
1;NOLHAN;2017;12;3
1;OCTAVE;2017;12;3
1;OLIVIER;2007;12;4
1;OSCAR;2003;12;3
1;OSCAR;2013;12;4
1;OSCAR;2014;12;6
1;OSCAR;2017;12;6
1;OSCAR;2019;12;3
1;OWEN;2014;12;5
1;OWEN;2015;12;4
1;OWEN;2017;12;7
1;OWEN;2018;12;3
1;OWEN;2021;12;5
1;PABLO;2005;12;4
1;PABLO;2007;12;3
1;PABLO;2008;12;4
1;PABLO;2009;12;3
1;PABLO;2017;12;4
1;PABLO;2018;12;4
1;PABLO;2020;12;8
1;PABLO;2021;12;5
1;PAUL;2000;12;18
1;PAUL;2001;12;10
1;PAUL;2002;12;18
1;PAUL;2003;12;10
1;PAUL;2004;12;13
1;PAUL;2005;12;12
1;PAUL;2006;12;15
1;PAUL;2007;12;16
1;PAUL;2008;12;16
1;PAUL;2009;12;18
1;PAUL;2010;12;12
1;PAUL;2011;12;17
1;PAUL;2012;12;8
1;PAUL;2013;12;10
1;PAUL;2014;12;20
1;PAUL;2015;12;13
1;PAUL;2016;12;19
1;PAUL;2017;12;13
1;PAUL;2018;12;11
1;PAUL;2019;12;10
1;PAUL;2020;12;9
1;PAUL;2021;12;9
1;PAULIN;2002;12;3
1;PAULIN;2006;12;5
1;PAULIN;2007;12;3
1;PAULIN;2009;12;3
1;PAULIN;2014;12;4
1;PAULIN;2016;12;3
1;PAULIN;2018;12;5
1;PAULIN;2021;12;4
1;PIERRE;2000;12;12
1;PIERRE;2001;12;15
1;PIERRE;2002;12;12
1;PIERRE;2003;12;11
1;PIERRE;2004;12;8
1;PIERRE;2005;12;14
1;PIERRE;2006;12;6
1;PIERRE;2007;12;8
1;PIERRE;2008;12;3
1;PIERRE;2009;12;3
1;PIERRE;2010;12;4
1;PIERRE;2011;12;3
1;PIERRE;2012;12;3
1;PIERRE;2013;12;3
1;PIERRE;2015;12;3
1;PIERRE;2018;12;3
1;PIERRE-LOUIS;2004;12;3
1;PIERRICK;2000;12;3
1;PIERRICK;2001;12;3
1;PIERRICK;2004;12;4
1;QUENTIN;2000;12;26
1;QUENTIN;2001;12;18
1;QUENTIN;2002;12;22
1;QUENTIN;2003;12;22
1;QUENTIN;2004;12;14
1;QUENTIN;2005;12;14
1;QUENTIN;2006;12;16
1;QUENTIN;2007;12;11
1;QUENTIN;2008;12;12
1;QUENTIN;2009;12;21
1;QUENTIN;2010;12;8
1;QUENTIN;2011;12;14
1;QUENTIN;2012;12;5
1;QUENTIN;2013;12;4
1;QUENTIN;2014;12;4
1;QUENTIN;2016;12;3
1;RAFAEL;2001;12;3
1;RAFAEL;2007;12;4
1;RAFAEL;2008;12;4
1;RAFAEL;2009;12;5
1;RAFAEL;2011;12;4
1;RAFAEL;2012;12;4
1;RAFAEL;2016;12;4
1;RAFAEL;2019;12;5
1;RAFAËL;2013;12;3
1;RAFAËL;2015;12;3
1;RAFAËL;2019;12;3
1;RAPHAEL;2010;12;8
1;RAPHAEL;2011;12;22
1;RAPHAEL;2012;12;9
1;RAPHAËL;2000;12;11
1;RAPHAËL;2001;12;6
1;RAPHAËL;2002;12;7
1;RAPHAËL;2003;12;12
1;RAPHAËL;2004;12;8
1;RAPHAËL;2005;12;21
1;RAPHAËL;2006;12;17
1;RAPHAËL;2007;12;24
1;RAPHAËL;2008;12;25
1;RAPHAËL;2009;12;30
1;RAPHAËL;2010;12;8
1;RAPHAËL;2012;12;8
1;RAPHAËL;2013;12;24
1;RAPHAËL;2014;12;18
1;RAPHAËL;2015;12;15
1;RAPHAËL;2016;12;20
1;RAPHAËL;2017;12;18
1;RAPHAËL;2018;12;14
1;RAPHAËL;2019;12;13
1;RAPHAËL;2020;12;8
1;RAPHAËL;2021;12;16
1;RAYAN;2003;12;3
1;RAYAN;2006;12;5
1;RAYAN;2007;12;4
1;RAYAN;2008;12;3
1;RAYAN;2009;12;4
1;RAYAN;2010;12;3
1;RAYAN;2011;12;7
1;RAYAN;2012;12;7
1;RAYAN;2013;12;6
1;RAYAN;2014;12;6
1;RAYAN;2015;12;5
1;RAYAN;2016;12;8
1;RAYAN;2018;12;6
1;RÉMI;2000;12;10
1;RÉMI;2001;12;11
1;RÉMI;2002;12;10
1;RÉMI;2003;12;8
1;RÉMI;2004;12;6
1;RÉMI;2005;12;4
1;RÉMI;2006;12;6
1;RÉMI;2008;12;6
1;RÉMI;2009;12;3
1;RÉMI;2010;12;3
1;RÉMY;2000;12;3
1;RÉMY;2001;12;5
1;RÉMY;2003;12;3
1;RÉMY;2004;12;3
1;RÉMY;2005;12;4
1;RÉMY;2008;12;3
1;RENAUD;2002;12;3
1;ROBIN;2000;12;9
1;ROBIN;2001;12;11
1;ROBIN;2002;12;7
1;ROBIN;2003;12;17
1;ROBIN;2004;12;14
1;ROBIN;2005;12;9
1;ROBIN;2006;12;18
1;ROBIN;2007;12;15
1;ROBIN;2008;12;12
1;ROBIN;2009;12;16
1;ROBIN;2010;12;10
1;ROBIN;2011;12;6
1;ROBIN;2012;12;11
1;ROBIN;2013;12;10
1;ROBIN;2014;12;15
1;ROBIN;2015;12;13
1;ROBIN;2016;12;4
1;ROBIN;2017;12;5
1;ROBIN;2018;12;11
1;ROBIN;2019;12;7
1;ROBIN;2020;12;12
1;ROBIN;2021;12;6
1;ROMAIN;2000;12;17
1;ROMAIN;2001;12;14
1;ROMAIN;2002;12;15
1;ROMAIN;2003;12;21
1;ROMAIN;2004;12;17
1;ROMAIN;2005;12;18
1;ROMAIN;2006;12;6
1;ROMAIN;2007;12;8
1;ROMAIN;2008;12;7
1;ROMAIN;2009;12;3
1;ROMAIN;2010;12;5
1;ROMAIN;2011;12;5
1;ROMAIN;2012;12;4
1;ROMAIN;2015;12;4
1;ROMAIN;2016;12;4
1;ROMAN;2002;12;4
1;ROMAN;2004;12;5
1;ROMAN;2005;12;3
1;ROMAN;2008;12;3
1;ROMEO;2010;12;3
1;ROMÉO;2008;12;3
1;ROMÉO;2009;12;4
1;ROMÉO;2015;12;6
1;ROMÉO;2016;12;3
1;ROMÉO;2018;12;3
1;ROMÉO;2020;12;3
1;ROMÉO;2021;12;3
1;RONAN;2003;12;3
1;RONAN;2004;12;4
1;RONAN;2006;12;4
1;RONAN;2007;12;4
1;RONAN;2008;12;3
1;RONAN;2010;12;4
1;RONAN;2012;12;3
1;RONAN;2013;12;3
1;RUBEN;2006;12;3
1;RUBEN;2007;12;5
1;RUBEN;2009;12;3
1;RUBEN;2010;12;4
1;RUBEN;2011;12;5
1;RUBEN;2012;12;6
1;RUBEN;2013;12;5
1;RUBEN;2016;12;3
1;RUBEN;2018;12;6
1;RUBEN;2021;12;6
1;RUDY;2002;12;3
1;RYAN;2001;12;4
1;RYAN;2005;12;4
1;RYAN;2009;12;3
1;RYAN;2010;12;3
1;RYAN;2011;12;3
1;RYAN;2014;12;5
1;RYAN;2021;12;3
1;SACHA;2003;12;6
1;SACHA;2004;12;7
1;SACHA;2005;12;4
1;SACHA;2007;12;7
1;SACHA;2008;12;5
1;SACHA;2009;12;3
1;SACHA;2010;12;10
1;SACHA;2011;12;5
1;SACHA;2012;12;12
1;SACHA;2013;12;12
1;SACHA;2014;12;9
1;SACHA;2015;12;8
1;SACHA;2016;12;8
1;SACHA;2017;12;12
1;SACHA;2018;12;14
1;SACHA;2019;12;8
1;SACHA;2020;12;8
1;SACHA;2021;12;5
1;SAM;2001;12;3
1;SAM;2003;12;4
1;SAM;2005;12;3
1;SAMUEL;2000;12;9
1;SAMUEL;2001;12;6
1;SAMUEL;2002;12;4
1;SAMUEL;2003;12;9
1;SAMUEL;2004;12;8
1;SAMUEL;2005;12;4
1;SAMUEL;2006;12;11
1;SAMUEL;2007;12;6
1;SAMUEL;2008;12;4
1;SAMUEL;2009;12;6
1;SAMUEL;2010;12;8
1;SAMUEL;2011;12;8
1;SAMUEL;2012;12;8
1;SAMUEL;2013;12;5
1;SAMUEL;2014;12;13
1;SAMUEL;2015;12;6
1;SAMUEL;2016;12;4
1;SAMUEL;2018;12;4
1;SAMUEL;2021;12;5
1;SAMY;2008;12;3
1;SANDRO;2021;12;4
1;SASHA;2015;12;3
1;SASHA;2021;12;3
1;SÉBASTIEN;2000;12;3
1;SÉBASTIEN;2001;12;3
1;SÉBASTIEN;2003;12;3
1;SÉBASTIEN;2006;12;3
1;SIMON;2000;12;10
1;SIMON;2001;12;13
1;SIMON;2002;12;16
1;SIMON;2003;12;7
1;SIMON;2004;12;10
1;SIMON;2005;12;6
1;SIMON;2006;12;8
1;SIMON;2007;12;10
1;SIMON;2008;12;7
1;SIMON;2009;12;15
1;SIMON;2010;12;5
1;SIMON;2011;12;6
1;SIMON;2012;12;6
1;SIMON;2013;12;5
1;SIMON;2014;12;3
1;SIMON;2016;12;9
1;SIMON;2017;12;9
1;SIMON;2018;12;6
1;SIMON;2019;12;7
1;SIMON;2020;12;4
1;SOAN;2009;12;7
1;SOAN;2010;12;4
1;SOAN;2011;12;6
1;SOAN;2012;12;4
1;SOAN;2013;12;5
1;SOAN;2014;12;5
1;SOAN;2015;12;4
1;SOAN;2016;12;3
1;SOAN;2018;12;5
1;SOAN;2019;12;8
1;SOAN;2020;12;7
1;SOAN;2021;12;4
1;SOFIAN;2000;12;3
1;SOFIANE;2017;12;3
1;SOHAN;2011;12;4
1;SOHAN;2012;12;5
1;SOHAN;2014;12;3
1;SOHAN;2018;12;4
1;SOHAN;2020;12;3
1;SOHAN;2021;12;3
1;SOREN;2016;12;4
1;STÉPHANE;2003;12;3
1;STEVEN;2000;12;4
1;SWAN;2010;12;5
1;SWAN;2014;12;3
1;SWAN;2018;12;3
1;SWAN;2021;12;5
1;SWANN;2015;12;3
1;SWANN;2017;12;3
1;SYLVAIN;2000;12;10
1;SYLVAIN;2001;12;6
1;SYLVAIN;2002;12;9
1;TANGUY;2000;12;5
1;TANGUY;2003;12;3
1;TANGUY;2008;12;5
1;TANGUY;2010;12;3
1;TEDDY;2008;12;3
1;TÉO;2013;12;3
1;TÉO;2015;12;3
1;TERRY;2001;12;3
1;THEO;2010;12;5
1;THEO;2011;12;10
1;THEO;2012;12;9
1;THÉO;2000;12;31
1;THÉO;2001;12;38
1;THÉO;2002;12;32
1;THÉO;2003;12;29
1;THÉO;2004;12;21
1;THÉO;2005;12;17
1;THÉO;2006;12;24
1;THÉO;2007;12;13
1;THÉO;2008;12;17
1;THÉO;2009;12;14
1;THÉO;2010;12;8
1;THÉO;2012;12;8
1;THÉO;2013;12;17
1;THÉO;2014;12;23
1;THÉO;2015;12;12
1;THÉO;2016;12;16
1;THÉO;2017;12;10
1;THÉO;2018;12;15
1;THÉO;2019;12;10
1;THÉO;2020;12;3
1;THÉO;2021;12;6
1;THÉODORE;2014;12;4
1;THIAGO;2015;12;3
1;THIAGO;2016;12;4
1;THIAGO;2019;12;4
1;THIAGO;2021;12;4
1;THIBAUD;2000;12;3
1;THIBAUD;2003;12;4
1;THIBAUD;2007;12;4
1;THIBAUD;2009;12;3
1;THIBAUD;2014;12;3
1;THIBAULT;2000;12;6
1;THIBAULT;2001;12;9
1;THIBAULT;2002;12;7
1;THIBAULT;2003;12;7
1;THIBAULT;2004;12;8
1;THIBAULT;2005;12;6
1;THIBAULT;2006;12;5
1;THIBAULT;2007;12;4
1;THIBAULT;2008;12;6
1;THIBAULT;2009;12;5
1;THIBAULT;2015;12;3
1;THIBAULT;2018;12;3
1;THIBAUT;2000;12;10
1;THIBAUT;2001;12;6
1;THIBAUT;2002;12;5
1;THIBAUT;2004;12;5
1;THIBAUT;2006;12;5
1;THIBAUT;2008;12;3
1;THIBAUT;2011;12;3
1;THIBAUT;2014;12;3
1;THOMAS;2000;12;35
1;THOMAS;2001;12;30
1;THOMAS;2002;12;25
1;THOMAS;2003;12;20
1;THOMAS;2004;12;20
1;THOMAS;2005;12;13
1;THOMAS;2006;12;12
1;THOMAS;2007;12;11
1;THOMAS;2008;12;18
1;THOMAS;2009;12;9
1;THOMAS;2010;12;10
1;THOMAS;2011;12;6
1;THOMAS;2012;12;11
1;THOMAS;2013;12;6
1;THOMAS;2014;12;7
1;THOMAS;2015;12;11
1;THOMAS;2016;12;4
1;THOMAS;2018;12;6
1;THOMAS;2019;12;3
1;THOMAS;2020;12;4
1;THOMAS;2021;12;3
1;TIAGO;2007;12;3
1;TIAGO;2011;12;5
1;TIAGO;2012;12;6
1;TIAGO;2013;12;8
1;TIAGO;2014;12;4
1;TIAGO;2015;12;6
1;TIAGO;2017;12;9
1;TIAGO;2018;12;4
1;TIAGO;2019;12;9
1;TIAGO;2020;12;9
1;TIAGO;2021;12;6
1;TILIO;2009;12;3
1;TILIO;2015;12;3
1;TILIO;2019;12;4
1;TIM;2004;12;3
1;TIM;2009;12;3
1;TIM;2012;12;3
1;TIM;2014;12;3
1;TIM;2016;12;4
1;TIM;2018;12;6
1;TIMEO;2006;12;5
1;TIMEO;2007;12;8
1;TIMEO;2008;12;8
1;TIMEO;2009;12;16
1;TIMEO;2010;12;16
1;TIMEO;2011;12;16
1;TIMEO;2012;12;7
1;TIMÉO;2011;12;3
1;TIMÉO;2012;12;10
1;TIMÉO;2013;12;14
1;TIMÉO;2014;12;16
1;TIMÉO;2015;12;20
1;TIMÉO;2016;12;11
1;TIMÉO;2017;12;10
1;TIMÉO;2018;12;8
1;TIMÉO;2019;12;12
1;TIMÉO;2020;12;8
1;TIMÉO;2021;12;4
1;TIMOTHE;2002;12;3
1;TIMOTHE;2005;12;3
1;TIMOTHE;2009;12;4
1;TIMOTHE;2011;12;4
1;TIMOTHE;2012;12;3
1;TIMOTHÉ;2021;12;3
1;TIMOTHÉE;2003;12;3
1;TIMOTHÉE;2006;12;4
1;TIMOTHÉE;2008;12;5
1;TIMOTHÉE;2019;12;3
1;TIMOTHÉE;2020;12;3
1;TINO;2014;12;3
1;TINO;2020;12;3
1;TITOUAN;2002;12;3
1;TITOUAN;2003;12;3
1;TITOUAN;2005;12;3
1;TITOUAN;2007;12;3
1;TITOUAN;2008;12;8
1;TITOUAN;2009;12;9
1;TITOUAN;2010;12;3
1;TITOUAN;2011;12;5
1;TITOUAN;2013;12;6
1;TITOUAN;2015;12;4
1;TITOUAN;2016;12;3
1;TITOUAN;2017;12;3
1;TOM;2000;12;20
1;TOM;2001;12;12
1;TOM;2002;12;20
1;TOM;2003;12;21
1;TOM;2004;12;12
1;TOM;2005;12;18
1;TOM;2006;12;17
1;TOM;2007;12;16
1;TOM;2008;12;5
1;TOM;2009;12;15
1;TOM;2010;12;8
1;TOM;2011;12;14
1;TOM;2012;12;17
1;TOM;2013;12;12
1;TOM;2014;12;15
1;TOM;2015;12;11
1;TOM;2016;12;13
1;TOM;2017;12;10
1;TOM;2018;12;10
1;TOM;2019;12;5
1;TOM;2020;12;7
1;TOM;2021;12;7
1;TOMMY;2003;12;3
1;TONY;2001;12;3
1;TONY;2002;12;3
1;TONY;2003;12;5
1;TONY;2006;12;4
1;TONY;2008;12;3
1;TONY;2015;12;3
1;TRISTAN;2000;12;8
1;TRISTAN;2001;12;5
1;TRISTAN;2002;12;13
1;TRISTAN;2003;12;10
1;TRISTAN;2004;12;8
1;TRISTAN;2005;12;7
1;TRISTAN;2006;12;6
1;TRISTAN;2007;12;6
1;TRISTAN;2008;12;8
1;TRISTAN;2009;12;8
1;TRISTAN;2010;12;7
1;TRISTAN;2011;12;5
1;TRISTAN;2012;12;4
1;TRISTAN;2014;12;6
1;TRISTAN;2015;12;4
1;TYMÉO;2014;12;4
1;TYMÉO;2015;12;4
1;TYMÉO;2021;12;3
1;UGO;2003;12;3
1;UGO;2008;12;3
1;UGO;2013;12;3
1;VALENTIN;2000;12;10
1;VALENTIN;2001;12;8
1;VALENTIN;2002;12;11
1;VALENTIN;2003;12;11
1;VALENTIN;2004;12;13
1;VALENTIN;2005;12;17
1;VALENTIN;2006;12;9
1;VALENTIN;2007;12;8
1;VALENTIN;2008;12;5
1;VALENTIN;2009;12;4
1;VALENTIN;2010;12;3
1;VALENTIN;2011;12;8
1;VALENTIN;2012;12;3
1;VALENTIN;2013;12;7
1;VALENTIN;2014;12;9
1;VALENTIN;2015;12;7
1;VALENTIN;2016;12;9
1;VALENTIN;2017;12;12
1;VALENTIN;2018;12;7
1;VALENTIN;2019;12;9
1;VALENTIN;2020;12;5
1;VALENTIN;2021;12;5
1;VICTOR;2000;12;11
1;VICTOR;2001;12;8
1;VICTOR;2002;12;10
1;VICTOR;2003;12;9
1;VICTOR;2004;12;8
1;VICTOR;2005;12;5
1;VICTOR;2006;12;5
1;VICTOR;2007;12;4
1;VICTOR;2009;12;3
1;VICTOR;2010;12;7
1;VICTOR;2011;12;3
1;VICTOR;2012;12;9
1;VICTOR;2013;12;5
1;VICTOR;2014;12;10
1;VICTOR;2015;12;5
1;VICTOR;2016;12;4
1;VICTOR;2017;12;8
1;VICTOR;2018;12;8
1;VICTOR;2019;12;7
1;VICTOR;2020;12;6
1;VINCENT;2000;12;6
1;VINCENT;2002;12;4
1;VINCENT;2003;12;6
1;VINCENT;2004;12;5
1;VINCENT;2006;12;4
1;WALID;2014;12;3
1;WARREN;2021;12;3
1;WASSIM;2012;12;3
1;WASSIM;2017;12;4
1;WASSIM;2019;12;6
1;WILFRIED;2008;12;3
1;WILLIAM;2000;12;3
1;WILLIAM;2003;12;4
1;WILLIAM;2008;12;4
1;WILLIAM;2015;12;3
1;XAVIER;2005;12;3
1;XAVIER;2007;12;3
1;YAEL;2007;12;3
1;YAEL;2011;12;5
1;YAËL;2013;12;3
1;YANIS;2000;12;3
1;YANIS;2002;12;5
1;YANIS;2003;12;3
1;YANIS;2004;12;8
1;YANIS;2005;12;9
1;YANIS;2006;12;15
1;YANIS;2007;12;22
1;YANIS;2008;12;13
1;YANIS;2009;12;20
1;YANIS;2010;12;11
1;YANIS;2011;12;13
1;YANIS;2012;12;13
1;YANIS;2013;12;14
1;YANIS;2014;12;10
1;YANIS;2015;12;14
1;YANIS;2016;12;5
1;YANIS;2017;12;6
1;YANIS;2018;12;4
1;YANIS;2019;12;4
1;YANIS;2021;12;6
1;YANN;2000;12;4
1;YANN;2001;12;6
1;YANN;2002;12;4
1;YANN;2004;12;4
1;YANN;2005;12;4
1;YANN;2007;12;5
1;YANN;2008;12;3
1;YANN;2009;12;3
1;YANN;2011;12;3
1;YANN;2013;12;3
1;YANN;2016;12;3
1;YANNIS;2001;12;6
1;YANNIS;2008;12;3
1;YASSINE;2010;12;3
1;YLAN;2008;12;3
1;YOAN;2000;12;3
1;YOAN;2002;12;6
1;YOAN;2004;12;6
1;YOAN;2006;12;3
1;YOANN;2000;12;4
1;YOANN;2001;12;4
1;YOANN;2005;12;3
1;YOANN;2007;12;3
1;YOHAN;2000;12;9
1;YOHAN;2003;12;6
1;YOHAN;2004;12;3
1;YOHAN;2005;12;3
1;YOHAN;2006;12;5
1;YOHAN;2008;12;3
1;YOHAN;2009;12;4
1;YOHAN;2010;12;3
1;YOUNES;2005;12;3
1;YOUNES;2015;12;3
1;YOUNES;2017;12;3
2;_PRENOMS_RARES;2000;12;13
2;_PRENOMS_RARES;2001;12;16
2;_PRENOMS_RARES;2002;12;19
2;_PRENOMS_RARES;2003;12;17
2;_PRENOMS_RARES;2004;12;32
2;_PRENOMS_RARES;2005;12;32
2;_PRENOMS_RARES;2006;12;40
2;_PRENOMS_RARES;2007;12;49
2;_PRENOMS_RARES;2008;12;37
2;_PRENOMS_RARES;2009;12;42
2;_PRENOMS_RARES;2010;12;42
2;_PRENOMS_RARES;2011;12;50
2;_PRENOMS_RARES;2012;12;64
2;_PRENOMS_RARES;2013;12;51
2;_PRENOMS_RARES;2014;12;49
2;_PRENOMS_RARES;2015;12;48
2;_PRENOMS_RARES;2016;12;52
2;_PRENOMS_RARES;2017;12;63
2;_PRENOMS_RARES;2018;12;50
2;_PRENOMS_RARES;2019;12;48
2;_PRENOMS_RARES;2020;12;59
2;_PRENOMS_RARES;2021;12;56
2;ABBY;2016;12;3
2;ABIGAELLE;2008;12;3
2;ADELE;2011;12;3
2;ADELE;2012;12;3
2;ADÈLE;2000;12;6
2;ADÈLE;2002;12;3
2;ADÈLE;2003;12;4
2;ADÈLE;2004;12;4
2;ADÈLE;2005;12;6
2;ADÈLE;2009;12;6
2;ADÈLE;2012;12;3
2;ADÈLE;2013;12;10
2;ADÈLE;2014;12;8
2;ADÈLE;2015;12;7
2;ADÈLE;2016;12;9
2;ADÈLE;2017;12;10
2;ADÈLE;2018;12;10
2;ADÈLE;2019;12;10
2;ADÈLE;2020;12;13
2;ADÈLE;2021;12;4
2;ADÉLIE;2021;12;3
2;ADELINE;2002;12;3
2;AGATHE;2000;12;9
2;AGATHE;2001;12;5
2;AGATHE;2002;12;12
2;AGATHE;2003;12;4
2;AGATHE;2004;12;8
2;AGATHE;2005;12;6
2;AGATHE;2006;12;5
2;AGATHE;2007;12;5
2;AGATHE;2008;12;5
2;AGATHE;2009;12;7
2;AGATHE;2010;12;6
2;AGATHE;2011;12;8
2;AGATHE;2012;12;7
2;AGATHE;2013;12;5
2;AGATHE;2014;12;6
2;AGATHE;2016;12;7
2;AGATHE;2017;12;8
2;AGATHE;2018;12;15
2;AGATHE;2019;12;14
2;AGATHE;2020;12;11
2;AGATHE;2021;12;16
2;ALBA;2015;12;3
2;ALBA;2020;12;7
2;ALBA;2021;12;15
2;ALBANE;2008;12;4
2;ALBANE;2012;12;7
2;ALBANE;2016;12;3
2;ALBANE;2019;12;4
2;ALBANE;2020;12;3
2;ALBANE;2021;12;5
2;ALEXANDRA;2001;12;4
2;ALEXANDRA;2003;12;3
2;ALEXANDRA;2004;12;3
2;ALEXANDRA;2007;12;3
2;ALEXANDRA;2009;12;3
2;ALEXIA;2000;12;4
2;ALEXIA;2001;12;7
2;ALEXIA;2002;12;3
2;ALEXIA;2003;12;5
2;ALEXIA;2004;12;7
2;ALEXIA;2008;12;4
2;ALICE;2000;12;6
2;ALICE;2001;12;6
2;ALICE;2002;12;3
2;ALICE;2003;12;3
2;ALICE;2004;12;3
2;ALICE;2005;12;5
2;ALICE;2006;12;11
2;ALICE;2007;12;10
2;ALICE;2008;12;5
2;ALICE;2009;12;5
2;ALICE;2010;12;7
2;ALICE;2011;12;7
2;ALICE;2012;12;13
2;ALICE;2013;12;6
2;ALICE;2014;12;8
2;ALICE;2015;12;10
2;ALICE;2016;12;13
2;ALICE;2017;12;16
2;ALICE;2018;12;18
2;ALICE;2019;12;9
2;ALICE;2020;12;18
2;ALICE;2021;12;10
2;ALICIA;2000;12;8
2;ALICIA;2002;12;8
2;ALICIA;2004;12;8
2;ALICIA;2005;12;5
2;ALICIA;2006;12;8
2;ALICIA;2007;12;14
2;ALICIA;2008;12;5
2;ALICIA;2009;12;7
2;ALICIA;2010;12;8
2;ALICIA;2011;12;12
2;ALICIA;2012;12;5
2;ALICIA;2013;12;6
2;ALICIA;2014;12;7
2;ALICIA;2015;12;7
2;ALICIA;2016;12;8
2;ALICIA;2017;12;5
2;ALICIA;2019;12;5
2;ALICIA;2020;12;4
2;ALISON;2004;12;3
2;ALIX;2001;12;3
2;ALIX;2003;12;3
2;ALIX;2004;12;3
2;ALIX;2006;12;5
2;ALIX;2007;12;4
2;ALIX;2009;12;5
2;ALIX;2010;12;4
2;ALIX;2011;12;3
2;ALIX;2013;12;4
2;ALIX;2016;12;5
2;ALIX;2017;12;5
2;ALIX;2018;12;3
2;ALIX;2019;12;5
2;ALIX;2020;12;10
2;ALIX;2021;12;6
2;ALIYAH;2016;12;3
2;ALIZÉE;2001;12;12
2;ALIZÉE;2002;12;7
2;ALIZÉE;2006;12;5
2;ALIZÉE;2007;12;5
2;ALIZÉE;2008;12;4
2;ALIZÉE;2009;12;3
2;ALIZÉE;2013;12;3
2;ALIZÉE;2014;12;3
2;ALIZÉE;2019;12;3
2;ALMA;2020;12;5
2;ALMA;2021;12;6
2;ALYA;2020;12;3
2;ALYA;2021;12;3
2;ALYCIA;2006;12;3
2;ALYCIA;2009;12;3
2;ALYCIA;2010;12;4
2;ALYCIA;2011;12;4
2;ALYCIA;2013;12;4
2;ALYSSA;2009;12;3
2;ALYSSA;2011;12;3
2;ALYSSA;2019;12;3
2;ALYSSIA;2006;12;3
2;ALYSSIA;2015;12;4
2;AMALIA;2018;12;3
2;AMANDINE;2000;12;7
2;AMANDINE;2001;12;10
2;AMANDINE;2002;12;9
2;AMANDINE;2003;12;5
2;AMANDINE;2004;12;6
2;AMANDINE;2005;12;5
2;AMANDINE;2006;12;4
2;AMANDINE;2008;12;3
2;AMANDINE;2009;12;7
2;AMANDINE;2013;12;5
2;AMANDINE;2017;12;3
2;AMAYA;2020;12;3
2;AMBRE;2000;12;3
2;AMBRE;2001;12;4
2;AMBRE;2002;12;6
2;AMBRE;2003;12;6
2;AMBRE;2004;12;11
2;AMBRE;2005;12;16
2;AMBRE;2006;12;5
2;AMBRE;2007;12;11
2;AMBRE;2008;12;8
2;AMBRE;2009;12;10
2;AMBRE;2010;12;9
2;AMBRE;2011;12;5
2;AMBRE;2012;12;6
2;AMBRE;2013;12;8
2;AMBRE;2014;12;9
2;AMBRE;2015;12;7
2;AMBRE;2016;12;11
2;AMBRE;2017;12;10
2;AMBRE;2018;12;8
2;AMBRE;2019;12;17
2;AMBRE;2020;12;11
2;AMBRE;2021;12;14
2;AMÉLIA;2009;12;3
2;AMÉLIA;2016;12;5
2;AMÉLIA;2017;12;6
2;AMÉLIA;2020;12;4
2;AMÉLIE;2000;12;10
2;AMÉLIE;2001;12;7
2;AMÉLIE;2002;12;6
2;AMÉLIE;2003;12;6
2;AMÉLIE;2004;12;7
2;AMÉLIE;2005;12;5
2;AMÉLIE;2006;12;3
2;AMÉLIE;2007;12;3
2;AMÉLIE;2008;12;9
2;AMÉLIE;2009;12;4
2;AMÉLIE;2012;12;3
2;AMINA;2009;12;3
2;AMIRA;2011;12;3
2;ANA;2005;12;3
2;ANA;2008;12;3
2;ANA;2018;12;3
2;ANA;2019;12;4
2;ANA;2021;12;3
2;ANAE;2005;12;3
2;ANAE;2009;12;4
2;ANAE;2010;12;5
2;ANAÉ;2013;12;3
2;ANAÉ;2019;12;6
2;ANAË;2014;12;3
2;ANAELLE;2000;12;5
2;ANAELLE;2005;12;4
2;ANAELLE;2006;12;5
2;ANAELLE;2007;12;4
2;ANAELLE;2009;12;3
2;ANAELLE;2011;12;5
2;ANAËLLE;2016;12;4
2;ANAIS;2010;12;7
2;ANAIS;2011;12;11
2;ANAÏS;2000;12;12
2;ANAÏS;2001;12;18
2;ANAÏS;2002;12;14
2;ANAÏS;2003;12;21
2;ANAÏS;2004;12;13
2;ANAÏS;2005;12;10
2;ANAÏS;2006;12;15
2;ANAÏS;2007;12;13
2;ANAÏS;2008;12;13
2;ANAÏS;2009;12;16
2;ANAÏS;2010;12;5
2;ANAÏS;2012;12;4
2;ANAÏS;2013;12;3
2;ANAÏS;2014;12;4
2;ANAÏS;2015;12;3
2;ANAÏS;2016;12;6
2;ANAÏS;2017;12;4
2;ANAÏS;2018;12;3
2;ANAÏS;2019;12;3
2;ANASTASIA;2016;12;3
2;ANASTASIA;2021;12;3
2;ANAYA;2018;12;3
2;ANDRÉA;2000;12;3
2;ANDRÉA;2003;12;5
2;ANDRÉA;2004;12;3
2;ANDRÉA;2005;12;8
2;ANDRÉA;2006;12;3
2;ANDRÉA;2008;12;3
2;ANDRÉA;2014;12;3
2;ANDRÉA;2018;12;5
2;ANGÈLE;2001;12;3
2;ANGÈLE;2003;12;4
2;ANGÈLE;2005;12;3
2;ANGÈLE;2007;12;4
2;ANGÈLE;2009;12;3
2;ANGÈLE;2017;12;3
2;ANGÈLE;2019;12;4
2;ANGÈLE;2020;12;3
2;ANGÈLE;2021;12;3
2;ANGELINA;2006;12;4
2;ANGELINA;2009;12;4
2;ANGELINA;2011;12;3
2;ANGELINE;2002;12;4
2;ANGELIQUE;2002;12;4
2;ANISSA;2003;12;3
2;ANISSA;2009;12;4
2;ANISSA;2010;12;4
2;ANNA;2001;12;5
2;ANNA;2004;12;6
2;ANNA;2006;12;4
2;ANNA;2007;12;6
2;ANNA;2008;12;4
2;ANNA;2009;12;5
2;ANNA;2010;12;6
2;ANNA;2011;12;3
2;ANNA;2012;12;5
2;ANNA;2013;12;7
2;ANNA;2014;12;5
2;ANNA;2015;12;10
2;ANNA;2016;12;11
2;ANNA;2017;12;11
2;ANNA;2018;12;5
2;ANNA;2019;12;6
2;ANNA;2020;12;10
2;ANNA;2021;12;15
2;ANNAËLLE;2015;12;3
2;ANOUK;2000;12;3
2;ANOUK;2006;12;4
2;ANOUK;2010;12;3
2;ANOUK;2013;12;3
2;ANOUK;2014;12;6
2;ANOUK;2021;12;3
2;APOLLINE;2013;12;3
2;APOLLINE;2017;12;3
2;ARIA;2021;12;3
2;ARYA;2015;12;3
2;ARYA;2021;12;4
2;ASHLEY;2014;12;3
2;ASSIA;2017;12;5
2;ATHÉNAÏS;2016;12;3
2;AUDREY;2000;12;11
2;AUDREY;2001;12;4
2;AUDREY;2002;12;6
2;AUDREY;2003;12;3
2;AUDREY;2004;12;6
2;AUDREY;2005;12;5
2;AUDREY;2006;12;3
2;AUGUSTINE;2018;12;3
2;AUGUSTINE;2019;12;5
2;AUGUSTINE;2021;12;3
2;AURÉLIE;2000;12;5
2;AURÉLIE;2001;12;6
2;AURÉLIE;2002;12;5
2;AURÉLIE;2003;12;6
2;AURÉLIE;2004;12;4
2;AURÉLIE;2009;12;3
2;AURIANE;2008;12;3
2;AURORE;2000;12;6
2;AURORE;2002;12;3
2;AVA;2016;12;3
2;AVA;2017;12;3
2;AVA;2021;12;3
2;AXELLE;2000;12;8
2;AXELLE;2001;12;3
2;AXELLE;2002;12;3
2;AXELLE;2004;12;3
2;AXELLE;2005;12;4
2;AXELLE;2008;12;4
2;AXELLE;2011;12;3
2;AXELLE;2019;12;3
2;AYA;2009;12;3
2;AYA;2013;12;3
2;AYA;2014;12;3
2;AYA;2016;12;4
2;AYA;2017;12;3
2;AYLINE;2017;12;3
2;BERTILLE;2005;12;3
2;BLANDINE;2004;12;4
2;CALI;2011;12;3
2;CALIE;2009;12;3
2;CALIE;2014;12;6
2;CALIE;2016;12;3
2;CALIE;2019;12;3
2;CALIE;2021;12;3
2;CAMÉLIA;2004;12;3
2;CAMILLE;2000;12;22
2;CAMILLE;2001;12;22
2;CAMILLE;2002;12;13
2;CAMILLE;2003;12;18
2;CAMILLE;2004;12;17
2;CAMILLE;2005;12;10
2;CAMILLE;2006;12;15
2;CAMILLE;2007;12;9
2;CAMILLE;2008;12;21
2;CAMILLE;2009;12;12
2;CAMILLE;2010;12;15
2;CAMILLE;2011;12;13
2;CAMILLE;2012;12;12
2;CAMILLE;2013;12;12
2;CAMILLE;2014;12;8
2;CAMILLE;2015;12;10
2;CAMILLE;2016;12;9
2;CAMILLE;2017;12;5
2;CAMILLE;2018;12;7
2;CAMILLE;2020;12;6
2;CAMILLE;2021;12;3
2;CANDICE;2004;12;8
2;CANDICE;2005;12;3
2;CANDICE;2006;12;7
2;CANDICE;2007;12;3
2;CANDICE;2008;12;4
2;CANDICE;2009;12;5
2;CANDICE;2010;12;3
2;CANDICE;2011;12;4
2;CANDICE;2012;12;4
2;CANDICE;2014;12;3
2;CANDICE;2015;12;4
2;CANDICE;2017;12;3
2;CANDICE;2018;12;5
2;CANDICE;2020;12;3
2;CAPUCINE;2002;12;3
2;CAPUCINE;2009;12;3
2;CAPUCINE;2011;12;3
2;CAPUCINE;2012;12;3
2;CAPUCINE;2013;12;3
2;CAPUCINE;2014;12;3
2;CAPUCINE;2015;12;3
2;CAPUCINE;2016;12;5
2;CAPUCINE;2017;12;9
2;CAPUCINE;2019;12;5
2;CAPUCINE;2020;12;4
2;CAPUCINE;2021;12;5
2;CARLA;2000;12;6
2;CARLA;2001;12;5
2;CARLA;2002;12;4
2;CARLA;2003;12;7
2;CARLA;2004;12;5
2;CARLA;2005;12;6
2;CARLA;2006;12;7
2;CARLA;2007;12;5
2;CARLA;2008;12;7
2;CARLA;2010;12;5
2;CAROLINE;2000;12;5
2;CAROLINE;2002;12;6
2;CASSANDRA;2000;12;5
2;CASSANDRA;2002;12;4
2;CASSANDRA;2003;12;5
2;CASSANDRA;2004;12;9
2;CASSANDRA;2008;12;5
2;CASSANDRA;2018;12;3
2;CASSANDRE;2006;12;3
2;CASSANDRE;2008;12;3
2;CASSANDRE;2013;12;3
2;CÉLESTINE;2013;12;3
2;CÉLESTINE;2018;12;3
2;CÉLESTINE;2019;12;3
2;CELIA;2010;12;5
2;CELIA;2011;12;8
2;CELIA;2012;12;6
2;CÉLIA;2000;12;14
2;CÉLIA;2001;12;13
2;CÉLIA;2002;12;21
2;CÉLIA;2003;12;13
2;CÉLIA;2004;12;13
2;CÉLIA;2005;12;7
2;CÉLIA;2006;12;14
2;CÉLIA;2007;12;11
2;CÉLIA;2008;12;8
2;CÉLIA;2009;12;6
2;CÉLIA;2012;12;6
2;CÉLIA;2013;12;12
2;CÉLIA;2014;12;4
2;CÉLIA;2015;12;4
2;CÉLIA;2016;12;8
2;CÉLIA;2017;12;5
2;CÉLIA;2018;12;3
2;CÉLIA;2020;12;3
2;CÉLIA;2021;12;3
2;CÉLINE;2000;12;4
2;CHARLENE;2011;12;4
2;CHARLÈNE;2000;12;3
2;CHARLÈNE;2002;12;3
2;CHARLÈNE;2008;12;3
2;CHARLIE;2010;12;3
2;CHARLIE;2016;12;3
2;CHARLIE;2018;12;3
2;CHARLIE;2020;12;14
2;CHARLIE;2021;12;4
2;CHARLINE;2001;12;3
2;CHARLINE;2002;12;3
2;CHARLINE;2004;12;3
2;CHARLINE;2008;12;3
2;CHARLINE;2011;12;3
2;CHARLINE;2012;12;5
2;CHARLINE;2014;12;3
2;CHARLINE;2016;12;6
2;CHARLINE;2018;12;4
2;CHARLOTTE;2000;12;6
2;CHARLOTTE;2001;12;11
2;CHARLOTTE;2002;12;8
2;CHARLOTTE;2003;12;6
2;CHARLOTTE;2004;12;7
2;CHARLOTTE;2005;12;8
2;CHARLOTTE;2006;12;10
2;CHARLOTTE;2007;12;4
2;CHARLOTTE;2008;12;7
2;CHARLOTTE;2009;12;9
2;CHARLOTTE;2010;12;8
2;CHARLOTTE;2011;12;3
2;CHARLOTTE;2012;12;7
2;CHARLOTTE;2013;12;8
2;CHARLOTTE;2014;12;6
2;CHARLOTTE;2015;12;11
2;CHARLOTTE;2016;12;4
2;CHARLOTTE;2017;12;8
2;CHARLOTTE;2018;12;7
2;CHARLOTTE;2019;12;6
2;CHARLOTTE;2020;12;5
2;CHARLOTTE;2021;12;6
2;CHLOE;2010;12;10
2;CHLOE;2011;12;16
2;CHLOE;2012;12;7
2;CHLOÉ;2000;12;29
2;CHLOÉ;2001;12;28
2;CHLOÉ;2002;12;22
2;CHLOÉ;2003;12;23
2;CHLOÉ;2004;12;24
2;CHLOÉ;2005;12;19
2;CHLOÉ;2006;12;28
2;CHLOÉ;2007;12;15
2;CHLOÉ;2008;12;19
2;CHLOÉ;2009;12;21
2;CHLOÉ;2010;12;10
2;CHLOÉ;2012;12;9
2;CHLOÉ;2013;12;16
2;CHLOÉ;2014;12;19
2;CHLOÉ;2015;12;17
2;CHLOÉ;2016;12;23
2;CHLOÉ;2017;12;12
2;CHLOÉ;2018;12;6
2;CHLOÉ;2019;12;13
2;CHLOÉ;2020;12;4
2;CHLOÉ;2021;12;12
2;CINDY;2000;12;4
2;CINDY;2001;12;5
2;CINDY;2002;12;3
2;CINDY;2003;12;3
2;CLAIRE;2000;12;4
2;CLAIRE;2001;12;10
2;CLAIRE;2002;12;5
2;CLAIRE;2003;12;4
2;CLAIRE;2004;12;3
2;CLAIRE;2009;12;3
2;CLAIRE;2012;12;3
2;CLARA;2000;12;13
2;CLARA;2001;12;24
2;CLARA;2002;12;26
2;CLARA;2003;12;24
2;CLARA;2004;12;26
2;CLARA;2005;12;32
2;CLARA;2006;12;17
2;CLARA;2007;12;29
2;CLARA;2008;12;24
2;CLARA;2009;12;17
2;CLARA;2010;12;19
2;CLARA;2011;12;13
2;CLARA;2012;12;12
2;CLARA;2013;12;6
2;CLARA;2014;12;5
2;CLARA;2015;12;12
2;CLARA;2016;12;6
2;CLARA;2017;12;4
2;CLARA;2018;12;7
2;CLARA;2021;12;4
2;CLARISSE;2001;12;5
2;CLARISSE;2003;12;7
2;CLARISSE;2004;12;4
2;CLARISSE;2005;12;3
2;CLARISSE;2006;12;3
2;CLARISSE;2007;12;3
2;CLARISSE;2009;12;3
2;CLARISSE;2010;12;4
2;CLARISSE;2012;12;3
2;CLARISSE;2013;12;6
2;CLEA;2011;12;4
2;CLÉA;2007;12;3
2;CLÉA;2012;12;4
2;CLÉA;2013;12;3
2;CLÉA;2014;12;4
2;CLÉA;2015;12;4
2;CLÉA;2017;12;3
2;CLÉA;2018;12;3
2;CLÉA;2019;12;3
2;CLÉA;2020;12;4
2;CLELIA;2006;12;3
2;CLEMENCE;2010;12;3
2;CLEMENCE;2011;12;6
2;CLEMENCE;2012;12;5
2;CLÉMENCE;2000;12;8
2;CLÉMENCE;2001;12;7
2;CLÉMENCE;2002;12;9
2;CLÉMENCE;2003;12;8
2;CLÉMENCE;2004;12;3
2;CLÉMENCE;2005;12;5
2;CLÉMENCE;2006;12;11
2;CLÉMENCE;2007;12;11
2;CLÉMENCE;2008;12;6
2;CLÉMENCE;2009;12;11
2;CLÉMENCE;2010;12;3
2;CLÉMENCE;2011;12;3
2;CLÉMENCE;2012;12;5
2;CLÉMENCE;2013;12;8
2;CLÉMENCE;2014;12;5
2;CLÉMENCE;2015;12;12
2;CLÉMENCE;2016;12;6
2;CLÉMENCE;2018;12;7
2;CLÉMENCE;2019;12;7
2;CLÉMENCE;2020;12;6
2;CLÉMENCE;2021;12;10
2;CLÉMENTINE;2006;12;3
2;CLÉMENTINE;2015;12;3
2;CLÉMENTINE;2017;12;3
2;CLOE;2001;12;3
2;CLOE;2002;12;3
2;CLOE;2003;12;4
2;CLOE;2004;12;4
2;CLOE;2006;12;3
2;CLOE;2008;12;3
2;CLOE;2012;12;3
2;CLOÉ;2015;12;3
2;CLOÉ;2016;12;4
2;CLOTILDE;2006;12;4
2;COLINE;2000;12;3
2;COLINE;2002;12;3
2;COLINE;2003;12;3
2;COLINE;2005;12;5
2;COLINE;2006;12;4
2;COLINE;2008;12;4
2;COLINE;2011;12;3
2;COLINE;2013;12;3
2;COLINE;2014;12;4
2;COLINE;2016;12;6
2;COLINE;2019;12;6
2;CONSTANCE;2010;12;3
2;CONSTANCE;2015;12;3
2;CONSTANCE;2016;12;3
2;CORALIE;2000;12;11
2;CORALIE;2001;12;6
2;CORALIE;2002;12;5
2;CORALIE;2003;12;6
2;CORALIE;2004;12;5
2;CORALIE;2005;12;4
2;CORALIE;2006;12;4
2;CYRIELLE;2003;12;3
2;CYRIELLE;2007;12;3
2;DIANE;2021;12;3
2;DORIANE;2003;12;3
2;DORIANE;2007;12;3
2;EDEN;2012;12;4
2;EILEEN;2012;12;3
2;ELEA;2003;12;3
2;ELEA;2004;12;3
2;ELEA;2006;12;3
2;ELEA;2007;12;3
2;ELEA;2009;12;3
2;ELEA;2011;12;8
2;ELEA;2012;12;3
2;ELÉA;2012;12;3
2;ELÉA;2014;12;3
2;ELÉA;2015;12;4
2;ELÉA;2018;12;3
2;ELENA;2000;12;3
2;ELENA;2001;12;3
2;ELENA;2007;12;3
2;ELENA;2008;12;3
2;ELENA;2010;12;4
2;ELENA;2012;12;3
2;ELENA;2014;12;4
2;ELENA;2015;12;4
2;ELENA;2016;12;4
2;ELENA;2017;12;3
2;ELENA;2018;12;5
2;ELENA;2019;12;4
2;ELENA;2020;12;6
2;ELENA;2021;12;4
2;ELÉNA;2012;12;3
2;ELÉNA;2014;12;3
2;ELÉNA;2017;12;6
2;ELÉNA;2018;12;5
2;ELÉNA;2019;12;7
2;ELÉNA;2021;12;3
2;ELÉONORE;2012;12;3
2;ELÉONORE;2014;12;3
2;ELÉONORE;2017;12;4
2;ELÉONORE;2019;12;3
2;ELIA;2002;12;3
2;ELIA;2006;12;4
2;ELIA;2009;12;3
2;ELIA;2010;12;5
2;ELIA;2013;12;3
2;ELIA;2018;12;9
2;ELIA;2019;12;5
2;ELIA;2020;12;4
2;ELINA;2000;12;3
2;ELINA;2001;12;4
2;ELINA;2002;12;4
2;ELINA;2004;12;3
2;ELINA;2005;12;5
2;ELINA;2006;12;5
2;ELINA;2007;12;4
2;ELINA;2009;12;4
2;ELINA;2010;12;7
2;ELINA;2011;12;9
2;ELINA;2012;12;3
2;ELINA;2013;12;3
2;ELINA;2015;12;3
2;ELINA;2018;12;3
2;ÉLINA;2021;12;3
2;ELINE;2010;12;3
2;ELINE;2011;12;3
2;ELINE;2012;12;4
2;ELINE;2020;12;3
2;ELISA;2000;12;10
2;ELISA;2001;12;8
2;ELISA;2002;12;9
2;ELISA;2003;12;9
2;ELISA;2004;12;6
2;ELISA;2005;12;4
2;ELISA;2006;12;9
2;ELISA;2007;12;11
2;ELISA;2008;12;8
2;ELISA;2009;12;6
2;ELISA;2010;12;4
2;ELISA;2011;12;7
2;ELISA;2012;12;8
2;ELISA;2014;12;3
2;ELISA;2015;12;3
2;ELISE;2000;12;7
2;ELISE;2001;12;12
2;ELISE;2002;12;5
2;ELISE;2003;12;4
2;ELISE;2004;12;3
2;ELISE;2005;12;7
2;ELISE;2006;12;8
2;ELISE;2007;12;5
2;ELISE;2008;12;6
2;ELISE;2009;12;9
2;ELISE;2010;12;10
2;ELISE;2011;12;6
2;ELISE;2012;12;6
2;ELISE;2013;12;7
2;ELISE;2014;12;6
2;ELISE;2015;12;4
2;ELISE;2016;12;10
2;ELISE;2017;12;5
2;ELISE;2018;12;7
2;ELISE;2019;12;4
2;ELISE;2020;12;8
2;ELISE;2021;12;6
2;ELLA;2021;12;3
2;ELLIE;2015;12;3
2;ELLIE;2017;12;3
2;ELLIE;2021;12;4
2;ELLYN;2016;12;3
2;ELOANE;2009;12;3
2;ELODIE;2000;12;4
2;ELODIE;2001;12;9
2;ELODIE;2002;12;4
2;ELODIE;2003;12;8
2;ELODIE;2004;12;8
2;ELODIE;2005;12;4
2;ELODIE;2007;12;3
2;ELOISE;2001;12;5
2;ELOISE;2002;12;3
2;ELOISE;2003;12;7
2;ELOISE;2004;12;7
2;ELOISE;2005;12;7
2;ELOISE;2006;12;5
2;ELOISE;2007;12;9
2;ELOISE;2008;12;7
2;ELOISE;2009;12;5
2;ELOISE;2010;12;5
2;ELOISE;2011;12;4
2;ELOÏSE;2013;12;6
2;ELOÏSE;2014;12;4
2;ELOÏSE;2015;12;8
2;ELOÏSE;2016;12;4
2;ELOÏSE;2017;12;4
2;ELSA;2000;12;5
2;ELSA;2001;12;6
2;ELSA;2002;12;10
2;ELSA;2003;12;10
2;ELSA;2004;12;3
2;ELSA;2005;12;13
2;ELSA;2006;12;6
2;ELSA;2007;12;6
2;ELSA;2008;12;5
2;ELSA;2009;12;4
2;ELSA;2010;12;7
2;ELSA;2011;12;3
2;ELSA;2012;12;9
2;ELSA;2014;12;3
2;ELSA;2015;12;11
2;ELSA;2016;12;3
2;ELSA;2018;12;4
2;ELSA;2019;12;5
2;ELYA;2013;12;6
2;ELYNE;2014;12;3
2;EMA;2009;12;6
2;EMA;2014;12;3
2;EMA;2016;12;3
2;EMA;2019;12;3
2;EMA;2021;12;3
2;EMELINE;2001;12;7
2;EMELINE;2002;12;3
2;EMELINE;2004;12;3
2;EMELINE;2006;12;3
2;EMELINE;2008;12;3
2;EMILIE;2000;12;5
2;EMILIE;2001;12;12
2;EMILIE;2002;12;10
2;EMILIE;2003;12;9
2;EMILIE;2004;12;5
2;EMILIE;2005;12;14
2;EMILIE;2006;12;6
2;EMILIE;2007;12;10
2;EMILIE;2012;12;8
2;EMILIE;2013;12;5
2;EMILIE;2014;12;3
2;EMILIE;2015;12;6
2;EMILIE;2016;12;3
2;EMILIE;2020;12;3
2;EMMA;2000;12;24
2;EMMA;2001;12;20
2;EMMA;2002;12;27
2;EMMA;2003;12;30
2;EMMA;2004;12;24
2;EMMA;2005;12;30
2;EMMA;2006;12;20
2;EMMA;2007;12;13
2;EMMA;2008;12;15
2;EMMA;2009;12;19
2;EMMA;2010;12;24
2;EMMA;2011;12;20
2;EMMA;2012;12;16
2;EMMA;2013;12;19
2;EMMA;2014;12;18
2;EMMA;2015;12;18
2;EMMA;2016;12;15
2;EMMA;2017;12;20
2;EMMA;2018;12;15
2;EMMA;2019;12;17
2;EMMA;2020;12;11
2;EMMA;2021;12;10
2;EMMY;2003;12;3
2;EMMY;2006;12;3
2;EMMY;2008;12;4
2;EMMY;2010;12;6
2;EMMY;2012;12;4
2;EMMY;2013;12;7
2;EMMY;2017;12;3
2;EMMY;2020;12;5
2;EMY;2006;12;6
2;EMY;2007;12;3
2;EMY;2008;12;4
2;EMY;2009;12;11
2;EMY;2010;12;7
2;EMY;2011;12;4
2;EMY;2012;12;7
2;EMY;2013;12;3
2;EMY;2014;12;3
2;EMY;2015;12;4
2;EMY;2016;12;5
2;EMY;2017;12;4
2;EMY;2018;12;5
2;EMY;2019;12;8
2;EMY;2020;12;5
2;EMY;2021;12;7
2;ENOLA;2010;12;3
2;ENOLA;2012;12;3
2;ENORA;2003;12;3
2;ENORA;2007;12;4
2;ENORA;2010;12;5
2;ENORA;2012;12;3
2;ENORA;2013;12;6
2;ENORA;2014;12;6
2;ENORA;2018;12;3
2;ESTELLE;2000;12;10
2;ESTELLE;2001;12;7
2;ESTELLE;2002;12;8
2;ESTELLE;2005;12;3
2;ESTELLE;2006;12;3
2;ESTELLE;2007;12;5
2;ESTELLE;2009;12;3
2;ESTELLE;2010;12;4
2;ESTELLE;2011;12;3
2;ESTELLE;2012;12;4
2;ESTELLE;2015;12;6
2;ESTELLE;2016;12;4
2;ESTELLE;2018;12;3
2;EUGÉNIE;2001;12;4
2;EUGÉNIE;2002;12;3
2;EUGÉNIE;2004;12;4
2;EVA;2000;12;7
2;EVA;2001;12;10
2;EVA;2002;12;15
2;EVA;2003;12;13
2;EVA;2004;12;9
2;EVA;2005;12;12
2;EVA;2006;12;15
2;EVA;2007;12;14
2;EVA;2008;12;7
2;EVA;2009;12;10
2;EVA;2010;12;10
2;EVA;2011;12;13
2;EVA;2012;12;9
2;EVA;2013;12;10
2;EVA;2014;12;5
2;EVA;2015;12;8
2;EVA;2016;12;7
2;EVA;2017;12;3
2;EVA;2018;12;8
2;EVA;2019;12;3
2;EVA;2020;12;5
2;EVA;2021;12;7
2;EVE;2001;12;3
2;EVE;2005;12;3
2;EVE;2007;12;4
2;EVE;2012;12;3
2;EYLINE;2008;12;3
2;FANNY;2000;12;8
2;FANNY;2001;12;4
2;FANNY;2002;12;7
2;FANNY;2003;12;8
2;FANNY;2004;12;5
2;FANNY;2005;12;7
2;FANNY;2006;12;8
2;FANNY;2007;12;3
2;FANNY;2008;12;7
2;FANNY;2009;12;8
2;FANNY;2010;12;5
2;FANNY;2012;12;5
2;FANNY;2013;12;4
2;FANNY;2015;12;3
2;FARAH;2011;12;3
2;FAUSTINE;2004;12;5
2;FAUSTINE;2005;12;3
2;FAUSTINE;2006;12;4
2;FAUSTINE;2007;12;9
2;FAUSTINE;2008;12;8
2;FAUSTINE;2009;12;6
2;FAUSTINE;2010;12;6
2;FAUSTINE;2011;12;4
2;FAUSTINE;2012;12;8
2;FAUSTINE;2014;12;7
2;FAUSTINE;2016;12;9
2;FAUSTINE;2017;12;6
2;FAUSTINE;2018;12;6
2;FAUSTINE;2019;12;3
2;FAUSTINE;2020;12;3
2;FLAVIE;2001;12;9
2;FLAVIE;2002;12;9
2;FLAVIE;2003;12;9
2;FLAVIE;2004;12;5
2;FLAVIE;2005;12;5
2;FLAVIE;2006;12;7
2;FLAVIE;2007;12;6
2;FLAVIE;2008;12;7
2;FLAVIE;2010;12;4
2;FLAVIE;2011;12;4
2;FLAVIE;2013;12;3
2;FLAVIE;2018;12;4
2;FLORA;2006;12;6
2;FLORA;2008;12;5
2;FLORINE;2000;12;3
2;FLORINE;2012;12;3
2;GABRIELLE;2007;12;4
2;GABRIELLE;2011;12;4
2;GABRIELLE;2012;12;3
2;GABRIELLE;2014;12;3
2;GABRIELLE;2016;12;4
2;GABRIELLE;2018;12;5
2;GABRIELLE;2019;12;3
2;GABRIELLE;2021;12;3
2;GAELLE;2000;12;4
2;GAËLLE;2015;12;3
2;GARANCE;2005;12;3
2;GARANCE;2009;12;3
2;GARANCE;2010;12;4
2;GARANCE;2011;12;3
2;GARANCE;2012;12;3
2;GARANCE;2013;12;3
2;GARANCE;2021;12;4
2;GIULIA;2015;12;3
2;GIULIA;2016;12;5
2;GIULIA;2019;12;4
2;GIULIA;2020;12;6
2;GWENAELLE;2006;12;4
2;HANAE;2006;12;3
2;HELOISE;2010;12;3
2;HELOISE;2011;12;3
2;HÉLOÏSE;2000;12;5
2;HÉLOÏSE;2002;12;3
2;HÉLOÏSE;2005;12;3
2;HÉLOÏSE;2006;12;3
2;HÉLOÏSE;2007;12;3
2;HÉLOÏSE;2013;12;5
2;HÉLOÏSE;2014;12;4
2;HÉLOÏSE;2017;12;6
2;HÉLOÏSE;2020;12;6
2;HORTENSE;2021;12;3
2;ILONA;2001;12;4
2;ILONA;2004;12;7
2;ILONA;2005;12;4
2;ILONA;2012;12;3
2;INAYA;2009;12;3
2;INAYA;2010;12;3
2;INAYA;2012;12;6
2;INAYA;2014;12;4
2;INAYA;2015;12;3
2;INAYA;2017;12;10
2;INAYA;2018;12;5
2;INAYA;2019;12;5
2;INAYA;2020;12;5
2;INAYA;2021;12;3
2;INES;2010;12;10
2;INES;2011;12;25
2;INES;2012;12;6
2;INES;2013;12;4
2;INES;2017;12;3
2;INÈS;2000;12;10
2;INÈS;2001;12;12
2;INÈS;2002;12;13
2;INÈS;2003;12;22
2;INÈS;2004;12;19
2;INÈS;2005;12;16
2;INÈS;2006;12;11
2;INÈS;2007;12;14
2;INÈS;2008;12;23
2;INÈS;2009;12;16
2;INÈS;2010;12;6
2;INÈS;2011;12;3
2;INÈS;2012;12;5
2;INÈS;2013;12;8
2;INÈS;2014;12;13
2;INÈS;2015;12;17
2;INÈS;2016;12;13
2;INÈS;2017;12;14
2;INÈS;2018;12;11
2;INÈS;2019;12;10
2;INÈS;2020;12;6
2;INÈS;2021;12;7
2;IRIS;2009;12;5
2;IRIS;2016;12;4
2;IRIS;2017;12;3
2;IRIS;2018;12;4
2;IRIS;2019;12;15
2;IRIS;2020;12;9
2;IRIS;2021;12;10
2;ISAURE;2009;12;3
2;IZIA;2013;12;5
2;IZIA;2014;12;3
2;IZIA;2017;12;4
2;JADE;2000;12;8
2;JADE;2001;12;5
2;JADE;2002;12;10
2;JADE;2003;12;13
2;JADE;2004;12;16
2;JADE;2005;12;9
2;JADE;2006;12;20
2;JADE;2007;12;24
2;JADE;2008;12;21
2;JADE;2009;12;21
2;JADE;2010;12;22
2;JADE;2011;12;17
2;JADE;2012;12;20
2;JADE;2013;12;21
2;JADE;2014;12;21
2;JADE;2015;12;16
2;JADE;2016;12;12
2;JADE;2017;12;24
2;JADE;2018;12;19
2;JADE;2019;12;8
2;JADE;2020;12;16
2;JADE;2021;12;14
2;JEANNE;2000;12;7
2;JEANNE;2001;12;5
2;JEANNE;2002;12;6
2;JEANNE;2003;12;5
2;JEANNE;2004;12;8
2;JEANNE;2005;12;8
2;JEANNE;2006;12;7
2;JEANNE;2007;12;7
2;JEANNE;2008;12;5
2;JEANNE;2009;12;7
2;JEANNE;2011;12;9
2;JEANNE;2012;12;8
2;JEANNE;2014;12;4
2;JEANNE;2015;12;4
2;JEANNE;2016;12;5
2;JEANNE;2017;12;10
2;JEANNE;2018;12;9
2;JEANNE;2019;12;6
2;JEANNE;2020;12;3
2;JEANNE;2021;12;9
2;JESSICA;2001;12;3
2;JESSICA;2002;12;5
2;JESSICA;2005;12;3
2;JESSICA;2006;12;3
2;JOSÉPHINE;2020;12;4
2;JOY;2011;12;3
2;JOY;2012;12;3
2;JOY;2018;12;3
2;JOY;2019;12;3
2;JOY;2021;12;3
2;JULIA;2001;12;5
2;JULIA;2004;12;4
2;JULIA;2005;12;4
2;JULIA;2006;12;3
2;JULIA;2007;12;7
2;JULIA;2008;12;6
2;JULIA;2009;12;3
2;JULIA;2010;12;5
2;JULIA;2011;12;3
2;JULIA;2012;12;4
2;JULIA;2013;12;11
2;JULIA;2014;12;8
2;JULIA;2015;12;13
2;JULIA;2016;12;10
2;JULIA;2017;12;7
2;JULIA;2018;12;11
2;JULIA;2019;12;12
2;JULIA;2020;12;8
2;JULIA;2021;12;10
2;JULIE;2000;12;19
2;JULIE;2001;12;19
2;JULIE;2002;12;12
2;JULIE;2003;12;18
2;JULIE;2004;12;17
2;JULIE;2005;12;16
2;JULIE;2006;12;10
2;JULIE;2007;12;9
2;JULIE;2008;12;6
2;JULIE;2009;12;13
2;JULIE;2010;12;14
2;JULIE;2011;12;4
2;JULIE;2012;12;5
2;JULIE;2014;12;3
2;JULIETTE;2000;12;10
2;JULIETTE;2001;12;3
2;JULIETTE;2002;12;10
2;JULIETTE;2003;12;3
2;JULIETTE;2004;12;9
2;JULIETTE;2005;12;12
2;JULIETTE;2006;12;6
2;JULIETTE;2007;12;16
2;JULIETTE;2008;12;10
2;JULIETTE;2009;12;14
2;JULIETTE;2010;12;9
2;JULIETTE;2011;12;12
2;JULIETTE;2012;12;15
2;JULIETTE;2013;12;9
2;JULIETTE;2014;12;13
2;JULIETTE;2015;12;12
2;JULIETTE;2016;12;12
2;JULIETTE;2017;12;9
2;JULIETTE;2018;12;14
2;JULIETTE;2019;12;12
2;JULIETTE;2020;12;10
2;JULIETTE;2021;12;11
2;JUSTINE;2000;12;18
2;JUSTINE;2001;12;15
2;JUSTINE;2002;12;12
2;JUSTINE;2003;12;14
2;JUSTINE;2004;12;11
2;JUSTINE;2005;12;12
2;JUSTINE;2006;12;12
2;JUSTINE;2007;12;8
2;JUSTINE;2008;12;9
2;JUSTINE;2009;12;10
2;JUSTINE;2010;12;12
2;JUSTINE;2011;12;3
2;JUSTINE;2012;12;5
2;JUSTINE;2013;12;7
2;JUSTINE;2014;12;7
2;JUSTINE;2015;12;4
2;JUSTINE;2018;12;3
2;JUSTINE;2019;12;5
2;KÉLIA;2014;12;5
2;KELLY;2003;12;3
2;KELLY;2008;12;3
2;KÉLYA;2016;12;3
2;KIARA;2021;12;4
2;KLARA;2012;12;3
2;KYARA;2015;12;3
2;LAETITIA;2002;12;3
2;LALIE;2005;12;4
2;LALIE;2006;12;3
2;LALIE;2011;12;3
2;LALIE;2012;12;3
2;LALIE;2018;12;3
2;LALY;2007;12;3
2;LALY;2008;12;4
2;LALY;2009;12;6
2;LALY;2011;12;3
2;LALY;2012;12;3
2;LANA;2004;12;5
2;LANA;2005;12;7
2;LANA;2007;12;6
2;LANA;2008;12;4
2;LANA;2009;12;5
2;LANA;2010;12;8
2;LANA;2011;12;5
2;LANA;2013;12;6
2;LANA;2014;12;3
2;LANA;2015;12;9
2;LANA;2017;12;4
2;LANA;2018;12;5
2;LANA;2019;12;3
2;LANA;2021;12;6
2;LARA;2007;12;3
2;LARA;2008;12;3
2;LARA;2018;12;3
2;LARA;2019;12;3
2;LAURA;2000;12;22
2;LAURA;2001;12;18
2;LAURA;2002;12;23
2;LAURA;2003;12;11
2;LAURA;2004;12;10
2;LAURA;2005;12;10
2;LAURA;2006;12;14
2;LAURA;2007;12;8
2;LAURA;2008;12;8
2;LAURA;2009;12;6
2;LAURA;2010;12;8
2;LAURA;2011;12;9
2;LAURA;2012;12;6
2;LAURA;2013;12;7
2;LAURA;2014;12;7
2;LAURE;2000;12;4
2;LAURE;2002;12;3
2;LAURE;2004;12;3
2;LAURE;2005;12;3
2;LAURIANE;2009;12;4
2;LAURIE;2000;12;13
2;LAURIE;2001;12;7
2;LAURIE;2002;12;12
2;LAURIE;2003;12;5
2;LAURINE;2000;12;3
2;LAURINE;2001;12;9
2;LAURINE;2002;12;5
2;LAURINE;2004;12;6
2;LAURINE;2005;12;5
2;LAURINE;2006;12;7
2;LAURINE;2007;12;4
2;LAURINE;2010;12;5
2;LAURINE;2011;12;3
2;LAURY;2000;12;3
2;LAURY;2002;12;3
2;LAURYNE;2002;12;3
2;LAYANA;2017;12;3
2;LAYNA;2017;12;4
2;LEA;2010;12;10
2;LEA;2011;12;11
2;LEA;2012;12;6
2;LÉA;2000;12;44
2;LÉA;2001;12;32
2;LÉA;2002;12;32
2;LÉA;2003;12;25
2;LÉA;2004;12;23
2;LÉA;2005;12;18
2;LÉA;2006;12;28
2;LÉA;2007;12;24
2;LÉA;2008;12;31
2;LÉA;2009;12;25
2;LÉA;2010;12;10
2;LÉA;2012;12;16
2;LÉA;2013;12;18
2;LÉA;2014;12;15
2;LÉA;2015;12;20
2;LÉA;2016;12;14
2;LÉA;2017;12;9
2;LÉA;2018;12;14
2;LÉA;2019;12;12
2;LÉA;2020;12;10
2;LÉA;2021;12;10
2;LÉANA;2000;12;3
2;LÉANA;2001;12;5
2;LÉANA;2008;12;3
2;LÉANA;2014;12;7
2;LÉANA;2017;12;5
2;LÉANA;2018;12;7
2;LÉANA;2019;12;4
2;LÉANA;2020;12;4
2;LEANE;2011;12;5
2;LÉANE;2004;12;3
2;LÉANE;2005;12;4
2;LÉANE;2006;12;4
2;LÉANE;2007;12;3
2;LÉANE;2010;12;3
2;LÉANE;2013;12;4
2;LÉANE;2014;12;3
2;LÉANE;2015;12;4
2;LÉANE;2016;12;3
2;LEÏA;2013;12;4
2;LEILA;2002;12;4
2;LEILA;2003;12;3
2;LEILA;2008;12;4
2;LEILA;2009;12;3
2;LEILA;2010;12;3
2;LEÏLA;2012;12;3
2;LEÏLA;2014;12;4
2;LEÏLA;2017;12;4
2;LEÏLA;2020;12;3
2;LENA;2010;12;8
2;LENA;2011;12;12
2;LENA;2012;12;7
2;LENA;2019;12;3
2;LÉNA;2000;12;10
2;LÉNA;2001;12;8
2;LÉNA;2002;12;14
2;LÉNA;2003;12;11
2;LÉNA;2004;12;15
2;LÉNA;2005;12;18
2;LÉNA;2006;12;15
2;LÉNA;2007;12;13
2;LÉNA;2008;12;11
2;LÉNA;2009;12;14
2;LÉNA;2010;12;10
2;LÉNA;2012;12;13
2;LÉNA;2013;12;11
2;LÉNA;2014;12;19
2;LÉNA;2015;12;19
2;LÉNA;2016;12;14
2;LÉNA;2017;12;11
2;LÉNA;2018;12;8
2;LÉNA;2019;12;14
2;LÉNA;2020;12;4
2;LÉNA;2021;12;6
2;LEONIE;2010;12;5
2;LEONIE;2011;12;6
2;LÉONIE;2002;12;3
2;LÉONIE;2003;12;5
2;LÉONIE;2004;12;8
2;LÉONIE;2005;12;7
2;LÉONIE;2006;12;6
2;LÉONIE;2007;12;10
2;LÉONIE;2008;12;6
2;LÉONIE;2009;12;7
2;LÉONIE;2010;12;4
2;LÉONIE;2011;12;3
2;LÉONIE;2012;12;6
2;LÉONIE;2013;12;7
2;LÉONIE;2014;12;9
2;LÉONIE;2015;12;6
2;LÉONIE;2016;12;10
2;LÉONIE;2017;12;14
2;LÉONIE;2018;12;10
2;LÉONIE;2019;12;7
2;LÉONIE;2020;12;16
2;LÉONIE;2021;12;8
2;LÉONORE;2020;12;3
2;LESLIE;2014;12;3
2;LEXIE;2014;12;3
2;LEYNA;2013;12;3
2;LIA;2014;12;4
2;LIA;2018;12;3
2;LILA;2002;12;4
2;LILA;2005;12;3
2;LILA;2006;12;4
2;LILA;2009;12;5
2;LILA;2010;12;5
2;LILA;2011;12;4
2;LILA;2012;12;3
2;LILA;2013;12;3
2;LILA;2014;12;4
2;LILA;2016;12;5
2;LILA;2017;12;3
2;LILA;2019;12;4
2;LILA;2020;12;3
2;LILA;2021;12;5
2;LILAS;2013;12;4
2;LILAS;2017;12;3
2;LILI;2007;12;4
2;LILI;2013;12;5
2;LILI;2014;12;4
2;LILI;2018;12;3
2;LILI-ROSE;2009;12;3
2;LILIA;2012;12;3
2;LILIA;2013;12;3
2;LILOU;2003;12;3
2;LILOU;2004;12;8
2;LILOU;2005;12;15
2;LILOU;2006;12;9
2;LILOU;2007;12;13
2;LILOU;2008;12;11
2;LILOU;2009;12;14
2;LILOU;2010;12;15
2;LILOU;2011;12;11
2;LILOU;2012;12;18
2;LILOU;2013;12;11
2;LILOU;2014;12;8
2;LILOU;2015;12;10
2;LILOU;2016;12;3
2;LILOU;2017;12;5
2;LILOU;2019;12;3
2;LILOU;2021;12;6
2;LILY;2004;12;5
2;LILY;2005;12;4
2;LILY;2007;12;7
2;LILY;2008;12;7
2;LILY;2009;12;5
2;LILY;2010;12;6
2;LILY;2011;12;11
2;LILY;2012;12;6
2;LILY;2013;12;5
2;LILY;2014;12;4
2;LILY;2015;12;5
2;LILY;2016;12;4
2;LILY;2017;12;10
2;LILY;2018;12;4
2;LILY;2019;12;4
2;LILY;2021;12;6
2;LILY-ROSE;2010;12;3
2;LILY-ROSE;2013;12;4
2;LINA;2007;12;3
2;LINA;2008;12;5
2;LINA;2009;12;4
2;LINA;2010;12;5
2;LINA;2011;12;8
2;LINA;2012;12;7
2;LINA;2013;12;4
2;LINA;2014;12;13
2;LINA;2015;12;8
2;LINA;2016;12;7
2;LINA;2017;12;5
2;LINA;2018;12;6
2;LINA;2019;12;9
2;LINA;2020;12;5
2;LINA;2021;12;6
2;LINDSAY;2012;12;3
2;LINDSAY;2013;12;3
2;LINE;2006;12;3
2;LISA;2000;12;18
2;LISA;2001;12;25
2;LISA;2002;12;20
2;LISA;2003;12;15
2;LISA;2004;12;11
2;LISA;2005;12;15
2;LISA;2006;12;19
2;LISA;2007;12;14
2;LISA;2008;12;10
2;LISA;2009;12;14
2;LISA;2010;12;11
2;LISA;2011;12;11
2;LISA;2012;12;8
2;LISA;2013;12;5
2;LISA;2014;12;3
2;LISA;2015;12;6
2;LISA;2017;12;4
2;LISA;2018;12;3
2;LISA;2019;12;3
2;LISA;2020;12;4
2;LISE;2000;12;4
2;LISE;2001;12;9
2;LISE;2004;12;4
2;LISE;2005;12;6
2;LISE;2006;12;4
2;LISE;2007;12;6
2;LISE;2008;12;6
2;LISE;2009;12;7
2;LISE;2011;12;11
2;LISE;2012;12;6
2;LISE;2013;12;3
2;LISE;2014;12;10
2;LISE;2015;12;6
2;LISE;2016;12;9
2;LISE;2017;12;4
2;LISE;2018;12;8
2;LISE;2020;12;6
2;LISE;2021;12;4
2;LISON;2002;12;3
2;LISON;2007;12;3
2;LISON;2008;12;3
2;LISON;2010;12;4
2;LISON;2011;12;8
2;LISON;2012;12;4
2;LISON;2013;12;12
2;LISON;2014;12;3
2;LISON;2018;12;4
2;LISON;2020;12;3
2;LIVIA;2010;12;3
2;LIVIA;2013;12;4
2;LIVIA;2015;12;3
2;LIVIA;2016;12;4
2;LIVIA;2017;12;3
2;LIVIA;2018;12;5
2;LIVIA;2020;12;5
2;LIVIA;2021;12;5
2;LIYA;2020;12;3
2;LIZÉA;2012;12;3
2;LOANE;2003;12;4
2;LOANE;2005;12;3
2;LOANE;2006;12;4
2;LOANE;2007;12;8
2;LOANE;2008;12;4
2;LOANE;2009;12;3
2;LOANE;2010;12;5
2;LOANE;2014;12;3
2;LOANE;2015;12;3
2;LOÏS;2001;12;4
2;LOISE;2010;12;4
2;LOÏSE;2015;12;3
2;LOLA;2000;12;8
2;LOLA;2001;12;6
2;LOLA;2002;12;9
2;LOLA;2003;12;16
2;LOLA;2004;12;12
2;LOLA;2005;12;14
2;LOLA;2006;12;18
2;LOLA;2007;12;20
2;LOLA;2008;12;9
2;LOLA;2009;12;22
2;LOLA;2010;12;21
2;LOLA;2011;12;16
2;LOLA;2012;12;19
2;LOLA;2013;12;16
2;LOLA;2014;12;12
2;LOLA;2015;12;13
2;LOLA;2016;12;20
2;LOLA;2017;12;11
2;LOLA;2018;12;9
2;LOLA;2019;12;7
2;LOLA;2020;12;8
2;LOLA;2021;12;7
2;LORIE;2002;12;3
2;LOU;2001;12;4
2;LOU;2002;12;3
2;LOU;2003;12;5
2;LOU;2004;12;6
2;LOU;2005;12;7
2;LOU;2006;12;11
2;LOU;2007;12;6
2;LOU;2008;12;4
2;LOU;2009;12;6
2;LOU;2010;12;7
2;LOU;2011;12;5
2;LOU;2012;12;9
2;LOU;2013;12;5
2;LOU;2014;12;8
2;LOU;2015;12;9
2;LOU;2016;12;8
2;LOU;2017;12;6
2;LOU;2018;12;8
2;LOU;2019;12;4
2;LOU;2020;12;11
2;LOU;2021;12;7
2;LOU-ANN;2006;12;3
2;LOU-ANNE;2007;12;3
2;LOUANE;2004;12;5
2;LOUANE;2005;12;3
2;LOUANE;2006;12;3
2;LOUANE;2007;12;6
2;LOUANE;2008;12;7
2;LOUANE;2009;12;5
2;LOUANE;2010;12;10
2;LOUANE;2011;12;3
2;LOUANE;2012;12;5
2;LOUANE;2013;12;7
2;LOUANE;2014;12;6
2;LOUANE;2015;12;4
2;LOUANE;2016;12;6
2;LOUANE;2017;12;3
2;LOUANE;2018;12;3
2;LOUANE;2021;12;3
2;LOUANNE;2006;12;3
2;LOUISA;2014;12;3
2;LOUISA;2017;12;5
2;LOUISA;2018;12;3
2;LOUISA;2020;12;3
2;LOUISE;2000;12;7
2;LOUISE;2001;12;6
2;LOUISE;2002;12;9
2;LOUISE;2003;12;8
2;LOUISE;2005;12;7
2;LOUISE;2006;12;4
2;LOUISE;2007;12;6
2;LOUISE;2008;12;9
2;LOUISE;2009;12;9
2;LOUISE;2010;12;11
2;LOUISE;2011;12;14
2;LOUISE;2012;12;18
2;LOUISE;2013;12;24
2;LOUISE;2014;12;17
2;LOUISE;2015;12;16
2;LOUISE;2016;12;11
2;LOUISE;2017;12;16
2;LOUISE;2018;12;11
2;LOUISE;2019;12;17
2;LOUISE;2020;12;12
2;LOUISE;2021;12;15
2;LOUNA;2001;12;4
2;LOUNA;2002;12;7
2;LOUNA;2003;12;4
2;LOUNA;2004;12;7
2;LOUNA;2005;12;8
2;LOUNA;2006;12;14
2;LOUNA;2007;12;12
2;LOUNA;2008;12;10
2;LOUNA;2009;12;11
2;LOUNA;2010;12;8
2;LOUNA;2011;12;21
2;LOUNA;2012;12;12
2;LOUNA;2013;12;10
2;LOUNA;2014;12;6
2;LOUNA;2015;12;4
2;LOUNA;2016;12;4
2;LOUNA;2017;12;8
2;LOUNA;2018;12;11
2;LOUNA;2019;12;6
2;LOUNA;2020;12;12
2;LOUNA;2021;12;7
2;LOUVE;2013;12;3
2;LUANA;2000;12;3
2;LUCE;2010;12;3
2;LUCE;2016;12;3
2;LUCE;2019;12;4
2;LUCIE;2000;12;28
2;LUCIE;2001;12;25
2;LUCIE;2002;12;20
2;LUCIE;2003;12;11
2;LUCIE;2004;12;21
2;LUCIE;2005;12;20
2;LUCIE;2006;12;20
2;LUCIE;2007;12;16
2;LUCIE;2008;12;14
2;LUCIE;2009;12;10
2;LUCIE;2010;12;10
2;LUCIE;2011;12;17
2;LUCIE;2012;12;9
2;LUCIE;2013;12;13
2;LUCIE;2014;12;7
2;LUCIE;2015;12;5
2;LUCIE;2016;12;7
2;LUCIE;2017;12;8
2;LUCIE;2018;12;6
2;LUCIE;2019;12;4
2;LUCIE;2020;12;7
2;LUCIE;2021;12;7
2;LUCILE;2000;12;4
2;LUCILE;2001;12;6
2;LUCILE;2004;12;3
2;LUCILE;2008;12;3
2;LUCILE;2013;12;4
2;LUCILE;2014;12;3
2;LUCY;2010;12;3
2;LUCY;2018;12;3
2;LUNA;2002;12;4
2;LUNA;2003;12;6
2;LUNA;2004;12;6
2;LUNA;2005;12;8
2;LUNA;2007;12;6
2;LUNA;2008;12;4
2;LUNA;2010;12;6
2;LUNA;2011;12;3
2;LUNA;2013;12;3
2;LUNA;2014;12;4
2;LUNA;2015;12;3
2;LUNA;2016;12;5
2;LUNA;2017;12;6
2;LUNA;2018;12;5
2;LUNA;2019;12;9
2;LUNA;2020;12;5
2;LUNA;2021;12;7
2;LYA;2009;12;4
2;LYA;2015;12;5
2;LYA;2016;12;6
2;LYA;2017;12;3
2;LYA;2018;12;4
2;LYA;2019;12;3
2;LYA;2020;12;7
2;LYA;2021;12;5
2;LYANA;2014;12;6
2;LYANA;2017;12;3
2;LYANA;2018;12;4
2;LYANA;2021;12;5
2;LYLOU;2008;12;5
2;LYLOU;2012;12;3
2;LYLOU;2013;12;3
2;LYLOU;2015;12;3
2;LYNA;2017;12;3
2;LYNA;2019;12;5
2;LYNA;2020;12;4
2;LYNA;2021;12;4
2;MADELEINE;2015;12;3
2;MAE;2005;12;4
2;MAE;2006;12;6
2;MAE;2007;12;3
2;MAE;2008;12;5
2;MAE;2009;12;4
2;MAE;2011;12;3
2;MAÉ;2013;12;4
2;MAÉLIA;2018;12;3
2;MAELIE;2008;12;6
2;MAELIE;2011;12;3
2;MAELLE;2001;12;6
2;MAELLE;2002;12;3
2;MAELLE;2003;12;6
2;MAELLE;2004;12;3
2;MAELLE;2005;12;6
2;MAELLE;2006;12;7
2;MAELLE;2007;12;8
2;MAELLE;2008;12;3
2;MAELLE;2009;12;5
2;MAELLE;2011;12;3
2;MAELLE;2012;12;3
2;MAËLLE;2014;12;4
2;MAËLLE;2016;12;3
2;MAELY;2010;12;3
2;MAELYS;2000;12;3
2;MAELYS;2001;12;7
2;MAELYS;2002;12;5
2;MAELYS;2003;12;6
2;MAELYS;2004;12;9
2;MAELYS;2005;12;11
2;MAELYS;2006;12;14
2;MAELYS;2007;12;14
2;MAELYS;2008;12;12
2;MAELYS;2009;12;21
2;MAELYS;2010;12;12
2;MAELYS;2011;12;10
2;MAËLYS;2012;12;5
2;MAËLYS;2013;12;12
2;MAËLYS;2014;12;7
2;MAËLYS;2015;12;8
2;MAËLYS;2016;12;6
2;MAËLYS;2017;12;5
2;MAËLYS;2018;12;4
2;MAËLYS;2019;12;3
2;MAËLYS;2020;12;5
2;MAËLYS;2021;12;6
2;MAEVA;2000;12;10
2;MAEVA;2001;12;14
2;MAEVA;2002;12;21
2;MAEVA;2003;12;9
2;MAEVA;2004;12;10
2;MAEVA;2005;12;11
2;MAEVA;2006;12;15
2;MAEVA;2007;12;12
2;MAEVA;2008;12;5
2;MAEVA;2009;12;8
2;MAEVA;2010;12;3
2;MAÉVA;2014;12;4
2;MAËVA;2020;12;3
2;MAIA;2006;12;3
2;MAIA;2009;12;3
2;MAILY;2009;12;3
2;MAILYS;2000;12;4
2;MAILYS;2001;12;3
2;MAILYS;2005;12;5
2;MAILYS;2006;12;9
2;MAILYS;2009;12;4
2;MAILYS;2010;12;4
2;MAIWEN;2008;12;3
2;MAÏWENN;2020;12;3
2;MALIA;2021;12;3
2;MANAR;2013;12;3
2;MANDY;2006;12;3
2;MANON;2000;12;33
2;MANON;2001;12;32
2;MANON;2002;12;28
2;MANON;2003;12;28
2;MANON;2004;12;28
2;MANON;2005;12;28
2;MANON;2006;12;31
2;MANON;2007;12;28
2;MANON;2008;12;18
2;MANON;2009;12;24
2;MANON;2010;12;26
2;MANON;2011;12;18
2;MANON;2012;12;20
2;MANON;2013;12;19
2;MANON;2014;12;16
2;MANON;2015;12;14
2;MANON;2016;12;18
2;MANON;2017;12;15
2;MANON;2018;12;6
2;MANON;2019;12;7
2;MANON;2020;12;4
2;MANON;2021;12;4
2;MARGAUX;2000;12;12
2;MARGAUX;2001;12;9
2;MARGAUX;2002;12;8
2;MARGAUX;2003;12;10
2;MARGAUX;2004;12;8
2;MARGAUX;2005;12;6
2;MARGAUX;2006;12;3
2;MARGAUX;2007;12;9
2;MARGAUX;2008;12;9
2;MARGAUX;2009;12;4
2;MARGAUX;2010;12;4
2;MARGAUX;2011;12;4
2;MARGAUX;2012;12;10
2;MARGAUX;2013;12;7
2;MARGAUX;2014;12;4
2;MARGAUX;2015;12;5
2;MARGAUX;2016;12;7
2;MARGAUX;2017;12;6
2;MARGAUX;2018;12;4
2;MARGAUX;2019;12;9
2;MARGAUX;2020;12;6
2;MARGAUX;2021;12;5
2;MARGOT;2001;12;9
2;MARGOT;2002;12;4
2;MARGOT;2003;12;4
2;MARGOT;2004;12;7
2;MARGOT;2005;12;6
2;MARGOT;2006;12;3
2;MARGOT;2007;12;7
2;MARGOT;2008;12;5
2;MARGOT;2009;12;5
2;MARGOT;2010;12;8
2;MARGOT;2011;12;3
2;MARGOT;2012;12;5
2;MARGOT;2013;12;8
2;MARGOT;2014;12;9
2;MARGOT;2015;12;5
2;MARGOT;2016;12;4
2;MARGOT;2017;12;4
2;MARGOT;2018;12;10
2;MARGOT;2019;12;3
2;MARGOT;2020;12;3
2;MARGOT;2021;12;7
2;MARIA;2012;12;3
2;MARIANNE;2003;12;3
2;MARIE;2000;12;21
2;MARIE;2001;12;17
2;MARIE;2002;12;12
2;MARIE;2003;12;15
2;MARIE;2004;12;11
2;MARIE;2005;12;15
2;MARIE;2006;12;14
2;MARIE;2007;12;4
2;MARIE;2008;12;9
2;MARIE;2009;12;5
2;MARIE;2010;12;3
2;MARIE;2011;12;6
2;MARIE;2012;12;4
2;MARIE;2013;12;4
2;MARIE;2014;12;3
2;MARIE;2015;12;5
2;MARIE;2017;12;3
2;MARIE;2018;12;3
2;MARIE;2020;12;4
2;MARIE-AMÉLIE;2003;12;3
2;MARIE-LOU;2009;12;3
2;MARILOU;2003;12;3
2;MARILOU;2005;12;3
2;MARILOU;2007;12;3
2;MARILOU;2009;12;3
2;MARILOU;2017;12;5
2;MARINA;2000;12;4
2;MARINA;2001;12;4
2;MARINE;2000;12;21
2;MARINE;2001;12;15
2;MARINE;2002;12;9
2;MARINE;2003;12;7
2;MARINE;2004;12;5
2;MARINE;2007;12;3
2;MARINE;2008;12;3
2;MARINE;2010;12;3
2;MARION;2000;12;14
2;MARION;2001;12;3
2;MARION;2002;12;10
2;MARION;2003;12;5
2;MARION;2004;12;3
2;MARION;2005;12;7
2;MARION;2006;12;5
2;MARION;2007;12;5
2;MARION;2008;12;5
2;MARION;2009;12;9
2;MARION;2010;12;3
2;MARION;2011;12;6
2;MARION;2012;12;5
2;MARJORIE;2000;12;3
2;MARJORIE;2006;12;3
2;MARLEY;2016;12;3
2;MARYLOU;2007;12;3
2;MARYLOU;2021;12;3
2;MATHILDE;2000;12;21
2;MATHILDE;2001;12;16
2;MATHILDE;2002;12;16
2;MATHILDE;2003;12;12
2;MATHILDE;2004;12;6
2;MATHILDE;2005;12;10
2;MATHILDE;2006;12;8
2;MATHILDE;2007;12;5
2;MATHILDE;2008;12;10
2;MATHILDE;2009;12;9
2;MATHILDE;2011;12;6
2;MATHILDE;2012;12;5
2;MATHILDE;2013;12;7
2;MATHILDE;2014;12;7
2;MATHILDE;2015;12;6
2;MATHILDE;2016;12;4
2;MATHILDE;2017;12;6
2;MATHILDE;2021;12;4
2;MAUD;2006;12;3
2;MAUREEN;2001;12;3
2;MAUREEN;2008;12;3
2;MAXINE;2018;12;3
2;MAYA;2006;12;3
2;MAYA;2010;12;5
2;MAYLIS;2003;12;4
2;MAYLIS;2004;12;3
2;MAYLIS;2005;12;3
2;MAYLIS;2006;12;3
2;MAYLIS;2010;12;3
2;MAYLIS;2012;12;4
2;MAYSSA;2010;12;3
2;MELANIE;2011;12;4
2;MÉLANIE;2000;12;11
2;MÉLANIE;2002;12;4
2;MÉLANIE;2003;12;3
2;MÉLANIE;2004;12;4
2;MÉLANIE;2005;12;5
2;MÉLANIE;2006;12;3
2;MÉLANIE;2007;12;5
2;MÉLANIE;2012;12;3
2;MÉLANIE;2015;12;3
2;MÉLIE;2014;12;3
2;MELINA;2010;12;4
2;MELINA;2011;12;4
2;MELINA;2012;12;3
2;MÉLINA;2002;12;5
2;MÉLINA;2003;12;3
2;MÉLINA;2004;12;5
2;MÉLINA;2005;12;3
2;MÉLINA;2006;12;4
2;MÉLINA;2008;12;4
2;MÉLINA;2014;12;3
2;MÉLINA;2016;12;6
2;MÉLINA;2017;12;3
2;MÉLINA;2018;12;3
2;MÉLINA;2020;12;7
2;MÉLINA;2021;12;3
2;MELINE;2003;12;3
2;MELINE;2004;12;3
2;MELINE;2005;12;6
2;MELINE;2006;12;4
2;MELINE;2007;12;3
2;MELINE;2009;12;3
2;MELINE;2011;12;4
2;MÉLINE;2012;12;4
2;MÉLINE;2013;12;5
2;MÉLINE;2015;12;5
2;MÉLINE;2016;12;4
2;MÉLINE;2017;12;4
2;MÉLINE;2020;12;4
2;MELISSA;2011;12;7
2;MÉLISSA;2001;12;7
2;MÉLISSA;2002;12;3
2;MÉLISSA;2003;12;9
2;MÉLISSA;2004;12;3
2;MÉLISSA;2005;12;6
2;MÉLISSA;2006;12;5
2;MÉLISSA;2007;12;7
2;MÉLISSA;2008;12;15
2;MÉLISSA;2012;12;4
2;MÉLISSA;2013;12;4
2;MELODIE;2001;12;3
2;MELODY;2003;12;3
2;MÉLOÉ;2016;12;3
2;MELYNE;2009;12;3
2;MERYEM;2019;12;3
2;MIA;2008;12;3
2;MIA;2011;12;4
2;MIA;2012;12;4
2;MIA;2013;12;3
2;MIA;2014;12;5
2;MIA;2015;12;8
2;MIA;2016;12;7
2;MIA;2017;12;10
2;MIA;2018;12;8
2;MIA;2019;12;8
2;MIA;2020;12;10
2;MIA;2021;12;11
2;MILA;2007;12;3
2;MILA;2009;12;3
2;MILA;2010;12;7
2;MILA;2011;12;3
2;MILA;2013;12;4
2;MILA;2014;12;5
2;MILA;2015;12;9
2;MILA;2016;12;14
2;MILA;2017;12;5
2;MILA;2018;12;12
2;MILA;2019;12;13
2;MILA;2020;12;19
2;MILA;2021;12;6
2;MINA;2016;12;3
2;MIYA;2021;12;4
2;MONA;2012;12;4
2;MONA;2020;12;3
2;MORGANE;2000;12;9
2;MORGANE;2001;12;12
2;MORGANE;2002;12;8
2;MORGANE;2003;12;5
2;MORGANE;2004;12;15
2;MORGANE;2005;12;6
2;MORGANE;2006;12;3
2;MORGANE;2007;12;6
2;MORGANE;2008;12;12
2;MORGANE;2009;12;7
2;MORGANE;2010;12;5
2;MORGANE;2011;12;3
2;MORGANE;2012;12;3
2;MORGANE;2013;12;3
2;MYA;2012;12;3
2;MYA;2017;12;4
2;MYA;2018;12;4
2;MYA;2019;12;4
2;MYA;2020;12;4
2;MYA;2021;12;6
2;MYLA;2021;12;3
2;MYLÈNE;2001;12;5
2;MYRIAM;2000;12;4
2;MYRIAM;2003;12;3
2;NAËLLE;2019;12;3
2;NAÏA;2020;12;3
2;NAIS;2005;12;5
2;NAIS;2007;12;3
2;NAOMI;2014;12;3
2;NAOMIE;2020;12;3
2;NAYA;2018;12;3
2;NEELA;2009;12;3
2;NÉLYA;2019;12;4
2;NEYLA;2019;12;3
2;NINA;2000;12;7
2;NINA;2001;12;4
2;NINA;2004;12;7
2;NINA;2005;12;7
2;NINA;2006;12;5
2;NINA;2008;12;6
2;NINA;2009;12;5
2;NINA;2010;12;8
2;NINA;2011;12;10
2;NINA;2012;12;14
2;NINA;2013;12;4
2;NINA;2014;12;7
2;NINA;2015;12;9
2;NINA;2016;12;4
2;NINA;2017;12;6
2;NINA;2018;12;5
2;NINA;2019;12;5
2;NINA;2020;12;4
2;NINA;2021;12;10
2;NINON;2005;12;5
2;NINON;2006;12;6
2;NINON;2008;12;8
2;NINON;2009;12;3
2;NINON;2011;12;3
2;NINON;2013;12;4
2;NINON;2015;12;3
2;NINON;2017;12;3
2;NINON;2018;12;4
2;NINON;2019;12;3
2;NOA;2007;12;3
2;NOELIE;2002;12;3
2;NOELIE;2003;12;3
2;NOELIE;2005;12;5
2;NOELIE;2006;12;5
2;NOELIE;2007;12;3
2;NOELIE;2008;12;5
2;NOELIE;2009;12;4
2;NOELIE;2010;12;5
2;NOÉLIE;2012;12;4
2;NOÉLIE;2013;12;3
2;NOÉLIE;2014;12;3
2;NOÉLIE;2016;12;4
2;NOÉLIE;2017;12;4
2;NOÉLIE;2018;12;4
2;NOEMIE;2000;12;10
2;NOEMIE;2001;12;11
2;NOEMIE;2002;12;11
2;NOEMIE;2003;12;9
2;NOEMIE;2004;12;9
2;NOEMIE;2005;12;10
2;NOEMIE;2006;12;12
2;NOEMIE;2007;12;9
2;NOEMIE;2008;12;9
2;NOEMIE;2009;12;10
2;NOEMIE;2010;12;6
2;NOEMIE;2011;12;8
2;NOÉMIE;2012;12;3
2;NOÉMIE;2013;12;6
2;NOÉMIE;2014;12;10
2;NOÉMIE;2016;12;5
2;NOÉMIE;2017;12;5
2;NOÉMIE;2018;12;3
2;NOÉMIE;2019;12;7
2;NOÉMIE;2021;12;3
2;NOLWENN;2002;12;3
2;NORA;2004;12;3
2;NORA;2006;12;5
2;NORA;2010;12;5
2;NORA;2012;12;4
2;NORA;2013;12;3
2;NORA;2017;12;4
2;NORA;2018;12;6
2;NORA;2020;12;3
2;NORAH;2016;12;3
2;NOUR;2018;12;4
2;NOUR;2019;12;3
2;NOUR;2020;12;3
2;OCEANE;2010;12;6
2;OCEANE;2011;12;4
2;OCEANE;2012;12;8
2;OCÉANE;2000;12;27
2;OCÉANE;2001;12;18
2;OCÉANE;2002;12;17
2;OCÉANE;2003;12;15
2;OCÉANE;2004;12;19
2;OCÉANE;2005;12;11
2;OCÉANE;2006;12;7
2;OCÉANE;2007;12;17
2;OCÉANE;2008;12;7
2;OCÉANE;2009;12;7
2;OCÉANE;2010;12;3
2;OCÉANE;2012;12;6
2;OCÉANE;2013;12;4
2;OCÉANE;2014;12;4
2;OCÉANE;2015;12;4
2;OCÉANE;2016;12;5
2;OCÉANE;2017;12;6
2;OCÉANE;2018;12;5
2;OCÉANE;2019;12;3
2;OCÉANE;2020;12;4
2;OLIVIA;2001;12;3
2;OLIVIA;2002;12;4
2;OLIVIA;2004;12;3
2;OLIVIA;2005;12;6
2;OLIVIA;2006;12;4
2;OLIVIA;2007;12;4
2;OLIVIA;2008;12;3
2;OLIVIA;2010;12;3
2;OLIVIA;2011;12;8
2;OLIVIA;2013;12;4
2;OLIVIA;2014;12;4
2;OLIVIA;2015;12;3
2;OLIVIA;2016;12;6
2;OLIVIA;2017;12;6
2;OLIVIA;2018;12;3
2;OLIVIA;2019;12;5
2;OLIVIA;2020;12;7
2;OPHÉLIE;2000;12;5
2;OPHÉLIE;2002;12;3
2;OPHÉLIE;2003;12;3
2;OPHÉLIE;2004;12;4
2;OPHÉLIE;2005;12;3
2;ORIANE;2000;12;4
2;ORIANE;2001;12;3
2;ORIANE;2002;12;3
2;ORIANE;2003;12;5
2;ORIANE;2004;12;4
2;ORIANE;2006;12;3
2;ORLANE;2010;12;3
2;ORNELLA;2006;12;3
2;PALOMA;2017;12;3
2;PALOMA;2021;12;3
2;PAULINE;2000;12;17
2;PAULINE;2001;12;18
2;PAULINE;2002;12;12
2;PAULINE;2003;12;5
2;PAULINE;2004;12;9
2;PAULINE;2005;12;8
2;PAULINE;2006;12;5
2;PAULINE;2007;12;6
2;PAULINE;2008;12;5
2;PAULINE;2010;12;8
2;PAULINE;2011;12;6
2;PAULINE;2012;12;5
2;PAULINE;2013;12;4
2;PAULINE;2018;12;3
2;PAULINE;2019;12;3
2;PAULINE;2020;12;4
2;PERRINE;2000;12;5
2;PERRINE;2001;12;3
2;PERRINE;2005;12;3
2;PERRINE;2007;12;4
2;PERRINE;2008;12;3
2;PERRINE;2010;12;6
2;RACHEL;2001;12;3
2;RACHEL;2005;12;3
2;RACHEL;2010;12;4
2;RACHEL;2021;12;3
2;RANIA;2012;12;3
2;RANIA;2013;12;3
2;RAPHAELLE;2007;12;3
2;RAPHAËLLE;2019;12;3
2;ROMANE;2000;12;7
2;ROMANE;2001;12;8
2;ROMANE;2002;12;10
2;ROMANE;2003;12;7
2;ROMANE;2004;12;15
2;ROMANE;2005;12;16
2;ROMANE;2006;12;17
2;ROMANE;2007;12;10
2;ROMANE;2008;12;17
2;ROMANE;2009;12;14
2;ROMANE;2010;12;15
2;ROMANE;2011;12;17
2;ROMANE;2012;12;12
2;ROMANE;2013;12;6
2;ROMANE;2014;12;14
2;ROMANE;2015;12;11
2;ROMANE;2016;12;7
2;ROMANE;2017;12;10
2;ROMANE;2018;12;14
2;ROMANE;2019;12;7
2;ROMANE;2020;12;11
2;ROMANE;2021;12;3
2;ROMY;2010;12;3
2;ROMY;2016;12;4
2;ROMY;2018;12;3
2;ROMY;2020;12;6
2;ROMY;2021;12;6
2;ROSALIE;2015;12;3
2;ROSALIE;2020;12;3
2;ROSE;2007;12;5
2;ROSE;2008;12;3
2;ROSE;2009;12;7
2;ROSE;2010;12;5
2;ROSE;2011;12;8
2;ROSE;2014;12;6
2;ROSE;2015;12;11
2;ROSE;2016;12;9
2;ROSE;2017;12;12
2;ROSE;2018;12;14
2;ROSE;2019;12;13
2;ROSE;2020;12;8
2;ROSE;2021;12;13
2;ROXANE;2002;12;3
2;ROXANE;2006;12;3
2;ROXANE;2007;12;3
2;ROXANE;2012;12;5
2;ROXANE;2013;12;3
2;ROXANE;2014;12;6
2;ROXANE;2015;12;3
2;ROXANE;2016;12;5
2;ROXANE;2017;12;3
2;ROXANE;2020;12;4
2;ROXANE;2021;12;3
2;SAFIYA;2021;12;3
2;SALOME;2012;12;3
2;SALOMÉ;2002;12;3
2;SALOMÉ;2003;12;4
2;SALOMÉ;2005;12;5
2;SALOMÉ;2007;12;3
2;SALOMÉ;2008;12;5
2;SALOMÉ;2013;12;5
2;SALOMÉ;2016;12;7
2;SALOMÉ;2017;12;3
2;SALOMÉ;2019;12;3
2;SALOMÉ;2020;12;3
2;SALOMÉ;2021;12;3
2;SARA;2000;12;4
2;SARA;2001;12;6
2;SARA;2007;12;5
2;SARA;2009;12;4
2;SARA;2011;12;3
2;SARA;2014;12;3
2;SARA;2021;12;3
2;SARAH;2000;12;15
2;SARAH;2001;12;23
2;SARAH;2002;12;13
2;SARAH;2003;12;9
2;SARAH;2004;12;19
2;SARAH;2005;12;17
2;SARAH;2006;12;18
2;SARAH;2007;12;21
2;SARAH;2008;12;13
2;SARAH;2009;12;14
2;SARAH;2010;12;9
2;SARAH;2011;12;17
2;SARAH;2012;12;9
2;SARAH;2013;12;9
2;SARAH;2014;12;8
2;SARAH;2015;12;11
2;SARAH;2016;12;4
2;SARAH;2017;12;8
2;SARAH;2019;12;4
2;SARAH;2021;12;3
2;SASHA;2012;12;3
2;SELMA;2005;12;3
2;SHAINA;2010;12;3
2;SHANA;2010;12;4
2;SHANA;2011;12;5
2;SHANA;2017;12;3
2;SHANNA;2013;12;4
2;SHANNA;2014;12;3
2;SHANNA;2019;12;4
2;SIDONIE;2008;12;3
2;SOFIA;2004;12;5
2;SOFIA;2006;12;6
2;SOFIA;2007;12;4
2;SOFIA;2011;12;3
2;SOFIA;2013;12;5
2;SOFIA;2015;12;5
2;SOFIA;2016;12;4
2;SOFIA;2017;12;5
2;SOFIA;2018;12;8
2;SOFIA;2019;12;6
2;SOFIA;2020;12;4
2;SOFIA;2021;12;4
2;SOHANE;2004;12;3
2;SOLÈNE;2000;12;6
2;SOLÈNE;2001;12;9
2;SOLÈNE;2002;12;13
2;SOLÈNE;2003;12;4
2;SOLÈNE;2004;12;9
2;SOLÈNE;2005;12;4
2;SOLÈNE;2008;12;6
2;SOLÈNE;2009;12;3
2;SOLINE;2013;12;3
2;SOLINE;2014;12;5
2;SOLINE;2016;12;3
2;SOLINE;2017;12;4
2;SOLINE;2020;12;3
2;SOPHIA;2015;12;3
2;SOPHIA;2020;12;3
2;SOPHIE;2000;12;3
2;SOPHIE;2001;12;4
2;SOPHIE;2005;12;4
2;SOPHIE;2013;12;4
2;STELLA;2010;12;4
2;STELLA;2019;12;3
2;SUZANNE;2018;12;3
2;SWANE;2013;12;3
2;TALIA;2013;12;3
2;TESS;2007;12;5
2;TESS;2008;12;4
2;TESS;2013;12;3
2;TESS;2020;12;3
2;TESSA;2010;12;4
2;TESSA;2017;12;3
2;TESSA;2021;12;3
2;THAÏS;2016;12;3
2;THAÏS;2019;12;4
2;THAÏS;2021;12;3
2;THÉA;2017;12;4
2;THÉA;2018;12;3
2;THÉA;2019;12;5
2;THÉA;2020;12;3
2;THÉA;2021;12;5
2;TIFFANY;2002;12;4
2;TINA;2016;12;5
2;TIPHAINE;2000;12;3
2;TIPHAINE;2002;12;4
2;TIPHAINE;2006;12;4
2;VALENTINE;2000;12;5
2;VALENTINE;2001;12;3
2;VALENTINE;2002;12;5
2;VALENTINE;2004;12;3
2;VALENTINE;2005;12;6
2;VALENTINE;2006;12;3
2;VALENTINE;2007;12;3
2;VALENTINE;2008;12;3
2;VALENTINE;2010;12;3
2;VALENTINE;2011;12;3
2;VALENTINE;2013;12;4
2;VALENTINE;2014;12;3
2;VALENTINE;2017;12;8
2;VALENTINE;2018;12;3
2;VALENTINE;2019;12;4
2;VANESSA;2001;12;4
2;VICTOIRE;2007;12;3
2;VICTOIRE;2010;12;3
2;VICTOIRE;2012;12;3
2;VICTOIRE;2017;12;5
2;VICTOIRE;2018;12;4
2;VICTOIRE;2019;12;3
2;VICTOIRE;2020;12;5
2;VICTOIRE;2021;12;9
2;VICTORIA;2000;12;4
2;VICTORIA;2013;12;4
2;VICTORIA;2014;12;4
2;VICTORIA;2019;12;5
2;VICTORIA;2021;12;5
2;VIOLETTE;2001;12;3
2;VIRGINIE;2000;12;3
2;WENDY;2017;12;4
2;YAELLE;2011;12;3
2;YASMINE;2007;12;5
2;YASMINE;2013;12;4
2;YASMINE;2014;12;4
2;YASMINE;2018;12;5
2;YASMINE;2020;12;3
2;YONA;2003;12;3
2;YUNA;2019;12;4
2;ZELIE;2002;12;3
2;ZELIE;2006;12;4
2;ZELIE;2007;12;8
2;ZELIE;2008;12;6
2;ZELIE;2010;12;4
2;ZELIE;2011;12;7
2;ZELIE;2012;12;3
2;ZÉLIE;2012;12;5
2;ZÉLIE;2013;12;8
2;ZÉLIE;2014;12;10
2;ZÉLIE;2015;12;4
2;ZÉLIE;2016;12;8
2;ZÉLIE;2017;12;4
2;ZÉLIE;2018;12;7
2;ZÉLIE;2019;12;9
2;ZÉLIE;2020;12;7
2;ZÉLIE;2021;12;8
2;ZOE;2010;12;12
2;ZOE;2011;12;12
2;ZOE;2012;12;5
2;ZOÉ;2000;12;7
2;ZOÉ;2001;12;4
2;ZOÉ;2002;12;5
2;ZOÉ;2003;12;4
2;ZOÉ;2004;12;7
2;ZOÉ;2005;12;9
2;ZOÉ;2006;12;11
2;ZOÉ;2007;12;15
2;ZOÉ;2008;12;17
2;ZOÉ;2009;12;21
2;ZOÉ;2010;12;5
2;ZOÉ;2011;12;3
2;ZOÉ;2012;12;8
2;ZOÉ;2013;12;18
2;ZOÉ;2014;12;13
2;ZOÉ;2015;12;12
2;ZOÉ;2016;12;17
2;ZOÉ;2017;12;10
2;ZOÉ;2018;12;11
2;ZOÉ;2019;12;8
2;ZOÉ;2020;12;5
2;ZOÉ;2021;12;5
