sexe;preusuel;annais;dpt;nombre
1;_PRENOMS_RARES;2000;18;20
1;_PRENOMS_RARES;2001;18;22
1;_PRENOMS_RARES;2002;18;26
1;_PRENOMS_RARES;2003;18;29
1;_PRENOMS_RARES;2004;18;40
1;_PRENOMS_RARES;2005;18;41
1;_PRENOMS_RARES;2006;18;35
1;_PRENOMS_RARES;2007;18;42
1;_PRENOMS_RARES;2008;18;58
1;_PRENOMS_RARES;2009;18;45
1;_PRENOMS_RARES;2010;18;68
1;_PRENOMS_RARES;2011;18;62
1;_PRENOMS_RARES;2012;18;74
1;_PRENOMS_RARES;2013;18;62
1;_PRENOMS_RARES;2014;18;71
1;_PRENOMS_RARES;2015;18;63
1;_PRENOMS_RARES;2016;18;87
1;_PRENOMS_RARES;2017;18;83
1;_PRENOMS_RARES;2018;18;91
1;_PRENOMS_RARES;2019;18;85
1;_PRENOMS_RARES;2020;18;81
1;_PRENOMS_RARES;2021;18;67
1;AARON;2001;18;3
1;AARON;2007;18;4
1;AARON;2008;18;4
1;AARON;2009;18;4
1;AARON;2010;18;3
1;AARON;2011;18;5
1;AARON;2012;18;10
1;AARON;2013;18;8
1;AARON;2014;18;10
1;AARON;2015;18;5
1;AARON;2016;18;11
1;AARON;2017;18;16
1;AARON;2018;18;15
1;AARON;2019;18;5
1;AARON;2020;18;5
1;AARON;2021;18;10
1;ABDALLAH;2017;18;3
1;ABEL;2006;18;3
1;ABEL;2010;18;4
1;ABEL;2012;18;4
1;ABEL;2013;18;3
1;ABEL;2019;18;5
1;ABEL;2020;18;6
1;ACHILLE;2012;18;3
1;ACHILLE;2019;18;3
1;ADAM;2001;18;3
1;ADAM;2004;18;7
1;ADAM;2005;18;5
1;ADAM;2006;18;4
1;ADAM;2007;18;7
1;ADAM;2009;18;14
1;ADAM;2010;18;3
1;ADAM;2011;18;10
1;ADAM;2012;18;10
1;ADAM;2013;18;10
1;ADAM;2014;18;11
1;ADAM;2015;18;11
1;ADAM;2016;18;12
1;ADAM;2017;18;6
1;ADAM;2018;18;4
1;ADAM;2019;18;9
1;ADAM;2020;18;4
1;ADAM;2021;18;8
1;ADEL;2021;18;4
1;ADEM;2013;18;3
1;ADEM;2018;18;4
1;ADEM;2019;18;3
1;ADEM;2021;18;5
1;ADRIEN;2000;18;15
1;ADRIEN;2001;18;10
1;ADRIEN;2002;18;12
1;ADRIEN;2003;18;5
1;ADRIEN;2004;18;6
1;ADRIEN;2005;18;4
1;ADRIEN;2006;18;8
1;ADRIEN;2007;18;4
1;ADRIEN;2008;18;6
1;ADRIEN;2010;18;4
1;ADRIEN;2011;18;3
1;ADRIEN;2013;18;4
1;ALAN;2001;18;3
1;ALBAN;2000;18;3
1;ALBAN;2001;18;3
1;ALBAN;2002;18;5
1;ALBAN;2003;18;4
1;ALBAN;2004;18;3
1;ALBAN;2008;18;5
1;ALBAN;2011;18;4
1;ALBAN;2012;18;4
1;ALBAN;2014;18;3
1;ALBAN;2018;18;3
1;ALESSIO;2021;18;4
1;ALEX;2000;18;5
1;ALEX;2001;18;10
1;ALEX;2007;18;4
1;ALEX;2009;18;5
1;ALEX;2017;18;4
1;ALEXANDRE;2000;18;22
1;ALEXANDRE;2001;18;21
1;ALEXANDRE;2002;18;15
1;ALEXANDRE;2003;18;18
1;ALEXANDRE;2004;18;19
1;ALEXANDRE;2005;18;17
1;ALEXANDRE;2006;18;5
1;ALEXANDRE;2007;18;5
1;ALEXANDRE;2008;18;7
1;ALEXANDRE;2009;18;6
1;ALEXANDRE;2010;18;6
1;ALEXANDRE;2011;18;6
1;ALEXANDRE;2012;18;7
1;ALEXANDRE;2013;18;3
1;ALEXANDRE;2014;18;4
1;ALEXANDRE;2015;18;5
1;ALEXANDRE;2016;18;3
1;ALEXANDRE;2017;18;4
1;ALEXANDRE;2018;18;3
1;ALEXANDRE;2019;18;3
1;ALEXANDRE;2020;18;4
1;ALEXANDRE;2021;18;3
1;ALEXIS;2000;18;27
1;ALEXIS;2001;18;23
1;ALEXIS;2002;18;20
1;ALEXIS;2003;18;21
1;ALEXIS;2004;18;18
1;ALEXIS;2005;18;16
1;ALEXIS;2006;18;14
1;ALEXIS;2007;18;13
1;ALEXIS;2008;18;11
1;ALEXIS;2009;18;11
1;ALEXIS;2010;18;3
1;ALEXIS;2011;18;15
1;ALEXIS;2012;18;9
1;ALEXIS;2013;18;4
1;ALEXIS;2014;18;7
1;ALEXIS;2015;18;9
1;ALEXIS;2016;18;7
1;ALEXIS;2017;18;3
1;ALEXIS;2018;18;3
1;ALEXIS;2019;18;3
1;ALEXIS;2020;18;4
1;ALEXY;2000;18;3
1;ALEXY;2005;18;3
1;ALI;2016;18;6
1;ALI;2020;18;4
1;ALIX;2003;18;4
1;ALIX;2009;18;5
1;ALIX;2020;18;3
1;ALOÏS;2012;18;3
1;ALOÏS;2021;18;3
1;AMAURY;2000;18;4
1;AMAURY;2002;18;4
1;AMAURY;2004;18;3
1;AMAURY;2006;18;3
1;AMAURY;2008;18;5
1;AMAURY;2010;18;3
1;AMAURY;2011;18;4
1;AMAURY;2012;18;5
1;AMAURY;2014;18;3
1;AMAURY;2015;18;3
1;AMINE;2000;18;6
1;AMINE;2003;18;3
1;AMINE;2005;18;4
1;AMINE;2006;18;3
1;AMINE;2007;18;7
1;AMINE;2008;18;5
1;AMINE;2009;18;4
1;AMINE;2011;18;3
1;AMINE;2012;18;3
1;AMINE;2014;18;3
1;AMINE;2015;18;3
1;AMINE;2017;18;3
1;AMIR;2019;18;3
1;AMIR;2020;18;4
1;AMIR;2021;18;3
1;ANATOLE;2021;18;3
1;ANDREA;2021;18;3
1;ANDRÉA;2007;18;3
1;ANGEL;2009;18;3
1;ANGELO;2003;18;7
1;ANTHONIN;2003;18;4
1;ANTHONY;2000;18;16
1;ANTHONY;2001;18;18
1;ANTHONY;2002;18;10
1;ANTHONY;2003;18;14
1;ANTHONY;2004;18;6
1;ANTHONY;2005;18;4
1;ANTHONY;2006;18;5
1;ANTHONY;2008;18;5
1;ANTHONY;2009;18;6
1;ANTHONY;2010;18;3
1;ANTHONY;2012;18;3
1;ANTOINE;2000;18;32
1;ANTOINE;2001;18;25
1;ANTOINE;2002;18;23
1;ANTOINE;2003;18;23
1;ANTOINE;2004;18;17
1;ANTOINE;2005;18;7
1;ANTOINE;2006;18;10
1;ANTOINE;2007;18;12
1;ANTOINE;2008;18;18
1;ANTOINE;2009;18;9
1;ANTOINE;2010;18;12
1;ANTOINE;2011;18;6
1;ANTOINE;2012;18;4
1;ANTOINE;2013;18;8
1;ANTOINE;2014;18;11
1;ANTOINE;2016;18;9
1;ANTOINE;2017;18;7
1;ANTOINE;2018;18;8
1;ANTOINE;2019;18;3
1;ANTOINE;2020;18;7
1;ANTOINE;2021;18;4
1;ANTONIN;2000;18;7
1;ANTONIN;2001;18;9
1;ANTONIN;2002;18;10
1;ANTONIN;2003;18;10
1;ANTONIN;2004;18;10
1;ANTONIN;2005;18;9
1;ANTONIN;2006;18;6
1;ANTONIN;2007;18;8
1;ANTONIN;2008;18;7
1;ANTONIN;2009;18;8
1;ANTONIN;2010;18;7
1;ANTONIN;2011;18;8
1;ANTONIN;2012;18;5
1;ANTONIN;2014;18;6
1;ANTONIN;2015;18;3
1;ANTONIN;2016;18;4
1;ANTONIN;2017;18;6
1;ANTONIN;2019;18;5
1;ANTONIN;2020;18;4
1;ARMAND;2002;18;4
1;ARMAND;2003;18;3
1;ARMAND;2005;18;4
1;ARMAND;2009;18;3
1;ARMAND;2013;18;5
1;ARMAND;2014;18;4
1;ARMAND;2021;18;5
1;ARNAUD;2001;18;5
1;ARNAUD;2004;18;4
1;ARNAUD;2006;18;3
1;ARON;2019;18;3
1;ARSÈNE;2013;18;3
1;ARSÈNE;2020;18;4
1;ARTHUR;2000;18;16
1;ARTHUR;2001;18;10
1;ARTHUR;2002;18;11
1;ARTHUR;2003;18;12
1;ARTHUR;2004;18;14
1;ARTHUR;2005;18;6
1;ARTHUR;2006;18;8
1;ARTHUR;2007;18;12
1;ARTHUR;2008;18;5
1;ARTHUR;2009;18;18
1;ARTHUR;2010;18;11
1;ARTHUR;2011;18;5
1;ARTHUR;2012;18;11
1;ARTHUR;2013;18;21
1;ARTHUR;2014;18;13
1;ARTHUR;2015;18;10
1;ARTHUR;2016;18;15
1;ARTHUR;2017;18;15
1;ARTHUR;2018;18;14
1;ARTHUR;2019;18;12
1;ARTHUR;2020;18;19
1;ARTHUR;2021;18;14
1;AUBIN;2010;18;3
1;AUBIN;2018;18;3
1;AUGUSTE;2015;18;4
1;AUGUSTE;2018;18;3
1;AUGUSTIN;2002;18;4
1;AUGUSTIN;2003;18;3
1;AUGUSTIN;2006;18;3
1;AUGUSTIN;2007;18;3
1;AUGUSTIN;2008;18;4
1;AUGUSTIN;2009;18;4
1;AUGUSTIN;2012;18;7
1;AUGUSTIN;2013;18;3
1;AUGUSTIN;2014;18;7
1;AUGUSTIN;2016;18;4
1;AUGUSTIN;2017;18;5
1;AUGUSTIN;2018;18;6
1;AUGUSTIN;2019;18;5
1;AUGUSTIN;2020;18;7
1;AUGUSTIN;2021;18;6
1;AURÉLIEN;2000;18;4
1;AURÉLIEN;2001;18;3
1;AURÉLIEN;2002;18;7
1;AURÉLIEN;2003;18;7
1;AURÉLIEN;2004;18;4
1;AURÉLIEN;2008;18;4
1;AURÉLIEN;2009;18;7
1;AXEL;2000;18;9
1;AXEL;2001;18;16
1;AXEL;2002;18;9
1;AXEL;2003;18;22
1;AXEL;2004;18;11
1;AXEL;2005;18;21
1;AXEL;2006;18;13
1;AXEL;2007;18;10
1;AXEL;2008;18;15
1;AXEL;2009;18;10
1;AXEL;2010;18;7
1;AXEL;2011;18;9
1;AXEL;2012;18;8
1;AXEL;2013;18;15
1;AXEL;2014;18;10
1;AXEL;2015;18;9
1;AXEL;2016;18;3
1;AXEL;2017;18;7
1;AXEL;2018;18;5
1;AXEL;2019;18;7
1;AXEL;2021;18;6
1;AYDEN;2015;18;3
1;AYDEN;2018;18;7
1;AYDEN;2019;18;10
1;AYDEN;2020;18;7
1;AYDEN;2021;18;10
1;AYMERIC;2000;18;4
1;AYMERIC;2001;18;5
1;AYMERIC;2002;18;3
1;AYMERIC;2005;18;4
1;AYMERIC;2009;18;4
1;AYOUB;2007;18;3
1;AYOUB;2014;18;3
1;AYOUB;2015;18;3
1;AYOUB;2016;18;4
1;BAPTISTE;2000;18;22
1;BAPTISTE;2001;18;18
1;BAPTISTE;2002;18;19
1;BAPTISTE;2003;18;25
1;BAPTISTE;2004;18;10
1;BAPTISTE;2005;18;17
1;BAPTISTE;2006;18;17
1;BAPTISTE;2007;18;10
1;BAPTISTE;2008;18;16
1;BAPTISTE;2009;18;6
1;BAPTISTE;2010;18;12
1;BAPTISTE;2011;18;8
1;BAPTISTE;2012;18;10
1;BAPTISTE;2013;18;12
1;BAPTISTE;2014;18;7
1;BAPTISTE;2015;18;5
1;BAPTISTE;2016;18;4
1;BAPTISTE;2017;18;6
1;BAPTISTE;2018;18;4
1;BAPTISTE;2019;18;3
1;BAPTISTE;2020;18;6
1;BASTIAN;2010;18;3
1;BASTIEN;2000;18;8
1;BASTIEN;2001;18;12
1;BASTIEN;2002;18;7
1;BASTIEN;2003;18;10
1;BASTIEN;2004;18;10
1;BASTIEN;2005;18;9
1;BASTIEN;2006;18;9
1;BASTIEN;2007;18;6
1;BASTIEN;2008;18;6
1;BASTIEN;2009;18;7
1;BASTIEN;2010;18;4
1;BASTIEN;2011;18;6
1;BASTIEN;2013;18;4
1;BASTIEN;2015;18;5
1;BASTIEN;2016;18;3
1;BASTIEN;2017;18;4
1;BASTIEN;2018;18;6
1;BASTIEN;2019;18;3
1;BASTIEN;2020;18;5
1;BASTIEN;2021;18;3
1;BENJAMIN;2000;18;24
1;BENJAMIN;2001;18;21
1;BENJAMIN;2002;18;16
1;BENJAMIN;2003;18;10
1;BENJAMIN;2004;18;10
1;BENJAMIN;2005;18;10
1;BENJAMIN;2006;18;5
1;BENJAMIN;2008;18;7
1;BENJAMIN;2009;18;7
1;BENJAMIN;2010;18;4
1;BENJAMIN;2011;18;6
1;BENJAMIN;2012;18;4
1;BENJAMIN;2013;18;3
1;BENJAMIN;2014;18;6
1;BENJAMIN;2015;18;5
1;BENJAMIN;2017;18;3
1;BENJAMIN;2020;18;3
1;BENOÎT;2000;18;3
1;BENOÎT;2001;18;7
1;BENOÎT;2002;18;5
1;BENOÎT;2004;18;6
1;BENOÎT;2005;18;7
1;BILAL;2003;18;3
1;BILAL;2005;18;3
1;BILAL;2013;18;4
1;BRANDON;2001;18;3
1;BRYAN;2000;18;5
1;BRYAN;2001;18;6
1;BRYAN;2002;18;3
1;BRYAN;2003;18;3
1;BRYAN;2004;18;4
1;BRYAN;2005;18;3
1;BRYAN;2007;18;5
1;BRYAN;2011;18;3
1;BRYAN;2016;18;5
1;BRYAN;2021;18;4
1;CAMERON;2010;18;3
1;CAMERON;2016;18;3
1;CAMERON;2017;18;3
1;CAMILLE;2000;18;5
1;CAMILLE;2002;18;3
1;CAMILLE;2004;18;3
1;CAMILLE;2005;18;7
1;CAMILLE;2007;18;6
1;CAMILLE;2008;18;3
1;CAMILLE;2009;18;5
1;CAMILLE;2010;18;5
1;CAMILLE;2011;18;3
1;CAMILLE;2012;18;3
1;CAMILLE;2013;18;4
1;CAMILLE;2014;18;3
1;CAMILLE;2015;18;5
1;CAMILLE;2016;18;7
1;CAMILLE;2017;18;4
1;CAMILLE;2019;18;7
1;CAMILLE;2020;18;5
1;CAMILLE;2021;18;6
1;CELESTIN;2005;18;3
1;CELESTIN;2006;18;3
1;CÉLIAN;2012;18;3
1;CHARLES;2000;18;5
1;CHARLES;2001;18;3
1;CHARLES;2002;18;3
1;CHARLES;2004;18;4
1;CHARLES;2005;18;4
1;CHARLES;2007;18;4
1;CHARLES;2008;18;4
1;CHARLES;2010;18;3
1;CHARLES;2012;18;3
1;CHARLES;2017;18;3
1;CHARLES;2018;18;4
1;CHARLES;2021;18;3
1;CHARLIE;2019;18;3
1;CHARLIE;2020;18;3
1;CHARLY;2000;18;5
1;CHARLY;2006;18;6
1;CHARLY;2009;18;3
1;CHARLY;2011;18;3
1;CHARLY;2018;18;4
1;CHARLY;2021;18;4
1;CHRISTOPHER;2000;18;8
1;CHRISTOPHER;2003;18;3
1;CLEMENT;2011;18;6
1;CLEMENT;2014;18;3
1;CLÉMENT;2000;18;19
1;CLÉMENT;2001;18;31
1;CLÉMENT;2002;18;12
1;CLÉMENT;2003;18;23
1;CLÉMENT;2004;18;16
1;CLÉMENT;2005;18;22
1;CLÉMENT;2006;18;29
1;CLÉMENT;2007;18;15
1;CLÉMENT;2008;18;17
1;CLÉMENT;2009;18;12
1;CLÉMENT;2010;18;12
1;CLÉMENT;2011;18;5
1;CLÉMENT;2012;18;5
1;CLÉMENT;2013;18;8
1;CLÉMENT;2014;18;9
1;CLÉMENT;2015;18;8
1;CLÉMENT;2016;18;4
1;CLÉMENT;2017;18;5
1;CLÉMENT;2018;18;5
1;CLÉMENT;2019;18;4
1;CLÉMENT;2020;18;5
1;CLÉMENT;2021;18;4
1;CLOVIS;2008;18;3
1;CLOVIS;2010;18;3
1;COME;2009;18;4
1;CÔME;2013;18;4
1;CÔME;2016;18;4
1;CÔME;2017;18;3
1;CÔME;2018;18;8
1;CÔME;2019;18;7
1;CÔME;2020;18;8
1;CÔME;2021;18;5
1;CORENTIN;2000;18;19
1;CORENTIN;2001;18;19
1;CORENTIN;2002;18;17
1;CORENTIN;2003;18;9
1;CORENTIN;2004;18;10
1;CORENTIN;2005;18;8
1;CORENTIN;2006;18;9
1;CORENTIN;2007;18;10
1;CORENTIN;2008;18;10
1;CORENTIN;2009;18;4
1;CORENTIN;2010;18;7
1;CORENTIN;2012;18;4
1;CORENTIN;2015;18;4
1;CYPRIEN;2003;18;3
1;CYRIL;2002;18;3
1;DAMIEN;2000;18;10
1;DAMIEN;2001;18;9
1;DAMIEN;2002;18;10
1;DAMIEN;2003;18;7
1;DAMIEN;2004;18;6
1;DAMIEN;2005;18;5
1;DAMIEN;2006;18;4
1;DAMIEN;2007;18;3
1;DAMIEN;2011;18;4
1;DAMIEN;2015;18;3
1;DANIEL;2010;18;3
1;DAVID;2000;18;7
1;DAVID;2001;18;4
1;DAVID;2002;18;4
1;DAVID;2004;18;4
1;DAVID;2006;18;4
1;DAVID;2007;18;3
1;DAVID;2010;18;3
1;DAVID;2016;18;3
1;DAVID;2018;18;4
1;DIEGO;2003;18;3
1;DIEGO;2004;18;5
1;DIEGO;2005;18;3
1;DIEGO;2006;18;3
1;DIEGO;2007;18;10
1;DIEGO;2010;18;3
1;DIEGO;2011;18;4
1;DIEGO;2012;18;4
1;DIEGO;2013;18;5
1;DIEGO;2014;18;6
1;DIEGO;2015;18;4
1;DIEGO;2017;18;3
1;DIEGO;2018;18;5
1;DIEGO;2019;18;3
1;DIEGO;2020;18;4
1;DIEGO;2021;18;3
1;DIÉGO;2021;18;3
1;DORIAN;2000;18;9
1;DORIAN;2001;18;9
1;DORIAN;2002;18;3
1;DORIAN;2003;18;12
1;DORIAN;2004;18;9
1;DORIAN;2005;18;4
1;DORIAN;2006;18;6
1;DORIAN;2007;18;3
1;DORIAN;2008;18;5
1;DORIAN;2009;18;4
1;DORIAN;2011;18;5
1;DORIAN;2016;18;3
1;DYLAN;2000;18;18
1;DYLAN;2001;18;12
1;DYLAN;2002;18;14
1;DYLAN;2003;18;12
1;DYLAN;2004;18;7
1;DYLAN;2005;18;6
1;DYLAN;2006;18;6
1;DYLAN;2007;18;6
1;DYLAN;2009;18;3
1;DYLAN;2011;18;7
1;DYLAN;2012;18;5
1;DYLAN;2013;18;3
1;DYLAN;2015;18;3
1;DYLAN;2017;18;3
1;EDEN;2007;18;3
1;EDEN;2012;18;4
1;EDEN;2014;18;9
1;EDEN;2015;18;7
1;EDEN;2016;18;3
1;EDEN;2017;18;11
1;EDEN;2018;18;7
1;EDEN;2019;18;8
1;EDEN;2020;18;9
1;EDEN;2021;18;7
1;EDOUARD;2001;18;4
1;ELIAS;2016;18;3
1;ELIAS;2017;18;3
1;ÉLIAS;2021;18;3
1;ELIE;2005;18;3
1;ELIE;2008;18;3
1;ELIO;2019;18;3
1;ELIO;2021;18;3
1;ELIOT;2004;18;3
1;ELIOT;2008;18;3
1;ELIOT;2009;18;3
1;ELIOT;2013;18;4
1;ELIOTT;2003;18;3
1;ELIOTT;2006;18;5
1;ELIOTT;2007;18;7
1;ELIOTT;2010;18;5
1;ELIOTT;2011;18;4
1;ELIOTT;2012;18;7
1;ELIOTT;2013;18;3
1;ELIOTT;2014;18;6
1;ELIOTT;2016;18;5
1;ELIOTT;2017;18;4
1;ELIOTT;2019;18;4
1;ELIOTT;2020;18;7
1;ELIOTT;2021;18;5
1;ELLIOT;2004;18;3
1;ELLIOT;2021;18;3
1;ELOI;2005;18;3
1;ELOUAN;2005;18;3
1;ELOUAN;2006;18;3
1;ELOUAN;2009;18;3
1;EMERIC;2002;18;4
1;EMERICK;2005;18;3
1;ÉMILE;2021;18;3
1;EMILIEN;2000;18;4
1;EMILIEN;2001;18;6
1;EMILIEN;2002;18;6
1;EMILIEN;2003;18;4
1;EMILIEN;2004;18;3
1;EMILIEN;2005;18;4
1;EMILIEN;2006;18;5
1;EMILIEN;2009;18;3
1;EMIR;2013;18;3
1;EMMANUEL;2001;18;3
1;ENAËL;2020;18;3
1;ENZO;2000;18;10
1;ENZO;2001;18;7
1;ENZO;2002;18;20
1;ENZO;2003;18;20
1;ENZO;2004;18;30
1;ENZO;2005;18;33
1;ENZO;2006;18;22
1;ENZO;2007;18;37
1;ENZO;2008;18;31
1;ENZO;2009;18;40
1;ENZO;2010;18;32
1;ENZO;2011;18;18
1;ENZO;2012;18;23
1;ENZO;2013;18;18
1;ENZO;2014;18;17
1;ENZO;2015;18;12
1;ENZO;2016;18;9
1;ENZO;2017;18;11
1;ENZO;2018;18;5
1;ENZO;2019;18;11
1;ENZO;2020;18;6
1;ENZO;2021;18;5
1;EREN;2013;18;3
1;ERWAN;2000;18;3
1;ERWAN;2001;18;5
1;ERWAN;2002;18;6
1;ERWAN;2003;18;3
1;ERWAN;2004;18;8
1;ERWAN;2005;18;9
1;ERWAN;2006;18;6
1;ERWAN;2007;18;5
1;ERWAN;2008;18;3
1;ERWAN;2010;18;5
1;ERWAN;2011;18;8
1;ERWAN;2013;18;4
1;ERWAN;2019;18;3
1;ERWANN;2003;18;3
1;ERWANN;2004;18;4
1;ERWANN;2005;18;4
1;ERWANN;2007;18;3
1;ERWANN;2013;18;3
1;ESTEBAN;2000;18;3
1;ESTEBAN;2002;18;7
1;ESTEBAN;2003;18;5
1;ESTEBAN;2004;18;7
1;ESTEBAN;2005;18;13
1;ESTEBAN;2006;18;10
1;ESTEBAN;2007;18;11
1;ESTEBAN;2008;18;5
1;ESTEBAN;2009;18;12
1;ESTEBAN;2011;18;5
1;ESTEBAN;2012;18;5
1;ESTEBAN;2013;18;7
1;ESTEBAN;2014;18;4
1;ESTEBAN;2015;18;5
1;ESTEBAN;2016;18;4
1;ESTEBAN;2018;18;5
1;ETHAN;2002;18;4
1;ETHAN;2003;18;4
1;ETHAN;2004;18;6
1;ETHAN;2005;18;9
1;ETHAN;2006;18;12
1;ETHAN;2007;18;16
1;ETHAN;2008;18;21
1;ETHAN;2009;18;19
1;ETHAN;2010;18;17
1;ETHAN;2011;18;13
1;ETHAN;2012;18;24
1;ETHAN;2013;18;18
1;ETHAN;2014;18;23
1;ETHAN;2015;18;13
1;ETHAN;2016;18;13
1;ETHAN;2017;18;15
1;ETHAN;2018;18;9
1;ETHAN;2019;18;12
1;ETHAN;2020;18;7
1;ETHAN;2021;18;10
1;ÉTHAN;2011;18;3
1;ÉTHAN;2012;18;4
1;ÉTHAN;2013;18;6
1;ÉTHAN;2015;18;8
1;ÉTHAN;2016;18;5
1;ÉTHAN;2017;18;4
1;ETIENNE;2002;18;3
1;ETIENNE;2003;18;6
1;ETIENNE;2004;18;4
1;ETIENNE;2005;18;3
1;ETIENNE;2010;18;5
1;EVAN;2000;18;7
1;EVAN;2001;18;3
1;EVAN;2002;18;7
1;EVAN;2003;18;11
1;EVAN;2004;18;14
1;EVAN;2005;18;13
1;EVAN;2006;18;17
1;EVAN;2007;18;14
1;EVAN;2008;18;10
1;EVAN;2009;18;9
1;EVAN;2010;18;11
1;EVAN;2011;18;13
1;EVAN;2012;18;8
1;EVAN;2013;18;5
1;EVAN;2014;18;6
1;EVAN;2015;18;6
1;EVAN;2016;18;5
1;EVAN;2017;18;4
1;EVAN;2019;18;7
1;EVAN;2020;18;3
1;EVAN;2021;18;4
1;EWAN;2003;18;4
1;EWAN;2004;18;3
1;EWAN;2005;18;6
1;EWAN;2006;18;6
1;EWAN;2007;18;3
1;EWAN;2009;18;3
1;EWEN;2002;18;3
1;EWEN;2007;18;4
1;EWEN;2010;18;4
1;EWEN;2012;18;3
1;EWEN;2014;18;6
1;EWEN;2015;18;5
1;EWEN;2016;18;3
1;EWEN;2017;18;3
1;EWEN;2019;18;5
1;EWEN;2020;18;3
1;EWEN;2021;18;3
1;EZIO;2020;18;9
1;EZRA;2021;18;3
1;FABIEN;2000;18;6
1;FABIEN;2003;18;4
1;FABIEN;2005;18;3
1;FABIO;2006;18;3
1;FABIO;2015;18;6
1;FARES;2002;18;3
1;FÉLIX;2000;18;3
1;FLAVIEN;2000;18;7
1;FLAVIEN;2002;18;3
1;FLAVIEN;2004;18;4
1;FLORENT;2000;18;3
1;FLORENT;2001;18;3
1;FLORENT;2003;18;3
1;FLORENTIN;2000;18;3
1;FLORIAN;2000;18;17
1;FLORIAN;2001;18;13
1;FLORIAN;2002;18;14
1;FLORIAN;2003;18;11
1;FLORIAN;2004;18;9
1;FLORIAN;2005;18;7
1;FLORIAN;2006;18;7
1;FLORIAN;2007;18;6
1;FLORIAN;2008;18;3
1;FLORIAN;2009;18;5
1;FLORIAN;2011;18;4
1;FRANCK;2000;18;3
1;FRANÇOIS;2000;18;5
1;FRANÇOIS;2001;18;5
1;FRANÇOIS;2004;18;3
1;GABIN;2000;18;3
1;GABIN;2001;18;3
1;GABIN;2002;18;3
1;GABIN;2003;18;4
1;GABIN;2004;18;5
1;GABIN;2005;18;11
1;GABIN;2006;18;3
1;GABIN;2007;18;10
1;GABIN;2008;18;11
1;GABIN;2009;18;10
1;GABIN;2010;18;10
1;GABIN;2011;18;3
1;GABIN;2012;18;13
1;GABIN;2013;18;17
1;GABIN;2014;18;6
1;GABIN;2015;18;10
1;GABIN;2016;18;13
1;GABIN;2017;18;14
1;GABIN;2018;18;15
1;GABIN;2019;18;13
1;GABIN;2020;18;13
1;GABIN;2021;18;17
1;GABRIEL;2001;18;10
1;GABRIEL;2002;18;6
1;GABRIEL;2003;18;10
1;GABRIEL;2004;18;6
1;GABRIEL;2005;18;14
1;GABRIEL;2006;18;10
1;GABRIEL;2007;18;10
1;GABRIEL;2008;18;16
1;GABRIEL;2009;18;16
1;GABRIEL;2010;18;20
1;GABRIEL;2011;18;10
1;GABRIEL;2012;18;19
1;GABRIEL;2013;18;12
1;GABRIEL;2014;18;12
1;GABRIEL;2015;18;17
1;GABRIEL;2016;18;33
1;GABRIEL;2017;18;6
1;GABRIEL;2018;18;12
1;GABRIEL;2019;18;16
1;GABRIEL;2020;18;23
1;GABRIEL;2021;18;18
1;GABY;2012;18;4
1;GAEL;2007;18;5
1;GAËL;2013;18;3
1;GAËL;2015;18;3
1;GAËL;2020;18;3
1;GAËTAN;2000;18;4
1;GAËTAN;2001;18;6
1;GAËTAN;2002;18;3
1;GAËTAN;2004;18;3
1;GAËTAN;2005;18;4
1;GAËTAN;2006;18;3
1;GAËTAN;2007;18;4
1;GAËTAN;2008;18;3
1;GAËTAN;2010;18;3
1;GARY;2002;18;3
1;GASPARD;2007;18;3
1;GASPARD;2008;18;3
1;GASPARD;2012;18;4
1;GASPARD;2014;18;4
1;GASPARD;2017;18;6
1;GASPARD;2019;18;5
1;GASPARD;2021;18;6
1;GATIEN;2011;18;3
1;GAUTHIER;2008;18;3
1;GAUTHIER;2012;18;4
1;GAUTHIER;2015;18;3
1;GEOFFREY;2001;18;3
1;GEOFFREY;2002;18;3
1;GERAUD;2001;18;3
1;GRÉGOIRE;2000;18;5
1;GRÉGOIRE;2005;18;3
1;GRÉGOIRE;2007;18;3
1;GRÉGOIRE;2013;18;4
1;GREGORY;2000;18;4
1;GREGORY;2004;18;3
1;GREGORY;2005;18;4
1;GREGORY;2007;18;4
1;GUILHEM;2000;18;3
1;GUILLAUME;2000;18;9
1;GUILLAUME;2001;18;15
1;GUILLAUME;2002;18;8
1;GUILLAUME;2003;18;5
1;GUILLAUME;2004;18;6
1;GUILLAUME;2005;18;4
1;GUILLAUME;2007;18;3
1;GUILLAUME;2009;18;5
1;GUILLAUME;2014;18;3
1;GUSTAVE;2013;18;4
1;HAMZA;2010;18;3
1;HAMZA;2011;18;5
1;HAMZA;2012;18;3
1;HAMZA;2013;18;3
1;HAMZA;2019;18;3
1;HAYDEN;2016;18;3
1;HENRI;2018;18;4
1;HENRI;2020;18;3
1;HIPPOLYTE;2005;18;3
1;HUGO;2000;18;19
1;HUGO;2001;18;32
1;HUGO;2002;18;27
1;HUGO;2003;18;29
1;HUGO;2004;18;21
1;HUGO;2005;18;29
1;HUGO;2006;18;17
1;HUGO;2007;18;22
1;HUGO;2008;18;18
1;HUGO;2009;18;18
1;HUGO;2010;18;23
1;HUGO;2011;18;18
1;HUGO;2012;18;23
1;HUGO;2013;18;17
1;HUGO;2014;18;18
1;HUGO;2015;18;13
1;HUGO;2016;18;20
1;HUGO;2017;18;17
1;HUGO;2018;18;14
1;HUGO;2019;18;10
1;HUGO;2020;18;10
1;HUGO;2021;18;13
1;IBRAHIM;2006;18;4
1;IBRAHIM;2007;18;3
1;IBRAHIM;2014;18;3
1;IBRAHIM;2015;18;3
1;IBRAHIM;2017;18;4
1;IBRAHIM;2018;18;4
1;IBRAHIM;2019;18;3
1;ILAN;2006;18;5
1;ILAN;2007;18;4
1;ILAN;2008;18;3
1;ILAN;2009;18;3
1;ILAN;2010;18;4
1;ILAN;2011;18;5
1;ILAN;2013;18;4
1;ILAN;2015;18;3
1;ILAN;2017;18;3
1;ILAN;2019;18;3
1;ILAN;2020;18;5
1;ILHAN;2008;18;3
1;ILIES;2008;18;3
1;ILYAN;2020;18;5
1;ILYES;2004;18;4
1;ILYES;2005;18;4
1;ILYES;2007;18;4
1;ILYES;2012;18;3
1;ILYES;2013;18;8
1;ILYES;2015;18;4
1;ILYES;2018;18;3
1;ILYES;2020;18;3
1;ILYES;2021;18;5
1;IMRAN;2017;18;3
1;IMRAN;2020;18;4
1;IMRÂN;2021;18;3
1;ISAAC;2014;18;3
1;ISAAC;2015;18;6
1;ISAAC;2017;18;4
1;ISAAC;2018;18;3
1;ISAAC;2020;18;4
1;ISAAC;2021;18;6
1;ISMAEL;2005;18;4
1;ISMAËL;2012;18;5
1;ISMAËL;2013;18;3
1;ISMAËL;2014;18;3
1;ISMAËL;2015;18;4
1;ISMAËL;2016;18;3
1;ISMAËL;2017;18;3
1;ISMAËL;2019;18;3
1;ISMAËL;2020;18;3
1;ISSA;2019;18;3
1;IYAD;2021;18;3
1;JAMES;2002;18;3
1;JAMES;2018;18;4
1;JASON;2000;18;8
1;JASON;2001;18;6
1;JASON;2002;18;4
1;JASON;2005;18;4
1;JASON;2007;18;3
1;JAYDEN;2016;18;3
1;JAYDEN;2021;18;3
1;JEAN;2000;18;4
1;JEAN;2002;18;3
1;JEAN;2009;18;9
1;JEAN;2010;18;3
1;JEAN;2014;18;3
1;JEAN;2016;18;3
1;JEAN;2018;18;5
1;JEAN;2020;18;4
1;JEAN-BAPTISTE;2000;18;3
1;JEREMIE;2001;18;3
1;JEREMIE;2002;18;3
1;JEREMY;2000;18;12
1;JEREMY;2001;18;12
1;JEREMY;2002;18;3
1;JEREMY;2003;18;3
1;JEREMY;2004;18;5
1;JEREMY;2006;18;7
1;JEREMY;2007;18;3
1;JEREMY;2008;18;4
1;JEROME;2001;18;5
1;JESSY;2000;18;3
1;JESSY;2001;18;3
1;JESSY;2009;18;3
1;JIMMY;2000;18;3
1;JIMMY;2002;18;3
1;JIMMY;2003;18;4
1;JIMMY;2004;18;3
1;JIMMY;2007;18;4
1;JOAN;2015;18;3
1;JOEY;2005;18;3
1;JOEY;2020;18;3
1;JOFFREY;2000;18;3
1;JOHAN;2004;18;6
1;JOHAN;2006;18;4
1;JOHAN;2012;18;4
1;JOHAN;2015;18;6
1;JOHANN;2000;18;3
1;JOHANN;2001;18;3
1;JOHANN;2004;18;4
1;JOHN;2008;18;3
1;JONAS;2011;18;3
1;JONAS;2013;18;3
1;JONAS;2016;18;3
1;JONATHAN;2000;18;4
1;JONATHAN;2003;18;3
1;JONATHAN;2004;18;3
1;JONATHAN;2010;18;3
1;JONATHAN;2012;18;3
1;JORDAN;2000;18;6
1;JORDAN;2001;18;8
1;JORDAN;2002;18;9
1;JORDAN;2003;18;4
1;JORDAN;2004;18;4
1;JORDAN;2006;18;3
1;JORDAN;2007;18;3
1;JORDAN;2008;18;3
1;JORIS;2002;18;4
1;JORIS;2010;18;4
1;JOSHUA;2010;18;3
1;JOSHUA;2012;18;4
1;JULES;2000;18;7
1;JULES;2001;18;17
1;JULES;2003;18;7
1;JULES;2004;18;13
1;JULES;2005;18;9
1;JULES;2006;18;15
1;JULES;2007;18;10
1;JULES;2008;18;19
1;JULES;2009;18;16
1;JULES;2010;18;7
1;JULES;2011;18;16
1;JULES;2012;18;15
1;JULES;2013;18;13
1;JULES;2014;18;22
1;JULES;2015;18;25
1;JULES;2016;18;24
1;JULES;2017;18;19
1;JULES;2018;18;12
1;JULES;2019;18;22
1;JULES;2020;18;15
1;JULES;2021;18;10
1;JULIAN;2000;18;3
1;JULIAN;2005;18;3
1;JULIAN;2009;18;3
1;JULIAN;2010;18;3
1;JULIAN;2012;18;5
1;JULIAN;2013;18;3
1;JULIAN;2014;18;5
1;JULIAN;2017;18;3
1;JULIAN;2021;18;5
1;JULIEN;2000;18;18
1;JULIEN;2001;18;14
1;JULIEN;2002;18;8
1;JULIEN;2003;18;12
1;JULIEN;2004;18;3
1;JULIEN;2005;18;5
1;JULIEN;2006;18;6
1;JULIEN;2007;18;3
1;JULIEN;2008;18;5
1;JULIEN;2009;18;3
1;JULIEN;2010;18;6
1;JUSTIN;2002;18;3
1;JUSTIN;2003;18;3
1;JUSTIN;2005;18;3
1;JUSTIN;2007;18;6
1;JUSTIN;2008;18;7
1;JUSTIN;2010;18;3
1;KAIS;2007;18;3
1;KAIS;2009;18;3
1;KAÏS;2014;18;5
1;KAÏS;2016;18;5
1;KAÏS;2017;18;6
1;KAÏS;2018;18;8
1;KAÏS;2019;18;4
1;KAÏS;2020;18;4
1;KAMERON;2009;18;3
1;KAMERON;2019;18;3
1;KAMIL;2019;18;5
1;KARL;2005;18;4
1;KAYDEN;2020;18;4
1;KAYDEN;2021;18;5
1;KELYAN;2015;18;3
1;KENZO;2000;18;3
1;KENZO;2007;18;3
1;KENZO;2008;18;5
1;KENZO;2011;18;5
1;KENZO;2012;18;4
1;KENZO;2014;18;3
1;KENZO;2016;18;5
1;KENZO;2017;18;8
1;KENZO;2018;18;5
1;KENZO;2019;18;6
1;KENZO;2020;18;3
1;KENZO;2021;18;3
1;KEVIN;2000;18;12
1;KEVIN;2001;18;9
1;KEVIN;2002;18;7
1;KEVIN;2003;18;10
1;KEVIN;2004;18;6
1;KEVIN;2005;18;5
1;KEVIN;2006;18;4
1;KEVIN;2008;18;4
1;KILIAN;2003;18;3
1;KILIAN;2005;18;4
1;KILIAN;2006;18;7
1;KILLIAN;2000;18;3
1;KILLIAN;2001;18;10
1;KILLIAN;2002;18;9
1;KILLIAN;2003;18;8
1;KILLIAN;2004;18;10
1;KILLIAN;2005;18;9
1;KILLIAN;2006;18;3
1;KILLIAN;2007;18;7
1;KILLIAN;2008;18;3
1;KILYAN;2009;18;4
1;KYLIAN;2000;18;4
1;KYLIAN;2001;18;3
1;KYLIAN;2002;18;7
1;KYLIAN;2003;18;11
1;KYLIAN;2004;18;13
1;KYLIAN;2005;18;10
1;KYLIAN;2006;18;8
1;KYLIAN;2007;18;8
1;KYLIAN;2008;18;8
1;KYLIAN;2009;18;7
1;KYLIAN;2010;18;7
1;KYLIAN;2012;18;11
1;KYLIAN;2013;18;8
1;KYLIAN;2014;18;5
1;KYLIAN;2015;18;4
1;KYLIAN;2016;18;3
1;KYLIAN;2017;18;3
1;KYLIAN;2018;18;6
1;KYLIAN;2019;18;3
1;KYLLIAN;2003;18;3
1;KYLLIAN;2004;18;3
1;KYLLIAN;2006;18;4
1;KYLLIAN;2007;18;4
1;KYLLIAN;2008;18;4
1;KYLLIAN;2013;18;3
1;LÉANDRE;2006;18;5
1;LÉANDRE;2007;18;4
1;LÉANDRE;2008;18;3
1;LÉANDRE;2011;18;4
1;LÉANDRE;2013;18;6
1;LÉANDRE;2015;18;4
1;LÉANDRE;2018;18;3
1;LÉANDRE;2019;18;6
1;LÉANDRE;2020;18;4
1;LEANDRO;2013;18;3
1;LÉANDRO;2017;18;6
1;LÉANDRO;2019;18;3
1;LÉANDRO;2021;18;4
1;LEEROY;2021;18;3
1;LENNY;2002;18;3
1;LENNY;2003;18;3
1;LENNY;2004;18;6
1;LENNY;2005;18;5
1;LENNY;2006;18;7
1;LENNY;2009;18;5
1;LENNY;2010;18;9
1;LENNY;2011;18;7
1;LENNY;2012;18;3
1;LENNY;2013;18;3
1;LENNY;2014;18;4
1;LENNY;2015;18;8
1;LENNY;2016;18;3
1;LENNY;2017;18;3
1;LENNY;2018;18;6
1;LENNY;2019;18;4
1;LENNY;2020;18;3
1;LENY;2005;18;5
1;LENY;2006;18;3
1;LENY;2010;18;3
1;LÉNY;2018;18;3
1;LENZO;2011;18;3
1;LEO;2012;18;8
1;LEO;2017;18;5
1;LEO;2018;18;6
1;LÉO;2000;18;12
1;LÉO;2001;18;11
1;LÉO;2002;18;20
1;LÉO;2003;18;21
1;LÉO;2004;18;13
1;LÉO;2005;18;22
1;LÉO;2006;18;18
1;LÉO;2007;18;18
1;LÉO;2008;18;12
1;LÉO;2009;18;12
1;LÉO;2010;18;15
1;LÉO;2011;18;22
1;LÉO;2012;18;15
1;LÉO;2013;18;17
1;LÉO;2014;18;21
1;LÉO;2015;18;15
1;LÉO;2016;18;9
1;LÉO;2017;18;14
1;LÉO;2018;18;14
1;LÉO;2019;18;16
1;LÉO;2020;18;10
1;LÉO;2021;18;12
1;LEON;2017;18;3
1;LÉON;2000;18;3
1;LÉON;2015;18;3
1;LÉON;2018;18;3
1;LÉON;2019;18;5
1;LÉON;2020;18;6
1;LÉON;2021;18;9
1;LEONARD;2008;18;3
1;LÉONARD;2013;18;5
1;LÉOPOLD;2021;18;3
1;LIAM;2005;18;5
1;LIAM;2008;18;4
1;LIAM;2009;18;4
1;LIAM;2010;18;7
1;LIAM;2011;18;6
1;LIAM;2012;18;7
1;LIAM;2013;18;5
1;LIAM;2014;18;8
1;LIAM;2015;18;13
1;LIAM;2016;18;18
1;LIAM;2017;18;14
1;LIAM;2018;18;15
1;LIAM;2019;18;13
1;LIAM;2020;18;10
1;LIAM;2021;18;10
1;LILIAN;2000;18;5
1;LILIAN;2003;18;3
1;LILIAN;2006;18;9
1;LILIAN;2007;18;4
1;LILIAN;2008;18;3
1;LILIAN;2010;18;3
1;LILIAN;2011;18;4
1;LIVIO;2020;18;4
1;LIVIO;2021;18;3
1;LOAN;2008;18;3
1;LOAN;2009;18;5
1;LOAN;2011;18;8
1;LOAN;2012;18;3
1;LOAN;2014;18;6
1;LOAN;2018;18;3
1;LOGAN;2003;18;3
1;LOGAN;2004;18;6
1;LOGAN;2011;18;3
1;LOGAN;2012;18;4
1;LOGAN;2017;18;5
1;LOGAN;2018;18;3
1;LOGAN;2019;18;4
1;LOGAN;2020;18;6
1;LOGAN;2021;18;5
1;LOÏC;2001;18;6
1;LOÏC;2002;18;4
1;LOÏC;2003;18;3
1;LOÏC;2005;18;4
1;LOÏC;2006;18;4
1;LOÏC;2007;18;4
1;LOÏC;2008;18;5
1;LOÏS;2021;18;4
1;LORENZO;2003;18;3
1;LORENZO;2006;18;3
1;LORENZO;2007;18;10
1;LORENZO;2008;18;5
1;LORENZO;2009;18;5
1;LORENZO;2010;18;6
1;LORENZO;2011;18;7
1;LORENZO;2012;18;5
1;LORENZO;2013;18;6
1;LORENZO;2014;18;6
1;LORENZO;2015;18;4
1;LORENZO;2016;18;8
1;LORENZO;2018;18;4
1;LORENZO;2019;18;7
1;LORENZO;2020;18;4
1;LORIS;2010;18;5
1;LORIS;2013;18;3
1;LOUCA;2013;18;3
1;LOUCAS;2015;18;3
1;LOUIS;2000;18;25
1;LOUIS;2001;18;23
1;LOUIS;2002;18;15
1;LOUIS;2003;18;17
1;LOUIS;2004;18;19
1;LOUIS;2005;18;25
1;LOUIS;2006;18;18
1;LOUIS;2007;18;26
1;LOUIS;2008;18;30
1;LOUIS;2009;18;28
1;LOUIS;2010;18;25
1;LOUIS;2011;18;20
1;LOUIS;2012;18;26
1;LOUIS;2013;18;23
1;LOUIS;2014;18;12
1;LOUIS;2015;18;21
1;LOUIS;2016;18;25
1;LOUIS;2017;18;12
1;LOUIS;2018;18;20
1;LOUIS;2019;18;17
1;LOUIS;2020;18;11
1;LOUIS;2021;18;14
1;LOUISON;2020;18;3
1;LOUKA;2007;18;3
1;LOUKA;2008;18;6
1;LOUKA;2009;18;5
1;LOUKA;2011;18;3
1;LOUKA;2013;18;4
1;LOUKA;2014;18;6
1;LOUKA;2015;18;4
1;LOUKA;2016;18;3
1;LOUKA;2018;18;4
1;LOUKAS;2012;18;3
1;LUC;2000;18;5
1;LUC;2003;18;3
1;LUC;2005;18;3
1;LUC;2009;18;3
1;LUCA;2002;18;4
1;LUCA;2006;18;3
1;LUCA;2008;18;3
1;LUCA;2013;18;5
1;LUCA;2015;18;3
1;LUCA;2016;18;3
1;LUCAS;2000;18;27
1;LUCAS;2001;18;42
1;LUCAS;2002;18;30
1;LUCAS;2003;18;36
1;LUCAS;2004;18;25
1;LUCAS;2005;18;33
1;LUCAS;2006;18;18
1;LUCAS;2007;18;38
1;LUCAS;2008;18;21
1;LUCAS;2009;18;36
1;LUCAS;2010;18;38
1;LUCAS;2011;18;26
1;LUCAS;2012;18;14
1;LUCAS;2013;18;23
1;LUCAS;2014;18;22
1;LUCAS;2015;18;17
1;LUCAS;2016;18;34
1;LUCAS;2017;18;11
1;LUCAS;2018;18;18
1;LUCAS;2019;18;17
1;LUCAS;2020;18;9
1;LUCAS;2021;18;11
1;LUCIEN;2005;18;3
1;LUDOVIC;2000;18;4
1;LUDOVIC;2004;18;3
1;LUIS;2010;18;4
1;LUIS;2018;18;4
1;LUKA;2005;18;3
1;LUKA;2007;18;3
1;LUKA;2009;18;3
1;LUKA;2010;18;6
1;LUKA;2011;18;5
1;LUKA;2019;18;3
1;LUKAS;2004;18;5
1;LUKAS;2012;18;4
1;LUKAS;2013;18;4
1;LYAM;2009;18;3
1;LYAM;2011;18;3
1;LYAM;2015;18;4
1;LYAM;2016;18;5
1;LYAM;2017;18;8
1;LYAM;2018;18;5
1;LYAM;2020;18;4
1;LYAM;2021;18;9
1;LYLIAN;2006;18;3
1;MAÉ;2012;18;3
1;MAÉ;2018;18;3
1;MAÉ;2019;18;4
1;MAÉ;2020;18;4
1;MAÉ;2021;18;5
1;MAEL;2001;18;10
1;MAEL;2002;18;4
1;MAEL;2003;18;9
1;MAEL;2004;18;4
1;MAEL;2005;18;9
1;MAEL;2006;18;5
1;MAEL;2007;18;10
1;MAEL;2008;18;10
1;MAEL;2009;18;11
1;MAEL;2010;18;8
1;MAEL;2011;18;3
1;MAEL;2012;18;5
1;MAEL;2014;18;3
1;MAEL;2015;18;5
1;MAEL;2018;18;4
1;MAËL;2010;18;6
1;MAËL;2011;18;11
1;MAËL;2012;18;9
1;MAËL;2013;18;11
1;MAËL;2014;18;13
1;MAËL;2015;18;10
1;MAËL;2016;18;5
1;MAËL;2017;18;13
1;MAËL;2018;18;8
1;MAËL;2019;18;13
1;MAËL;2020;18;11
1;MAËL;2021;18;19
1;MAËLAN;2021;18;3
1;MAHÉ;2013;18;3
1;MAHÉ;2015;18;3
1;MAHÉ;2016;18;3
1;MAHÉ;2017;18;3
1;MAHÉ;2018;18;3
1;MAHÉ;2019;18;4
1;MAHÉ;2020;18;4
1;MAHÉ;2021;18;3
1;MALO;2008;18;3
1;MALO;2011;18;5
1;MALO;2012;18;4
1;MALO;2014;18;5
1;MALO;2016;18;4
1;MALO;2017;18;4
1;MALO;2018;18;3
1;MALO;2019;18;4
1;MALO;2020;18;3
1;MALO;2021;18;9
1;MALONE;2012;18;4
1;MALONE;2019;18;3
1;MALONE;2020;18;3
1;MALONE;2021;18;3
1;MALONN;2020;18;3
1;MANOLO;2010;18;3
1;MARCEAU;2010;18;4
1;MARCEAU;2018;18;9
1;MARCEAU;2019;18;3
1;MARCEAU;2020;18;5
1;MARCEAU;2021;18;3
1;MARCEL;2018;18;3
1;MARCEL;2019;18;4
1;MARIN;2018;18;4
1;MARIN;2019;18;3
1;MARIUS;2002;18;4
1;MARIUS;2003;18;5
1;MARIUS;2004;18;3
1;MARIUS;2005;18;4
1;MARIUS;2006;18;3
1;MARIUS;2008;18;3
1;MARIUS;2010;18;10
1;MARIUS;2011;18;3
1;MARIUS;2012;18;4
1;MARIUS;2013;18;3
1;MARIUS;2015;18;7
1;MARIUS;2016;18;8
1;MARIUS;2017;18;11
1;MARIUS;2018;18;11
1;MARIUS;2019;18;6
1;MARIUS;2021;18;6
1;MARLEY;2015;18;4
1;MARLEY;2017;18;4
1;MARTIN;2000;18;5
1;MARTIN;2001;18;3
1;MARTIN;2002;18;4
1;MARTIN;2003;18;10
1;MARTIN;2006;18;4
1;MARTIN;2007;18;4
1;MARTIN;2008;18;4
1;MARTIN;2009;18;8
1;MARTIN;2010;18;8
1;MARTIN;2011;18;3
1;MARTIN;2012;18;7
1;MARTIN;2014;18;7
1;MARTIN;2015;18;4
1;MARTIN;2016;18;4
1;MARTIN;2017;18;6
1;MARTIN;2018;18;7
1;MARTIN;2019;18;10
1;MARTIN;2020;18;9
1;MARTIN;2021;18;10
1;MARVIN;2015;18;4
1;MARWAN;2003;18;3
1;MARWAN;2004;18;6
1;MARWAN;2013;18;3
1;MATÉO;2000;18;4
1;MATÉO;2001;18;5
1;MATÉO;2003;18;4
1;MATÉO;2004;18;5
1;MATÉO;2005;18;5
1;MATÉO;2006;18;4
1;MATÉO;2008;18;5
1;MATÉO;2009;18;5
1;MATÉO;2010;18;4
1;MATÉO;2013;18;5
1;MATÉO;2015;18;3
1;MATÉO;2018;18;3
1;MATHEO;2011;18;3
1;MATHEO;2012;18;5
1;MATHÉO;2001;18;6
1;MATHÉO;2002;18;13
1;MATHÉO;2003;18;15
1;MATHÉO;2004;18;20
1;MATHÉO;2005;18;20
1;MATHÉO;2006;18;18
1;MATHÉO;2007;18;19
1;MATHÉO;2008;18;26
1;MATHÉO;2009;18;20
1;MATHÉO;2010;18;19
1;MATHÉO;2011;18;13
1;MATHÉO;2012;18;11
1;MATHÉO;2013;18;13
1;MATHÉO;2014;18;11
1;MATHÉO;2015;18;6
1;MATHÉO;2016;18;8
1;MATHÉO;2017;18;9
1;MATHÉO;2018;18;3
1;MATHÉO;2019;18;3
1;MATHÉO;2020;18;3
1;MATHÉO;2021;18;6
1;MATHIAS;2000;18;5
1;MATHIAS;2001;18;5
1;MATHIAS;2002;18;3
1;MATHIAS;2004;18;7
1;MATHIAS;2005;18;6
1;MATHIAS;2006;18;6
1;MATHIAS;2007;18;5
1;MATHIAS;2008;18;7
1;MATHIAS;2009;18;9
1;MATHIAS;2010;18;6
1;MATHIEU;2000;18;11
1;MATHIEU;2001;18;7
1;MATHIEU;2002;18;13
1;MATHIEU;2003;18;3
1;MATHIEU;2004;18;5
1;MATHIEU;2005;18;5
1;MATHIEU;2006;18;6
1;MATHIEU;2007;18;7
1;MATHIEU;2008;18;4
1;MATHIEU;2009;18;6
1;MATHIEU;2010;18;4
1;MATHIEU;2012;18;4
1;MATHIS;2000;18;10
1;MATHIS;2001;18;11
1;MATHIS;2002;18;23
1;MATHIS;2003;18;28
1;MATHIS;2004;18;25
1;MATHIS;2005;18;32
1;MATHIS;2006;18;22
1;MATHIS;2007;18;31
1;MATHIS;2008;18;17
1;MATHIS;2009;18;20
1;MATHIS;2010;18;14
1;MATHIS;2011;18;16
1;MATHIS;2012;18;13
1;MATHIS;2013;18;10
1;MATHIS;2014;18;17
1;MATHIS;2015;18;12
1;MATHIS;2016;18;7
1;MATHIS;2017;18;11
1;MATHIS;2018;18;3
1;MATHIS;2019;18;9
1;MATHIS;2020;18;3
1;MATHIS;2021;18;6
1;MATHYS;2003;18;8
1;MATHYS;2004;18;8
1;MATHYS;2005;18;9
1;MATHYS;2006;18;4
1;MATHYS;2007;18;7
1;MATHYS;2008;18;11
1;MATHYS;2009;18;8
1;MATHYS;2010;18;9
1;MATHYS;2011;18;9
1;MATHYS;2012;18;10
1;MATHYS;2013;18;8
1;MATHYS;2014;18;3
1;MATHYS;2016;18;3
1;MATHYS;2018;18;3
1;MATHYS;2019;18;5
1;MATHYS;2020;18;3
1;MATHYS;2021;18;3
1;MATIS;2004;18;4
1;MATIS;2005;18;6
1;MATIS;2008;18;5
1;MATTÉO;2000;18;4
1;MATTÉO;2001;18;13
1;MATTÉO;2002;18;8
1;MATTÉO;2003;18;7
1;MATTÉO;2004;18;8
1;MATTÉO;2005;18;15
1;MATTÉO;2006;18;13
1;MATTÉO;2007;18;6
1;MATTÉO;2008;18;11
1;MATTÉO;2009;18;3
1;MATTÉO;2011;18;4
1;MATTÉO;2012;18;6
1;MATTÉO;2013;18;4
1;MATTÉO;2015;18;3
1;MATTÉO;2020;18;3
1;MATTHÉO;2004;18;3
1;MATTHIAS;2001;18;4
1;MATTHIAS;2002;18;3
1;MATTHIAS;2003;18;3
1;MATTHIAS;2004;18;5
1;MATTHIAS;2008;18;4
1;MATTHIAS;2013;18;4
1;MATTHIEU;2000;18;9
1;MATTHIEU;2001;18;9
1;MATTHIEU;2002;18;3
1;MATTHIEU;2003;18;5
1;MATTHIEU;2004;18;3
1;MATTHIEU;2005;18;8
1;MATTHIEU;2007;18;4
1;MATTHIEU;2011;18;3
1;MATTHIEU;2014;18;3
1;MATTHIS;2006;18;3
1;MATTIA;2020;18;4
1;MATTIS;2005;18;3
1;MATYS;2020;18;3
1;MAX;2001;18;4
1;MAX;2002;18;4
1;MAX;2009;18;4
1;MAXANCE;2011;18;3
1;MAXENCE;2000;18;11
1;MAXENCE;2001;18;14
1;MAXENCE;2002;18;4
1;MAXENCE;2003;18;16
1;MAXENCE;2004;18;18
1;MAXENCE;2005;18;14
1;MAXENCE;2006;18;16
1;MAXENCE;2007;18;7
1;MAXENCE;2008;18;12
1;MAXENCE;2009;18;9
1;MAXENCE;2010;18;10
1;MAXENCE;2011;18;10
1;MAXENCE;2012;18;8
1;MAXENCE;2013;18;14
1;MAXENCE;2014;18;8
1;MAXENCE;2015;18;8
1;MAXENCE;2016;18;7
1;MAXENCE;2017;18;4
1;MAXENCE;2018;18;8
1;MAXENCE;2019;18;5
1;MAXENCE;2020;18;8
1;MAXIME;2000;18;25
1;MAXIME;2001;18;33
1;MAXIME;2002;18;38
1;MAXIME;2003;18;30
1;MAXIME;2004;18;24
1;MAXIME;2005;18;21
1;MAXIME;2006;18;11
1;MAXIME;2007;18;14
1;MAXIME;2008;18;13
1;MAXIME;2009;18;8
1;MAXIME;2010;18;12
1;MAXIME;2011;18;10
1;MAXIME;2012;18;10
1;MAXIME;2013;18;9
1;MAXIME;2014;18;10
1;MAXIME;2015;18;3
1;MAXIME;2016;18;7
1;MAXIME;2017;18;8
1;MAXIME;2018;18;3
1;MAXIME;2019;18;4
1;MAXIME;2020;18;3
1;MAXIME;2021;18;3
1;MAXIMILIEN;2014;18;4
1;MAYLONE;2021;18;3
1;MAYRON;2016;18;6
1;MAYRON;2018;18;6
1;MAYRON;2019;18;4
1;MAYRON;2020;18;5
1;MEHDI;2000;18;3
1;MEHDI;2001;18;3
1;MEHDI;2003;18;5
1;MEHDI;2008;18;3
1;MEHDI;2010;18;3
1;MEHDI;2018;18;4
1;MELVIN;2000;18;3
1;MELVIN;2001;18;3
1;MELVIN;2002;18;6
1;MELVIN;2003;18;4
1;MELVIN;2004;18;3
1;MELVIN;2005;18;4
1;MELVIN;2006;18;3
1;MELVIN;2007;18;4
1;MELVIN;2009;18;3
1;MELVIN;2013;18;3
1;MELVYN;2004;18;3
1;MELVYN;2007;18;4
1;MICKAEL;2000;18;3
1;MICKAEL;2001;18;6
1;MICKAEL;2003;18;3
1;MICKAEL;2006;18;3
1;MIGUEL;2009;18;3
1;MILAN;2010;18;3
1;MILAN;2012;18;5
1;MILAN;2015;18;7
1;MILAN;2020;18;4
1;MILANN;2020;18;5
1;MILANN;2021;18;4
1;MILO;2012;18;4
1;MILO;2017;18;3
1;MILO;2018;18;5
1;MILO;2019;18;3
1;MILO;2020;18;9
1;MILO;2021;18;4
1;MOHAMED;2000;18;5
1;MOHAMED;2001;18;4
1;MOHAMED;2002;18;5
1;MOHAMED;2003;18;4
1;MOHAMED;2005;18;4
1;MOHAMED;2006;18;4
1;MOHAMED;2007;18;3
1;MOHAMED;2008;18;7
1;MOHAMED;2009;18;6
1;MOHAMED;2010;18;6
1;MOHAMED;2012;18;6
1;MOHAMED;2013;18;6
1;MOHAMED;2016;18;6
1;MOHAMED;2017;18;6
1;MOHAMED;2018;18;3
1;MOHAMED;2019;18;3
1;MOHAMED;2021;18;5
1;MORGAN;2001;18;3
1;MORGAN;2002;18;4
1;MORGAN;2003;18;4
1;MORGAN;2006;18;3
1;MORGAN;2007;18;3
1;MORGAN;2008;18;3
1;MORGAN;2011;18;3
1;MORGAN;2014;18;5
1;MYLANN;2021;18;3
1;NABIL;2006;18;3
1;NAEL;2008;18;4
1;NAEL;2009;18;4
1;NAEL;2012;18;3
1;NAËL;2012;18;6
1;NAËL;2013;18;4
1;NAËL;2015;18;5
1;NAËL;2016;18;5
1;NAËL;2017;18;3
1;NAËL;2018;18;4
1;NAËL;2019;18;7
1;NAËL;2020;18;6
1;NAËL;2021;18;14
1;NAHIL;2011;18;3
1;NAHIL;2012;18;3
1;NAHIL;2017;18;3
1;NAIM;2008;18;3
1;NAÏM;2014;18;4
1;NAÏM;2016;18;4
1;NAÏM;2017;18;5
1;NAÏM;2018;18;3
1;NAÏM;2019;18;4
1;NASSIM;2000;18;4
1;NASSIM;2010;18;3
1;NASSIM;2012;18;4
1;NASSIM;2017;18;3
1;NASSIM;2019;18;3
1;NASSIM;2021;18;3
1;NATHAEL;2008;18;5
1;NATHAËL;2012;18;3
1;NATHAN;2000;18;14
1;NATHAN;2001;18;13
1;NATHAN;2002;18;19
1;NATHAN;2003;18;17
1;NATHAN;2004;18;16
1;NATHAN;2005;18;20
1;NATHAN;2006;18;22
1;NATHAN;2007;18;27
1;NATHAN;2008;18;31
1;NATHAN;2009;18;28
1;NATHAN;2010;18;22
1;NATHAN;2011;18;26
1;NATHAN;2012;18;25
1;NATHAN;2013;18;12
1;NATHAN;2014;18;22
1;NATHAN;2015;18;10
1;NATHAN;2016;18;19
1;NATHAN;2017;18;8
1;NATHAN;2018;18;9
1;NATHAN;2019;18;10
1;NATHAN;2020;18;12
1;NATHAN;2021;18;3
1;NATHANAEL;2002;18;3
1;NATHANAEL;2006;18;3
1;NATHANAEL;2009;18;4
1;NATHANAËL;2013;18;4
1;NATHANAËL;2014;18;5
1;NATHANAËL;2017;18;3
1;NATHÉO;2020;18;5
1;NELSON;2006;18;3
1;NICOLAS;2000;18;27
1;NICOLAS;2001;18;16
1;NICOLAS;2002;18;15
1;NICOLAS;2003;18;25
1;NICOLAS;2004;18;12
1;NICOLAS;2005;18;14
1;NICOLAS;2006;18;8
1;NICOLAS;2007;18;3
1;NICOLAS;2008;18;5
1;NICOLAS;2009;18;5
1;NINO;2005;18;3
1;NINO;2006;18;3
1;NINO;2010;18;5
1;NINO;2011;18;4
1;NINO;2012;18;7
1;NINO;2013;18;6
1;NINO;2014;18;3
1;NINO;2016;18;7
1;NINO;2017;18;4
1;NINO;2018;18;7
1;NINO;2019;18;9
1;NINO;2020;18;7
1;NINO;2021;18;10
1;NOA;2003;18;4
1;NOA;2004;18;10
1;NOA;2005;18;7
1;NOA;2006;18;9
1;NOA;2007;18;11
1;NOA;2008;18;14
1;NOA;2009;18;11
1;NOA;2010;18;17
1;NOA;2011;18;5
1;NOA;2012;18;6
1;NOA;2013;18;10
1;NOA;2014;18;3
1;NOA;2015;18;6
1;NOA;2016;18;6
1;NOA;2017;18;5
1;NOA;2018;18;6
1;NOA;2019;18;3
1;NOAH;2002;18;6
1;NOAH;2003;18;10
1;NOAH;2004;18;15
1;NOAH;2005;18;9
1;NOAH;2006;18;13
1;NOAH;2007;18;15
1;NOAH;2008;18;14
1;NOAH;2009;18;12
1;NOAH;2010;18;23
1;NOAH;2011;18;13
1;NOAH;2012;18;14
1;NOAH;2013;18;10
1;NOAH;2014;18;11
1;NOAH;2015;18;10
1;NOAH;2016;18;12
1;NOAH;2017;18;8
1;NOAH;2018;18;8
1;NOAH;2019;18;4
1;NOAH;2020;18;10
1;NOAH;2021;18;14
1;NOAM;2004;18;3
1;NOAM;2007;18;4
1;NOAM;2008;18;4
1;NOAM;2009;18;4
1;NOAM;2010;18;6
1;NOAM;2011;18;6
1;NOAM;2012;18;7
1;NOAM;2014;18;5
1;NOE;2001;18;4
1;NOE;2003;18;5
1;NOE;2004;18;5
1;NOE;2005;18;7
1;NOE;2006;18;6
1;NOE;2007;18;12
1;NOE;2008;18;9
1;NOE;2009;18;6
1;NOE;2010;18;12
1;NOE;2011;18;4
1;NOE;2016;18;4
1;NOÉ;2010;18;5
1;NOÉ;2011;18;7
1;NOÉ;2012;18;10
1;NOÉ;2013;18;8
1;NOÉ;2014;18;8
1;NOÉ;2015;18;9
1;NOÉ;2016;18;5
1;NOÉ;2017;18;6
1;NOÉ;2018;18;7
1;NOÉ;2019;18;7
1;NOÉ;2020;18;8
1;NOÉ;2021;18;6
1;NOHA;2008;18;3
1;NOHA;2015;18;4
1;NOHAM;2008;18;3
1;NOHAM;2010;18;7
1;NOHAM;2011;18;3
1;NOHAM;2012;18;3
1;NOHAM;2015;18;5
1;NOHAM;2016;18;3
1;NOHAM;2017;18;4
1;NOHAM;2020;18;4
1;NOHAM;2021;18;3
1;NOHANN;2013;18;3
1;NOLAN;2002;18;3
1;NOLAN;2003;18;3
1;NOLAN;2004;18;6
1;NOLAN;2005;18;9
1;NOLAN;2006;18;16
1;NOLAN;2007;18;11
1;NOLAN;2008;18;11
1;NOLAN;2009;18;10
1;NOLAN;2010;18;15
1;NOLAN;2011;18;10
1;NOLAN;2012;18;10
1;NOLAN;2013;18;17
1;NOLAN;2014;18;21
1;NOLAN;2015;18;12
1;NOLAN;2016;18;20
1;NOLAN;2017;18;17
1;NOLAN;2018;18;8
1;NOLAN;2019;18;11
1;NOLAN;2020;18;6
1;NOLAN;2021;18;7
1;NOLANN;2007;18;3
1;NOLANN;2010;18;4
1;NOLANN;2011;18;3
1;NOLANN;2012;18;6
1;NOLANN;2013;18;4
1;NOLANN;2014;18;4
1;NOLHAN;2009;18;3
1;NOLHAN;2010;18;4
1;NOLHAN;2011;18;3
1;NOLHAN;2012;18;6
1;NOLHAN;2013;18;3
1;NOLHAN;2015;18;3
1;NOLHAN;2017;18;3
1;OCTAVE;2020;18;3
1;OMAR;2013;18;3
1;OSCAR;2005;18;3
1;OSCAR;2006;18;4
1;OSCAR;2013;18;3
1;OSCAR;2017;18;5
1;OSCAR;2019;18;4
1;OWEN;2003;18;3
1;OWEN;2008;18;5
1;OWEN;2009;18;3
1;OWEN;2012;18;3
1;OWEN;2013;18;4
1;OWEN;2016;18;3
1;OWEN;2017;18;3
1;OWEN;2019;18;4
1;OWEN;2020;18;4
1;OWEN;2021;18;6
1;PABLO;2008;18;3
1;PABLO;2014;18;4
1;PABLO;2016;18;4
1;PABLO;2017;18;3
1;PABLO;2019;18;4
1;PABLO;2020;18;5
1;PABLO;2021;18;4
1;PACOME;2005;18;3
1;PAOLO;2004;18;4
1;PAOLO;2007;18;4
1;PAOLO;2009;18;3
1;PAUL;2000;18;13
1;PAUL;2001;18;13
1;PAUL;2002;18;16
1;PAUL;2003;18;11
1;PAUL;2004;18;13
1;PAUL;2005;18;14
1;PAUL;2006;18;10
1;PAUL;2007;18;18
1;PAUL;2008;18;14
1;PAUL;2009;18;15
1;PAUL;2010;18;13
1;PAUL;2011;18;13
1;PAUL;2012;18;12
1;PAUL;2013;18;18
1;PAUL;2014;18;12
1;PAUL;2015;18;18
1;PAUL;2016;18;18
1;PAUL;2017;18;12
1;PAUL;2018;18;15
1;PAUL;2019;18;13
1;PAUL;2020;18;11
1;PAUL;2021;18;13
1;PIERRE;2000;18;17
1;PIERRE;2001;18;18
1;PIERRE;2002;18;16
1;PIERRE;2003;18;13
1;PIERRE;2004;18;18
1;PIERRE;2005;18;7
1;PIERRE;2006;18;9
1;PIERRE;2007;18;9
1;PIERRE;2008;18;6
1;PIERRE;2010;18;8
1;PIERRE;2011;18;6
1;PIERRE;2012;18;6
1;PIERRE;2013;18;5
1;PIERRE;2014;18;4
1;PIERRE;2015;18;4
1;PIERRE;2016;18;3
1;PIERRE;2018;18;3
1;PIERRE;2019;18;5
1;PIERRE-LOUIS;2002;18;3
1;QUENTIN;2000;18;25
1;QUENTIN;2001;18;27
1;QUENTIN;2002;18;18
1;QUENTIN;2003;18;11
1;QUENTIN;2004;18;10
1;QUENTIN;2005;18;12
1;QUENTIN;2006;18;10
1;QUENTIN;2007;18;11
1;QUENTIN;2008;18;9
1;QUENTIN;2009;18;11
1;QUENTIN;2010;18;7
1;QUENTIN;2011;18;5
1;QUENTIN;2012;18;7
1;QUENTIN;2013;18;3
1;QUENTIN;2014;18;4
1;RAFAEL;2005;18;3
1;RAFAEL;2010;18;6
1;RAFAEL;2013;18;5
1;RAFAEL;2015;18;4
1;RAFAEL;2016;18;3
1;RAFAEL;2021;18;3
1;RAFAËL;2019;18;6
1;RAPHAEL;2010;18;3
1;RAPHAEL;2011;18;4
1;RAPHAEL;2012;18;4
1;RAPHAEL;2016;18;7
1;RAPHAEL;2017;18;3
1;RAPHAEL;2018;18;5
1;RAPHAËL;2000;18;6
1;RAPHAËL;2001;18;8
1;RAPHAËL;2002;18;10
1;RAPHAËL;2003;18;4
1;RAPHAËL;2004;18;7
1;RAPHAËL;2005;18;15
1;RAPHAËL;2006;18;15
1;RAPHAËL;2007;18;15
1;RAPHAËL;2008;18;10
1;RAPHAËL;2009;18;12
1;RAPHAËL;2010;18;14
1;RAPHAËL;2011;18;11
1;RAPHAËL;2012;18;13
1;RAPHAËL;2013;18;11
1;RAPHAËL;2014;18;12
1;RAPHAËL;2015;18;8
1;RAPHAËL;2016;18;13
1;RAPHAËL;2017;18;10
1;RAPHAËL;2018;18;15
1;RAPHAËL;2019;18;17
1;RAPHAËL;2020;18;13
1;RAPHAËL;2021;18;14
1;RAYAN;2004;18;6
1;RAYAN;2006;18;4
1;RAYAN;2007;18;5
1;RAYAN;2008;18;7
1;RAYAN;2009;18;6
1;RAYAN;2010;18;6
1;RAYAN;2011;18;3
1;RAYAN;2012;18;7
1;RAYAN;2014;18;8
1;RAYAN;2015;18;7
1;RAYAN;2016;18;7
1;RAYAN;2017;18;7
1;RAYAN;2018;18;3
1;RAYAN;2019;18;5
1;RAYAN;2020;18;4
1;RAYANE;2006;18;3
1;RAYANE;2007;18;3
1;RAYANE;2008;18;3
1;RAYANE;2020;18;4
1;REMI;2012;18;3
1;RÉMI;2000;18;12
1;RÉMI;2001;18;12
1;RÉMI;2002;18;9
1;RÉMI;2003;18;7
1;RÉMI;2004;18;8
1;RÉMI;2005;18;7
1;RÉMI;2006;18;4
1;RÉMI;2007;18;6
1;RÉMI;2008;18;3
1;RÉMI;2009;18;5
1;RÉMY;2000;18;4
1;RÉMY;2001;18;6
1;RÉMY;2002;18;4
1;RÉMY;2004;18;4
1;RÉMY;2007;18;4
1;RÉMY;2008;18;4
1;RENAUD;2001;18;3
1;ROBIN;2000;18;3
1;ROBIN;2001;18;5
1;ROBIN;2003;18;11
1;ROBIN;2004;18;6
1;ROBIN;2005;18;4
1;ROBIN;2006;18;3
1;ROBIN;2007;18;4
1;ROBIN;2009;18;5
1;ROBIN;2011;18;6
1;ROBIN;2012;18;4
1;ROBIN;2013;18;6
1;ROBIN;2014;18;4
1;ROBIN;2015;18;7
1;ROBIN;2016;18;10
1;ROBIN;2017;18;5
1;ROBIN;2018;18;5
1;ROBIN;2019;18;4
1;ROBIN;2020;18;5
1;ROBIN;2021;18;4
1;ROMAIN;2000;18;23
1;ROMAIN;2001;18;15
1;ROMAIN;2002;18;16
1;ROMAIN;2003;18;12
1;ROMAIN;2004;18;21
1;ROMAIN;2005;18;11
1;ROMAIN;2006;18;8
1;ROMAIN;2007;18;8
1;ROMAIN;2008;18;5
1;ROMAIN;2010;18;6
1;ROMAIN;2011;18;5
1;ROMAIN;2012;18;3
1;ROMAIN;2013;18;3
1;ROMAIN;2015;18;3
1;ROMAN;2018;18;3
1;ROMARIC;2000;18;4
1;ROMÉO;2012;18;3
1;ROMÉO;2019;18;4
1;ROMÉO;2021;18;3
1;ROMUALD;2000;18;3
1;RONAN;2002;18;3
1;RONAN;2011;18;4
1;RUBEN;2009;18;4
1;RUBEN;2012;18;4
1;RUBEN;2013;18;3
1;RUBEN;2014;18;6
1;RUBEN;2015;18;4
1;RUBEN;2016;18;3
1;RUBEN;2017;18;4
1;RYAN;2004;18;3
1;RYAN;2005;18;3
1;RYAN;2007;18;3
1;RYAN;2008;18;3
1;RYAN;2010;18;4
1;RYAN;2011;18;3
1;RYAN;2012;18;4
1;RYAN;2014;18;3
1;RYAN;2015;18;4
1;SACHA;2003;18;3
1;SACHA;2004;18;7
1;SACHA;2005;18;3
1;SACHA;2006;18;10
1;SACHA;2008;18;4
1;SACHA;2009;18;3
1;SACHA;2010;18;10
1;SACHA;2011;18;12
1;SACHA;2012;18;7
1;SACHA;2013;18;18
1;SACHA;2014;18;8
1;SACHA;2015;18;10
1;SACHA;2016;18;9
1;SACHA;2017;18;8
1;SACHA;2018;18;10
1;SACHA;2019;18;8
1;SACHA;2020;18;8
1;SACHA;2021;18;8
1;SAM;2014;18;3
1;SAM;2017;18;3
1;SAMUEL;2000;18;7
1;SAMUEL;2001;18;7
1;SAMUEL;2002;18;7
1;SAMUEL;2003;18;10
1;SAMUEL;2004;18;9
1;SAMUEL;2005;18;11
1;SAMUEL;2006;18;7
1;SAMUEL;2007;18;8
1;SAMUEL;2008;18;10
1;SAMUEL;2010;18;6
1;SAMUEL;2011;18;7
1;SAMUEL;2012;18;8
1;SAMUEL;2013;18;3
1;SAMUEL;2014;18;5
1;SAMUEL;2015;18;4
1;SAMUEL;2016;18;5
1;SAMUEL;2019;18;5
1;SAMUEL;2020;18;10
1;SAMUEL;2021;18;3
1;SAMY;2009;18;3
1;SANDRO;2019;18;3
1;SASHA;2006;18;4
1;SÉBASTIEN;2000;18;4
1;SÉBASTIEN;2001;18;3
1;SÉBASTIEN;2006;18;4
1;SERKAN;2001;18;3
1;SIMÉO;2010;18;3
1;SIMON;2000;18;8
1;SIMON;2001;18;12
1;SIMON;2002;18;4
1;SIMON;2003;18;9
1;SIMON;2004;18;7
1;SIMON;2005;18;10
1;SIMON;2006;18;8
1;SIMON;2007;18;14
1;SIMON;2008;18;9
1;SIMON;2009;18;6
1;SIMON;2011;18;11
1;SIMON;2012;18;8
1;SIMON;2013;18;6
1;SIMON;2014;18;6
1;SIMON;2015;18;3
1;SIMON;2016;18;8
1;SIMON;2017;18;3
1;SIMON;2018;18;5
1;SIMON;2019;18;7
1;SIMON;2020;18;6
1;SIMON;2021;18;4
1;SOAN;2009;18;3
1;SOAN;2010;18;4
1;SOAN;2011;18;3
1;SOAN;2013;18;6
1;SOAN;2014;18;6
1;SOAN;2015;18;5
1;SOAN;2016;18;4
1;SOAN;2018;18;8
1;SOAN;2019;18;3
1;SOAN;2020;18;3
1;SOAN;2021;18;7
1;SOANN;2015;18;3
1;SOFIANE;2000;18;3
1;SOFIANE;2001;18;3
1;SOFIANE;2002;18;3
1;SOFIANE;2006;18;3
1;SOFIANE;2011;18;3
1;SOFIANE;2014;18;4
1;SOHAN;2010;18;5
1;SOHAN;2011;18;3
1;SOHAN;2012;18;5
1;SOHAN;2013;18;4
1;SOHAN;2014;18;3
1;SOHAN;2015;18;4
1;SOHAN;2016;18;6
1;SOHAN;2017;18;3
1;SOHAN;2019;18;7
1;SOHAN;2020;18;3
1;SOHANN;2018;18;3
1;STANISLAS;2004;18;3
1;STANISLAS;2006;18;3
1;STEVEN;2001;18;6
1;STEVEN;2002;18;6
1;STEVEN;2003;18;4
1;STEVEN;2004;18;4
1;STEVEN;2005;18;3
1;STEVEN;2010;18;3
1;SULLIVAN;2004;18;3
1;SULLIVAN;2007;18;4
1;SULYVAN;2002;18;3
1;SWAN;2019;18;3
1;SWAN;2020;18;6
1;SWAN;2021;18;3
1;SWANN;2006;18;3
1;SWANN;2021;18;3
1;SYLVAIN;2001;18;3
1;SYLVAIN;2002;18;5
1;TANGUY;2000;18;4
1;TANGUY;2001;18;5
1;TANGUY;2002;18;6
1;TANGUY;2003;18;4
1;TANGUY;2005;18;4
1;TEDDY;2000;18;4
1;TEDDY;2001;18;4
1;TEDDY;2002;18;3
1;TEDDY;2011;18;3
1;TÉO;2001;18;4
1;TÉO;2002;18;4
1;TÉO;2011;18;5
1;TÉO;2016;18;3
1;THEO;2011;18;4
1;THEO;2015;18;3
1;THEO;2017;18;3
1;THÉO;2000;18;40
1;THÉO;2001;18;51
1;THÉO;2002;18;40
1;THÉO;2003;18;28
1;THÉO;2004;18;32
1;THÉO;2005;18;21
1;THÉO;2006;18;23
1;THÉO;2007;18;15
1;THÉO;2008;18;22
1;THÉO;2009;18;13
1;THÉO;2010;18;15
1;THÉO;2011;18;10
1;THÉO;2012;18;16
1;THÉO;2013;18;8
1;THÉO;2014;18;12
1;THÉO;2015;18;3
1;THÉO;2016;18;7
1;THÉO;2017;18;8
1;THÉO;2018;18;10
1;THÉO;2019;18;6
1;THÉO;2020;18;4
1;THÉO;2021;18;9
1;THIAGO;2013;18;4
1;THIAGO;2015;18;3
1;THIAGO;2017;18;3
1;THIAGO;2019;18;5
1;THIBAULT;2000;18;8
1;THIBAULT;2001;18;8
1;THIBAULT;2002;18;6
1;THIBAULT;2003;18;9
1;THIBAULT;2004;18;6
1;THIBAULT;2005;18;5
1;THIBAULT;2007;18;3
1;THIBAULT;2008;18;4
1;THIBAULT;2009;18;4
1;THIBAULT;2011;18;3
1;THIBAULT;2012;18;4
1;THIBAULT;2016;18;4
1;THIBAULT;2019;18;3
1;THIBAUT;2000;18;4
1;THIBAUT;2001;18;3
1;THIBAUT;2006;18;4
1;THIBAUT;2012;18;3
1;THIMÉO;2014;18;3
1;THOMAS;2000;18;46
1;THOMAS;2001;18;30
1;THOMAS;2002;18;35
1;THOMAS;2003;18;28
1;THOMAS;2004;18;16
1;THOMAS;2005;18;18
1;THOMAS;2006;18;25
1;THOMAS;2007;18;11
1;THOMAS;2008;18;18
1;THOMAS;2009;18;15
1;THOMAS;2010;18;10
1;THOMAS;2011;18;13
1;THOMAS;2012;18;5
1;THOMAS;2013;18;8
1;THOMAS;2014;18;5
1;THOMAS;2015;18;7
1;THOMAS;2017;18;3
1;THOMAS;2018;18;3
1;THOMAS;2019;18;5
1;THOMAS;2020;18;4
1;THOMAS;2021;18;5
1;THYMÉO;2014;18;4
1;TIAGO;2004;18;4
1;TIAGO;2006;18;4
1;TIAGO;2008;18;4
1;TIAGO;2010;18;5
1;TIAGO;2011;18;6
1;TIAGO;2012;18;11
1;TIAGO;2013;18;8
1;TIAGO;2015;18;12
1;TIAGO;2016;18;10
1;TIAGO;2017;18;4
1;TIAGO;2018;18;13
1;TIAGO;2019;18;19
1;TIAGO;2020;18;7
1;TIAGO;2021;18;11
1;TIM;2017;18;4
1;TIMEO;2006;18;5
1;TIMEO;2007;18;5
1;TIMEO;2008;18;6
1;TIMEO;2009;18;14
1;TIMEO;2010;18;10
1;TIMEO;2011;18;8
1;TIMEO;2012;18;3
1;TIMEO;2016;18;4
1;TIMEO;2017;18;3
1;TIMÉO;2010;18;8
1;TIMÉO;2011;18;10
1;TIMÉO;2012;18;24
1;TIMÉO;2013;18;18
1;TIMÉO;2014;18;15
1;TIMÉO;2015;18;12
1;TIMÉO;2016;18;12
1;TIMÉO;2017;18;13
1;TIMÉO;2018;18;5
1;TIMÉO;2019;18;11
1;TIMÉO;2021;18;12
1;TIMOTHE;2001;18;3
1;TIMOTHE;2004;18;3
1;TIMOTHE;2005;18;5
1;TIMOTHE;2009;18;5
1;TIMOTHE;2010;18;4
1;TIMOTHÉ;2011;18;4
1;TIMOTHÉ;2014;18;3
1;TIMOTHÉ;2018;18;5
1;TIMOTHÉ;2019;18;3
1;TIMOTHÉ;2021;18;5
1;TIMOTHÉE;2004;18;4
1;TIMOTHÉE;2008;18;6
1;TIMOTHÉE;2009;18;3
1;TIMOTHÉE;2011;18;5
1;TIMOTHÉE;2016;18;3
1;TIMOTHÉE;2018;18;3
1;TITOUAN;2002;18;7
1;TITOUAN;2003;18;4
1;TITOUAN;2005;18;5
1;TITOUAN;2007;18;3
1;TITOUAN;2008;18;3
1;TITOUAN;2009;18;7
1;TITOUAN;2010;18;3
1;TITOUAN;2013;18;4
1;TITOUAN;2015;18;3
1;TOM;2000;18;17
1;TOM;2001;18;23
1;TOM;2002;18;17
1;TOM;2003;18;20
1;TOM;2004;18;15
1;TOM;2005;18;26
1;TOM;2006;18;22
1;TOM;2007;18;17
1;TOM;2008;18;16
1;TOM;2009;18;21
1;TOM;2010;18;32
1;TOM;2011;18;19
1;TOM;2012;18;22
1;TOM;2013;18;10
1;TOM;2014;18;12
1;TOM;2015;18;14
1;TOM;2016;18;8
1;TOM;2017;18;12
1;TOM;2018;18;11
1;TOM;2019;18;5
1;TOM;2020;18;9
1;TOM;2021;18;3
1;TONY;2000;18;10
1;TONY;2001;18;6
1;TONY;2002;18;5
1;TONY;2003;18;4
1;TONY;2005;18;3
1;TONY;2008;18;6
1;TONY;2016;18;3
1;TRISTAN;2000;18;9
1;TRISTAN;2001;18;7
1;TRISTAN;2002;18;9
1;TRISTAN;2003;18;5
1;TRISTAN;2004;18;4
1;TRISTAN;2005;18;10
1;TRISTAN;2006;18;3
1;TRISTAN;2007;18;3
1;TRISTAN;2008;18;4
1;TRISTAN;2009;18;6
1;TRISTAN;2010;18;4
1;TRISTAN;2013;18;6
1;TYLER;2021;18;3
1;TYMÉO;2015;18;4
1;TYMÉO;2017;18;3
1;VADIM;2004;18;3
1;VALENTIN;2000;18;24
1;VALENTIN;2001;18;22
1;VALENTIN;2002;18;21
1;VALENTIN;2003;18;14
1;VALENTIN;2004;18;5
1;VALENTIN;2005;18;12
1;VALENTIN;2006;18;9
1;VALENTIN;2007;18;9
1;VALENTIN;2008;18;12
1;VALENTIN;2009;18;7
1;VALENTIN;2010;18;8
1;VALENTIN;2011;18;6
1;VALENTIN;2012;18;7
1;VALENTIN;2013;18;6
1;VALENTIN;2014;18;5
1;VALENTIN;2015;18;6
1;VALENTIN;2016;18;5
1;VALENTIN;2017;18;6
1;VALENTIN;2018;18;3
1;VALENTIN;2021;18;3
1;VICTOR;2000;18;10
1;VICTOR;2001;18;11
1;VICTOR;2002;18;7
1;VICTOR;2003;18;10
1;VICTOR;2004;18;11
1;VICTOR;2005;18;7
1;VICTOR;2006;18;5
1;VICTOR;2007;18;3
1;VICTOR;2008;18;8
1;VICTOR;2009;18;7
1;VICTOR;2011;18;3
1;VICTOR;2012;18;7
1;VICTOR;2013;18;5
1;VICTOR;2014;18;7
1;VICTOR;2015;18;4
1;VICTOR;2016;18;4
1;VICTOR;2017;18;7
1;VICTOR;2018;18;5
1;VICTOR;2019;18;6
1;VINCENT;2000;18;16
1;VINCENT;2001;18;13
1;VINCENT;2002;18;10
1;VINCENT;2003;18;8
1;WALID;2003;18;3
1;WALID;2007;18;3
1;WALID;2009;18;3
1;WALID;2014;18;3
1;WARREN;2005;18;3
1;WASSIM;2011;18;6
1;WASSIM;2019;18;4
1;WILLIAM;2000;18;6
1;WILLIAM;2001;18;4
1;WILLIAM;2002;18;3
1;WILLIAM;2003;18;4
1;WILLIAM;2005;18;5
1;WILLIAM;2006;18;3
1;WILLIAM;2008;18;5
1;WILLIAM;2009;18;4
1;WILLIAM;2010;18;3
1;WILLIAM;2014;18;3
1;WILLIAM;2015;18;5
1;WILLIAM;2016;18;3
1;WILLIAM;2018;18;3
1;WILLIAM;2021;18;3
1;WYATT;2011;18;3
1;YACINE;2003;18;3
1;YACINE;2019;18;3
1;YAEL;2008;18;3
1;YANIS;2000;18;5
1;YANIS;2001;18;4
1;YANIS;2002;18;7
1;YANIS;2003;18;14
1;YANIS;2004;18;8
1;YANIS;2005;18;9
1;YANIS;2006;18;16
1;YANIS;2007;18;14
1;YANIS;2008;18;13
1;YANIS;2009;18;11
1;YANIS;2010;18;12
1;YANIS;2011;18;11
1;YANIS;2012;18;5
1;YANIS;2013;18;13
1;YANIS;2014;18;5
1;YANIS;2015;18;7
1;YANIS;2016;18;5
1;YANIS;2017;18;3
1;YANIS;2019;18;4
1;YANN;2000;18;3
1;YANN;2001;18;5
1;YANN;2003;18;3
1;YANN;2004;18;3
1;YANN;2005;18;5
1;YANN;2009;18;3
1;YANNIS;2000;18;3
1;YANNIS;2001;18;4
1;YANNIS;2002;18;3
1;YANNIS;2004;18;4
1;YANNIS;2005;18;6
1;YANNIS;2006;18;5
1;YANNIS;2008;18;3
1;YANNIS;2012;18;3
1;YASIN;2005;18;3
1;YASSINE;2003;18;4
1;YASSINE;2009;18;3
1;YLAN;2012;18;4
1;YLAN;2013;18;3
1;YLAN;2015;18;3
1;YLANN;2012;18;3
1;YLIES;2006;18;3
1;YOANN;2000;18;5
1;YOANN;2004;18;4
1;YOUSSEF;2011;18;5
1;YOUSSEF;2017;18;6
1;YOUSSEF;2021;18;3
1;ZACK;2018;18;4
1;ZAKARIA;2010;18;4
1;ZAKARIA;2014;18;3
1;ZAKARIA;2020;18;3
1;ZAKARIA;2021;18;4
1;ZIAD;2020;18;3
2;_PRENOMS_RARES;2000;18;37
2;_PRENOMS_RARES;2001;18;36
2;_PRENOMS_RARES;2002;18;38
2;_PRENOMS_RARES;2003;18;43
2;_PRENOMS_RARES;2004;18;48
2;_PRENOMS_RARES;2005;18;36
2;_PRENOMS_RARES;2006;18;43
2;_PRENOMS_RARES;2007;18;52
2;_PRENOMS_RARES;2008;18;55
2;_PRENOMS_RARES;2009;18;52
2;_PRENOMS_RARES;2010;18;54
2;_PRENOMS_RARES;2011;18;77
2;_PRENOMS_RARES;2012;18;67
2;_PRENOMS_RARES;2013;18;68
2;_PRENOMS_RARES;2014;18;93
2;_PRENOMS_RARES;2015;18;74
2;_PRENOMS_RARES;2016;18;74
2;_PRENOMS_RARES;2017;18;71
2;_PRENOMS_RARES;2018;18;82
2;_PRENOMS_RARES;2019;18;99
2;_PRENOMS_RARES;2020;18;67
2;_PRENOMS_RARES;2021;18;86
2;ABYGAËL;2014;18;3
2;ABYGAËLLE;2019;18;3
2;ADÈLE;2001;18;4
2;ADÈLE;2002;18;3
2;ADÈLE;2006;18;5
2;ADÈLE;2007;18;4
2;ADÈLE;2008;18;3
2;ADÈLE;2010;18;3
2;ADÈLE;2012;18;4
2;ADÈLE;2013;18;7
2;ADÈLE;2014;18;6
2;ADÈLE;2016;18;3
2;ADÈLE;2017;18;5
2;ADÈLE;2018;18;7
2;ADÈLE;2019;18;5
2;ADÈLE;2020;18;8
2;ADÈLE;2021;18;5
2;ADÉLIE;2016;18;3
2;ADELINE;2000;18;5
2;ADELINE;2001;18;3
2;AGATHE;2000;18;7
2;AGATHE;2001;18;3
2;AGATHE;2002;18;5
2;AGATHE;2003;18;7
2;AGATHE;2005;18;3
2;AGATHE;2006;18;9
2;AGATHE;2009;18;3
2;AGATHE;2010;18;4
2;AGATHE;2011;18;5
2;AGATHE;2012;18;7
2;AGATHE;2013;18;10
2;AGATHE;2014;18;7
2;AGATHE;2015;18;9
2;AGATHE;2016;18;10
2;AGATHE;2017;18;5
2;AGATHE;2018;18;11
2;AGATHE;2019;18;7
2;AGATHE;2020;18;3
2;AGATHE;2021;18;7
2;AIMY;2018;18;3
2;ALBA;2020;18;6
2;ALBA;2021;18;12
2;ALBANE;2004;18;4
2;ALBANE;2016;18;3
2;ALBANE;2017;18;4
2;ALBANE;2018;18;3
2;ALEXANDRA;2000;18;4
2;ALEXANDRA;2003;18;3
2;ALEXANDRA;2004;18;3
2;ALEXANE;2008;18;3
2;ALEXIA;2000;18;5
2;ALEXIA;2002;18;6
2;ALEXIA;2003;18;5
2;ALEXIA;2004;18;4
2;ALEXIA;2005;18;3
2;ALEXIA;2006;18;4
2;ALEXIA;2007;18;4
2;ALEXIA;2008;18;4
2;ALEXIA;2014;18;4
2;ALEXIA;2019;18;3
2;ALICE;2000;18;10
2;ALICE;2001;18;8
2;ALICE;2002;18;9
2;ALICE;2003;18;6
2;ALICE;2004;18;8
2;ALICE;2005;18;7
2;ALICE;2006;18;7
2;ALICE;2007;18;6
2;ALICE;2008;18;6
2;ALICE;2009;18;4
2;ALICE;2010;18;6
2;ALICE;2011;18;9
2;ALICE;2012;18;9
2;ALICE;2013;18;13
2;ALICE;2014;18;11
2;ALICE;2015;18;11
2;ALICE;2016;18;16
2;ALICE;2017;18;13
2;ALICE;2018;18;10
2;ALICE;2019;18;11
2;ALICE;2020;18;14
2;ALICE;2021;18;10
2;ALICIA;2001;18;8
2;ALICIA;2002;18;9
2;ALICIA;2003;18;4
2;ALICIA;2004;18;12
2;ALICIA;2005;18;4
2;ALICIA;2006;18;8
2;ALICIA;2007;18;5
2;ALICIA;2008;18;4
2;ALICIA;2009;18;4
2;ALICIA;2010;18;8
2;ALICIA;2011;18;6
2;ALICIA;2012;18;3
2;ALICIA;2013;18;6
2;ALICIA;2014;18;9
2;ALICIA;2016;18;3
2;ALICIA;2017;18;7
2;ALICIA;2019;18;4
2;ALICIA;2021;18;3
2;ALIÉNOR;2015;18;3
2;ALIÉNOR;2020;18;3
2;ALINE;2002;18;3
2;ALIX;2000;18;5
2;ALIX;2002;18;4
2;ALIX;2004;18;4
2;ALIX;2008;18;4
2;ALIX;2009;18;3
2;ALIX;2013;18;4
2;ALIX;2014;18;8
2;ALIX;2016;18;3
2;ALIX;2019;18;4
2;ALIX;2020;18;6
2;ALIX;2021;18;4
2;ALIYA;2019;18;4
2;ALIYAH;2014;18;3
2;ALIYAH;2021;18;4
2;ALIZÉE;2001;18;8
2;ALIZÉE;2002;18;4
2;ALIZÉE;2013;18;3
2;ALMA;2021;18;7
2;ALYA;2018;18;3
2;ALYA;2019;18;3
2;ALYA;2021;18;3
2;ALYAH;2017;18;3
2;ALYAH;2020;18;3
2;ALYCIA;2012;18;3
2;ALYSON;2014;18;3
2;ALYSSA;2004;18;6
2;ALYSSA;2009;18;3
2;ALYSSA;2010;18;5
2;ALYSSA;2011;18;6
2;AMANDINE;2000;18;9
2;AMANDINE;2001;18;7
2;AMANDINE;2002;18;15
2;AMANDINE;2003;18;14
2;AMANDINE;2004;18;10
2;AMANDINE;2005;18;11
2;AMANDINE;2007;18;5
2;AMANDINE;2008;18;4
2;AMANDINE;2011;18;4
2;AMANDINE;2013;18;4
2;AMANDINE;2014;18;7
2;AMBRE;2001;18;6
2;AMBRE;2002;18;8
2;AMBRE;2003;18;6
2;AMBRE;2004;18;5
2;AMBRE;2005;18;6
2;AMBRE;2006;18;13
2;AMBRE;2007;18;9
2;AMBRE;2008;18;5
2;AMBRE;2009;18;8
2;AMBRE;2010;18;9
2;AMBRE;2011;18;12
2;AMBRE;2012;18;10
2;AMBRE;2013;18;7
2;AMBRE;2014;18;13
2;AMBRE;2015;18;11
2;AMBRE;2016;18;9
2;AMBRE;2017;18;9
2;AMBRE;2018;18;4
2;AMBRE;2019;18;9
2;AMBRE;2020;18;13
2;AMBRE;2021;18;12
2;AMEL;2008;18;3
2;AMEL;2009;18;3
2;AMÉLIA;2013;18;3
2;AMÉLIA;2017;18;3
2;AMÉLIA;2018;18;3
2;AMÉLIA;2021;18;3
2;AMÉLIE;2000;18;7
2;AMÉLIE;2001;18;5
2;AMÉLIE;2002;18;4
2;AMÉLIE;2003;18;12
2;AMÉLIE;2004;18;3
2;AMÉLIE;2005;18;7
2;AMÉLIE;2007;18;6
2;AMÉLIE;2008;18;4
2;AMÉLIE;2010;18;3
2;AMY;2008;18;3
2;ANA;2008;18;3
2;ANA;2016;18;4
2;ANA;2019;18;5
2;ANA;2021;18;3
2;ANAE;2008;18;3
2;ANAÉ;2015;18;3
2;ANAÉ;2020;18;3
2;ANAELLE;2000;18;7
2;ANAELLE;2001;18;6
2;ANAELLE;2002;18;3
2;ANAELLE;2003;18;8
2;ANAELLE;2004;18;6
2;ANAELLE;2006;18;5
2;ANAELLE;2007;18;8
2;ANAELLE;2008;18;5
2;ANAËLLE;2011;18;3
2;ANAËLLE;2012;18;4
2;ANAËLLE;2014;18;3
2;ANAËLLE;2015;18;3
2;ANAËLLE;2021;18;3
2;ANAÏS;2000;18;16
2;ANAÏS;2001;18;14
2;ANAÏS;2002;18;22
2;ANAÏS;2003;18;15
2;ANAÏS;2004;18;13
2;ANAÏS;2005;18;17
2;ANAÏS;2006;18;17
2;ANAÏS;2007;18;8
2;ANAÏS;2008;18;11
2;ANAÏS;2009;18;14
2;ANAÏS;2010;18;6
2;ANAÏS;2011;18;3
2;ANAÏS;2013;18;3
2;ANAÏS;2015;18;3
2;ANAÏS;2018;18;5
2;ANAÏS;2019;18;5
2;ANASTASIA;2016;18;4
2;ANASTASIA;2020;18;4
2;ANDRÉA;2000;18;3
2;ANDRÉA;2001;18;3
2;ANDRÉA;2002;18;5
2;ANDRÉA;2003;18;6
2;ANDRÉA;2004;18;5
2;ANDRÉA;2005;18;3
2;ANDRÉA;2010;18;5
2;ANDRÉA;2014;18;4
2;ANDRÉA;2015;18;4
2;ANDRÉA;2018;18;3
2;ANDRÉA;2019;18;3
2;ANGÈLE;2000;18;5
2;ANGÈLE;2001;18;5
2;ANGÈLE;2003;18;3
2;ANGÈLE;2004;18;3
2;ANGELINA;2002;18;3
2;ANGELINA;2003;18;4
2;ANGELINA;2005;18;5
2;ANGELINA;2007;18;3
2;ANGELINA;2008;18;3
2;ANGELINA;2009;18;4
2;ANGÉLINA;2012;18;3
2;ANGELINE;2000;18;3
2;ANGELINE;2001;18;3
2;ANGELIQUE;2000;18;3
2;ANGELIQUE;2001;18;4
2;ANGELIQUE;2002;18;6
2;ANGELIQUE;2005;18;3
2;ANGELIQUE;2007;18;3
2;ANISSA;2004;18;3
2;ANISSA;2013;18;4
2;ANISSA;2014;18;3
2;ANNA;2000;18;6
2;ANNA;2003;18;5
2;ANNA;2006;18;3
2;ANNA;2007;18;3
2;ANNA;2008;18;10
2;ANNA;2009;18;10
2;ANNA;2010;18;3
2;ANNA;2011;18;4
2;ANNA;2012;18;4
2;ANNA;2013;18;9
2;ANNA;2014;18;7
2;ANNA;2015;18;9
2;ANNA;2017;18;9
2;ANNA;2018;18;7
2;ANNA;2019;18;6
2;ANNA;2020;18;5
2;ANNA;2021;18;9
2;ANNABELLE;2008;18;3
2;ANNE;2014;18;4
2;ANOUK;2005;18;3
2;APOLLINE;2000;18;7
2;APOLLINE;2005;18;3
2;APOLLINE;2006;18;3
2;APOLLINE;2009;18;3
2;APOLLINE;2013;18;3
2;APOLLINE;2015;18;9
2;APOLLINE;2016;18;5
2;APOLLINE;2017;18;4
2;APOLLINE;2018;18;3
2;APOLLINE;2019;18;3
2;APOLLINE;2020;18;3
2;APOLLINE;2021;18;3
2;ARYA;2018;18;4
2;ASSIA;2000;18;3
2;ASSIA;2003;18;3
2;ASSIA;2004;18;3
2;ASSIA;2009;18;3
2;ASSIA;2021;18;4
2;ASTRID;2003;18;4
2;AUDE;2000;18;3
2;AUDE;2004;18;3
2;AUDREY;2000;18;8
2;AUDREY;2001;18;7
2;AUDREY;2002;18;5
2;AUDREY;2003;18;5
2;AUDREY;2004;18;5
2;AUGUSTINE;2020;18;4
2;AURÉLIE;2000;18;3
2;AURÉLIE;2001;18;6
2;AURÉLIE;2003;18;3
2;AURÉLIE;2005;18;3
2;AURORE;2000;18;7
2;AURORE;2001;18;3
2;AURORE;2002;18;4
2;AURORE;2003;18;4
2;AURORE;2005;18;3
2;AURORE;2009;18;4
2;AXELLE;2000;18;6
2;AXELLE;2002;18;5
2;AXELLE;2003;18;8
2;AXELLE;2004;18;5
2;AXELLE;2005;18;5
2;AXELLE;2007;18;4
2;AXELLE;2009;18;3
2;AXELLE;2010;18;3
2;AXELLE;2015;18;4
2;AXELLE;2016;18;5
2;AYA;2011;18;3
2;AYA;2016;18;3
2;AYA;2017;18;3
2;AYA;2019;18;4
2;AYA;2020;18;3
2;BELLA;2010;18;3
2;BELLA;2013;18;3
2;BÉRÉNICE;2000;18;3
2;BÉRÉNICE;2001;18;3
2;BÉRÉNICE;2009;18;3
2;BÉRÉNICE;2019;18;3
2;BLANDINE;2000;18;3
2;BLANDINE;2002;18;3
2;CALIE;2019;18;4
2;CALIE;2020;18;3
2;CALIE;2021;18;3
2;CAMÉLIA;2019;18;3
2;CAMILLE;2000;18;34
2;CAMILLE;2001;18;27
2;CAMILLE;2002;18;23
2;CAMILLE;2003;18;26
2;CAMILLE;2004;18;33
2;CAMILLE;2005;18;16
2;CAMILLE;2006;18;22
2;CAMILLE;2007;18;16
2;CAMILLE;2008;18;24
2;CAMILLE;2009;18;14
2;CAMILLE;2010;18;14
2;CAMILLE;2011;18;17
2;CAMILLE;2012;18;13
2;CAMILLE;2013;18;12
2;CAMILLE;2014;18;26
2;CAMILLE;2015;18;7
2;CAMILLE;2016;18;12
2;CAMILLE;2017;18;10
2;CAMILLE;2018;18;9
2;CAMILLE;2019;18;8
2;CAMILLE;2020;18;3
2;CAMILLE;2021;18;5
2;CANDICE;2004;18;7
2;CANDICE;2005;18;5
2;CANDICE;2006;18;3
2;CANDICE;2007;18;7
2;CANDICE;2008;18;5
2;CANDICE;2012;18;4
2;CANDICE;2019;18;4
2;CANDICE;2021;18;3
2;CAPUCINE;2004;18;3
2;CAPUCINE;2005;18;3
2;CAPUCINE;2006;18;4
2;CAPUCINE;2008;18;4
2;CAPUCINE;2009;18;4
2;CAPUCINE;2013;18;4
2;CAPUCINE;2014;18;3
2;CAPUCINE;2016;18;5
2;CAPUCINE;2017;18;4
2;CAPUCINE;2018;18;4
2;CAPUCINE;2019;18;6
2;CAPUCINE;2020;18;6
2;CAPUCINE;2021;18;3
2;CARLA;2000;18;3
2;CARLA;2001;18;3
2;CARLA;2002;18;4
2;CARLA;2003;18;4
2;CARLA;2006;18;3
2;CARLA;2008;18;4
2;CAROLINE;2001;18;4
2;CASSANDRA;2001;18;6
2;CASSANDRA;2002;18;4
2;CASSANDRA;2003;18;5
2;CASSANDRA;2004;18;8
2;CASSANDRA;2005;18;6
2;CASSANDRA;2006;18;4
2;CASSANDRA;2007;18;5
2;CASSANDRA;2014;18;3
2;CASSANDRA;2015;18;3
2;CASSANDRA;2017;18;3
2;CASSANDRE;2003;18;4
2;CASSANDRE;2004;18;4
2;CASSANDRE;2019;18;5
2;CASSY;2014;18;3
2;CATALEYA;2020;18;3
2;CATALEYA;2021;18;3
2;CÉCILE;2000;18;3
2;CÉCILIA;2004;18;5
2;CÉLESTE;2011;18;3
2;CÉLESTE;2021;18;4
2;CÉLESTINE;2019;18;3
2;CÉLESTINE;2021;18;3
2;CÉLIA;2000;18;4
2;CÉLIA;2001;18;15
2;CÉLIA;2002;18;8
2;CÉLIA;2003;18;7
2;CÉLIA;2004;18;7
2;CÉLIA;2005;18;10
2;CÉLIA;2006;18;7
2;CÉLIA;2007;18;8
2;CÉLIA;2008;18;7
2;CÉLIA;2009;18;14
2;CÉLIA;2010;18;6
2;CÉLIA;2011;18;6
2;CÉLIA;2012;18;4
2;CÉLIA;2013;18;4
2;CÉLIA;2014;18;6
2;CÉLIA;2015;18;5
2;CÉLIA;2016;18;7
2;CÉLIA;2019;18;4
2;CÉLIA;2020;18;5
2;CÉLINE;2000;18;4
2;CÉLINE;2003;18;4
2;CÉLINE;2006;18;3
2;CELYA;2009;18;3
2;CHARLÈNE;2000;18;3
2;CHARLÈNE;2001;18;3
2;CHARLÈNE;2004;18;4
2;CHARLÈNE;2009;18;3
2;CHARLÈNE;2010;18;3
2;CHARLIE;2012;18;3
2;CHARLIE;2014;18;4
2;CHARLIE;2019;18;3
2;CHARLIE;2020;18;4
2;CHARLIE;2021;18;5
2;CHARLINE;2000;18;3
2;CHARLINE;2002;18;5
2;CHARLINE;2004;18;3
2;CHARLINE;2006;18;5
2;CHARLINE;2007;18;4
2;CHARLINE;2015;18;4
2;CHARLINE;2018;18;4
2;CHARLINE;2019;18;3
2;CHARLOTTE;2000;18;16
2;CHARLOTTE;2001;18;3
2;CHARLOTTE;2002;18;6
2;CHARLOTTE;2003;18;7
2;CHARLOTTE;2004;18;7
2;CHARLOTTE;2005;18;4
2;CHARLOTTE;2006;18;9
2;CHARLOTTE;2007;18;8
2;CHARLOTTE;2008;18;11
2;CHARLOTTE;2009;18;9
2;CHARLOTTE;2010;18;4
2;CHARLOTTE;2011;18;3
2;CHARLOTTE;2012;18;3
2;CHARLOTTE;2013;18;4
2;CHARLOTTE;2014;18;3
2;CHARLOTTE;2015;18;5
2;CHARLOTTE;2016;18;3
2;CHARLOTTE;2017;18;4
2;CHARLOTTE;2018;18;4
2;CHARLOTTE;2020;18;6
2;CHARLYNE;2004;18;3
2;CHEYENNE;2002;18;3
2;CHEYENNE;2003;18;3
2;CHIARA;2021;18;3
2;CHLOE;2011;18;6
2;CHLOE;2012;18;5
2;CHLOE;2013;18;3
2;CHLOE;2017;18;4
2;CHLOE;2018;18;3
2;CHLOÉ;2000;18;33
2;CHLOÉ;2001;18;32
2;CHLOÉ;2002;18;32
2;CHLOÉ;2003;18;24
2;CHLOÉ;2004;18;25
2;CHLOÉ;2005;18;16
2;CHLOÉ;2006;18;19
2;CHLOÉ;2007;18;17
2;CHLOÉ;2008;18;17
2;CHLOÉ;2009;18;23
2;CHLOÉ;2010;18;11
2;CHLOÉ;2011;18;15
2;CHLOÉ;2012;18;13
2;CHLOÉ;2013;18;17
2;CHLOÉ;2014;18;11
2;CHLOÉ;2015;18;6
2;CHLOÉ;2016;18;9
2;CHLOÉ;2017;18;7
2;CHLOÉ;2018;18;6
2;CHLOÉ;2019;18;11
2;CHLOÉ;2020;18;10
2;CHLOÉ;2021;18;7
2;CIARA;2014;18;3
2;CLAIRE;2000;18;5
2;CLAIRE;2001;18;7
2;CLAIRE;2002;18;3
2;CLAIRE;2004;18;3
2;CLAIRE;2009;18;3
2;CLAIRE;2018;18;3
2;CLARA;2000;18;15
2;CLARA;2001;18;15
2;CLARA;2002;18;16
2;CLARA;2003;18;13
2;CLARA;2004;18;18
2;CLARA;2005;18;15
2;CLARA;2006;18;22
2;CLARA;2007;18;30
2;CLARA;2008;18;12
2;CLARA;2009;18;20
2;CLARA;2010;18;12
2;CLARA;2012;18;14
2;CLARA;2013;18;5
2;CLARA;2014;18;6
2;CLARA;2015;18;11
2;CLARA;2016;18;6
2;CLARA;2017;18;6
2;CLARA;2018;18;4
2;CLARA;2019;18;4
2;CLARA;2020;18;5
2;CLARA;2021;18;4
2;CLARISSE;2000;18;6
2;CLARISSE;2001;18;6
2;CLARISSE;2004;18;6
2;CLARISSE;2005;18;4
2;CLARISSE;2007;18;6
2;CLARISSE;2013;18;4
2;CLARISSE;2017;18;3
2;CLÉA;2005;18;4
2;CLÉA;2006;18;3
2;CLÉA;2008;18;3
2;CLÉA;2009;18;3
2;CLÉA;2010;18;9
2;CLÉA;2011;18;4
2;CLÉA;2012;18;3
2;CLÉA;2013;18;6
2;CLÉA;2015;18;3
2;CLÉA;2018;18;5
2;CLÉA;2021;18;5
2;CLEMENCE;2010;18;3
2;CLEMENCE;2011;18;4
2;CLÉMENCE;2000;18;14
2;CLÉMENCE;2001;18;15
2;CLÉMENCE;2002;18;9
2;CLÉMENCE;2003;18;5
2;CLÉMENCE;2004;18;3
2;CLÉMENCE;2005;18;7
2;CLÉMENCE;2006;18;11
2;CLÉMENCE;2007;18;8
2;CLÉMENCE;2008;18;9
2;CLÉMENCE;2009;18;11
2;CLÉMENCE;2010;18;6
2;CLÉMENCE;2011;18;5
2;CLÉMENCE;2012;18;3
2;CLÉMENCE;2013;18;4
2;CLÉMENCE;2014;18;10
2;CLÉMENCE;2015;18;6
2;CLÉMENCE;2016;18;5
2;CLÉMENCE;2017;18;4
2;CLÉMENCE;2018;18;3
2;CLÉMENCE;2019;18;5
2;CLÉMENCE;2020;18;9
2;CLÉMENCE;2021;18;5
2;CLÉMENTINE;2000;18;5
2;CLÉMENTINE;2003;18;4
2;CLÉMENTINE;2004;18;4
2;CLÉMENTINE;2013;18;3
2;CLOE;2000;18;4
2;CLOE;2001;18;4
2;CLOE;2003;18;7
2;CLOE;2006;18;5
2;CLOE;2007;18;5
2;CLOE;2008;18;5
2;CLOÉ;2013;18;4
2;CLOÉ;2014;18;4
2;CLOÉ;2015;18;3
2;CLOÉ;2016;18;3
2;CLOTILDE;2007;18;3
2;COLINE;2000;18;6
2;COLINE;2001;18;6
2;COLINE;2002;18;7
2;COLINE;2003;18;3
2;COLINE;2004;18;7
2;COLINE;2005;18;3
2;COLINE;2006;18;3
2;COLINE;2010;18;4
2;CONSTANCE;2003;18;3
2;CONSTANCE;2004;18;3
2;CONSTANCE;2010;18;3
2;CONSTANCE;2012;18;5
2;CONSTANCE;2013;18;4
2;CONSTANCE;2015;18;3
2;CONSTANCE;2016;18;6
2;CONSTANCE;2018;18;4
2;CONSTANCE;2019;18;3
2;CONSTANCE;2020;18;3
2;CONSTANCE;2021;18;3
2;CORALIE;2000;18;7
2;CORALIE;2002;18;9
2;CORALIE;2003;18;5
2;CORALIE;2004;18;5
2;CYLIA;2014;18;3
2;CYNTHIA;2002;18;3
2;DAPHNÉ;2002;18;4
2;DAPHNÉ;2013;18;3
2;DEBORAH;2000;18;5
2;DEBORAH;2001;18;3
2;DIANE;2006;18;3
2;DIANE;2018;18;3
2;DORIANE;2000;18;3
2;DORIANE;2001;18;4
2;DORIANE;2003;18;3
2;DORIANE;2007;18;3
2;DORINE;2002;18;3
2;DORINE;2003;18;3
2;DOUNIA;2006;18;3
2;EDEN;2006;18;4
2;EDEN;2008;18;4
2;EDEN;2010;18;4
2;EDEN;2012;18;9
2;EDEN;2014;18;4
2;EDEN;2018;18;3
2;EDEN;2020;18;3
2;ÉDEN;2019;18;3
2;ELEA;2005;18;4
2;ELEA;2006;18;3
2;ELEA;2007;18;4
2;ELEA;2008;18;4
2;ELEA;2009;18;3
2;ELEA;2010;18;3
2;ÉLÉA;2014;18;3
2;ELENA;2002;18;3
2;ELENA;2003;18;3
2;ELENA;2006;18;3
2;ELENA;2009;18;7
2;ELENA;2011;18;5
2;ELENA;2013;18;5
2;ELENA;2016;18;4
2;ELENA;2018;18;5
2;ELENA;2019;18;5
2;ELENA;2020;18;6
2;ELÉNA;2014;18;4
2;ELÉNA;2019;18;6
2;ELÉNA;2020;18;3
2;ÉLÉNA;2011;18;3
2;ÉLÉNA;2014;18;3
2;ÉLÉNA;2015;18;4
2;ÉLÉNA;2016;18;4
2;ÉLÉNA;2017;18;5
2;ÉLÉNA;2018;18;3
2;ÉLÉNA;2020;18;5
2;ELEONORE;2001;18;3
2;ELEONORE;2005;18;4
2;ELEONORE;2008;18;4
2;ELEONORE;2009;18;3
2;ELÉONORE;2019;18;4
2;ÉLÉONORE;2013;18;3
2;ÉLÉONORE;2014;18;3
2;ELINA;2006;18;3
2;ELINA;2007;18;3
2;ELINA;2010;18;3
2;ELINA;2021;18;3
2;ÉLINA;2013;18;4
2;ELINE;2008;18;3
2;ELISA;2000;18;4
2;ELISA;2001;18;8
2;ELISA;2002;18;11
2;ELISA;2003;18;14
2;ELISA;2004;18;5
2;ELISA;2005;18;6
2;ELISA;2007;18;7
2;ELISA;2008;18;6
2;ELISA;2009;18;6
2;ELISA;2010;18;7
2;ELISA;2012;18;5
2;ELISA;2015;18;4
2;ÉLISA;2011;18;4
2;ÉLISA;2012;18;3
2;ELISE;2000;18;7
2;ELISE;2001;18;10
2;ELISE;2002;18;7
2;ELISE;2003;18;5
2;ELISE;2004;18;8
2;ELISE;2005;18;7
2;ELISE;2006;18;4
2;ELISE;2007;18;6
2;ELISE;2008;18;7
2;ELISE;2009;18;4
2;ELISE;2010;18;4
2;ELISE;2012;18;3
2;ELISE;2014;18;3
2;ELISE;2015;18;5
2;ÉLISE;2013;18;4
2;ÉLISE;2016;18;4
2;ÉLISE;2017;18;3
2;ELLA;2020;18;4
2;ELLIE;2021;18;4
2;ELODIE;2000;18;7
2;ELODIE;2001;18;5
2;ELODIE;2002;18;6
2;ELODIE;2007;18;3
2;ELOISE;2000;18;6
2;ELOISE;2001;18;5
2;ELOISE;2002;18;4
2;ELOISE;2003;18;8
2;ELOISE;2004;18;8
2;ELOISE;2005;18;6
2;ELOISE;2006;18;6
2;ELOISE;2007;18;3
2;ELOISE;2008;18;7
2;ELOISE;2009;18;4
2;ELOISE;2017;18;3
2;ELOÏSE;2011;18;3
2;ELOÏSE;2020;18;3
2;ÉLOÏSE;2012;18;3
2;ÉLOÏSE;2021;18;3
2;ELORA;2002;18;3
2;ELORA;2007;18;3
2;ELSA;2001;18;3
2;ELSA;2002;18;6
2;ELSA;2003;18;4
2;ELSA;2004;18;6
2;ELSA;2005;18;6
2;ELSA;2007;18;9
2;ELSA;2009;18;4
2;ELSA;2010;18;3
2;ELSA;2011;18;5
2;ELSA;2012;18;9
2;ELSA;2014;18;4
2;ELSA;2015;18;4
2;ELSA;2016;18;4
2;ELSA;2017;18;7
2;ELSA;2021;18;4
2;ELYA;2013;18;3
2;ÉLYA;2016;18;3
2;ÉLYA;2021;18;3
2;ELYNA;2011;18;3
2;ELYNA;2014;18;3
2;ELYNE;2009;18;3
2;ELYNE;2010;18;4
2;ELYNE;2020;18;3
2;EMA;2014;18;3
2;EMELINE;2000;18;8
2;EMELINE;2001;18;12
2;EMELINE;2002;18;7
2;EMELINE;2004;18;5
2;EMELINE;2005;18;5
2;EMELINE;2006;18;4
2;EMELINE;2007;18;4
2;EMELINE;2009;18;3
2;EMELINE;2010;18;3
2;EMELINE;2014;18;4
2;EMIE;2005;18;3
2;EMILIE;2000;18;7
2;EMILIE;2001;18;5
2;EMILIE;2002;18;6
2;EMILIE;2003;18;16
2;EMILIE;2004;18;8
2;EMILIE;2005;18;6
2;EMILIE;2006;18;4
2;EMILIE;2007;18;3
2;EMILIE;2009;18;4
2;EMILIE;2016;18;3
2;EMMA;2000;18;28
2;EMMA;2001;18;30
2;EMMA;2002;18;30
2;EMMA;2003;18;23
2;EMMA;2004;18;14
2;EMMA;2005;18;19
2;EMMA;2006;18;28
2;EMMA;2007;18;29
2;EMMA;2008;18;24
2;EMMA;2009;18;26
2;EMMA;2010;18;25
2;EMMA;2011;18;13
2;EMMA;2012;18;26
2;EMMA;2013;18;23
2;EMMA;2014;18;17
2;EMMA;2015;18;16
2;EMMA;2016;18;18
2;EMMA;2017;18;13
2;EMMA;2018;18;20
2;EMMA;2019;18;9
2;EMMA;2020;18;18
2;EMMA;2021;18;9
2;EMMIE;2004;18;3
2;EMMY;2009;18;3
2;EMMY;2010;18;4
2;EMMY;2011;18;3
2;EMMY;2013;18;5
2;EMMY;2015;18;3
2;EMMY;2017;18;4
2;EMMY;2020;18;3
2;EMY;2006;18;3
2;EMY;2008;18;3
2;EMY;2009;18;6
2;EMY;2010;18;6
2;EMY;2012;18;4
2;EMY;2014;18;7
2;EMY;2015;18;5
2;EMY;2016;18;5
2;EMY;2017;18;3
2;EMY;2020;18;5
2;EMY;2021;18;5
2;ÉMY;2021;18;4
2;ENOLA;2001;18;4
2;ENOLA;2002;18;4
2;ENOLA;2004;18;6
2;ENOLA;2012;18;3
2;ÉNOLA;2011;18;4
2;ENORA;2004;18;6
2;ENORA;2011;18;3
2;ENORA;2012;18;3
2;ENORA;2013;18;6
2;ÉNORA;2013;18;4
2;ÉNORA;2014;18;8
2;ÉNORA;2015;18;3
2;ERINE;2011;18;3
2;ESMÉE;2021;18;3
2;ESTELLE;2000;18;3
2;ESTELLE;2001;18;4
2;ESTELLE;2002;18;3
2;ESTHER;2008;18;4
2;EUGÉNIE;2000;18;3
2;EUGÉNIE;2005;18;3
2;EVA;2000;18;9
2;EVA;2001;18;8
2;EVA;2002;18;15
2;EVA;2003;18;16
2;EVA;2004;18;12
2;EVA;2005;18;8
2;EVA;2006;18;6
2;EVA;2007;18;13
2;EVA;2008;18;4
2;EVA;2009;18;7
2;EVA;2010;18;4
2;EVA;2012;18;10
2;EVA;2014;18;3
2;EVA;2015;18;4
2;EVA;2016;18;3
2;EVA;2017;18;4
2;EVA;2019;18;3
2;EVA;2020;18;3
2;FANNY;2000;18;3
2;FANNY;2001;18;6
2;FANNY;2002;18;3
2;FANNY;2003;18;3
2;FANNY;2005;18;3
2;FANNY;2006;18;3
2;FANNY;2007;18;3
2;FANNY;2009;18;3
2;FANY;2003;18;3
2;FATOUMATA;2020;18;3
2;FAUSTINE;2002;18;4
2;FAUSTINE;2004;18;4
2;FAUSTINE;2005;18;3
2;FAUSTINE;2008;18;6
2;FAUSTINE;2009;18;7
2;FAUSTINE;2010;18;6
2;FAUSTINE;2011;18;5
2;FAUSTINE;2014;18;5
2;FAUSTINE;2015;18;5
2;FAUSTINE;2021;18;6
2;FIONA;2003;18;5
2;FIONA;2004;18;4
2;FLAVIE;2000;18;3
2;FLAVIE;2001;18;3
2;FLAVIE;2002;18;14
2;FLAVIE;2003;18;7
2;FLAVIE;2004;18;4
2;FLAVIE;2005;18;3
2;FLAVIE;2006;18;4
2;FLAVIE;2007;18;3
2;FLEUR;2019;18;3
2;FLORA;2000;18;3
2;FLORA;2001;18;3
2;FLORA;2006;18;7
2;FLORA;2009;18;8
2;FLORA;2010;18;4
2;FLORIANE;2000;18;4
2;FLORIANE;2003;18;3
2;FLORINE;2002;18;3
2;FLORINE;2003;18;3
2;GABRIELLA;2016;18;3
2;GABRIELLE;2002;18;5
2;GABRIELLE;2003;18;3
2;GABRIELLE;2004;18;8
2;GABRIELLE;2006;18;3
2;GABRIELLE;2008;18;5
2;GABRIELLE;2009;18;4
2;GABRIELLE;2010;18;3
2;GABRIELLE;2012;18;4
2;GABRIELLE;2013;18;4
2;GABRIELLE;2014;18;3
2;GABRIELLE;2016;18;5
2;GABRIELLE;2017;18;3
2;GABRIELLE;2019;18;6
2;GABRIELLE;2020;18;3
2;GAELLE;2000;18;6
2;GAELLE;2001;18;4
2;GAELLE;2003;18;3
2;GARANCE;2009;18;5
2;GARANCE;2011;18;3
2;GARANCE;2012;18;4
2;GARANCE;2020;18;6
2;GARANCE;2021;18;4
2;GIULIA;2020;18;5
2;GWENDOLINE;2000;18;5
2;GWENDOLINE;2003;18;3
2;GWENDOLINE;2006;18;3
2;HANAÉ;2017;18;4
2;HANNA;2006;18;3
2;HANNA;2019;18;3
2;HANNA;2021;18;3
2;HÉLÉNA;2016;18;3
2;HÉLÈNA;2019;18;3
2;HÉLÈNA;2020;18;3
2;HÉLÈNE;2006;18;3
2;HÉLOÏSE;2001;18;6
2;HÉLOÏSE;2003;18;3
2;HÉLOÏSE;2004;18;5
2;HÉLOÏSE;2005;18;3
2;HÉLOÏSE;2008;18;3
2;HÉLOÏSE;2013;18;4
2;HÉLOÏSE;2014;18;6
2;HÉLOÏSE;2017;18;3
2;HÉLOÏSE;2018;18;3
2;HÉLOÏSE;2021;18;5
2;ILANA;2005;18;3
2;ILIANA;2010;18;3
2;ILONA;2000;18;6
2;ILONA;2001;18;6
2;ILONA;2002;18;5
2;ILONA;2003;18;5
2;ILONA;2004;18;8
2;ILONA;2005;18;9
2;ILONA;2006;18;3
2;ILONA;2008;18;3
2;ILONA;2021;18;4
2;ILYANA;2018;18;5
2;IMANE;2006;18;3
2;IMANE;2007;18;4
2;INAYA;2009;18;3
2;INAYA;2010;18;3
2;INAYA;2011;18;12
2;INAYA;2012;18;5
2;INAYA;2013;18;6
2;INAYA;2014;18;4
2;INAYA;2016;18;3
2;INAYA;2017;18;4
2;INAYA;2018;18;4
2;INAYA;2019;18;5
2;INAYA;2020;18;12
2;INAYA;2021;18;10
2;INES;2011;18;3
2;INES;2012;18;8
2;INES;2014;18;4
2;INES;2015;18;4
2;INES;2017;18;4
2;INES;2019;18;3
2;INES;2020;18;3
2;INÈS;2000;18;11
2;INÈS;2001;18;13
2;INÈS;2002;18;14
2;INÈS;2003;18;10
2;INÈS;2004;18;13
2;INÈS;2005;18;12
2;INÈS;2006;18;14
2;INÈS;2007;18;17
2;INÈS;2008;18;16
2;INÈS;2009;18;12
2;INÈS;2010;18;9
2;INÈS;2011;18;15
2;INÈS;2012;18;12
2;INÈS;2013;18;10
2;INÈS;2014;18;12
2;INÈS;2015;18;10
2;INÈS;2016;18;12
2;INÈS;2017;18;7
2;INÈS;2018;18;11
2;INÈS;2019;18;5
2;INÈS;2020;18;6
2;INÈS;2021;18;6
2;IRIS;2007;18;3
2;IRIS;2010;18;3
2;IRIS;2018;18;4
2;IRIS;2019;18;9
2;IRIS;2020;18;7
2;IRIS;2021;18;8
2;ISRAA;2019;18;3
2;IZIA;2015;18;3
2;JADE;2000;18;5
2;JADE;2001;18;12
2;JADE;2002;18;10
2;JADE;2003;18;10
2;JADE;2004;18;8
2;JADE;2005;18;15
2;JADE;2006;18;18
2;JADE;2007;18;11
2;JADE;2008;18;15
2;JADE;2009;18;21
2;JADE;2010;18;20
2;JADE;2011;18;20
2;JADE;2012;18;20
2;JADE;2013;18;17
2;JADE;2014;18;18
2;JADE;2015;18;11
2;JADE;2016;18;18
2;JADE;2017;18;17
2;JADE;2018;18;11
2;JADE;2019;18;9
2;JADE;2020;18;13
2;JADE;2021;18;10
2;JANELLE;2011;18;3
2;JASMINE;2020;18;5
2;JEANNE;2000;18;7
2;JEANNE;2001;18;6
2;JEANNE;2002;18;13
2;JEANNE;2003;18;4
2;JEANNE;2004;18;14
2;JEANNE;2005;18;7
2;JEANNE;2006;18;8
2;JEANNE;2007;18;5
2;JEANNE;2008;18;4
2;JEANNE;2009;18;11
2;JEANNE;2010;18;9
2;JEANNE;2011;18;9
2;JEANNE;2012;18;10
2;JEANNE;2013;18;7
2;JEANNE;2014;18;10
2;JEANNE;2015;18;4
2;JEANNE;2016;18;6
2;JEANNE;2017;18;9
2;JEANNE;2018;18;11
2;JEANNE;2019;18;8
2;JEANNE;2020;18;6
2;JEANNE;2021;18;16
2;JENNA;2021;18;4
2;JENNIFER;2001;18;3
2;JENNIFER;2004;18;4
2;JESSICA;2000;18;4
2;JESSICA;2003;18;3
2;JESSICA;2006;18;3
2;JOHANNA;2000;18;3
2;JOSÉPHINE;2018;18;4
2;JOY;2019;18;5
2;JOY;2021;18;3
2;JOYCE;2021;18;4
2;JUDITH;2018;18;3
2;JUDITH;2019;18;3
2;JULIA;2000;18;3
2;JULIA;2004;18;4
2;JULIA;2005;18;3
2;JULIA;2006;18;4
2;JULIA;2009;18;4
2;JULIA;2010;18;8
2;JULIA;2012;18;8
2;JULIA;2013;18;6
2;JULIA;2014;18;9
2;JULIA;2015;18;10
2;JULIA;2016;18;5
2;JULIA;2017;18;9
2;JULIA;2018;18;13
2;JULIA;2019;18;11
2;JULIA;2020;18;12
2;JULIA;2021;18;9
2;JULIE;2000;18;19
2;JULIE;2001;18;17
2;JULIE;2002;18;17
2;JULIE;2003;18;11
2;JULIE;2004;18;8
2;JULIE;2005;18;10
2;JULIE;2006;18;11
2;JULIE;2007;18;8
2;JULIE;2008;18;8
2;JULIE;2009;18;10
2;JULIE;2010;18;10
2;JULIE;2011;18;6
2;JULIE;2012;18;5
2;JULIE;2013;18;5
2;JULIE;2014;18;3
2;JULIE;2016;18;3
2;JULIE;2017;18;4
2;JULIE;2021;18;3
2;JULIETTE;2000;18;12
2;JULIETTE;2001;18;7
2;JULIETTE;2002;18;14
2;JULIETTE;2003;18;8
2;JULIETTE;2004;18;7
2;JULIETTE;2005;18;12
2;JULIETTE;2006;18;17
2;JULIETTE;2007;18;10
2;JULIETTE;2008;18;8
2;JULIETTE;2009;18;8
2;JULIETTE;2010;18;11
2;JULIETTE;2011;18;7
2;JULIETTE;2012;18;8
2;JULIETTE;2013;18;9
2;JULIETTE;2014;18;11
2;JULIETTE;2015;18;11
2;JULIETTE;2016;18;11
2;JULIETTE;2017;18;9
2;JULIETTE;2018;18;7
2;JULIETTE;2019;18;12
2;JULIETTE;2020;18;8
2;JULIETTE;2021;18;3
2;JULINE;2008;18;3
2;JUNE;2015;18;3
2;JUSTINE;2000;18;16
2;JUSTINE;2001;18;15
2;JUSTINE;2002;18;13
2;JUSTINE;2003;18;12
2;JUSTINE;2004;18;17
2;JUSTINE;2005;18;8
2;JUSTINE;2006;18;5
2;JUSTINE;2007;18;12
2;JUSTINE;2008;18;6
2;JUSTINE;2009;18;4
2;JUSTINE;2010;18;7
2;JUSTINE;2011;18;11
2;JUSTINE;2012;18;4
2;JUSTINE;2013;18;5
2;KAHYNA;2011;18;3
2;KAINA;2008;18;3
2;KAMÉLIA;2019;18;3
2;KAMILA;2020;18;3
2;KASSANDRA;2003;18;3
2;KÉLIA;2011;18;4
2;KELLY;2000;18;3
2;KELLY;2001;18;4
2;KELLY;2002;18;4
2;KELLY;2004;18;4
2;KELLY;2005;18;4
2;KELLY;2011;18;6
2;KELLY;2013;18;3
2;KELLY;2014;18;4
2;KELLY;2015;18;4
2;KELLY;2019;18;3
2;KELYA;2008;18;3
2;KÉLYA;2019;18;3
2;KENZA;2001;18;4
2;KENZA;2010;18;3
2;KENZA;2011;18;4
2;KENZA;2014;18;4
2;KIMBERLEY;2004;18;3
2;LAETITIA;2001;18;3
2;LAETITIA;2005;18;3
2;LALIE;2008;18;3
2;LALIE;2010;18;5
2;LALY;2009;18;3
2;LALY;2012;18;6
2;LALY;2013;18;4
2;LALY;2017;18;3
2;LANA;2003;18;3
2;LANA;2004;18;4
2;LANA;2005;18;12
2;LANA;2007;18;6
2;LANA;2008;18;4
2;LANA;2009;18;11
2;LANA;2010;18;10
2;LANA;2011;18;12
2;LANA;2012;18;15
2;LANA;2013;18;4
2;LANA;2014;18;21
2;LANA;2015;18;5
2;LANA;2016;18;3
2;LANA;2017;18;3
2;LANA;2018;18;3
2;LANA;2020;18;3
2;LANA;2021;18;3
2;LARA;2004;18;3
2;LAURA;2000;18;14
2;LAURA;2001;18;26
2;LAURA;2002;18;23
2;LAURA;2003;18;12
2;LAURA;2004;18;16
2;LAURA;2005;18;9
2;LAURA;2006;18;8
2;LAURA;2007;18;10
2;LAURA;2008;18;11
2;LAURA;2009;18;3
2;LAURA;2010;18;8
2;LAURA;2011;18;3
2;LAURA;2012;18;4
2;LAURA;2013;18;4
2;LAURA;2014;18;3
2;LAURA;2015;18;5
2;LAURA;2018;18;3
2;LAURE;2000;18;6
2;LAURE;2001;18;5
2;LAURE;2002;18;3
2;LAURE;2003;18;3
2;LAURE;2012;18;3
2;LAURE;2015;18;3
2;LAURENE;2000;18;5
2;LAURIANE;2001;18;3
2;LAURIANE;2003;18;7
2;LAURIE;2000;18;7
2;LAURIE;2001;18;5
2;LAURIE;2002;18;4
2;LAURINE;2000;18;9
2;LAURINE;2001;18;4
2;LAURINE;2002;18;3
2;LAURINE;2003;18;4
2;LAURINE;2004;18;5
2;LAURINE;2006;18;3
2;LAURYNE;2002;18;4
2;LAURYNE;2003;18;4
2;LAURYNE;2007;18;3
2;LAYA;2010;18;3
2;LAYA;2020;18;3
2;LEA;2011;18;4
2;LEA;2012;18;3
2;LEA;2016;18;7
2;LÉA;2000;18;44
2;LÉA;2001;18;46
2;LÉA;2002;18;45
2;LÉA;2003;18;42
2;LÉA;2004;18;34
2;LÉA;2005;18;25
2;LÉA;2006;18;29
2;LÉA;2007;18;26
2;LÉA;2008;18;17
2;LÉA;2009;18;26
2;LÉA;2010;18;19
2;LÉA;2011;18;8
2;LÉA;2012;18;10
2;LÉA;2013;18;17
2;LÉA;2014;18;14
2;LÉA;2015;18;7
2;LÉA;2016;18;9
2;LÉA;2017;18;12
2;LÉA;2018;18;11
2;LÉA;2019;18;7
2;LÉA;2020;18;10
2;LÉA;2021;18;6
2;LEANA;2017;18;3
2;LÉANA;2000;18;3
2;LÉANA;2008;18;5
2;LÉANA;2010;18;3
2;LÉANA;2011;18;4
2;LÉANA;2012;18;5
2;LÉANA;2013;18;5
2;LÉANA;2015;18;4
2;LÉANA;2016;18;3
2;LÉANA;2017;18;6
2;LÉANA;2018;18;4
2;LÉANA;2019;18;4
2;LÉANA;2021;18;3
2;LÉANE;2003;18;4
2;LÉANE;2004;18;4
2;LÉANE;2005;18;3
2;LÉANE;2006;18;3
2;LÉANE;2007;18;7
2;LÉANE;2008;18;5
2;LÉANE;2009;18;5
2;LÉANE;2010;18;4
2;LÉANE;2012;18;3
2;LÉANE;2013;18;3
2;LÉANE;2014;18;5
2;LÉANE;2015;18;5
2;LEANNE;2004;18;3
2;LEANNE;2009;18;3
2;LEIA;2005;18;3
2;LEILA;2000;18;3
2;LEILA;2008;18;5
2;LEÏLA;2011;18;3
2;LEÏLA;2015;18;4
2;LEÏLA;2018;18;3
2;LEÏLA;2019;18;3
2;LENA;2010;18;3
2;LENA;2011;18;3
2;LENA;2012;18;3
2;LENA;2013;18;3
2;LENA;2016;18;7
2;LENA;2017;18;3
2;LÉNA;2000;18;8
2;LÉNA;2001;18;4
2;LÉNA;2002;18;7
2;LÉNA;2003;18;7
2;LÉNA;2004;18;5
2;LÉNA;2005;18;13
2;LÉNA;2006;18;9
2;LÉNA;2007;18;15
2;LÉNA;2008;18;11
2;LÉNA;2009;18;10
2;LÉNA;2010;18;19
2;LÉNA;2011;18;6
2;LÉNA;2012;18;9
2;LÉNA;2013;18;19
2;LÉNA;2014;18;10
2;LÉNA;2015;18;5
2;LÉNA;2016;18;11
2;LÉNA;2017;18;9
2;LÉNA;2018;18;13
2;LÉNA;2019;18;14
2;LÉNA;2020;18;6
2;LÉNA;2021;18;6
2;LÉONIE;2000;18;6
2;LÉONIE;2001;18;5
2;LÉONIE;2002;18;3
2;LÉONIE;2003;18;8
2;LÉONIE;2004;18;3
2;LÉONIE;2005;18;4
2;LÉONIE;2006;18;4
2;LÉONIE;2007;18;5
2;LÉONIE;2008;18;4
2;LÉONIE;2009;18;6
2;LÉONIE;2010;18;7
2;LÉONIE;2011;18;8
2;LÉONIE;2012;18;7
2;LÉONIE;2013;18;9
2;LÉONIE;2014;18;8
2;LÉONIE;2015;18;4
2;LÉONIE;2016;18;3
2;LÉONIE;2017;18;6
2;LÉONIE;2019;18;7
2;LÉONIE;2020;18;5
2;LÉONIE;2021;18;3
2;LESLIE;2001;18;3
2;LEXIE;2015;18;3
2;LILA;2004;18;6
2;LILA;2006;18;3
2;LILI;2004;18;4
2;LILI;2005;18;3
2;LILI;2006;18;3
2;LILI;2008;18;6
2;LILIA;2012;18;3
2;LILIA;2013;18;3
2;LILIA;2021;18;3
2;LILLY;2007;18;3
2;LILLY;2010;18;3
2;LILLY;2015;18;3
2;LILOU;2000;18;3
2;LILOU;2002;18;4
2;LILOU;2003;18;7
2;LILOU;2004;18;7
2;LILOU;2005;18;10
2;LILOU;2006;18;12
2;LILOU;2007;18;9
2;LILOU;2008;18;14
2;LILOU;2009;18;23
2;LILOU;2010;18;13
2;LILOU;2011;18;13
2;LILOU;2012;18;10
2;LILOU;2013;18;20
2;LILOU;2014;18;17
2;LILOU;2015;18;6
2;LILOU;2016;18;5
2;LILOU;2017;18;4
2;LILOU;2019;18;5
2;LILOU;2020;18;3
2;LILOU;2021;18;3
2;LILWENN;2011;18;3
2;LILWENN;2014;18;3
2;LILY;2005;18;3
2;LILY;2006;18;3
2;LILY;2007;18;4
2;LILY;2008;18;7
2;LILY;2009;18;5
2;LILY;2010;18;4
2;LILY;2011;18;5
2;LILY;2012;18;3
2;LILY;2014;18;4
2;LILY;2015;18;4
2;LILY;2017;18;3
2;LILY;2018;18;3
2;LILY;2021;18;4
2;LILY-ROSE;2008;18;4
2;LILY-ROSE;2011;18;3
2;LILY-ROSE;2019;18;3
2;LINA;2003;18;4
2;LINA;2004;18;4
2;LINA;2005;18;4
2;LINA;2007;18;7
2;LINA;2008;18;6
2;LINA;2009;18;6
2;LINA;2010;18;5
2;LINA;2011;18;5
2;LINA;2012;18;7
2;LINA;2013;18;8
2;LINA;2014;18;9
2;LINA;2015;18;7
2;LINA;2016;18;3
2;LINA;2017;18;8
2;LINA;2019;18;6
2;LINA;2020;18;6
2;LINA;2021;18;3
2;LINDSAY;2006;18;3
2;LINDSAY;2007;18;3
2;LINDSAY;2014;18;3
2;LINE;2002;18;3
2;LISA;2000;18;13
2;LISA;2001;18;8
2;LISA;2002;18;7
2;LISA;2003;18;10
2;LISA;2004;18;6
2;LISA;2005;18;10
2;LISA;2006;18;14
2;LISA;2007;18;8
2;LISA;2008;18;3
2;LISA;2009;18;6
2;LISA;2010;18;9
2;LISA;2011;18;5
2;LISA;2012;18;5
2;LISA;2014;18;7
2;LISA;2016;18;3
2;LISE;2001;18;3
2;LISE;2003;18;5
2;LISE;2006;18;4
2;LISE;2007;18;3
2;LISE;2010;18;8
2;LISE;2011;18;9
2;LISE;2012;18;4
2;LISE;2015;18;3
2;LISE;2017;18;4
2;LISE;2018;18;4
2;LISE;2019;18;4
2;LISE;2021;18;5
2;LISON;2007;18;3
2;LISON;2012;18;5
2;LISON;2014;18;4
2;LISON;2015;18;3
2;LISON;2016;18;3
2;LISON;2018;18;3
2;LISON;2020;18;4
2;LIVIA;2013;18;3
2;LIVIA;2014;18;3
2;LIVIA;2017;18;7
2;LIVIA;2020;18;4
2;LIVIA;2021;18;4
2;LIYA;2017;18;4
2;LOAN;2003;18;4
2;LOANE;2004;18;3
2;LOANE;2005;18;6
2;LOANE;2006;18;5
2;LOANE;2007;18;3
2;LOANE;2009;18;5
2;LOANE;2011;18;3
2;LOANE;2012;18;3
2;LOLA;2000;18;4
2;LOLA;2001;18;11
2;LOLA;2002;18;10
2;LOLA;2003;18;13
2;LOLA;2004;18;13
2;LOLA;2005;18;19
2;LOLA;2006;18;6
2;LOLA;2007;18;20
2;LOLA;2008;18;19
2;LOLA;2009;18;16
2;LOLA;2010;18;26
2;LOLA;2011;18;25
2;LOLA;2012;18;16
2;LOLA;2013;18;20
2;LOLA;2014;18;22
2;LOLA;2015;18;10
2;LOLA;2016;18;8
2;LOLA;2017;18;14
2;LOLA;2018;18;9
2;LOLA;2019;18;11
2;LOLA;2020;18;4
2;LOLA;2021;18;10
2;LOONA;2007;18;3
2;LOONA;2016;18;3
2;LORIE;2002;18;3
2;LORIE;2003;18;3
2;LORINE;2002;18;3
2;LORINE;2003;18;3
2;LORINE;2005;18;3
2;LORNA;2004;18;3
2;LOU;2001;18;5
2;LOU;2002;18;3
2;LOU;2003;18;6
2;LOU;2004;18;7
2;LOU;2005;18;10
2;LOU;2006;18;3
2;LOU;2007;18;9
2;LOU;2008;18;7
2;LOU;2009;18;6
2;LOU;2010;18;5
2;LOU;2011;18;4
2;LOU;2012;18;5
2;LOU;2013;18;5
2;LOU;2014;18;4
2;LOU;2015;18;4
2;LOU;2016;18;6
2;LOU;2017;18;7
2;LOU;2018;18;13
2;LOU;2019;18;12
2;LOU;2020;18;5
2;LOU;2021;18;6
2;LOU-ANN;2002;18;3
2;LOU-ANN;2003;18;4
2;LOU-ANN;2005;18;3
2;LOU-ANN;2006;18;4
2;LOU-ANN;2007;18;4
2;LOU-ANN;2009;18;3
2;LOU-ANNE;2004;18;3
2;LOU-ANNE;2005;18;3
2;LOU-ANNE;2006;18;4
2;LOUANE;2003;18;5
2;LOUANE;2004;18;5
2;LOUANE;2005;18;6
2;LOUANE;2006;18;4
2;LOUANE;2007;18;12
2;LOUANE;2008;18;7
2;LOUANE;2009;18;10
2;LOUANE;2010;18;10
2;LOUANE;2011;18;10
2;LOUANE;2012;18;3
2;LOUANE;2013;18;12
2;LOUANE;2014;18;6
2;LOUANE;2015;18;12
2;LOUANE;2016;18;9
2;LOUANE;2017;18;5
2;LOUANE;2019;18;5
2;LOUANNE;2009;18;3
2;LOUISA;2018;18;3
2;LOUISE;2000;18;6
2;LOUISE;2001;18;8
2;LOUISE;2002;18;5
2;LOUISE;2003;18;6
2;LOUISE;2004;18;7
2;LOUISE;2005;18;10
2;LOUISE;2006;18;9
2;LOUISE;2007;18;10
2;LOUISE;2008;18;11
2;LOUISE;2009;18;8
2;LOUISE;2010;18;12
2;LOUISE;2011;18;10
2;LOUISE;2012;18;16
2;LOUISE;2013;18;22
2;LOUISE;2014;18;18
2;LOUISE;2015;18;16
2;LOUISE;2016;18;16
2;LOUISE;2017;18;9
2;LOUISE;2018;18;13
2;LOUISE;2019;18;24
2;LOUISE;2020;18;12
2;LOUISE;2021;18;17
2;LOUNA;2002;18;3
2;LOUNA;2004;18;4
2;LOUNA;2005;18;9
2;LOUNA;2006;18;10
2;LOUNA;2007;18;11
2;LOUNA;2008;18;9
2;LOUNA;2009;18;13
2;LOUNA;2010;18;10
2;LOUNA;2011;18;13
2;LOUNA;2012;18;20
2;LOUNA;2013;18;9
2;LOUNA;2014;18;7
2;LOUNA;2015;18;6
2;LOUNA;2016;18;10
2;LOUNA;2017;18;7
2;LOUNA;2018;18;3
2;LOUNA;2019;18;5
2;LOUNA;2020;18;3
2;LOUNA;2021;18;3
2;LUCIE;2000;18;21
2;LUCIE;2001;18;35
2;LUCIE;2002;18;20
2;LUCIE;2003;18;15
2;LUCIE;2004;18;16
2;LUCIE;2005;18;12
2;LUCIE;2006;18;24
2;LUCIE;2007;18;13
2;LUCIE;2008;18;16
2;LUCIE;2009;18;8
2;LUCIE;2010;18;10
2;LUCIE;2011;18;12
2;LUCIE;2012;18;10
2;LUCIE;2013;18;20
2;LUCIE;2014;18;10
2;LUCIE;2015;18;10
2;LUCIE;2016;18;7
2;LUCIE;2017;18;8
2;LUCIE;2018;18;6
2;LUCIE;2019;18;9
2;LUCIE;2020;18;5
2;LUCIE;2021;18;5
2;LUCILE;2000;18;6
2;LUCILE;2001;18;3
2;LUCILE;2003;18;4
2;LUCILE;2004;18;3
2;LUCILE;2007;18;3
2;LUCILE;2011;18;3
2;LUCILE;2013;18;3
2;LUCILLE;2006;18;3
2;LUCY;2017;18;3
2;LUDIVINE;2000;18;5
2;LUDIVINE;2001;18;4
2;LUDIVINE;2002;18;3
2;LUNA;2004;18;4
2;LUNA;2005;18;3
2;LUNA;2008;18;3
2;LUNA;2009;18;5
2;LUNA;2010;18;7
2;LUNA;2011;18;7
2;LUNA;2012;18;3
2;LUNA;2014;18;6
2;LUNA;2015;18;3
2;LUNA;2016;18;5
2;LUNA;2017;18;4
2;LUNA;2018;18;7
2;LUNA;2019;18;5
2;LUNA;2020;18;6
2;LUNA;2021;18;10
2;LYA;2010;18;4
2;LYA;2011;18;3
2;LYA;2012;18;4
2;LYA;2015;18;6
2;LYA;2016;18;3
2;LYA;2017;18;5
2;LYA;2018;18;7
2;LYA;2019;18;4
2;LYA;2020;18;5
2;LYA;2021;18;5
2;LYANA;2011;18;3
2;LYANA;2014;18;3
2;LYANA;2015;18;3
2;LYANA;2016;18;3
2;LYANA;2017;18;4
2;LYANA;2018;18;7
2;LYANA;2019;18;6
2;LYANA;2021;18;5
2;LYANNA;2020;18;4
2;LYLOU;2007;18;4
2;LYLOU;2009;18;3
2;LYLOU;2010;18;7
2;LYLOU;2011;18;3
2;LYLOU;2013;18;4
2;LYLOU;2015;18;3
2;LYNA;2005;18;3
2;LYNA;2008;18;4
2;LYNA;2009;18;4
2;LYNA;2010;18;3
2;LYNA;2014;18;7
2;LYNA;2015;18;8
2;LYNA;2016;18;3
2;LYNA;2018;18;4
2;LYNA;2019;18;4
2;LYNA;2020;18;4
2;LYNA;2021;18;4
2;MADELEINE;2015;18;4
2;MADELEINE;2018;18;4
2;MADELEINE;2021;18;3
2;MADELINE;2000;18;3
2;MADISON;2000;18;5
2;MAE;2007;18;3
2;MAELIA;2009;18;3
2;MAELIE;2004;18;4
2;MAELIE;2008;18;3
2;MAELINE;2008;18;3
2;MAÉLINE;2011;18;3
2;MAËLINE;2011;18;3
2;MAELLE;2000;18;10
2;MAELLE;2001;18;8
2;MAELLE;2002;18;11
2;MAELLE;2003;18;6
2;MAELLE;2004;18;11
2;MAELLE;2005;18;10
2;MAELLE;2006;18;8
2;MAELLE;2007;18;10
2;MAELLE;2008;18;12
2;MAELLE;2009;18;6
2;MAËLLE;2011;18;5
2;MAËLLE;2012;18;7
2;MAËLLE;2013;18;4
2;MAËLY;2012;18;4
2;MAËLY;2016;18;3
2;MAELYNE;2007;18;3
2;MAELYNE;2009;18;3
2;MAËLYNE;2017;18;3
2;MAELYS;2000;18;4
2;MAELYS;2001;18;4
2;MAELYS;2002;18;7
2;MAELYS;2003;18;5
2;MAELYS;2004;18;7
2;MAELYS;2005;18;5
2;MAELYS;2006;18;11
2;MAELYS;2007;18;18
2;MAELYS;2008;18;18
2;MAELYS;2009;18;26
2;MAELYS;2010;18;8
2;MAËLYS;2010;18;8
2;MAËLYS;2011;18;10
2;MAËLYS;2012;18;7
2;MAËLYS;2013;18;8
2;MAËLYS;2014;18;8
2;MAËLYS;2015;18;4
2;MAËLYS;2016;18;4
2;MAËLYS;2017;18;5
2;MAËLYS;2018;18;4
2;MAËLYS;2019;18;3
2;MAËLYS;2020;18;3
2;MAËLYS;2021;18;5
2;MAEVA;2000;18;14
2;MAEVA;2001;18;17
2;MAEVA;2002;18;7
2;MAEVA;2003;18;5
2;MAEVA;2004;18;11
2;MAEVA;2005;18;8
2;MAEVA;2006;18;10
2;MAEVA;2007;18;6
2;MAEVA;2008;18;9
2;MAHAUT;2012;18;3
2;MAÏA;2013;18;3
2;MAILYS;2005;18;3
2;MAILYS;2006;18;5
2;MAILYS;2007;18;4
2;MAILYS;2008;18;3
2;MAILYS;2009;18;3
2;MAÏSSA;2016;18;3
2;MALAURIE;2000;18;3
2;MANEL;2009;18;4
2;MANEL;2010;18;4
2;MANEL;2014;18;5
2;MANEL;2015;18;3
2;MANON;2000;18;43
2;MANON;2001;18;47
2;MANON;2002;18;32
2;MANON;2003;18;35
2;MANON;2004;18;33
2;MANON;2005;18;36
2;MANON;2006;18;22
2;MANON;2007;18;15
2;MANON;2008;18;20
2;MANON;2009;18;20
2;MANON;2010;18;12
2;MANON;2011;18;14
2;MANON;2012;18;12
2;MANON;2013;18;13
2;MANON;2014;18;12
2;MANON;2015;18;18
2;MANON;2016;18;13
2;MANON;2017;18;8
2;MANON;2018;18;5
2;MANON;2019;18;8
2;MANON;2021;18;5
2;MARGAUX;2000;18;8
2;MARGAUX;2001;18;4
2;MARGAUX;2002;18;6
2;MARGAUX;2003;18;5
2;MARGAUX;2004;18;8
2;MARGAUX;2005;18;6
2;MARGAUX;2006;18;4
2;MARGAUX;2007;18;8
2;MARGAUX;2008;18;5
2;MARGAUX;2009;18;4
2;MARGAUX;2010;18;4
2;MARGAUX;2011;18;7
2;MARGAUX;2012;18;5
2;MARGAUX;2013;18;8
2;MARGAUX;2014;18;5
2;MARGAUX;2015;18;7
2;MARGAUX;2016;18;6
2;MARGAUX;2017;18;7
2;MARGAUX;2018;18;9
2;MARGAUX;2019;18;9
2;MARGAUX;2020;18;7
2;MARGAUX;2021;18;3
2;MARGOT;2000;18;3
2;MARGOT;2001;18;6
2;MARGOT;2002;18;5
2;MARGOT;2003;18;8
2;MARGOT;2004;18;7
2;MARGOT;2005;18;5
2;MARGOT;2006;18;8
2;MARGOT;2007;18;4
2;MARGOT;2008;18;4
2;MARGOT;2009;18;6
2;MARGOT;2010;18;5
2;MARGOT;2011;18;4
2;MARGOT;2012;18;4
2;MARGOT;2013;18;7
2;MARGOT;2014;18;10
2;MARGOT;2016;18;6
2;MARGOT;2017;18;4
2;MARGOT;2019;18;6
2;MARGOT;2020;18;6
2;MARGOT;2021;18;8
2;MARIE;2000;18;37
2;MARIE;2001;18;14
2;MARIE;2002;18;14
2;MARIE;2003;18;14
2;MARIE;2004;18;14
2;MARIE;2005;18;14
2;MARIE;2006;18;19
2;MARIE;2007;18;8
2;MARIE;2008;18;9
2;MARIE;2009;18;5
2;MARIE;2010;18;6
2;MARIE;2011;18;4
2;MARIE;2012;18;5
2;MARIE;2013;18;3
2;MARIE;2014;18;5
2;MARIE;2015;18;8
2;MARIE;2016;18;3
2;MARIE;2017;18;5
2;MARIE;2018;18;5
2;MARILOU;2004;18;3
2;MARINA;2000;18;5
2;MARINA;2001;18;5
2;MARINE;2000;18;26
2;MARINE;2001;18;21
2;MARINE;2002;18;12
2;MARINE;2003;18;17
2;MARINE;2004;18;17
2;MARINE;2005;18;3
2;MARINE;2006;18;7
2;MARINE;2008;18;6
2;MARINE;2010;18;3
2;MARION;2000;18;6
2;MARION;2001;18;13
2;MARION;2002;18;7
2;MARION;2003;18;13
2;MARION;2004;18;5
2;MARION;2005;18;3
2;MARION;2006;18;5
2;MARION;2007;18;7
2;MARION;2008;18;3
2;MARION;2009;18;5
2;MARION;2011;18;5
2;MARION;2012;18;5
2;MARWA;2015;18;3
2;MARYLOU;2005;18;3
2;MARYLOU;2008;18;3
2;MARYLOU;2012;18;4
2;MATHILDE;2000;18;32
2;MATHILDE;2001;18;14
2;MATHILDE;2002;18;15
2;MATHILDE;2003;18;11
2;MATHILDE;2004;18;8
2;MATHILDE;2005;18;7
2;MATHILDE;2006;18;7
2;MATHILDE;2007;18;14
2;MATHILDE;2008;18;4
2;MATHILDE;2009;18;8
2;MATHILDE;2010;18;7
2;MATHILDE;2011;18;3
2;MATHILDE;2012;18;3
2;MATHILDE;2013;18;4
2;MATHILDE;2014;18;7
2;MATHILDE;2016;18;7
2;MATHILDE;2017;18;3
2;MATHILDE;2020;18;4
2;MATHILDE;2021;18;3
2;MAUD;2000;18;3
2;MAUD;2002;18;3
2;MAUD;2003;18;3
2;MAUD;2006;18;4
2;MAUREEN;2002;18;4
2;MAYA;2003;18;3
2;MAYA;2007;18;3
2;MAYA;2008;18;4
2;MAYA;2009;18;4
2;MAYA;2015;18;3
2;MAYA;2020;18;5
2;MAYA;2021;18;4
2;MÉLANIE;2000;18;10
2;MÉLANIE;2001;18;11
2;MÉLANIE;2002;18;3
2;MÉLANIE;2003;18;3
2;MÉLIA;2019;18;3
2;MÉLINA;2000;18;3
2;MÉLINA;2001;18;3
2;MÉLINA;2002;18;5
2;MÉLINA;2003;18;4
2;MÉLINA;2005;18;5
2;MÉLINA;2006;18;3
2;MÉLINA;2007;18;5
2;MÉLINA;2008;18;9
2;MÉLINA;2009;18;5
2;MÉLINA;2010;18;7
2;MÉLINA;2011;18;5
2;MÉLINA;2012;18;6
2;MÉLINA;2013;18;5
2;MÉLINA;2014;18;4
2;MÉLINA;2015;18;4
2;MÉLINA;2016;18;3
2;MÉLINA;2017;18;3
2;MÉLINA;2019;18;5
2;MÉLINA;2020;18;6
2;MÉLINA;2021;18;3
2;MELINE;2000;18;3
2;MELINE;2002;18;8
2;MELINE;2004;18;3
2;MELINE;2005;18;5
2;MELINE;2006;18;4
2;MELINE;2007;18;3
2;MELINE;2008;18;5
2;MELINE;2009;18;3
2;MELINE;2010;18;6
2;MÉLINE;2012;18;6
2;MÉLINE;2013;18;6
2;MÉLINE;2015;18;5
2;MÉLISSA;2000;18;6
2;MÉLISSA;2001;18;9
2;MÉLISSA;2002;18;13
2;MÉLISSA;2003;18;7
2;MÉLISSA;2004;18;6
2;MÉLISSA;2005;18;7
2;MÉLISSA;2006;18;4
2;MÉLISSA;2007;18;4
2;MÉLISSA;2008;18;8
2;MÉLISSA;2009;18;4
2;MÉLISSA;2010;18;3
2;MÉLISSA;2011;18;4
2;MÉLISSA;2013;18;6
2;MÉLISSA;2015;18;4
2;MÉLISSA;2016;18;8
2;MÉLISSA;2021;18;3
2;MELODIE;2001;18;3
2;MELODY;2001;18;3
2;MIA;2014;18;3
2;MIA;2015;18;5
2;MIA;2016;18;6
2;MIA;2017;18;11
2;MIA;2018;18;13
2;MIA;2019;18;8
2;MIA;2020;18;11
2;MIA;2021;18;13
2;MILA;2009;18;3
2;MILA;2010;18;3
2;MILA;2011;18;4
2;MILA;2012;18;7
2;MILA;2013;18;5
2;MILA;2014;18;6
2;MILA;2015;18;4
2;MILA;2016;18;9
2;MILA;2017;18;9
2;MILA;2018;18;6
2;MILA;2019;18;12
2;MILA;2020;18;6
2;MILLA;2020;18;3
2;MIYA;2017;18;3
2;MIYA;2020;18;4
2;MORGANE;2000;18;18
2;MORGANE;2001;18;11
2;MORGANE;2002;18;10
2;MORGANE;2003;18;9
2;MORGANE;2004;18;12
2;MORGANE;2005;18;14
2;MORGANE;2006;18;8
2;MORGANE;2007;18;7
2;MORGANE;2008;18;5
2;MORGANE;2010;18;6
2;MORGANE;2011;18;4
2;MORGANE;2012;18;5
2;MORGANE;2014;18;4
2;MYA;2011;18;3
2;MYA;2012;18;3
2;MYA;2014;18;4
2;MYA;2015;18;7
2;MYA;2016;18;7
2;MYA;2017;18;7
2;MYA;2018;18;4
2;MYA;2019;18;5
2;MYA;2020;18;9
2;MYA;2021;18;9
2;MYLA;2016;18;7
2;MYLA;2018;18;3
2;MYLA;2021;18;4
2;MYLLA;2018;18;3
2;NAÏLA;2017;18;3
2;NAOMI;2010;18;3
2;NAOMIE;2014;18;4
2;NAYLA;2015;18;3
2;NEÏLA;2011;18;3
2;NEÏLA;2015;18;3
2;NELL;2013;18;3
2;NELYA;2021;18;3
2;NÉLYA;2020;18;3
2;NINA;2000;18;4
2;NINA;2002;18;5
2;NINA;2003;18;9
2;NINA;2006;18;3
2;NINA;2007;18;6
2;NINA;2009;18;8
2;NINA;2010;18;3
2;NINA;2011;18;5
2;NINA;2012;18;8
2;NINA;2013;18;9
2;NINA;2014;18;5
2;NINA;2015;18;8
2;NINA;2016;18;6
2;NINA;2017;18;7
2;NINA;2018;18;4
2;NINA;2019;18;5
2;NINA;2020;18;8
2;NINA;2021;18;8
2;NINON;2002;18;3
2;NINON;2004;18;3
2;NINON;2005;18;3
2;NINON;2006;18;6
2;NINON;2007;18;5
2;NINON;2008;18;5
2;NINON;2010;18;5
2;NINON;2011;18;3
2;NINON;2013;18;5
2;NINON;2015;18;3
2;NOELIE;2009;18;3
2;NOÉLINE;2019;18;3
2;NOEMIE;2000;18;10
2;NOEMIE;2001;18;8
2;NOEMIE;2002;18;6
2;NOEMIE;2003;18;17
2;NOEMIE;2004;18;6
2;NOEMIE;2005;18;5
2;NOEMIE;2006;18;11
2;NOEMIE;2007;18;11
2;NOEMIE;2008;18;11
2;NOEMIE;2009;18;13
2;NOEMIE;2010;18;7
2;NOEMIE;2015;18;3
2;NOÉMIE;2010;18;3
2;NOÉMIE;2011;18;5
2;NOÉMIE;2012;18;6
2;NOÉMIE;2013;18;5
2;NOÉMIE;2014;18;6
2;NOÉMIE;2015;18;4
2;NOÉMIE;2017;18;7
2;NOÉMIE;2021;18;3
2;NOLWENN;2000;18;3
2;NOLWENN;2002;18;5
2;NOLWENN;2003;18;3
2;NOLWENN;2004;18;3
2;NORA;2017;18;3
2;NOUR;2011;18;4
2;NOUR;2017;18;3
2;OCÉANE;2000;18;35
2;OCÉANE;2001;18;17
2;OCÉANE;2002;18;28
2;OCÉANE;2003;18;22
2;OCÉANE;2004;18;18
2;OCÉANE;2005;18;21
2;OCÉANE;2006;18;9
2;OCÉANE;2007;18;14
2;OCÉANE;2008;18;10
2;OCÉANE;2009;18;10
2;OCÉANE;2010;18;14
2;OCÉANE;2011;18;6
2;OCÉANE;2012;18;9
2;OCÉANE;2013;18;7
2;OCÉANE;2014;18;5
2;OCÉANE;2015;18;5
2;OCÉANE;2016;18;6
2;OCÉANE;2019;18;3
2;OLIVIA;2001;18;4
2;OLIVIA;2003;18;4
2;OLIVIA;2010;18;3
2;OLIVIA;2011;18;6
2;OLIVIA;2014;18;3
2;OLIVIA;2015;18;6
2;OLIVIA;2017;18;3
2;OLIVIA;2020;18;4
2;OLIVIA;2021;18;6
2;OLYMPE;2017;18;3
2;OPHÉLIE;2001;18;5
2;OPHÉLIE;2002;18;5
2;OPHÉLIE;2005;18;4
2;ORIANE;2000;18;3
2;ORIANE;2001;18;3
2;ORIANE;2005;18;4
2;ORIANE;2006;18;3
2;ORIANE;2007;18;3
2;PALOMA;2009;18;4
2;PALOMA;2011;18;3
2;PALOMA;2020;18;3
2;PAULINE;2000;18;10
2;PAULINE;2001;18;21
2;PAULINE;2002;18;17
2;PAULINE;2003;18;16
2;PAULINE;2004;18;13
2;PAULINE;2005;18;10
2;PAULINE;2006;18;8
2;PAULINE;2007;18;8
2;PAULINE;2008;18;6
2;PAULINE;2009;18;10
2;PAULINE;2010;18;3
2;PAULINE;2011;18;6
2;PAULINE;2013;18;6
2;PAULINE;2014;18;5
2;PAULINE;2015;18;5
2;PAULINE;2016;18;5
2;PERRINE;2001;18;3
2;PERRINE;2002;18;4
2;PERRINE;2009;18;4
2;RACHEL;2001;18;3
2;RACHEL;2002;18;3
2;RACHEL;2007;18;4
2;RACHEL;2011;18;3
2;RACHEL;2013;18;3
2;ROMANE;2000;18;6
2;ROMANE;2001;18;7
2;ROMANE;2002;18;6
2;ROMANE;2003;18;8
2;ROMANE;2004;18;6
2;ROMANE;2005;18;9
2;ROMANE;2006;18;13
2;ROMANE;2007;18;6
2;ROMANE;2008;18;13
2;ROMANE;2009;18;7
2;ROMANE;2010;18;14
2;ROMANE;2011;18;11
2;ROMANE;2012;18;11
2;ROMANE;2013;18;7
2;ROMANE;2014;18;5
2;ROMANE;2015;18;7
2;ROMANE;2016;18;10
2;ROMANE;2017;18;4
2;ROMANE;2018;18;8
2;ROMANE;2019;18;9
2;ROMANE;2020;18;3
2;ROMANE;2021;18;4
2;ROMY;2016;18;4
2;ROMY;2017;18;3
2;ROMY;2018;18;3
2;ROMY;2019;18;4
2;ROMY;2020;18;10
2;ROMY;2021;18;5
2;ROSE;2002;18;4
2;ROSE;2005;18;5
2;ROSE;2006;18;5
2;ROSE;2008;18;6
2;ROSE;2009;18;9
2;ROSE;2010;18;5
2;ROSE;2011;18;4
2;ROSE;2012;18;13
2;ROSE;2013;18;9
2;ROSE;2014;18;9
2;ROSE;2015;18;10
2;ROSE;2016;18;7
2;ROSE;2017;18;8
2;ROSE;2018;18;10
2;ROSE;2019;18;10
2;ROSE;2020;18;7
2;ROSE;2021;18;8
2;ROXANE;2008;18;3
2;ROXANE;2012;18;3
2;ROXANE;2017;18;3
2;ROXANE;2021;18;3
2;SABRINA;2000;18;4
2;SABRINA;2019;18;3
2;SALMA;2006;18;4
2;SALOMÉ;2000;18;5
2;SALOMÉ;2001;18;8
2;SALOMÉ;2002;18;6
2;SALOMÉ;2003;18;4
2;SALOMÉ;2005;18;8
2;SALOMÉ;2006;18;3
2;SALOMÉ;2011;18;3
2;SALOMÉ;2019;18;3
2;SALOMÉ;2021;18;3
2;SAMANTHA;2001;18;3
2;SAMANTHA;2005;18;6
2;SAMIA;2010;18;3
2;SANA;2010;18;4
2;SANAA;2012;18;3
2;SANDY;2002;18;4
2;SARA;2004;18;4
2;SARA;2008;18;5
2;SARA;2011;18;3
2;SARA;2012;18;4
2;SARA;2014;18;4
2;SARA;2016;18;3
2;SARAH;2000;18;25
2;SARAH;2001;18;21
2;SARAH;2002;18;24
2;SARAH;2003;18;18
2;SARAH;2004;18;15
2;SARAH;2005;18;18
2;SARAH;2006;18;17
2;SARAH;2007;18;11
2;SARAH;2008;18;11
2;SARAH;2009;18;22
2;SARAH;2010;18;24
2;SARAH;2011;18;9
2;SARAH;2012;18;9
2;SARAH;2013;18;7
2;SARAH;2014;18;13
2;SARAH;2015;18;6
2;SARAH;2016;18;3
2;SARAH;2017;18;9
2;SARAH;2018;18;4
2;SARAH;2019;18;6
2;SARAH;2020;18;3
2;SARAH;2021;18;5
2;SASHA;2007;18;3
2;SASHA;2009;18;3
2;SASHA;2013;18;3
2;SATINE;2007;18;3
2;SÉLÉNA;2014;18;4
2;SELMA;2010;18;3
2;SELMA;2017;18;3
2;SHAINA;2009;18;3
2;SHANA;2007;18;4
2;SHANA;2009;18;3
2;SHANA;2014;18;3
2;SHANICE;2007;18;5
2;SHANNA;2002;18;3
2;SHANNA;2009;18;3
2;SHANNA;2014;18;5
2;SHANNA;2017;18;3
2;SHANONE;2013;18;3
2;SHAYMA;2011;18;3
2;SHAYNA;2014;18;3
2;SIRINE;2003;18;3
2;SIXTINE;2013;18;3
2;SOFIA;2005;18;3
2;SOFIA;2009;18;5
2;SOFIA;2014;18;3
2;SOFIA;2015;18;5
2;SOFIA;2016;18;5
2;SOFIA;2017;18;4
2;SOFIA;2018;18;4
2;SOFIA;2019;18;3
2;SOFIA;2020;18;3
2;SOLÈNE;2000;18;8
2;SOLÈNE;2001;18;9
2;SOLÈNE;2002;18;9
2;SOLÈNE;2003;18;8
2;SOLÈNE;2004;18;8
2;SOLÈNE;2005;18;5
2;SOLÈNE;2006;18;3
2;SOLENNE;2000;18;5
2;SOLINE;2010;18;3
2;SOLINE;2012;18;3
2;SOLINE;2014;18;3
2;SOLINE;2015;18;7
2;SOLINE;2017;18;4
2;SOLINE;2018;18;7
2;SOLINE;2020;18;6
2;SONIA;2000;18;4
2;SOPHIA;2003;18;3
2;SOPHIE;2000;18;3
2;SOPHIE;2001;18;3
2;SOPHIE;2002;18;6
2;SOPHIE;2003;18;3
2;SOPHIE;2011;18;4
2;SOUKAINA;2002;18;3
2;STECY;2006;18;3
2;STELLA;2005;18;3
2;STELLA;2008;18;3
2;STELLA;2010;18;3
2;SUZANNE;2021;18;3
2;SYRINE;2010;18;3
2;TAHINA;2005;18;3
2;TANYA;2009;18;3
2;TATIANA;2001;18;4
2;TÉA;2020;18;3
2;TESS;2020;18;3
2;THAIS;2005;18;3
2;THAIS;2006;18;3
2;THAIS;2008;18;3
2;THAÏS;2012;18;4
2;THAÏS;2013;18;3
2;THAÏS;2014;18;5
2;THAÏS;2015;18;3
2;THAÏS;2019;18;4
2;THAÏS;2020;18;3
2;THAÏS;2021;18;5
2;THEA;2017;18;3
2;THÉA;2016;18;3
2;THÉA;2017;18;4
2;THÉA;2018;18;6
2;THÉA;2019;18;5
2;THÉA;2021;18;4
2;TIANA;2017;18;3
2;TIFFANY;2000;18;4
2;TIMÉA;2017;18;3
2;TINA;2006;18;4
2;TIPHAINE;2002;18;3
2;TYANA;2016;18;3
2;VALENTINE;2000;18;4
2;VALENTINE;2002;18;4
2;VALENTINE;2003;18;6
2;VALENTINE;2007;18;3
2;VALENTINE;2008;18;4
2;VALENTINE;2009;18;4
2;VALENTINE;2011;18;6
2;VALENTINE;2014;18;4
2;VALENTINE;2016;18;3
2;VALENTINE;2019;18;3
2;VALENTINE;2020;18;3
2;VANESSA;2003;18;3
2;VICTOIRE;2000;18;3
2;VICTOIRE;2013;18;4
2;VICTOIRE;2016;18;3
2;VICTOIRE;2018;18;3
2;VICTOIRE;2020;18;3
2;VICTOIRE;2021;18;5
2;VICTORIA;2000;18;4
2;VICTORIA;2001;18;4
2;VICTORIA;2003;18;4
2;VICTORIA;2007;18;4
2;VICTORIA;2013;18;4
2;VICTORIA;2015;18;3
2;VICTORIA;2016;18;4
2;VICTORIA;2020;18;3
2;WENDY;2000;18;3
2;WENDY;2001;18;6
2;WENDY;2003;18;4
2;WENDY;2006;18;3
2;WENDY;2009;18;3
2;WENDY;2010;18;3
2;WENDY;2011;18;3
2;YAMINA;2005;18;3
2;YASMINE;2003;18;3
2;YASMINE;2005;18;5
2;YASMINE;2008;18;4
2;YASMINE;2009;18;4
2;YASMINE;2013;18;3
2;YASMINE;2016;18;4
2;YASMINE;2017;18;3
2;YÉLÉNA;2011;18;3
2;YUNA;2020;18;3
2;ZÉLIE;2021;18;4
2;ZIA;2007;18;3
2;ZOE;2011;18;3
2;ZOE;2013;18;4
2;ZOE;2014;18;3
2;ZOE;2017;18;4
2;ZOÉ;2000;18;6
2;ZOÉ;2001;18;3
2;ZOÉ;2002;18;11
2;ZOÉ;2003;18;5
2;ZOÉ;2004;18;7
2;ZOÉ;2005;18;20
2;ZOÉ;2006;18;18
2;ZOÉ;2007;18;16
2;ZOÉ;2008;18;14
2;ZOÉ;2009;18;20
2;ZOÉ;2010;18;13
2;ZOÉ;2011;18;10
2;ZOÉ;2012;18;7
2;ZOÉ;2013;18;13
2;ZOÉ;2014;18;12
2;ZOÉ;2015;18;8
2;ZOÉ;2016;18;4
2;ZOÉ;2017;18;5
2;ZOÉ;2018;18;5
2;ZOÉ;2019;18;8
2;ZOÉ;2020;18;6
2;ZOÉ;2021;18;7
