sexe;preusuel;annais;dpt;nombre
1;_PRENOMS_RARES;2000;15;10
1;_PRENOMS_RARES;2001;15;9
1;_PRENOMS_RARES;2002;15;7
1;_PRENOMS_RARES;2003;15;7
1;_PRENOMS_RARES;2004;15;9
1;_PRENOMS_RARES;2005;15;9
1;_PRENOMS_RARES;2006;15;10
1;_PRENOMS_RARES;2007;15;13
1;_PRENOMS_RARES;2008;15;7
1;_PRENOMS_RARES;2009;15;7
1;_PRENOMS_RARES;2010;15;20
1;_PRENOMS_RARES;2011;15;12
1;_PRENOMS_RARES;2012;15;15
1;_PRENOMS_RARES;2013;15;13
1;_PRENOMS_RARES;2014;15;14
1;_PRENOMS_RARES;2015;15;17
1;_PRENOMS_RARES;2016;15;13
1;_PRENOMS_RARES;2017;15;15
1;_PRENOMS_RARES;2018;15;13
1;_PRENOMS_RARES;2019;15;23
1;_PRENOMS_RARES;2020;15;22
1;_PRENOMS_RARES;2021;15;15
1;AARON;2009;15;3
1;AARON;2014;15;4
1;AARON;2016;15;4
1;AARON;2018;15;5
1;AARON;2020;15;5
1;AARON;2021;15;7
1;ADAM;2012;15;3
1;ADAM;2015;15;4
1;ADAM;2016;15;4
1;ADAM;2019;15;5
1;ADAM;2020;15;4
1;ADAM;2021;15;4
1;ADRIEN;2000;15;9
1;ADRIEN;2001;15;11
1;ADRIEN;2002;15;9
1;ADRIEN;2003;15;6
1;ADRIEN;2004;15;12
1;ADRIEN;2005;15;5
1;ADRIEN;2006;15;7
1;ADRIEN;2008;15;4
1;ADRIEN;2009;15;9
1;ADRIEN;2010;15;4
1;ADRIEN;2011;15;4
1;ADRIEN;2012;15;7
1;ADRIEN;2013;15;3
1;ADRIEN;2014;15;5
1;ADRIEN;2015;15;3
1;ADRIEN;2016;15;3
1;ADRIEN;2017;15;3
1;ADRIEN;2019;15;4
1;ADRIEN;2020;15;5
1;ALBAN;2001;15;3
1;ALBAN;2008;15;3
1;ALBAN;2009;15;4
1;ALBAN;2010;15;3
1;ALBAN;2013;15;5
1;ALBAN;2018;15;3
1;ALBAN;2021;15;3
1;ALEX;2000;15;3
1;ALEX;2001;15;5
1;ALEX;2002;15;4
1;ALEX;2003;15;4
1;ALEX;2014;15;3
1;ALEXANDRE;2000;15;12
1;ALEXANDRE;2001;15;16
1;ALEXANDRE;2002;15;8
1;ALEXANDRE;2003;15;8
1;ALEXANDRE;2004;15;8
1;ALEXANDRE;2005;15;3
1;ALEXANDRE;2006;15;6
1;ALEXANDRE;2007;15;6
1;ALEXANDRE;2008;15;4
1;ALEXANDRE;2009;15;3
1;ALEXANDRE;2010;15;3
1;ALEXIS;2000;15;15
1;ALEXIS;2001;15;20
1;ALEXIS;2002;15;15
1;ALEXIS;2003;15;20
1;ALEXIS;2004;15;15
1;ALEXIS;2005;15;9
1;ALEXIS;2006;15;11
1;ALEXIS;2007;15;13
1;ALEXIS;2008;15;6
1;ALEXIS;2009;15;6
1;ALEXIS;2010;15;13
1;ALEXIS;2011;15;7
1;ALEXIS;2012;15;8
1;ALEXIS;2013;15;6
1;ALEXIS;2014;15;4
1;ALEXIS;2015;15;5
1;ALEXIS;2016;15;5
1;ALEXIS;2018;15;6
1;AMAURY;2001;15;3
1;AMIR;2021;15;3
1;ANTHONY;2000;15;13
1;ANTHONY;2001;15;14
1;ANTHONY;2002;15;8
1;ANTHONY;2003;15;6
1;ANTHONY;2004;15;10
1;ANTHONY;2005;15;5
1;ANTHONY;2006;15;7
1;ANTHONY;2008;15;3
1;ANTHONY;2009;15;4
1;ANTOINE;2000;15;13
1;ANTOINE;2001;15;20
1;ANTOINE;2002;15;21
1;ANTOINE;2003;15;12
1;ANTOINE;2004;15;10
1;ANTOINE;2005;15;14
1;ANTOINE;2006;15;13
1;ANTOINE;2007;15;9
1;ANTOINE;2008;15;11
1;ANTOINE;2009;15;3
1;ANTOINE;2010;15;4
1;ANTOINE;2011;15;6
1;ANTOINE;2012;15;10
1;ANTOINE;2013;15;6
1;ANTOINE;2014;15;8
1;ANTOINE;2015;15;3
1;ANTOINE;2016;15;7
1;ANTOINE;2017;15;8
1;ANTOINE;2018;15;6
1;ANTOINE;2019;15;4
1;ANTOINE;2021;15;7
1;ANTONIN;2001;15;3
1;ANTONIN;2006;15;3
1;ANTONIN;2009;15;3
1;ANTONIN;2011;15;3
1;ANTONIN;2013;15;4
1;ANTONIN;2014;15;4
1;ANTONIN;2016;15;4
1;ANTONIN;2017;15;4
1;ANTONIN;2018;15;3
1;ANTONIN;2021;15;4
1;ANTONY;2004;15;3
1;ARMAND;2008;15;3
1;ARMAND;2016;15;3
1;ARNAUD;2000;15;3
1;ARNAUD;2003;15;4
1;ARNAUD;2004;15;3
1;ARSÈNE;2015;15;3
1;ARTHUR;2000;15;8
1;ARTHUR;2001;15;7
1;ARTHUR;2002;15;7
1;ARTHUR;2003;15;7
1;ARTHUR;2004;15;4
1;ARTHUR;2005;15;5
1;ARTHUR;2006;15;5
1;ARTHUR;2008;15;7
1;ARTHUR;2009;15;9
1;ARTHUR;2010;15;8
1;ARTHUR;2011;15;9
1;ARTHUR;2012;15;9
1;ARTHUR;2013;15;11
1;ARTHUR;2014;15;11
1;ARTHUR;2015;15;8
1;ARTHUR;2016;15;7
1;ARTHUR;2018;15;9
1;ARTHUR;2019;15;7
1;ARTHUR;2020;15;5
1;AUBIN;2005;15;3
1;AUBIN;2020;15;3
1;AUGUSTIN;2007;15;3
1;AUGUSTIN;2013;15;6
1;AUGUSTIN;2014;15;3
1;AUGUSTIN;2016;15;5
1;AUGUSTIN;2017;15;3
1;AUGUSTIN;2018;15;6
1;AUGUSTIN;2019;15;8
1;AUGUSTIN;2021;15;3
1;AURÉLIEN;2000;15;8
1;AURÉLIEN;2002;15;5
1;AURÉLIEN;2004;15;4
1;AURÉLIEN;2008;15;6
1;AXEL;2000;15;4
1;AXEL;2001;15;10
1;AXEL;2002;15;9
1;AXEL;2003;15;10
1;AXEL;2004;15;10
1;AXEL;2005;15;8
1;AXEL;2006;15;5
1;AXEL;2007;15;8
1;AXEL;2008;15;9
1;AXEL;2009;15;9
1;AXEL;2010;15;4
1;AXEL;2011;15;9
1;AXEL;2012;15;14
1;AXEL;2013;15;7
1;AXEL;2014;15;3
1;AXEL;2015;15;4
1;AXEL;2017;15;5
1;AXEL;2018;15;10
1;AXEL;2019;15;6
1;AXEL;2020;15;4
1;AXEL;2021;15;3
1;AYDEN;2019;15;3
1;BAPTISTE;2000;15;7
1;BAPTISTE;2001;15;11
1;BAPTISTE;2002;15;12
1;BAPTISTE;2003;15;7
1;BAPTISTE;2004;15;12
1;BAPTISTE;2005;15;9
1;BAPTISTE;2006;15;10
1;BAPTISTE;2007;15;7
1;BAPTISTE;2008;15;7
1;BAPTISTE;2009;15;10
1;BAPTISTE;2010;15;9
1;BAPTISTE;2011;15;4
1;BAPTISTE;2012;15;4
1;BAPTISTE;2013;15;10
1;BAPTISTE;2014;15;5
1;BAPTISTE;2015;15;11
1;BAPTISTE;2016;15;4
1;BAPTISTE;2017;15;13
1;BAPTISTE;2018;15;7
1;BAPTISTE;2019;15;5
1;BAPTISTE;2021;15;4
1;BASILE;2019;15;3
1;BASTIEN;2000;15;10
1;BASTIEN;2001;15;8
1;BASTIEN;2002;15;13
1;BASTIEN;2003;15;4
1;BASTIEN;2004;15;3
1;BASTIEN;2005;15;3
1;BASTIEN;2006;15;4
1;BASTIEN;2007;15;6
1;BASTIEN;2008;15;5
1;BASTIEN;2010;15;6
1;BASTIEN;2011;15;6
1;BASTIEN;2015;15;4
1;BASTIEN;2016;15;3
1;BASTIEN;2017;15;3
1;BENJAMIN;2000;15;14
1;BENJAMIN;2001;15;14
1;BENJAMIN;2002;15;11
1;BENJAMIN;2003;15;9
1;BENJAMIN;2004;15;6
1;BENJAMIN;2005;15;5
1;BENJAMIN;2006;15;6
1;BENJAMIN;2007;15;6
1;BENJAMIN;2009;15;4
1;BENJAMIN;2013;15;3
1;BENOÎT;2000;15;6
1;BENOÎT;2001;15;5
1;BENOÎT;2002;15;5
1;BENOÎT;2003;15;3
1;BENOÎT;2004;15;5
1;BENOÎT;2008;15;4
1;BRYAN;2003;15;3
1;CAMILLE;2012;15;3
1;CAMILLE;2018;15;5
1;CAMILLE;2019;15;3
1;CEDRIC;2003;15;3
1;CELIAN;2012;15;4
1;CHARLES;2002;15;3
1;CHARLY;2004;15;3
1;CHARLY;2008;15;3
1;CHARLY;2010;15;4
1;CHARLY;2019;15;7
1;CHARLY;2020;15;6
1;CHARLY;2021;15;4
1;CHRISTOPHER;2000;15;3
1;CLEMENT;2010;15;3
1;CLEMENT;2012;15;5
1;CLEMENT;2016;15;3
1;CLEMENT;2018;15;3
1;CLÉMENT;2000;15;17
1;CLÉMENT;2001;15;15
1;CLÉMENT;2002;15;26
1;CLÉMENT;2003;15;19
1;CLÉMENT;2004;15;15
1;CLÉMENT;2005;15;13
1;CLÉMENT;2006;15;12
1;CLÉMENT;2007;15;13
1;CLÉMENT;2008;15;13
1;CLÉMENT;2009;15;4
1;CLÉMENT;2010;15;9
1;CLÉMENT;2011;15;4
1;CLÉMENT;2013;15;4
1;CLÉMENT;2014;15;4
1;CLÉMENT;2015;15;7
1;CLÉMENT;2017;15;4
1;CLÉMENT;2018;15;6
1;CLÉMENT;2019;15;6
1;CLÉMENT;2020;15;4
1;CLOVIS;2007;15;3
1;CORENTIN;2000;15;4
1;CORENTIN;2001;15;7
1;CORENTIN;2004;15;7
1;CORENTIN;2005;15;5
1;CORENTIN;2006;15;5
1;CORENTIN;2007;15;4
1;CORENTIN;2008;15;8
1;CORENTIN;2010;15;4
1;CORENTIN;2012;15;4
1;CYPRIEN;2003;15;3
1;CYPRIEN;2005;15;3
1;CYPRIEN;2006;15;3
1;CYRIL;2000;15;3
1;CYRIL;2001;15;3
1;CYRIL;2002;15;4
1;DAMIEN;2000;15;9
1;DAMIEN;2001;15;9
1;DAMIEN;2002;15;7
1;DAMIEN;2003;15;3
1;DAMIEN;2004;15;7
1;DAMIEN;2005;15;5
1;DAMIEN;2006;15;4
1;DAVID;2002;15;3
1;DAVID;2009;15;3
1;DIEGO;2014;15;3
1;DIMITRI;2000;15;4
1;DIMITRI;2001;15;5
1;DIMITRI;2002;15;3
1;DIMITRI;2004;15;4
1;DIMITRI;2007;15;4
1;DORIAN;2000;15;8
1;DORIAN;2001;15;7
1;DORIAN;2002;15;11
1;DORIAN;2003;15;7
1;DORIAN;2005;15;9
1;DORIAN;2006;15;7
1;DORIAN;2007;15;5
1;DORIAN;2008;15;4
1;DORIAN;2009;15;3
1;DORIAN;2010;15;8
1;DORIAN;2013;15;3
1;DYLAN;2000;15;7
1;DYLAN;2001;15;9
1;DYLAN;2002;15;5
1;DYLAN;2003;15;6
1;DYLAN;2004;15;5
1;DYLAN;2005;15;3
1;DYLAN;2006;15;8
1;DYLAN;2009;15;3
1;DYLAN;2011;15;3
1;DYLAN;2012;15;3
1;DYLAN;2014;15;4
1;EDEN;2013;15;3
1;EDEN;2014;15;3
1;EDEN;2016;15;3
1;EDEN;2017;15;4
1;EDEN;2020;15;3
1;EDOUARD;2007;15;3
1;ELIE;2004;15;3
1;ELIE;2008;15;5
1;ELIO;2020;15;3
1;ELIOTT;2011;15;3
1;ELIOTT;2016;15;3
1;ELIOTT;2017;15;5
1;ELIOTT;2019;15;3
1;ELIOTT;2020;15;3
1;ELIOTT;2021;15;3
1;ELLIOT;2009;15;3
1;ELOAN;2020;15;3
1;EMILE;2002;15;5
1;EMILE;2017;15;5
1;EMILIEN;2007;15;3
1;EMILIEN;2008;15;3
1;EMILIEN;2012;15;3
1;ENZO;2000;15;7
1;ENZO;2001;15;3
1;ENZO;2002;15;9
1;ENZO;2003;15;8
1;ENZO;2004;15;17
1;ENZO;2005;15;12
1;ENZO;2006;15;21
1;ENZO;2007;15;14
1;ENZO;2008;15;17
1;ENZO;2009;15;15
1;ENZO;2010;15;16
1;ENZO;2011;15;11
1;ENZO;2012;15;10
1;ENZO;2013;15;12
1;ENZO;2014;15;12
1;ENZO;2015;15;10
1;ENZO;2016;15;9
1;ENZO;2017;15;11
1;ENZO;2018;15;8
1;ENZO;2019;15;4
1;ENZO;2020;15;4
1;ENZO;2021;15;4
1;ERWAN;2002;15;3
1;ERWAN;2004;15;3
1;ERWAN;2006;15;3
1;ERWAN;2007;15;3
1;ERWAN;2008;15;4
1;ERWAN;2011;15;3
1;ERWAN;2012;15;4
1;ERWAN;2018;15;4
1;ERWAN;2019;15;4
1;ESTEBAN;2002;15;3
1;ESTEBAN;2006;15;3
1;ESTEBAN;2008;15;3
1;ESTEBAN;2012;15;4
1;ESTEBAN;2015;15;4
1;ESTEBAN;2016;15;3
1;ESTEBAN;2018;15;6
1;ESTEBAN;2019;15;4
1;ESTEBAN;2020;15;5
1;ETHAN;2007;15;3
1;ETHAN;2008;15;5
1;ETHAN;2010;15;7
1;ETHAN;2011;15;4
1;ETHAN;2012;15;9
1;ETHAN;2013;15;8
1;ETHAN;2014;15;8
1;ETHAN;2015;15;9
1;ETHAN;2016;15;8
1;ETHAN;2017;15;6
1;ETHAN;2018;15;4
1;ETHAN;2019;15;6
1;ETHAN;2020;15;11
1;ETHAN;2021;15;4
1;ETIENNE;2001;15;6
1;ETIENNE;2002;15;4
1;ETIENNE;2003;15;4
1;ETIENNE;2004;15;3
1;ETIENNE;2007;15;4
1;ETIENNE;2008;15;4
1;ETIENNE;2009;15;3
1;EVAN;2004;15;4
1;EVAN;2005;15;3
1;EVAN;2010;15;8
1;EVAN;2011;15;8
1;EVAN;2012;15;4
1;EVAN;2013;15;6
1;EVAN;2014;15;3
1;EVAN;2015;15;5
1;EVAN;2017;15;3
1;EVAN;2018;15;7
1;EVAN;2019;15;3
1;EVAN;2020;15;4
1;EVAN;2021;15;5
1;EZIO;2021;15;3
1;FABIEN;2000;15;3
1;FABIEN;2001;15;4
1;FABIEN;2004;15;4
1;FABIEN;2005;15;3
1;FÉLIX;2005;15;3
1;FÉLIX;2007;15;3
1;FLAVIEN;2001;15;3
1;FLORENT;2001;15;4
1;FLORENT;2002;15;3
1;FLORIAN;2000;15;17
1;FLORIAN;2001;15;10
1;FLORIAN;2002;15;13
1;FLORIAN;2003;15;8
1;FLORIAN;2004;15;7
1;FLORIAN;2005;15;11
1;FLORIAN;2006;15;6
1;FLORIAN;2007;15;7
1;FLORIAN;2008;15;5
1;FLORIAN;2011;15;3
1;FLORIAN;2012;15;3
1;FRANÇOIS;2004;15;3
1;GABIN;2004;15;6
1;GABIN;2005;15;5
1;GABIN;2006;15;7
1;GABIN;2007;15;6
1;GABIN;2008;15;10
1;GABIN;2009;15;6
1;GABIN;2010;15;12
1;GABIN;2011;15;10
1;GABIN;2012;15;13
1;GABIN;2013;15;5
1;GABIN;2014;15;6
1;GABIN;2015;15;9
1;GABIN;2016;15;9
1;GABIN;2017;15;15
1;GABIN;2018;15;9
1;GABIN;2019;15;10
1;GABIN;2020;15;10
1;GABIN;2021;15;10
1;GABRIEL;2002;15;6
1;GABRIEL;2003;15;5
1;GABRIEL;2004;15;4
1;GABRIEL;2005;15;5
1;GABRIEL;2007;15;8
1;GABRIEL;2008;15;6
1;GABRIEL;2009;15;9
1;GABRIEL;2010;15;7
1;GABRIEL;2011;15;8
1;GABRIEL;2012;15;7
1;GABRIEL;2013;15;13
1;GABRIEL;2014;15;12
1;GABRIEL;2015;15;6
1;GABRIEL;2016;15;7
1;GABRIEL;2017;15;9
1;GABRIEL;2018;15;10
1;GABRIEL;2019;15;7
1;GABRIEL;2020;15;13
1;GABRIEL;2021;15;7
1;GAËTAN;2000;15;3
1;GAËTAN;2001;15;4
1;GAËTAN;2002;15;5
1;GAËTAN;2003;15;5
1;GAËTAN;2005;15;5
1;GAËTAN;2006;15;4
1;GAËTAN;2007;15;3
1;GAËTAN;2009;15;7
1;GAËTAN;2010;15;3
1;GASPARD;2016;15;4
1;GASPARD;2019;15;3
1;GASPARD;2021;15;5
1;GAUTHIER;2003;15;3
1;GAUTHIER;2007;15;3
1;GAUTHIER;2012;15;4
1;GAUTHIER;2013;15;4
1;GERAUD;2000;15;5
1;GERAUD;2002;15;8
1;GERAUD;2003;15;4
1;GREGORY;2000;15;3
1;GREGORY;2007;15;4
1;GUILHEM;2017;15;4
1;GUILLAUME;2000;15;10
1;GUILLAUME;2001;15;8
1;GUILLAUME;2002;15;9
1;GUILLAUME;2004;15;4
1;GUILLAUME;2005;15;3
1;GUILLAUME;2006;15;4
1;GUILLAUME;2007;15;4
1;GUILLAUME;2008;15;3
1;HUGO;2000;15;17
1;HUGO;2001;15;16
1;HUGO;2002;15;16
1;HUGO;2003;15;18
1;HUGO;2004;15;9
1;HUGO;2005;15;15
1;HUGO;2006;15;17
1;HUGO;2007;15;9
1;HUGO;2008;15;10
1;HUGO;2009;15;14
1;HUGO;2010;15;8
1;HUGO;2011;15;15
1;HUGO;2012;15;9
1;HUGO;2013;15;12
1;HUGO;2014;15;17
1;HUGO;2015;15;7
1;HUGO;2016;15;7
1;HUGO;2017;15;10
1;HUGO;2018;15;10
1;HUGO;2019;15;9
1;HUGO;2020;15;6
1;HUGO;2021;15;11
1;ILAN;2009;15;4
1;ILAN;2011;15;5
1;ILAN;2012;15;3
1;ILAN;2015;15;3
1;ILAN;2016;15;3
1;JEAN;2000;15;5
1;JEAN;2001;15;5
1;JEAN;2002;15;5
1;JEAN;2003;15;6
1;JEAN;2004;15;6
1;JEAN;2005;15;5
1;JEAN;2006;15;5
1;JEAN;2007;15;3
1;JEAN;2008;15;7
1;JEAN;2009;15;9
1;JEAN;2010;15;7
1;JEAN;2011;15;7
1;JEAN;2012;15;4
1;JEAN;2013;15;4
1;JEAN;2015;15;6
1;JEAN;2016;15;3
1;JEAN;2017;15;4
1;JEAN;2018;15;5
1;JEAN;2019;15;6
1;JEAN-BAPTISTE;2003;15;4
1;JEREMIE;2002;15;3
1;JEREMY;2000;15;10
1;JEREMY;2001;15;6
1;JEREMY;2002;15;8
1;JEREMY;2003;15;7
1;JEREMY;2005;15;4
1;JEREMY;2006;15;6
1;JEROME;2000;15;5
1;JEROME;2002;15;4
1;JOHAN;2004;15;3
1;JOHAN;2005;15;3
1;JOHAN;2008;15;3
1;JOHAN;2009;15;4
1;JONATHAN;2000;15;3
1;JONATHAN;2003;15;3
1;JORDAN;2001;15;3
1;JORDAN;2002;15;4
1;JORDAN;2005;15;4
1;JORIS;2001;15;6
1;JORIS;2002;15;6
1;JORIS;2005;15;6
1;JORIS;2007;15;4
1;JORIS;2011;15;3
1;JULES;2000;15;6
1;JULES;2001;15;3
1;JULES;2002;15;6
1;JULES;2003;15;6
1;JULES;2004;15;11
1;JULES;2005;15;5
1;JULES;2006;15;13
1;JULES;2007;15;10
1;JULES;2008;15;11
1;JULES;2009;15;12
1;JULES;2010;15;12
1;JULES;2011;15;15
1;JULES;2012;15;11
1;JULES;2013;15;14
1;JULES;2014;15;10
1;JULES;2015;15;5
1;JULES;2016;15;18
1;JULES;2017;15;15
1;JULES;2018;15;6
1;JULES;2019;15;7
1;JULES;2020;15;9
1;JULES;2021;15;11
1;JULIAN;2014;15;3
1;JULIAN;2020;15;3
1;JULIAN;2021;15;3
1;JULIEN;2000;15;9
1;JULIEN;2001;15;9
1;JULIEN;2002;15;4
1;JULIEN;2003;15;4
1;JULIEN;2004;15;5
1;JULIEN;2005;15;4
1;JULIEN;2006;15;3
1;JULIEN;2007;15;3
1;JULIEN;2008;15;4
1;JULIEN;2009;15;4
1;JULIEN;2010;15;3
1;JUSTIN;2001;15;3
1;JUSTIN;2006;15;4
1;JUSTIN;2010;15;5
1;JUSTIN;2011;15;5
1;JUSTIN;2016;15;4
1;JUSTIN;2018;15;4
1;KENZO;2016;15;3
1;KEVIN;2000;15;11
1;KEVIN;2001;15;11
1;KEVIN;2002;15;10
1;KEVIN;2003;15;13
1;KEVIN;2004;15;3
1;KEVIN;2005;15;8
1;KEVIN;2006;15;6
1;KEVIN;2007;15;3
1;KEVIN;2008;15;3
1;KILIAN;2002;15;3
1;KILIAN;2009;15;3
1;KILLIAN;2002;15;3
1;KILLIAN;2004;15;3
1;KILLIAN;2005;15;4
1;KILLIAN;2007;15;4
1;KILLIAN;2008;15;5
1;KILYAN;2007;15;3
1;KYLIAN;2003;15;3
1;KYLIAN;2004;15;5
1;KYLIAN;2007;15;5
1;KYLIAN;2009;15;3
1;KYLIAN;2010;15;4
1;KYLIAN;2011;15;11
1;KYLIAN;2012;15;4
1;KYLIAN;2013;15;5
1;KYLIAN;2015;15;4
1;KYLIAN;2017;15;3
1;KYLIAN;2018;15;5
1;LÉANDRE;2015;15;4
1;LÉANDRE;2017;15;3
1;LENNY;2006;15;4
1;LENNY;2009;15;5
1;LENNY;2011;15;4
1;LENNY;2012;15;5
1;LENNY;2014;15;5
1;LENNY;2021;15;3
1;LEO;2012;15;7
1;LEO;2013;15;3
1;LEO;2015;15;4
1;LEO;2017;15;3
1;LEO;2018;15;3
1;LÉO;2000;15;6
1;LÉO;2001;15;12
1;LÉO;2002;15;15
1;LÉO;2003;15;12
1;LÉO;2004;15;19
1;LÉO;2005;15;9
1;LÉO;2006;15;13
1;LÉO;2007;15;8
1;LÉO;2008;15;6
1;LÉO;2009;15;7
1;LÉO;2010;15;7
1;LÉO;2011;15;9
1;LÉO;2013;15;6
1;LÉO;2014;15;4
1;LÉO;2015;15;12
1;LÉO;2016;15;6
1;LÉO;2017;15;10
1;LÉO;2018;15;4
1;LÉO;2019;15;7
1;LÉO;2021;15;15
1;LÉON;2010;15;3
1;LÉON;2019;15;5
1;LÉON;2020;15;6
1;LÉON;2021;15;4
1;LIAM;2014;15;3
1;LIAM;2016;15;3
1;LIAM;2018;15;5
1;LIAM;2019;15;5
1;LIAM;2020;15;6
1;LIAM;2021;15;3
1;LILIAN;2000;15;10
1;LILIAN;2003;15;4
1;LILIAN;2004;15;6
1;LILIAN;2005;15;6
1;LILIAN;2006;15;6
1;LILIAN;2009;15;4
1;LILIAN;2012;15;3
1;LINO;2009;15;3
1;LOAN;2007;15;4
1;LOAN;2012;15;3
1;LOAN;2013;15;3
1;LOGAN;2018;15;3
1;LOHAN;2020;15;3
1;LOÏC;2000;15;8
1;LOÏC;2001;15;10
1;LOÏC;2002;15;4
1;LOÏC;2003;15;4
1;LOÏC;2004;15;6
1;LOÏC;2005;15;4
1;LOÏC;2006;15;7
1;LOÏC;2007;15;3
1;LOÏC;2008;15;5
1;LOÏC;2009;15;4
1;LOÏC;2011;15;4
1;LOÏC;2012;15;4
1;LORENZO;2009;15;3
1;LORENZO;2011;15;3
1;LORENZO;2012;15;3
1;LORENZO;2014;15;4
1;LORIS;2010;15;3
1;LORIS;2011;15;3
1;LORIS;2015;15;4
1;LOUIS;2000;15;15
1;LOUIS;2001;15;19
1;LOUIS;2002;15;19
1;LOUIS;2003;15;16
1;LOUIS;2004;15;13
1;LOUIS;2005;15;12
1;LOUIS;2006;15;17
1;LOUIS;2007;15;22
1;LOUIS;2008;15;22
1;LOUIS;2009;15;14
1;LOUIS;2010;15;6
1;LOUIS;2011;15;15
1;LOUIS;2012;15;15
1;LOUIS;2013;15;14
1;LOUIS;2014;15;15
1;LOUIS;2015;15;17
1;LOUIS;2016;15;15
1;LOUIS;2017;15;19
1;LOUIS;2018;15;15
1;LOUIS;2019;15;12
1;LOUIS;2020;15;9
1;LOUIS;2021;15;9
1;LOUKA;2009;15;4
1;LOUKA;2013;15;3
1;LUC;2000;15;3
1;LUC;2005;15;3
1;LUCA;2006;15;3
1;LUCA;2010;15;4
1;LUCAS;2000;15;25
1;LUCAS;2001;15;20
1;LUCAS;2002;15;27
1;LUCAS;2003;15;24
1;LUCAS;2004;15;27
1;LUCAS;2005;15;20
1;LUCAS;2006;15;16
1;LUCAS;2007;15;16
1;LUCAS;2008;15;12
1;LUCAS;2009;15;16
1;LUCAS;2010;15;14
1;LUCAS;2011;15;25
1;LUCAS;2012;15;17
1;LUCAS;2013;15;13
1;LUCAS;2014;15;9
1;LUCAS;2015;15;15
1;LUCAS;2016;15;7
1;LUCAS;2017;15;8
1;LUCAS;2018;15;10
1;LUCAS;2019;15;8
1;LUCAS;2020;15;5
1;LUCAS;2021;15;5
1;LUCIEN;2021;15;5
1;LUDOVIC;2001;15;3
1;LUDOVIC;2004;15;3
1;LUIS;2018;15;3
1;LYAM;2020;15;3
1;LYAM;2021;15;3
1;MAÉ;2013;15;4
1;MAÉ;2021;15;3
1;MAEL;2003;15;3
1;MAEL;2004;15;3
1;MAEL;2006;15;5
1;MAEL;2007;15;7
1;MAEL;2008;15;4
1;MAEL;2009;15;6
1;MAEL;2010;15;7
1;MAEL;2011;15;3
1;MAEL;2012;15;4
1;MAEL;2015;15;3
1;MAEL;2016;15;3
1;MAEL;2017;15;7
1;MAEL;2018;15;4
1;MAËL;2010;15;3
1;MAËL;2011;15;8
1;MAËL;2012;15;5
1;MAËL;2013;15;5
1;MAËL;2014;15;9
1;MAËL;2015;15;7
1;MAËL;2016;15;7
1;MAËL;2017;15;6
1;MAËL;2018;15;7
1;MAËL;2019;15;8
1;MAËL;2020;15;10
1;MAËL;2021;15;12
1;MAHÉ;2021;15;3
1;MALO;2018;15;3
1;MALO;2020;15;4
1;MALO;2021;15;4
1;MALONE;2020;15;3
1;MALONE;2021;15;3
1;MARCEAU;2017;15;4
1;MARCEAU;2021;15;5
1;MARCEL;2017;15;3
1;MARCEL;2018;15;3
1;MARCEL;2019;15;3
1;MARIN;2019;15;3
1;MARIUS;2001;15;3
1;MARIUS;2007;15;4
1;MARIUS;2013;15;4
1;MARIUS;2015;15;4
1;MARIUS;2016;15;5
1;MARIUS;2017;15;7
1;MARIUS;2018;15;11
1;MARIUS;2019;15;10
1;MARIUS;2020;15;4
1;MARIUS;2021;15;10
1;MARTIN;2001;15;3
1;MARTIN;2007;15;6
1;MARTIN;2009;15;3
1;MARTIN;2011;15;3
1;MARTIN;2012;15;4
1;MARTIN;2014;15;4
1;MARTIN;2015;15;7
1;MARTIN;2016;15;4
1;MARTIN;2020;15;7
1;MARTIN;2021;15;7
1;MATÉO;2004;15;5
1;MATÉO;2006;15;4
1;MATÉO;2009;15;3
1;MATÉO;2011;15;3
1;MATHEO;2010;15;4
1;MATHEO;2011;15;4
1;MATHEO;2014;15;3
1;MATHEO;2015;15;3
1;MATHEO;2016;15;4
1;MATHEO;2018;15;4
1;MATHÉO;2000;15;4
1;MATHÉO;2001;15;3
1;MATHÉO;2002;15;4
1;MATHÉO;2003;15;7
1;MATHÉO;2004;15;11
1;MATHÉO;2005;15;8
1;MATHÉO;2006;15;4
1;MATHÉO;2007;15;16
1;MATHÉO;2008;15;8
1;MATHÉO;2009;15;10
1;MATHÉO;2010;15;11
1;MATHÉO;2011;15;6
1;MATHÉO;2012;15;3
1;MATHÉO;2013;15;4
1;MATHÉO;2014;15;6
1;MATHÉO;2015;15;7
1;MATHÉO;2016;15;7
1;MATHÉO;2017;15;8
1;MATHÉO;2018;15;4
1;MATHÉO;2020;15;7
1;MATHÉO;2021;15;3
1;MATHIAS;2003;15;5
1;MATHIAS;2004;15;3
1;MATHIAS;2005;15;4
1;MATHIAS;2007;15;3
1;MATHIAS;2008;15;7
1;MATHIAS;2009;15;6
1;MATHIAS;2010;15;3
1;MATHIAS;2014;15;3
1;MATHIEU;2000;15;6
1;MATHIEU;2001;15;5
1;MATHIEU;2002;15;9
1;MATHIEU;2003;15;5
1;MATHIEU;2004;15;5
1;MATHIEU;2005;15;6
1;MATHIEU;2006;15;9
1;MATHIEU;2007;15;3
1;MATHIEU;2008;15;4
1;MATHIEU;2012;15;4
1;MATHIS;2001;15;9
1;MATHIS;2002;15;13
1;MATHIS;2003;15;13
1;MATHIS;2004;15;20
1;MATHIS;2005;15;17
1;MATHIS;2006;15;8
1;MATHIS;2007;15;18
1;MATHIS;2008;15;14
1;MATHIS;2009;15;19
1;MATHIS;2010;15;17
1;MATHIS;2011;15;13
1;MATHIS;2012;15;9
1;MATHIS;2013;15;14
1;MATHIS;2014;15;12
1;MATHIS;2015;15;7
1;MATHIS;2016;15;6
1;MATHIS;2017;15;6
1;MATHIS;2018;15;9
1;MATHIS;2019;15;6
1;MATHIS;2020;15;6
1;MATHYS;2003;15;4
1;MATHYS;2004;15;3
1;MATHYS;2005;15;4
1;MATHYS;2006;15;5
1;MATHYS;2007;15;8
1;MATHYS;2010;15;3
1;MATHYS;2013;15;6
1;MATHYS;2014;15;4
1;MATHYS;2016;15;3
1;MATTEO;2016;15;3
1;MATTÉO;2003;15;10
1;MATTÉO;2004;15;4
1;MATTÉO;2005;15;4
1;MATTÉO;2006;15;6
1;MATTÉO;2007;15;5
1;MATTÉO;2008;15;3
1;MATTHIEU;2001;15;4
1;MATTHIEU;2003;15;7
1;MATTIS;2004;15;4
1;MAXENCE;2001;15;5
1;MAXENCE;2002;15;4
1;MAXENCE;2003;15;3
1;MAXENCE;2004;15;4
1;MAXENCE;2007;15;9
1;MAXENCE;2008;15;4
1;MAXENCE;2009;15;9
1;MAXENCE;2010;15;6
1;MAXENCE;2011;15;7
1;MAXENCE;2012;15;5
1;MAXENCE;2013;15;6
1;MAXENCE;2014;15;4
1;MAXENCE;2015;15;6
1;MAXENCE;2017;15;4
1;MAXENCE;2019;15;4
1;MAXENCE;2020;15;7
1;MAXENCE;2021;15;4
1;MAXIME;2000;15;29
1;MAXIME;2001;15;17
1;MAXIME;2002;15;16
1;MAXIME;2003;15;16
1;MAXIME;2004;15;11
1;MAXIME;2005;15;12
1;MAXIME;2006;15;11
1;MAXIME;2007;15;9
1;MAXIME;2008;15;9
1;MAXIME;2009;15;11
1;MAXIME;2010;15;11
1;MAXIME;2011;15;13
1;MAXIME;2012;15;7
1;MAXIME;2013;15;5
1;MAXIME;2014;15;6
1;MAXIME;2015;15;5
1;MAXIME;2016;15;5
1;MAXIME;2017;15;4
1;MAXIME;2018;15;9
1;MAXIME;2020;15;3
1;MICKAEL;2000;15;3
1;MILO;2020;15;4
1;MORGAN;2005;15;4
1;MORGAN;2011;15;3
1;MORGAN;2013;15;3
1;NAËL;2018;15;4
1;NAËL;2020;15;3
1;NAËL;2021;15;3
1;NATHAEL;2009;15;3
1;NATHAEL;2010;15;4
1;NATHAN;2000;15;3
1;NATHAN;2001;15;5
1;NATHAN;2002;15;6
1;NATHAN;2003;15;7
1;NATHAN;2004;15;13
1;NATHAN;2005;15;17
1;NATHAN;2006;15;18
1;NATHAN;2007;15;16
1;NATHAN;2008;15;18
1;NATHAN;2009;15;21
1;NATHAN;2010;15;13
1;NATHAN;2011;15;13
1;NATHAN;2012;15;12
1;NATHAN;2013;15;18
1;NATHAN;2014;15;7
1;NATHAN;2015;15;8
1;NATHAN;2016;15;4
1;NATHAN;2017;15;5
1;NATHAN;2018;15;7
1;NATHAN;2019;15;3
1;NATHAN;2020;15;3
1;NATHAN;2021;15;7
1;NATHANAEL;2009;15;3
1;NICOLAS;2000;15;10
1;NICOLAS;2001;15;12
1;NICOLAS;2002;15;6
1;NICOLAS;2003;15;7
1;NICOLAS;2004;15;6
1;NICOLAS;2005;15;8
1;NICOLAS;2007;15;5
1;NICOLAS;2008;15;3
1;NICOLAS;2010;15;5
1;NINO;2008;15;3
1;NINO;2009;15;4
1;NINO;2015;15;3
1;NINO;2017;15;6
1;NINO;2018;15;5
1;NINO;2021;15;4
1;NOA;2004;15;3
1;NOA;2005;15;3
1;NOA;2007;15;5
1;NOA;2008;15;7
1;NOA;2010;15;6
1;NOA;2011;15;5
1;NOA;2013;15;4
1;NOA;2014;15;3
1;NOA;2015;15;5
1;NOAH;2003;15;4
1;NOAH;2004;15;6
1;NOAH;2005;15;3
1;NOAH;2006;15;8
1;NOAH;2007;15;7
1;NOAH;2008;15;7
1;NOAH;2009;15;7
1;NOAH;2010;15;12
1;NOAH;2011;15;5
1;NOAH;2012;15;6
1;NOAH;2014;15;5
1;NOAH;2015;15;4
1;NOAH;2017;15;3
1;NOAH;2018;15;3
1;NOAH;2019;15;6
1;NOAH;2020;15;5
1;NOAH;2021;15;5
1;NOAM;2021;15;3
1;NOE;2002;15;3
1;NOE;2006;15;5
1;NOE;2007;15;5
1;NOE;2008;15;4
1;NOE;2009;15;8
1;NOE;2010;15;4
1;NOE;2013;15;3
1;NOE;2014;15;3
1;NOÉ;2010;15;3
1;NOÉ;2012;15;4
1;NOÉ;2013;15;4
1;NOÉ;2015;15;9
1;NOÉ;2016;15;4
1;NOÉ;2017;15;4
1;NOÉ;2018;15;5
1;NOÉ;2019;15;4
1;NOÉ;2020;15;4
1;NOÉ;2021;15;4
1;NOHAM;2012;15;3
1;NOLAN;2007;15;4
1;NOLAN;2008;15;6
1;NOLAN;2010;15;8
1;NOLAN;2011;15;10
1;NOLAN;2012;15;7
1;NOLAN;2013;15;15
1;NOLAN;2014;15;13
1;NOLAN;2015;15;8
1;NOLAN;2016;15;8
1;NOLAN;2017;15;7
1;NOLAN;2018;15;9
1;NOLAN;2019;15;6
1;NOLAN;2020;15;4
1;NOLAN;2021;15;3
1;NOLANN;2013;15;6
1;NOLHAN;2014;15;5
1;NOLHAN;2016;15;3
1;NOLHAN;2017;15;3
1;OSCAR;2003;15;3
1;OWEN;2018;15;3
1;OWEN;2020;15;3
1;PABLO;2000;15;3
1;PAUL;2000;15;14
1;PAUL;2001;15;4
1;PAUL;2002;15;15
1;PAUL;2003;15;11
1;PAUL;2004;15;14
1;PAUL;2005;15;8
1;PAUL;2006;15;9
1;PAUL;2007;15;8
1;PAUL;2008;15;12
1;PAUL;2009;15;6
1;PAUL;2010;15;6
1;PAUL;2011;15;5
1;PAUL;2012;15;4
1;PAUL;2013;15;8
1;PAUL;2014;15;12
1;PAUL;2015;15;5
1;PAUL;2016;15;9
1;PAUL;2017;15;5
1;PAUL;2018;15;4
1;PAUL;2019;15;6
1;PAUL;2021;15;3
1;PIERRE;2000;15;20
1;PIERRE;2001;15;8
1;PIERRE;2002;15;12
1;PIERRE;2003;15;6
1;PIERRE;2004;15;9
1;PIERRE;2005;15;10
1;PIERRE;2006;15;3
1;PIERRE;2007;15;6
1;PIERRE;2008;15;6
1;PIERRE;2009;15;3
1;PIERRE;2011;15;5
1;PIERRE;2013;15;4
1;PIERRE;2021;15;3
1;PIERRE-LOUIS;2001;15;5
1;QUENTIN;2000;15;15
1;QUENTIN;2001;15;15
1;QUENTIN;2002;15;10
1;QUENTIN;2003;15;9
1;QUENTIN;2004;15;12
1;QUENTIN;2005;15;13
1;QUENTIN;2006;15;13
1;QUENTIN;2007;15;6
1;QUENTIN;2008;15;4
1;QUENTIN;2009;15;5
1;QUENTIN;2010;15;6
1;QUENTIN;2011;15;3
1;RAFAEL;2008;15;3
1;RAFAEL;2012;15;3
1;RAFAEL;2014;15;5
1;RAFAEL;2015;15;3
1;RAFAEL;2016;15;3
1;RAPHAEL;2013;15;8
1;RAPHAEL;2018;15;3
1;RAPHAËL;2002;15;3
1;RAPHAËL;2004;15;3
1;RAPHAËL;2005;15;3
1;RAPHAËL;2006;15;10
1;RAPHAËL;2007;15;8
1;RAPHAËL;2008;15;11
1;RAPHAËL;2009;15;8
1;RAPHAËL;2010;15;4
1;RAPHAËL;2011;15;9
1;RAPHAËL;2012;15;10
1;RAPHAËL;2013;15;4
1;RAPHAËL;2014;15;8
1;RAPHAËL;2015;15;10
1;RAPHAËL;2016;15;8
1;RAPHAËL;2017;15;8
1;RAPHAËL;2018;15;5
1;RAPHAËL;2019;15;14
1;RAPHAËL;2020;15;5
1;RAPHAËL;2021;15;6
1;RAYANE;2009;15;3
1;REMI;2010;15;3
1;RÉMI;2000;15;5
1;RÉMI;2001;15;14
1;RÉMI;2002;15;5
1;RÉMI;2003;15;7
1;RÉMI;2004;15;4
1;RÉMI;2005;15;9
1;RÉMI;2006;15;5
1;RÉMI;2008;15;3
1;RÉMI;2009;15;6
1;RÉMY;2002;15;7
1;RÉMY;2003;15;5
1;RÉMY;2005;15;4
1;RÉMY;2006;15;3
1;ROBIN;2000;15;4
1;ROBIN;2002;15;4
1;ROBIN;2003;15;5
1;ROBIN;2005;15;7
1;ROBIN;2006;15;3
1;ROBIN;2008;15;6
1;ROBIN;2009;15;3
1;ROBIN;2010;15;7
1;ROBIN;2011;15;4
1;ROBIN;2013;15;8
1;ROBIN;2014;15;5
1;ROBIN;2015;15;6
1;ROBIN;2017;15;4
1;ROBIN;2018;15;5
1;ROBIN;2021;15;3
1;ROMAIN;2000;15;8
1;ROMAIN;2001;15;6
1;ROMAIN;2002;15;17
1;ROMAIN;2003;15;3
1;ROMAIN;2004;15;11
1;ROMAIN;2005;15;8
1;ROMAIN;2006;15;7
1;ROMAIN;2012;15;4
1;RUBEN;2005;15;3
1;RUBEN;2012;15;3
1;SACHA;2005;15;3
1;SACHA;2007;15;3
1;SACHA;2008;15;3
1;SACHA;2009;15;4
1;SACHA;2010;15;6
1;SACHA;2011;15;5
1;SACHA;2012;15;6
1;SACHA;2013;15;9
1;SACHA;2014;15;7
1;SACHA;2015;15;3
1;SACHA;2016;15;9
1;SACHA;2017;15;6
1;SACHA;2018;15;3
1;SACHA;2019;15;5
1;SACHA;2020;15;4
1;SAMUEL;2000;15;10
1;SAMUEL;2001;15;3
1;SAMUEL;2002;15;3
1;SAMUEL;2003;15;6
1;SAMUEL;2004;15;10
1;SAMUEL;2006;15;5
1;SAMUEL;2007;15;5
1;SAMUEL;2008;15;7
1;SAMUEL;2009;15;4
1;SAMUEL;2011;15;4
1;SAMUEL;2012;15;3
1;SAMUEL;2013;15;3
1;SAMUEL;2017;15;3
1;SAMUEL;2019;15;3
1;SANDRO;2016;15;3
1;SASHA;2018;15;3
1;SÉBASTIEN;2000;15;3
1;SIMON;2000;15;5
1;SIMON;2001;15;3
1;SIMON;2002;15;3
1;SIMON;2003;15;4
1;SIMON;2004;15;6
1;SIMON;2005;15;4
1;SIMON;2006;15;6
1;SIMON;2007;15;3
1;SIMON;2009;15;6
1;SIMON;2010;15;5
1;SIMON;2012;15;7
1;SIMON;2015;15;5
1;SIMON;2017;15;4
1;SIMON;2021;15;3
1;SOAN;2009;15;3
1;SOAN;2012;15;3
1;SOAN;2014;15;3
1;SOAN;2020;15;4
1;STEVEN;2002;15;3
1;SYLVAIN;2001;15;5
1;SYLVAIN;2003;15;4
1;SYLVAIN;2005;15;3
1;TANGUY;2000;15;4
1;TANGUY;2002;15;4
1;TANGUY;2007;15;3
1;THEO;2010;15;4
1;THEO;2013;15;3
1;THEO;2014;15;5
1;THEO;2015;15;3
1;THEO;2016;15;5
1;THÉO;2000;15;12
1;THÉO;2001;15;16
1;THÉO;2002;15;26
1;THÉO;2003;15;24
1;THÉO;2004;15;15
1;THÉO;2005;15;12
1;THÉO;2006;15;10
1;THÉO;2007;15;8
1;THÉO;2008;15;8
1;THÉO;2009;15;10
1;THÉO;2010;15;7
1;THÉO;2011;15;9
1;THÉO;2012;15;3
1;THÉO;2013;15;3
1;THÉO;2014;15;4
1;THÉO;2015;15;3
1;THÉO;2016;15;3
1;THÉO;2018;15;6
1;THÉO;2019;15;5
1;THÉO;2020;15;4
1;THÉO;2021;15;3
1;THIAGO;2019;15;4
1;THIBAUD;2004;15;3
1;THIBAULT;2000;15;4
1;THIBAULT;2001;15;7
1;THIBAULT;2002;15;7
1;THIBAULT;2003;15;3
1;THIBAULT;2005;15;4
1;THIBAULT;2006;15;3
1;THIBAULT;2007;15;3
1;THIBAULT;2009;15;3
1;THIBAULT;2014;15;4
1;THIBAULT;2015;15;3
1;THIBAULT;2016;15;3
1;THIBAULT;2018;15;3
1;THIBAUT;2002;15;6
1;THIBAUT;2003;15;3
1;THIBAUT;2005;15;4
1;THIBAUT;2013;15;4
1;THOMAS;2000;15;18
1;THOMAS;2001;15;30
1;THOMAS;2002;15;25
1;THOMAS;2003;15;18
1;THOMAS;2004;15;15
1;THOMAS;2005;15;14
1;THOMAS;2006;15;18
1;THOMAS;2007;15;9
1;THOMAS;2008;15;4
1;THOMAS;2009;15;6
1;THOMAS;2010;15;7
1;THOMAS;2011;15;5
1;THOMAS;2013;15;4
1;THOMAS;2014;15;3
1;THOMAS;2017;15;6
1;TIAGO;2019;15;4
1;TIAGO;2020;15;6
1;TIMEO;2006;15;4
1;TIMEO;2009;15;5
1;TIMEO;2012;15;4
1;TIMEO;2016;15;3
1;TIMEO;2017;15;4
1;TIMÉO;2011;15;9
1;TIMÉO;2012;15;9
1;TIMÉO;2013;15;6
1;TIMÉO;2014;15;11
1;TIMÉO;2015;15;6
1;TIMÉO;2016;15;5
1;TIMÉO;2017;15;7
1;TIMÉO;2018;15;4
1;TIMÉO;2019;15;10
1;TIMÉO;2020;15;7
1;TIMÉO;2021;15;3
1;TIMOTHE;2014;15;3
1;TIMOTHÉ;2011;15;4
1;TITOUAN;2006;15;3
1;TITOUAN;2008;15;3
1;TITOUAN;2009;15;3
1;TOM;2000;15;8
1;TOM;2001;15;9
1;TOM;2002;15;6
1;TOM;2003;15;12
1;TOM;2004;15;9
1;TOM;2005;15;9
1;TOM;2006;15;10
1;TOM;2007;15;13
1;TOM;2008;15;11
1;TOM;2009;15;9
1;TOM;2010;15;9
1;TOM;2011;15;10
1;TOM;2012;15;11
1;TOM;2013;15;6
1;TOM;2014;15;8
1;TOM;2015;15;4
1;TOM;2016;15;7
1;TOM;2017;15;13
1;TOM;2018;15;5
1;TOM;2019;15;5
1;TOM;2020;15;4
1;TOM;2021;15;4
1;TRISTAN;2001;15;4
1;TRISTAN;2002;15;5
1;TRISTAN;2003;15;4
1;TRISTAN;2005;15;4
1;TRISTAN;2007;15;5
1;TRISTAN;2011;15;3
1;TRISTAN;2016;15;4
1;TYMÉO;2019;15;3
1;VALENTIN;2000;15;12
1;VALENTIN;2001;15;14
1;VALENTIN;2002;15;7
1;VALENTIN;2003;15;10
1;VALENTIN;2004;15;13
1;VALENTIN;2005;15;6
1;VALENTIN;2006;15;5
1;VALENTIN;2007;15;7
1;VALENTIN;2008;15;6
1;VALENTIN;2010;15;3
1;VALENTIN;2011;15;6
1;VALENTIN;2012;15;4
1;VALENTIN;2014;15;7
1;VALENTIN;2015;15;4
1;VALENTIN;2016;15;4
1;VALENTIN;2017;15;13
1;VALENTIN;2018;15;3
1;VALENTIN;2019;15;3
1;VALENTIN;2020;15;6
1;VALENTIN;2021;15;3
1;VICTOR;2000;15;9
1;VICTOR;2001;15;3
1;VICTOR;2002;15;7
1;VICTOR;2003;15;7
1;VICTOR;2004;15;7
1;VICTOR;2005;15;5
1;VICTOR;2006;15;5
1;VICTOR;2007;15;3
1;VICTOR;2008;15;3
1;VICTOR;2009;15;4
1;VICTOR;2011;15;6
1;VICTOR;2014;15;5
1;VICTOR;2015;15;5
1;VICTOR;2016;15;3
1;VICTOR;2017;15;3
1;VICTOR;2018;15;6
1;VICTOR;2019;15;4
1;VICTOR;2020;15;4
1;VINCENT;2000;15;3
1;VINCENT;2001;15;6
1;VINCENT;2002;15;3
1;WILLIAM;2000;15;5
1;WILLIAM;2001;15;3
1;WILLIAM;2004;15;3
1;YANIS;2005;15;5
1;YANIS;2006;15;10
1;YANIS;2007;15;8
1;YANIS;2008;15;7
1;YANIS;2009;15;6
1;YANIS;2010;15;10
1;YANIS;2011;15;12
1;YANIS;2012;15;9
1;YANIS;2013;15;9
1;YANIS;2014;15;4
1;YANIS;2015;15;10
1;YANIS;2018;15;4
1;YANIS;2020;15;3
1;YANN;2000;15;3
1;YANN;2003;15;5
1;YANN;2005;15;3
1;YANN;2006;15;5
1;YANN;2009;15;3
1;YANN;2010;15;3
1;YANN;2011;15;6
1;YANN;2021;15;3
1;YANNIS;2008;15;3
1;YOAN;2002;15;5
1;YOAN;2007;15;3
1;YOANN;2000;15;3
1;YOANN;2003;15;3
1;YOHAN;2003;15;3
2;_PRENOMS_RARES;2000;15;6
2;_PRENOMS_RARES;2001;15;9
2;_PRENOMS_RARES;2002;15;5
2;_PRENOMS_RARES;2003;15;12
2;_PRENOMS_RARES;2004;15;10
2;_PRENOMS_RARES;2005;15;12
2;_PRENOMS_RARES;2006;15;4
2;_PRENOMS_RARES;2007;15;11
2;_PRENOMS_RARES;2008;15;14
2;_PRENOMS_RARES;2009;15;18
2;_PRENOMS_RARES;2010;15;21
2;_PRENOMS_RARES;2011;15;18
2;_PRENOMS_RARES;2012;15;12
2;_PRENOMS_RARES;2013;15;19
2;_PRENOMS_RARES;2014;15;17
2;_PRENOMS_RARES;2015;15;12
2;_PRENOMS_RARES;2016;15;11
2;_PRENOMS_RARES;2017;15;16
2;_PRENOMS_RARES;2018;15;11
2;_PRENOMS_RARES;2019;15;18
2;_PRENOMS_RARES;2020;15;15
2;_PRENOMS_RARES;2021;15;19
2;ADÈLE;2003;15;3
2;ADÈLE;2005;15;3
2;ADÈLE;2006;15;5
2;ADÈLE;2008;15;5
2;ADÈLE;2014;15;3
2;ADÈLE;2015;15;4
2;ADÈLE;2017;15;3
2;ADÈLE;2019;15;7
2;ADÈLE;2020;15;6
2;ADÈLE;2021;15;4
2;AGATHE;2000;15;6
2;AGATHE;2001;15;5
2;AGATHE;2003;15;3
2;AGATHE;2005;15;4
2;AGATHE;2006;15;6
2;AGATHE;2008;15;3
2;AGATHE;2009;15;4
2;AGATHE;2010;15;6
2;AGATHE;2011;15;3
2;AGATHE;2012;15;6
2;AGATHE;2014;15;5
2;AGATHE;2015;15;3
2;AGATHE;2016;15;8
2;AGATHE;2017;15;5
2;AGATHE;2018;15;9
2;AGATHE;2019;15;3
2;AGATHE;2020;15;7
2;AGATHE;2021;15;4
2;ALBA;2020;15;3
2;ALBA;2021;15;5
2;ALBANE;2009;15;4
2;ALBANE;2011;15;3
2;ALBANE;2014;15;5
2;ALBANE;2015;15;3
2;ALBANE;2016;15;3
2;ALBANE;2017;15;6
2;ALEXIA;2000;15;4
2;ALEXIA;2001;15;6
2;ALEXIA;2002;15;3
2;ALEXIA;2003;15;3
2;ALEXIA;2005;15;3
2;ALEXIA;2006;15;3
2;ALEXIA;2008;15;3
2;ALICE;2000;15;3
2;ALICE;2002;15;8
2;ALICE;2003;15;3
2;ALICE;2005;15;3
2;ALICE;2009;15;8
2;ALICE;2010;15;10
2;ALICE;2011;15;3
2;ALICE;2012;15;7
2;ALICE;2013;15;7
2;ALICE;2014;15;4
2;ALICE;2015;15;4
2;ALICE;2016;15;10
2;ALICE;2017;15;10
2;ALICE;2018;15;8
2;ALICE;2019;15;5
2;ALICE;2020;15;4
2;ALICIA;2000;15;4
2;ALICIA;2001;15;4
2;ALICIA;2002;15;5
2;ALICIA;2003;15;3
2;ALICIA;2004;15;5
2;ALICIA;2005;15;8
2;ALICIA;2006;15;3
2;ALICIA;2007;15;4
2;ALICIA;2008;15;4
2;ALICIA;2009;15;4
2;ALICIA;2010;15;4
2;ALICIA;2012;15;3
2;ALICIA;2015;15;3
2;ALICIA;2019;15;4
2;ALIX;2012;15;4
2;ALIX;2014;15;3
2;ALIZÉE;2001;15;4
2;ALMA;2021;15;4
2;AMANDINE;2000;15;6
2;AMANDINE;2001;15;8
2;AMANDINE;2002;15;8
2;AMANDINE;2003;15;5
2;AMANDINE;2004;15;3
2;AMANDINE;2005;15;4
2;AMANDINE;2006;15;4
2;AMBRE;2000;15;3
2;AMBRE;2004;15;5
2;AMBRE;2005;15;5
2;AMBRE;2007;15;4
2;AMBRE;2009;15;5
2;AMBRE;2010;15;4
2;AMBRE;2012;15;5
2;AMBRE;2013;15;3
2;AMBRE;2015;15;4
2;AMBRE;2016;15;5
2;AMBRE;2017;15;4
2;AMBRE;2018;15;7
2;AMBRE;2019;15;7
2;AMBRE;2020;15;4
2;AMBRE;2021;15;7
2;AMÉLIA;2005;15;3
2;AMÉLIE;2000;15;9
2;AMÉLIE;2001;15;3
2;AMÉLIE;2002;15;7
2;AMÉLIE;2003;15;4
2;AMÉLIE;2004;15;3
2;AMÉLIE;2005;15;3
2;AMÉLIE;2006;15;5
2;AMÉLIE;2007;15;4
2;ANA;2012;15;4
2;ANAELLE;2004;15;4
2;ANAELLE;2005;15;6
2;ANAELLE;2006;15;4
2;ANAËLLE;2010;15;4
2;ANAËLLE;2012;15;3
2;ANAIS;2011;15;3
2;ANAIS;2012;15;3
2;ANAIS;2015;15;3
2;ANAÏS;2000;15;14
2;ANAÏS;2001;15;12
2;ANAÏS;2002;15;12
2;ANAÏS;2003;15;7
2;ANAÏS;2004;15;9
2;ANAÏS;2005;15;4
2;ANAÏS;2006;15;10
2;ANAÏS;2007;15;8
2;ANAÏS;2008;15;3
2;ANAÏS;2009;15;9
2;ANAÏS;2010;15;6
2;ANAÏS;2011;15;4
2;ANAÏS;2012;15;4
2;ANAÏS;2016;15;3
2;ANAÏS;2021;15;3
2;ANDRÉA;2001;15;8
2;ANDRÉA;2003;15;3
2;ANGÈLE;2002;15;3
2;ANGÈLE;2006;15;3
2;ANGÈLE;2008;15;5
2;ANGÈLE;2009;15;6
2;ANGÈLE;2011;15;3
2;ANNA;2000;15;4
2;ANNA;2003;15;3
2;ANNA;2004;15;5
2;ANNA;2005;15;6
2;ANNA;2006;15;7
2;ANNA;2007;15;5
2;ANNA;2008;15;5
2;ANNA;2009;15;7
2;ANNA;2010;15;5
2;ANNA;2011;15;3
2;ANNA;2012;15;5
2;ANNA;2013;15;3
2;ANNA;2014;15;3
2;ANNA;2015;15;6
2;ANNA;2016;15;7
2;ANNA;2017;15;5
2;ANNA;2019;15;9
2;ANNA;2021;15;4
2;ANNE;2000;15;3
2;ANOUK;2002;15;3
2;APOLLINE;2021;15;3
2;ARIA;2021;15;3
2;AUDREY;2000;15;11
2;AUDREY;2001;15;3
2;AUDREY;2003;15;4
2;AUDREY;2004;15;6
2;AUGUSTINE;2016;15;3
2;AURÉLIE;2000;15;3
2;AURÉLIE;2003;15;3
2;AURÉLIE;2009;15;3
2;AURORE;2001;15;3
2;AXELLE;2004;15;4
2;BILLIE;2020;15;3
2;BLANDINE;2000;15;3
2;CALIE;2012;15;3
2;CALIE;2017;15;3
2;CAMILLE;2000;15;22
2;CAMILLE;2001;15;14
2;CAMILLE;2002;15;19
2;CAMILLE;2003;15;16
2;CAMILLE;2004;15;12
2;CAMILLE;2005;15;9
2;CAMILLE;2006;15;17
2;CAMILLE;2007;15;12
2;CAMILLE;2008;15;14
2;CAMILLE;2009;15;12
2;CAMILLE;2010;15;5
2;CAMILLE;2011;15;11
2;CAMILLE;2012;15;10
2;CAMILLE;2013;15;11
2;CAMILLE;2014;15;7
2;CAMILLE;2015;15;5
2;CAMILLE;2016;15;4
2;CAMILLE;2017;15;4
2;CAMILLE;2018;15;4
2;CAMILLE;2019;15;3
2;CAMILLE;2020;15;5
2;CANDICE;2004;15;4
2;CANDICE;2006;15;3
2;CANDICE;2008;15;5
2;CANDICE;2010;15;5
2;CANDICE;2012;15;5
2;CANDICE;2013;15;3
2;CANDICE;2014;15;3
2;CANDICE;2016;15;4
2;CANDICE;2017;15;3
2;CANDICE;2021;15;3
2;CAPUCINE;2013;15;4
2;CAPUCINE;2020;15;4
2;CARLA;2005;15;4
2;CARLA;2008;15;4
2;CAROLINE;2000;15;4
2;CAROLINE;2001;15;3
2;CASSANDRA;2000;15;5
2;CASSANDRA;2001;15;3
2;CÉCILE;2001;15;3
2;CÉCILIA;2003;15;4
2;CELIA;2011;15;4
2;CELIA;2012;15;3
2;CELIA;2016;15;3
2;CÉLIA;2000;15;4
2;CÉLIA;2001;15;11
2;CÉLIA;2002;15;15
2;CÉLIA;2003;15;9
2;CÉLIA;2004;15;15
2;CÉLIA;2005;15;16
2;CÉLIA;2006;15;13
2;CÉLIA;2007;15;11
2;CÉLIA;2008;15;8
2;CÉLIA;2009;15;6
2;CÉLIA;2010;15;7
2;CÉLIA;2011;15;3
2;CÉLIA;2012;15;5
2;CÉLIA;2013;15;4
2;CÉLIA;2014;15;3
2;CÉLIA;2016;15;4
2;CÉLIA;2017;15;3
2;CÉLIA;2020;15;4
2;CÉLINE;2000;15;5
2;CÉLINE;2003;15;4
2;CHARLÈNE;2000;15;3
2;CHARLÈNE;2001;15;6
2;CHARLÈNE;2003;15;3
2;CHARLÈNE;2004;15;4
2;CHARLÈNE;2005;15;4
2;CHARLÈNE;2011;15;3
2;CHARLIE;2013;15;3
2;CHARLIE;2016;15;4
2;CHARLIE;2021;15;6
2;CHARLINE;2001;15;3
2;CHARLINE;2003;15;3
2;CHARLINE;2005;15;3
2;CHARLINE;2009;15;3
2;CHARLINE;2011;15;3
2;CHARLINE;2012;15;3
2;CHARLINE;2014;15;5
2;CHARLINE;2016;15;3
2;CHARLINE;2017;15;3
2;CHARLINE;2020;15;4
2;CHARLOTTE;2000;15;4
2;CHARLOTTE;2001;15;7
2;CHARLOTTE;2002;15;3
2;CHARLOTTE;2003;15;4
2;CHARLOTTE;2004;15;5
2;CHARLOTTE;2006;15;3
2;CHARLOTTE;2007;15;4
2;CHARLOTTE;2008;15;4
2;CHARLOTTE;2009;15;11
2;CHARLOTTE;2012;15;3
2;CHARLOTTE;2014;15;3
2;CHARLOTTE;2015;15;3
2;CHARLOTTE;2016;15;7
2;CHLOE;2013;15;7
2;CHLOE;2014;15;4
2;CHLOÉ;2000;15;21
2;CHLOÉ;2001;15;18
2;CHLOÉ;2002;15;22
2;CHLOÉ;2003;15;21
2;CHLOÉ;2004;15;19
2;CHLOÉ;2005;15;14
2;CHLOÉ;2006;15;8
2;CHLOÉ;2007;15;10
2;CHLOÉ;2008;15;12
2;CHLOÉ;2009;15;9
2;CHLOÉ;2010;15;11
2;CHLOÉ;2011;15;12
2;CHLOÉ;2012;15;10
2;CHLOÉ;2013;15;9
2;CHLOÉ;2014;15;7
2;CHLOÉ;2015;15;11
2;CHLOÉ;2016;15;6
2;CHLOÉ;2017;15;3
2;CHLOÉ;2018;15;6
2;CHLOÉ;2019;15;5
2;CHLOÉ;2020;15;5
2;CHLOÉ;2021;15;3
2;CLAIRE;2000;15;4
2;CLAIRE;2001;15;3
2;CLAIRE;2004;15;3
2;CLARA;2000;15;6
2;CLARA;2001;15;5
2;CLARA;2002;15;12
2;CLARA;2003;15;11
2;CLARA;2004;15;18
2;CLARA;2005;15;20
2;CLARA;2006;15;11
2;CLARA;2007;15;19
2;CLARA;2008;15;12
2;CLARA;2009;15;14
2;CLARA;2010;15;8
2;CLARA;2011;15;5
2;CLARA;2012;15;8
2;CLARA;2013;15;8
2;CLARA;2015;15;5
2;CLARA;2018;15;6
2;CLARISSE;2001;15;3
2;CLARISSE;2002;15;3
2;CLARISSE;2003;15;6
2;CLARISSE;2005;15;3
2;CLARISSE;2006;15;3
2;CLARISSE;2007;15;3
2;CLARISSE;2013;15;4
2;CLARISSE;2014;15;3
2;CLEMENCE;2013;15;4
2;CLÉMENCE;2000;15;5
2;CLÉMENCE;2001;15;5
2;CLÉMENCE;2002;15;4
2;CLÉMENCE;2003;15;5
2;CLÉMENCE;2004;15;5
2;CLÉMENCE;2005;15;6
2;CLÉMENCE;2006;15;13
2;CLÉMENCE;2007;15;7
2;CLÉMENCE;2008;15;11
2;CLÉMENCE;2009;15;4
2;CLÉMENCE;2010;15;6
2;CLÉMENCE;2011;15;5
2;CLÉMENCE;2013;15;5
2;CLÉMENCE;2014;15;4
2;CLÉMENCE;2016;15;4
2;CLÉMENCE;2017;15;5
2;CLÉMENCE;2019;15;8
2;CLÉMENCE;2020;15;8
2;CLÉMENTINE;2000;15;3
2;CLOE;2001;15;4
2;CLOE;2005;15;4
2;CLOÉ;2014;15;4
2;COLINE;2012;15;3
2;CORALIE;2000;15;3
2;CORALIE;2002;15;7
2;CORALIE;2003;15;13
2;CORALIE;2004;15;4
2;CORALIE;2006;15;5
2;DELPHINE;2006;15;3
2;ELENA;2002;15;3
2;ELENA;2012;15;3
2;ELENA;2015;15;3
2;ELÉNA;2019;15;3
2;ELÉNA;2020;15;4
2;ELINA;2006;15;3
2;ELINA;2013;15;3
2;ELINE;2008;15;3
2;ELINE;2013;15;3
2;ELISA;2000;15;4
2;ELISA;2001;15;3
2;ELISA;2002;15;7
2;ELISA;2003;15;6
2;ELISA;2005;15;6
2;ELISA;2006;15;5
2;ELISA;2009;15;3
2;ELISA;2012;15;3
2;ELISA;2015;15;3
2;ELISE;2001;15;3
2;ELISE;2002;15;5
2;ELISE;2004;15;3
2;ELISE;2005;15;4
2;ELISE;2006;15;7
2;ELISE;2007;15;5
2;ELISE;2008;15;3
2;ELISE;2009;15;5
2;ELISE;2010;15;3
2;ELISE;2011;15;3
2;ELISE;2014;15;3
2;ELISE;2015;15;4
2;ELISE;2016;15;5
2;ELISE;2017;15;5
2;ELISE;2018;15;3
2;ELISE;2019;15;3
2;ELLA;2021;15;3
2;ELODIE;2000;15;4
2;ELODIE;2002;15;3
2;ELODIE;2004;15;6
2;ELODIE;2009;15;3
2;ELOISE;2000;15;4
2;ELOISE;2003;15;3
2;ELOISE;2004;15;4
2;ELOISE;2005;15;3
2;ELOISE;2007;15;4
2;ELOISE;2008;15;6
2;ELOISE;2009;15;3
2;ELOISE;2011;15;4
2;ELOISE;2017;15;3
2;ELOÏSE;2012;15;3
2;ELOÏSE;2013;15;4
2;ELOÏSE;2014;15;5
2;ELOÏSE;2015;15;3
2;ELOÏSE;2018;15;4
2;ELOÏSE;2019;15;3
2;ELSA;2000;15;3
2;ELSA;2001;15;5
2;ELSA;2002;15;4
2;ELSA;2004;15;4
2;ELSA;2006;15;5
2;ELSA;2007;15;4
2;ELSA;2010;15;5
2;ELSA;2012;15;4
2;ELSA;2013;15;4
2;ELSA;2014;15;5
2;ELSA;2015;15;4
2;ELSA;2017;15;4
2;ELYA;2019;15;3
2;ELYNA;2019;15;4
2;EMELINE;2002;15;5
2;EMILIE;2000;15;12
2;EMILIE;2001;15;4
2;EMILIE;2002;15;4
2;EMILIE;2003;15;5
2;EMILIE;2004;15;4
2;EMILIE;2005;15;3
2;EMILIE;2006;15;3
2;EMILIE;2007;15;3
2;EMILIE;2011;15;3
2;EMMA;2000;15;20
2;EMMA;2001;15;18
2;EMMA;2002;15;19
2;EMMA;2003;15;21
2;EMMA;2004;15;17
2;EMMA;2005;15;21
2;EMMA;2006;15;27
2;EMMA;2007;15;20
2;EMMA;2008;15;12
2;EMMA;2009;15;16
2;EMMA;2010;15;10
2;EMMA;2011;15;14
2;EMMA;2012;15;12
2;EMMA;2013;15;12
2;EMMA;2014;15;10
2;EMMA;2015;15;6
2;EMMA;2016;15;5
2;EMMA;2017;15;6
2;EMMA;2018;15;7
2;EMMA;2019;15;8
2;EMMA;2020;15;10
2;EMMA;2021;15;8
2;EMMY;2012;15;4
2;EMY;2015;15;3
2;ENOLA;2007;15;4
2;ENORA;2012;15;3
2;ENORA;2013;15;5
2;ENORA;2014;15;3
2;ESTELLE;2000;15;6
2;ESTELLE;2001;15;5
2;ESTELLE;2004;15;4
2;ESTELLE;2005;15;6
2;ESTELLE;2006;15;4
2;ESTELLE;2009;15;5
2;ESTELLE;2011;15;7
2;ESTELLE;2019;15;3
2;EVA;2000;15;10
2;EVA;2001;15;7
2;EVA;2002;15;10
2;EVA;2003;15;9
2;EVA;2005;15;7
2;EVA;2006;15;5
2;EVA;2007;15;5
2;EVA;2008;15;10
2;EVA;2009;15;6
2;EVA;2011;15;7
2;EVA;2012;15;3
2;EVA;2013;15;3
2;EVA;2014;15;3
2;EVA;2015;15;4
2;EVA;2016;15;4
2;EVA;2017;15;3
2;EVA;2021;15;3
2;EVE;2014;15;3
2;FANNY;2000;15;4
2;FANNY;2001;15;3
2;FANNY;2002;15;6
2;FANNY;2003;15;5
2;FANNY;2004;15;3
2;FANNY;2005;15;3
2;FANNY;2006;15;4
2;FANNY;2007;15;3
2;FANNY;2012;15;4
2;FAUSTINE;2005;15;3
2;FAUSTINE;2008;15;3
2;FAUSTINE;2009;15;3
2;FAUSTINE;2010;15;5
2;FAUSTINE;2011;15;3
2;FAUSTINE;2012;15;4
2;FAUSTINE;2013;15;5
2;FAUSTINE;2014;15;3
2;FAUSTINE;2016;15;5
2;FAUSTINE;2017;15;4
2;FAUSTINE;2018;15;5
2;FAUSTINE;2019;15;3
2;FAUSTINE;2020;15;4
2;FAUSTINE;2021;15;3
2;FLAVIE;2002;15;3
2;FLAVIE;2005;15;4
2;GABRIELLE;2021;15;3
2;GAELLE;2001;15;3
2;GAELLE;2002;15;3
2;GAELLE;2003;15;3
2;GAELLE;2004;15;4
2;GARANCE;2009;15;3
2;GIULIA;2019;15;3
2;GIULIA;2021;15;3
2;GWENAELLE;2003;15;4
2;HÉLOÏSE;2001;15;7
2;HÉLOÏSE;2005;15;3
2;HÉLOÏSE;2014;15;3
2;HÉLOÏSE;2017;15;4
2;HORTENSE;2021;15;3
2;ILONA;2001;15;3
2;ILONA;2004;15;3
2;ILONA;2005;15;4
2;INAYA;2015;15;3
2;INAYA;2018;15;5
2;INAYA;2020;15;3
2;INAYA;2021;15;4
2;INES;2016;15;3
2;INÈS;2001;15;4
2;INÈS;2003;15;5
2;INÈS;2005;15;4
2;INÈS;2006;15;4
2;INÈS;2008;15;11
2;INÈS;2009;15;10
2;INÈS;2010;15;11
2;INÈS;2011;15;7
2;INÈS;2013;15;5
2;INÈS;2014;15;4
2;INÈS;2015;15;3
2;INÈS;2018;15;3
2;INÈS;2019;15;3
2;INÈS;2020;15;5
2;INÈS;2021;15;3
2;IRIS;2020;15;4
2;JADE;2002;15;7
2;JADE;2003;15;4
2;JADE;2004;15;11
2;JADE;2005;15;5
2;JADE;2006;15;12
2;JADE;2007;15;12
2;JADE;2008;15;9
2;JADE;2009;15;24
2;JADE;2010;15;11
2;JADE;2011;15;11
2;JADE;2012;15;9
2;JADE;2013;15;10
2;JADE;2014;15;11
2;JADE;2015;15;13
2;JADE;2016;15;10
2;JADE;2017;15;13
2;JADE;2018;15;9
2;JADE;2019;15;14
2;JADE;2020;15;9
2;JADE;2021;15;7
2;JEANNE;2001;15;11
2;JEANNE;2002;15;8
2;JEANNE;2003;15;8
2;JEANNE;2004;15;9
2;JEANNE;2005;15;5
2;JEANNE;2006;15;5
2;JEANNE;2007;15;11
2;JEANNE;2008;15;8
2;JEANNE;2010;15;3
2;JEANNE;2011;15;4
2;JEANNE;2012;15;7
2;JEANNE;2013;15;11
2;JEANNE;2014;15;10
2;JEANNE;2015;15;6
2;JEANNE;2016;15;3
2;JEANNE;2017;15;3
2;JEANNE;2018;15;9
2;JEANNE;2019;15;4
2;JEANNE;2020;15;4
2;JEANNE;2021;15;6
2;JESSICA;2004;15;3
2;JUDITH;2013;15;4
2;JULIA;2007;15;3
2;JULIA;2009;15;3
2;JULIA;2011;15;5
2;JULIA;2012;15;6
2;JULIA;2013;15;3
2;JULIA;2014;15;4
2;JULIA;2015;15;6
2;JULIA;2016;15;5
2;JULIA;2017;15;3
2;JULIA;2019;15;8
2;JULIA;2020;15;6
2;JULIA;2021;15;5
2;JULIE;2000;15;15
2;JULIE;2001;15;9
2;JULIE;2002;15;10
2;JULIE;2003;15;10
2;JULIE;2004;15;13
2;JULIE;2005;15;5
2;JULIE;2006;15;5
2;JULIE;2007;15;7
2;JULIE;2009;15;5
2;JULIE;2010;15;5
2;JULIE;2012;15;3
2;JULIETTE;2000;15;5
2;JULIETTE;2001;15;5
2;JULIETTE;2002;15;4
2;JULIETTE;2003;15;5
2;JULIETTE;2004;15;4
2;JULIETTE;2005;15;4
2;JULIETTE;2006;15;7
2;JULIETTE;2007;15;6
2;JULIETTE;2008;15;7
2;JULIETTE;2009;15;4
2;JULIETTE;2010;15;8
2;JULIETTE;2011;15;6
2;JULIETTE;2012;15;5
2;JULIETTE;2013;15;6
2;JULIETTE;2014;15;5
2;JULIETTE;2015;15;8
2;JULIETTE;2016;15;4
2;JULIETTE;2017;15;5
2;JULIETTE;2019;15;3
2;JULIETTE;2020;15;3
2;JULIETTE;2021;15;5
2;JUSTINE;2000;15;11
2;JUSTINE;2001;15;11
2;JUSTINE;2002;15;9
2;JUSTINE;2003;15;8
2;JUSTINE;2004;15;9
2;JUSTINE;2005;15;8
2;JUSTINE;2006;15;11
2;JUSTINE;2007;15;9
2;JUSTINE;2008;15;12
2;JUSTINE;2009;15;8
2;JUSTINE;2010;15;7
2;JUSTINE;2011;15;9
2;JUSTINE;2012;15;4
2;JUSTINE;2013;15;6
2;JUSTINE;2014;15;6
2;JUSTINE;2015;15;5
2;JUSTINE;2016;15;7
2;JUSTINE;2017;15;5
2;KELIA;2009;15;3
2;KELYA;2017;15;4
2;LAETITIA;2000;15;5
2;LALIE;2009;15;4
2;LALY;2005;15;3
2;LALY;2013;15;4
2;LANA;2006;15;3
2;LANA;2012;15;3
2;LANA;2016;15;4
2;LANA;2017;15;3
2;LARA;2012;15;3
2;LAURA;2000;15;15
2;LAURA;2001;15;17
2;LAURA;2002;15;12
2;LAURA;2003;15;10
2;LAURA;2004;15;11
2;LAURA;2005;15;10
2;LAURA;2006;15;6
2;LAURA;2007;15;4
2;LAURA;2008;15;4
2;LAURA;2009;15;8
2;LAURA;2010;15;4
2;LAURA;2011;15;4
2;LAURA;2013;15;6
2;LAURE;2000;15;7
2;LAURE;2001;15;3
2;LAURE;2005;15;3
2;LAURIE;2000;15;4
2;LAURIE;2001;15;3
2;LAURIE;2002;15;5
2;LAURIE;2003;15;3
2;LAURIE;2005;15;3
2;LAURINE;2000;15;7
2;LAURINE;2001;15;6
2;LAURINE;2002;15;5
2;LAURINE;2003;15;5
2;LAURINE;2005;15;6
2;LAURINE;2006;15;5
2;LAURINE;2007;15;5
2;LAURINE;2008;15;4
2;LAURYNE;2002;15;3
2;LEA;2010;15;5
2;LEA;2011;15;7
2;LEA;2012;15;3
2;LEA;2013;15;10
2;LEA;2014;15;4
2;LEA;2016;15;4
2;LÉA;2000;15;23
2;LÉA;2001;15;37
2;LÉA;2002;15;24
2;LÉA;2003;15;25
2;LÉA;2004;15;23
2;LÉA;2005;15;13
2;LÉA;2006;15;6
2;LÉA;2007;15;15
2;LÉA;2008;15;15
2;LÉA;2009;15;11
2;LÉA;2010;15;12
2;LÉA;2011;15;8
2;LÉA;2012;15;8
2;LÉA;2013;15;5
2;LÉA;2014;15;6
2;LÉA;2015;15;9
2;LÉA;2016;15;7
2;LÉA;2017;15;10
2;LÉA;2018;15;4
2;LÉA;2019;15;5
2;LÉA;2020;15;8
2;LÉA;2021;15;6
2;LEANA;2011;15;3
2;LÉANA;2016;15;3
2;LÉANA;2018;15;4
2;LÉANA;2019;15;3
2;LÉANA;2020;15;6
2;LÉANE;2002;15;3
2;LÉANE;2005;15;4
2;LÉANE;2007;15;3
2;LÉANE;2008;15;3
2;LÉANE;2009;15;3
2;LÉANE;2011;15;4
2;LÉANE;2016;15;3
2;LEILA;2009;15;3
2;LENA;2011;15;3
2;LENA;2012;15;4
2;LENA;2013;15;3
2;LÉNA;2000;15;3
2;LÉNA;2001;15;3
2;LÉNA;2002;15;5
2;LÉNA;2003;15;8
2;LÉNA;2004;15;4
2;LÉNA;2005;15;8
2;LÉNA;2006;15;6
2;LÉNA;2007;15;8
2;LÉNA;2008;15;7
2;LÉNA;2009;15;10
2;LÉNA;2010;15;5
2;LÉNA;2011;15;4
2;LÉNA;2012;15;9
2;LÉNA;2013;15;5
2;LÉNA;2014;15;5
2;LÉNA;2016;15;5
2;LÉNA;2018;15;4
2;LÉNA;2019;15;5
2;LÉNA;2020;15;8
2;LÉNA;2021;15;5
2;LEONIE;2011;15;3
2;LEONIE;2013;15;3
2;LEONIE;2017;15;3
2;LÉONIE;2005;15;3
2;LÉONIE;2011;15;3
2;LÉONIE;2012;15;3
2;LÉONIE;2013;15;4
2;LÉONIE;2016;15;3
2;LÉONIE;2017;15;6
2;LÉONIE;2019;15;3
2;LÉONIE;2020;15;5
2;LÉONIE;2021;15;4
2;LIA;2016;15;3
2;LILA;2009;15;4
2;LILA;2012;15;5
2;LILI;2007;15;4
2;LILI;2010;15;3
2;LILI;2015;15;3
2;LILI;2021;15;3
2;LILIA;2012;15;3
2;LILOU;2004;15;4
2;LILOU;2005;15;3
2;LILOU;2006;15;7
2;LILOU;2007;15;10
2;LILOU;2008;15;6
2;LILOU;2009;15;9
2;LILOU;2010;15;14
2;LILOU;2011;15;13
2;LILOU;2012;15;8
2;LILOU;2013;15;6
2;LILOU;2014;15;5
2;LILOU;2015;15;3
2;LILOU;2016;15;5
2;LILOU;2017;15;3
2;LILOU;2019;15;6
2;LILY;2003;15;3
2;LILY;2007;15;5
2;LILY;2008;15;7
2;LILY;2009;15;4
2;LILY;2011;15;5
2;LILY;2012;15;4
2;LILY;2013;15;3
2;LILY;2015;15;3
2;LILY;2016;15;5
2;LILY;2018;15;3
2;LILY-ROSE;2017;15;3
2;LINA;2006;15;7
2;LINA;2011;15;3
2;LINA;2012;15;4
2;LINA;2013;15;4
2;LINA;2014;15;3
2;LINA;2015;15;3
2;LINA;2016;15;6
2;LINA;2018;15;3
2;LINA;2019;15;4
2;LINA;2021;15;6
2;LINE;2009;15;3
2;LINE;2014;15;3
2;LISA;2000;15;4
2;LISA;2001;15;11
2;LISA;2002;15;15
2;LISA;2003;15;14
2;LISA;2004;15;10
2;LISA;2005;15;11
2;LISA;2006;15;10
2;LISA;2007;15;9
2;LISA;2008;15;8
2;LISA;2009;15;9
2;LISA;2010;15;3
2;LISA;2012;15;5
2;LISA;2013;15;4
2;LISA;2019;15;5
2;LISE;2000;15;7
2;LISE;2002;15;5
2;LISE;2004;15;4
2;LISE;2005;15;6
2;LISE;2007;15;3
2;LISE;2008;15;7
2;LISE;2009;15;8
2;LISE;2010;15;6
2;LISE;2011;15;3
2;LISE;2012;15;7
2;LISE;2013;15;3
2;LISE;2016;15;4
2;LISE;2017;15;6
2;LISE;2020;15;3
2;LISE;2021;15;5
2;LISON;2014;15;3
2;LISON;2016;15;4
2;LISON;2017;15;5
2;LISON;2021;15;3
2;LIVIA;2019;15;3
2;LIYA;2017;15;3
2;LOANE;2003;15;4
2;LOANE;2005;15;5
2;LOANE;2006;15;3
2;LOANE;2007;15;6
2;LOANE;2008;15;4
2;LOLA;2002;15;9
2;LOLA;2003;15;3
2;LOLA;2004;15;4
2;LOLA;2005;15;7
2;LOLA;2006;15;6
2;LOLA;2007;15;11
2;LOLA;2008;15;4
2;LOLA;2009;15;5
2;LOLA;2010;15;10
2;LOLA;2011;15;11
2;LOLA;2012;15;8
2;LOLA;2013;15;15
2;LOLA;2014;15;7
2;LOLA;2015;15;7
2;LOLA;2016;15;3
2;LOLA;2017;15;8
2;LOLA;2018;15;4
2;LOLA;2019;15;4
2;LOLA;2021;15;7
2;LORIE;2002;15;5
2;LOU;2002;15;3
2;LOU;2004;15;4
2;LOU;2005;15;4
2;LOU;2006;15;6
2;LOU;2007;15;3
2;LOU;2008;15;4
2;LOU;2009;15;3
2;LOU;2011;15;4
2;LOU;2012;15;4
2;LOU;2013;15;9
2;LOU;2014;15;3
2;LOU;2015;15;3
2;LOU;2016;15;4
2;LOU;2018;15;7
2;LOU;2019;15;6
2;LOU;2020;15;9
2;LOU;2021;15;8
2;LOU-ANN;2006;15;3
2;LOU-ANN;2007;15;3
2;LOU-ANNE;2004;15;3
2;LOUANE;2004;15;4
2;LOUANE;2005;15;3
2;LOUANE;2006;15;6
2;LOUANE;2007;15;5
2;LOUANE;2008;15;5
2;LOUANE;2009;15;3
2;LOUANE;2010;15;10
2;LOUANE;2011;15;7
2;LOUANE;2012;15;4
2;LOUANE;2013;15;3
2;LOUANE;2014;15;7
2;LOUANE;2015;15;6
2;LOUANE;2017;15;3
2;LOUANE;2018;15;7
2;LOUANNE;2005;15;4
2;LOUANNE;2014;15;3
2;LOUISA;2012;15;3
2;LOUISA;2018;15;3
2;LOUISE;2000;15;6
2;LOUISE;2001;15;3
2;LOUISE;2002;15;4
2;LOUISE;2004;15;11
2;LOUISE;2005;15;9
2;LOUISE;2006;15;5
2;LOUISE;2007;15;10
2;LOUISE;2008;15;8
2;LOUISE;2009;15;11
2;LOUISE;2010;15;6
2;LOUISE;2011;15;11
2;LOUISE;2012;15;10
2;LOUISE;2013;15;11
2;LOUISE;2014;15;6
2;LOUISE;2015;15;11
2;LOUISE;2016;15;8
2;LOUISE;2017;15;11
2;LOUISE;2018;15;9
2;LOUISE;2019;15;9
2;LOUISE;2020;15;10
2;LOUISE;2021;15;7
2;LOUNA;2001;15;3
2;LOUNA;2002;15;3
2;LOUNA;2005;15;5
2;LOUNA;2006;15;5
2;LOUNA;2007;15;6
2;LOUNA;2008;15;11
2;LOUNA;2009;15;4
2;LOUNA;2010;15;5
2;LOUNA;2011;15;3
2;LOUNA;2012;15;4
2;LOUNA;2013;15;5
2;LOUNA;2014;15;4
2;LOUNA;2015;15;3
2;LOUNA;2016;15;5
2;LOUNA;2017;15;8
2;LOUNA;2018;15;7
2;LOUNA;2019;15;4
2;LOUNA;2021;15;4
2;LUCIE;2000;15;20
2;LUCIE;2001;15;13
2;LUCIE;2002;15;16
2;LUCIE;2003;15;19
2;LUCIE;2004;15;12
2;LUCIE;2005;15;17
2;LUCIE;2006;15;10
2;LUCIE;2007;15;9
2;LUCIE;2008;15;10
2;LUCIE;2009;15;11
2;LUCIE;2010;15;12
2;LUCIE;2011;15;6
2;LUCIE;2012;15;4
2;LUCIE;2013;15;4
2;LUCIE;2014;15;9
2;LUCIE;2015;15;3
2;LUCIE;2016;15;8
2;LUCIE;2017;15;3
2;LUCIE;2018;15;4
2;LUCIE;2019;15;5
2;LUCIE;2020;15;4
2;LUCIE;2021;15;7
2;LUCILE;2001;15;3
2;LUCILE;2004;15;4
2;LUCILE;2005;15;3
2;LUCILE;2008;15;3
2;LUDIVINE;2002;15;3
2;LUNA;2006;15;4
2;LUNA;2008;15;3
2;LUNA;2009;15;3
2;LUNA;2012;15;3
2;LUNA;2013;15;5
2;LUNA;2018;15;3
2;LUNA;2019;15;3
2;LYA;2018;15;5
2;LYA;2019;15;4
2;LYA;2021;15;4
2;LYANA;2018;15;3
2;LYANA;2019;15;3
2;LYLOU;2014;15;3
2;LYSE;2005;15;3
2;MAE;2008;15;3
2;MAELIE;2007;15;3
2;MAELLE;2000;15;4
2;MAELLE;2003;15;3
2;MAELLE;2004;15;5
2;MAELLE;2005;15;4
2;MAELLE;2006;15;6
2;MAELLE;2008;15;5
2;MAELLE;2009;15;6
2;MAËLLE;2012;15;4
2;MAËLLE;2019;15;3
2;MAELYS;2000;15;4
2;MAELYS;2005;15;5
2;MAELYS;2006;15;4
2;MAELYS;2007;15;7
2;MAELYS;2008;15;7
2;MAELYS;2009;15;12
2;MAELYS;2010;15;4
2;MAELYS;2012;15;4
2;MAELYS;2014;15;3
2;MAELYS;2015;15;3
2;MAËLYS;2010;15;6
2;MAËLYS;2011;15;5
2;MAËLYS;2012;15;5
2;MAËLYS;2013;15;8
2;MAËLYS;2014;15;12
2;MAËLYS;2015;15;4
2;MAËLYS;2016;15;4
2;MAËLYS;2018;15;3
2;MAËLYS;2019;15;3
2;MAEVA;2000;15;4
2;MAEVA;2001;15;9
2;MAEVA;2002;15;4
2;MAEVA;2003;15;11
2;MAEVA;2004;15;8
2;MAEVA;2005;15;7
2;MAEVA;2006;15;7
2;MAEVA;2007;15;3
2;MAEVA;2008;15;6
2;MAEVA;2009;15;6
2;MAEVA;2010;15;7
2;MAILYS;2009;15;3
2;MANON;2000;15;15
2;MANON;2001;15;21
2;MANON;2002;15;19
2;MANON;2003;15;23
2;MANON;2004;15;23
2;MANON;2005;15;12
2;MANON;2006;15;15
2;MANON;2007;15;15
2;MANON;2008;15;18
2;MANON;2009;15;14
2;MANON;2010;15;11
2;MANON;2011;15;14
2;MANON;2012;15;15
2;MANON;2013;15;4
2;MANON;2014;15;8
2;MANON;2015;15;8
2;MANON;2016;15;6
2;MANON;2017;15;6
2;MANON;2018;15;8
2;MANON;2019;15;7
2;MANON;2021;15;3
2;MARGAUX;2000;15;8
2;MARGAUX;2001;15;5
2;MARGAUX;2002;15;4
2;MARGAUX;2003;15;6
2;MARGAUX;2004;15;4
2;MARGAUX;2005;15;3
2;MARGAUX;2006;15;3
2;MARGAUX;2007;15;3
2;MARGAUX;2008;15;3
2;MARGAUX;2010;15;4
2;MARGAUX;2011;15;3
2;MARGAUX;2012;15;4
2;MARGAUX;2013;15;3
2;MARGAUX;2015;15;4
2;MARGAUX;2017;15;4
2;MARGAUX;2018;15;3
2;MARGAUX;2019;15;6
2;MARGAUX;2021;15;3
2;MARGOT;2000;15;3
2;MARGOT;2001;15;5
2;MARGOT;2004;15;3
2;MARGOT;2006;15;4
2;MARGOT;2007;15;5
2;MARGOT;2008;15;5
2;MARGOT;2009;15;5
2;MARGOT;2011;15;4
2;MARGOT;2013;15;5
2;MARGOT;2015;15;5
2;MARGOT;2019;15;5
2;MARGOT;2020;15;3
2;MARGOT;2021;15;5
2;MARIE;2000;15;16
2;MARIE;2001;15;16
2;MARIE;2002;15;19
2;MARIE;2003;15;12
2;MARIE;2004;15;19
2;MARIE;2005;15;7
2;MARIE;2006;15;9
2;MARIE;2007;15;6
2;MARIE;2008;15;6
2;MARIE;2010;15;3
2;MARIE;2011;15;4
2;MARIE;2013;15;5
2;MARINA;2000;15;6
2;MARINE;2000;15;19
2;MARINE;2001;15;15
2;MARINE;2002;15;8
2;MARINE;2004;15;3
2;MARINE;2005;15;5
2;MARINE;2006;15;4
2;MARINE;2008;15;3
2;MARION;2000;15;7
2;MARION;2001;15;5
2;MARION;2002;15;6
2;MARION;2003;15;6
2;MARION;2004;15;5
2;MARION;2006;15;4
2;MARION;2007;15;3
2;MARION;2008;15;5
2;MARION;2009;15;3
2;MARION;2010;15;3
2;MARION;2014;15;4
2;MARYLOU;2021;15;3
2;MATHILDE;2000;15;10
2;MATHILDE;2001;15;10
2;MATHILDE;2002;15;11
2;MATHILDE;2003;15;9
2;MATHILDE;2004;15;9
2;MATHILDE;2005;15;8
2;MATHILDE;2006;15;6
2;MATHILDE;2007;15;5
2;MATHILDE;2008;15;5
2;MATHILDE;2009;15;6
2;MATHILDE;2010;15;4
2;MATHILDE;2011;15;3
2;MATHILDE;2013;15;6
2;MATHILDE;2015;15;6
2;MATHILDE;2018;15;4
2;MATHILDE;2020;15;4
2;MATHILDE;2021;15;3
2;MAUD;2005;15;3
2;MAYA;2009;15;3
2;MAYA;2019;15;3
2;MÉLANIE;2000;15;14
2;MÉLANIE;2001;15;5
2;MÉLANIE;2003;15;7
2;MÉLANIE;2004;15;4
2;MÉLANIE;2005;15;6
2;MÉLINA;2002;15;4
2;MÉLINA;2003;15;5
2;MÉLINA;2014;15;3
2;MÉLINA;2015;15;3
2;MELINE;2001;15;3
2;MELINE;2003;15;4
2;MELINE;2010;15;3
2;MELINE;2014;15;3
2;MÉLINE;2014;15;3
2;MÉLINE;2018;15;5
2;MÉLINE;2020;15;3
2;MÉLISSA;2000;15;5
2;MÉLISSA;2001;15;3
2;MÉLISSA;2002;15;3
2;MÉLISSA;2003;15;6
2;MÉLISSA;2004;15;6
2;MÉLISSA;2005;15;3
2;MÉLISSA;2006;15;4
2;MÉLISSA;2009;15;3
2;MIA;2015;15;4
2;MIA;2017;15;5
2;MIA;2018;15;4
2;MIA;2020;15;5
2;MIA;2021;15;5
2;MILA;2011;15;3
2;MILA;2014;15;3
2;MILA;2015;15;6
2;MILA;2018;15;10
2;MILA;2019;15;8
2;MILA;2020;15;8
2;MILA;2021;15;3
2;MORGANE;2000;15;6
2;MORGANE;2002;15;8
2;MORGANE;2003;15;10
2;MORGANE;2004;15;6
2;MORGANE;2005;15;4
2;MORGANE;2006;15;5
2;MORGANE;2007;15;4
2;MORGANE;2009;15;4
2;MORGANE;2010;15;5
2;MORGANE;2011;15;3
2;MORGANE;2014;15;4
2;MORGANE;2016;15;4
2;MYA;2021;15;3
2;MYLA;2019;15;4
2;NINA;2002;15;6
2;NINA;2003;15;5
2;NINA;2006;15;3
2;NINA;2007;15;5
2;NINA;2008;15;6
2;NINA;2009;15;4
2;NINA;2011;15;3
2;NINA;2012;15;3
2;NINA;2014;15;6
2;NINA;2015;15;5
2;NINA;2016;15;4
2;NINA;2018;15;4
2;NINA;2019;15;3
2;NINA;2020;15;3
2;NINON;2006;15;6
2;NINON;2007;15;4
2;NINON;2008;15;3
2;NINON;2009;15;3
2;NINON;2012;15;3
2;NINON;2017;15;3
2;NOELIE;2006;15;3
2;NOELIE;2008;15;4
2;NOÉLIE;2011;15;3
2;NOÉLIE;2018;15;3
2;NOEMIE;2000;15;8
2;NOEMIE;2001;15;7
2;NOEMIE;2002;15;5
2;NOEMIE;2003;15;3
2;NOEMIE;2004;15;5
2;NOEMIE;2005;15;7
2;NOEMIE;2006;15;5
2;NOEMIE;2007;15;4
2;NOEMIE;2008;15;4
2;NOEMIE;2009;15;6
2;NOEMIE;2014;15;3
2;NOÉMIE;2012;15;5
2;NOÉMIE;2015;15;3
2;NOLA;2010;15;3
2;NORA;2018;15;3
2;OCEANE;2012;15;3
2;OCEANE;2017;15;3
2;OCÉANE;2000;15;10
2;OCÉANE;2001;15;16
2;OCÉANE;2002;15;15
2;OCÉANE;2003;15;12
2;OCÉANE;2004;15;12
2;OCÉANE;2005;15;14
2;OCÉANE;2006;15;14
2;OCÉANE;2007;15;10
2;OCÉANE;2008;15;11
2;OCÉANE;2009;15;3
2;OCÉANE;2010;15;5
2;OLIVIA;2002;15;4
2;OLIVIA;2003;15;3
2;OLIVIA;2006;15;3
2;OPHÉLIE;2001;15;3
2;PAULINE;2000;15;12
2;PAULINE;2001;15;10
2;PAULINE;2002;15;10
2;PAULINE;2003;15;10
2;PAULINE;2004;15;7
2;PAULINE;2005;15;9
2;PAULINE;2006;15;9
2;PAULINE;2007;15;3
2;PAULINE;2008;15;5
2;PAULINE;2009;15;4
2;PAULINE;2010;15;5
2;PAULINE;2011;15;4
2;PAULINE;2012;15;3
2;PERRINE;2007;15;4
2;PHILIPPINE;2002;15;3
2;ROMANE;2000;15;7
2;ROMANE;2001;15;8
2;ROMANE;2002;15;11
2;ROMANE;2003;15;7
2;ROMANE;2004;15;6
2;ROMANE;2005;15;11
2;ROMANE;2006;15;12
2;ROMANE;2007;15;10
2;ROMANE;2008;15;10
2;ROMANE;2009;15;14
2;ROMANE;2010;15;7
2;ROMANE;2011;15;8
2;ROMANE;2012;15;6
2;ROMANE;2013;15;8
2;ROMANE;2014;15;3
2;ROMANE;2015;15;4
2;ROMANE;2018;15;3
2;ROMANE;2019;15;3
2;ROMANE;2021;15;6
2;ROMY;2018;15;3
2;ROMY;2020;15;5
2;ROSALIE;2017;15;3
2;ROSE;2006;15;3
2;ROSE;2008;15;3
2;ROSE;2012;15;5
2;ROSE;2013;15;3
2;ROSE;2014;15;4
2;ROSE;2016;15;3
2;ROSE;2017;15;3
2;ROSE;2018;15;6
2;ROSE;2019;15;3
2;ROSE;2020;15;10
2;ROSE;2021;15;5
2;ROXANE;2002;15;3
2;ROXANE;2015;15;3
2;ROXANE;2018;15;3
2;ROXANE;2021;15;4
2;SALOMÉ;2006;15;3
2;SALOMÉ;2019;15;3
2;SARAH;2000;15;9
2;SARAH;2001;15;8
2;SARAH;2002;15;9
2;SARAH;2003;15;8
2;SARAH;2004;15;9
2;SARAH;2005;15;5
2;SARAH;2006;15;6
2;SARAH;2007;15;7
2;SARAH;2008;15;7
2;SARAH;2009;15;9
2;SARAH;2010;15;15
2;SARAH;2011;15;5
2;SARAH;2012;15;6
2;SARAH;2013;15;3
2;SARAH;2014;15;4
2;SARAH;2015;15;3
2;SARAH;2018;15;4
2;SARAH;2021;15;3
2;SOFIA;2004;15;3
2;SOFIA;2016;15;3
2;SOFIA;2020;15;3
2;SOLÈNE;2000;15;4
2;SOLÈNE;2001;15;6
2;SOLÈNE;2002;15;7
2;SOLÈNE;2003;15;7
2;SOLÈNE;2004;15;6
2;SOLÈNE;2005;15;3
2;SOLÈNE;2006;15;3
2;SOLÈNE;2008;15;3
2;SOLÈNE;2009;15;3
2;SOLÈNE;2019;15;3
2;SOLINE;2014;15;5
2;SOPHIE;2000;15;8
2;SOPHIE;2003;15;3
2;STELLA;2009;15;3
2;TESS;2014;15;3
2;THAÏS;2020;15;3
2;VALENTINE;2000;15;3
2;VALENTINE;2005;15;3
2;VALENTINE;2008;15;3
2;VALENTINE;2012;15;4
2;VALENTINE;2014;15;3
2;VALENTINE;2015;15;3
2;VALENTINE;2018;15;3
2;VICTOIRE;2014;15;3
2;VICTOIRE;2018;15;5
2;VICTOIRE;2020;15;4
2;WENDY;2007;15;5
2;WENDY;2012;15;3
2;WENDY;2014;15;4
2;ZELIE;2009;15;3
2;ZÉLIE;2014;15;4
2;ZÉLIE;2016;15;3
2;ZÉLIE;2019;15;4
2;ZÉLIE;2021;15;4
2;ZOÉ;2000;15;4
2;ZOÉ;2002;15;3
2;ZOÉ;2003;15;6
2;ZOÉ;2005;15;8
2;ZOÉ;2006;15;7
2;ZOÉ;2007;15;6
2;ZOÉ;2008;15;13
2;ZOÉ;2009;15;7
2;ZOÉ;2010;15;6
2;ZOÉ;2011;15;9
2;ZOÉ;2012;15;12
2;ZOÉ;2013;15;12
2;ZOÉ;2014;15;3
2;ZOÉ;2015;15;5
2;ZOÉ;2016;15;3
2;ZOÉ;2018;15;8
2;ZOÉ;2019;15;3
2;ZOÉ;2021;15;3
