sexe;preusuel;annais;dpt;nombre
1;_PRENOMS_RARES;2000;32;5
1;_PRENOMS_RARES;2001;32;8
1;_PRENOMS_RARES;2002;32;10
1;_PRENOMS_RARES;2003;32;9
1;_PRENOMS_RARES;2004;32;10
1;_PRENOMS_RARES;2005;32;8
1;_PRENOMS_RARES;2006;32;7
1;_PRENOMS_RARES;2007;32;14
1;_PRENOMS_RARES;2008;32;9
1;_PRENOMS_RARES;2009;32;13
1;_PRENOMS_RARES;2010;32;12
1;_PRENOMS_RARES;2011;32;22
1;_PRENOMS_RARES;2012;32;18
1;_PRENOMS_RARES;2013;32;17
1;_PRENOMS_RARES;2014;32;16
1;_PRENOMS_RARES;2015;32;21
1;_PRENOMS_RARES;2016;32;22
1;_PRENOMS_RARES;2017;32;20
1;_PRENOMS_RARES;2018;32;23
1;_PRENOMS_RARES;2019;32;20
1;_PRENOMS_RARES;2020;32;24
1;_PRENOMS_RARES;2021;32;28
1;AARON;2013;32;3
1;AARON;2015;32;4
1;AARON;2016;32;4
1;AARON;2017;32;3
1;AARON;2019;32;8
1;AARON;2020;32;7
1;AARON;2021;32;4
1;ACHILLE;2010;32;3
1;ADAM;2007;32;3
1;ADAM;2009;32;3
1;ADAM;2011;32;5
1;ADAM;2013;32;3
1;ADAM;2014;32;4
1;ADAM;2015;32;4
1;ADAM;2016;32;3
1;ADAM;2017;32;3
1;ADAM;2019;32;3
1;ADAM;2020;32;4
1;ADRIEN;2000;32;8
1;ADRIEN;2001;32;5
1;ADRIEN;2002;32;3
1;ADRIEN;2004;32;7
1;ADRIEN;2005;32;3
1;ADRIEN;2007;32;6
1;ADRIEN;2008;32;10
1;ADRIEN;2009;32;7
1;ADRIEN;2012;32;3
1;ADRIEN;2014;32;4
1;ADRIEN;2017;32;3
1;ALBAN;2007;32;5
1;ALBAN;2008;32;6
1;ALBAN;2009;32;4
1;ALBAN;2017;32;3
1;ALEXANDRE;2000;32;12
1;ALEXANDRE;2001;32;6
1;ALEXANDRE;2002;32;13
1;ALEXANDRE;2003;32;4
1;ALEXANDRE;2004;32;7
1;ALEXANDRE;2005;32;6
1;ALEXANDRE;2007;32;7
1;ALEXANDRE;2008;32;4
1;ALEXANDRE;2009;32;4
1;ALEXANDRE;2010;32;5
1;ALEXANDRE;2011;32;3
1;ALEXANDRE;2012;32;4
1;ALEXIS;2000;32;7
1;ALEXIS;2001;32;8
1;ALEXIS;2002;32;4
1;ALEXIS;2003;32;6
1;ALEXIS;2004;32;13
1;ALEXIS;2005;32;5
1;ALEXIS;2006;32;7
1;ALEXIS;2008;32;3
1;ALEXIS;2009;32;5
1;ALEXIS;2010;32;3
1;ALEXIS;2011;32;6
1;ALEXIS;2012;32;3
1;ALEXIS;2019;32;3
1;AMIR;2012;32;3
1;AMIR;2016;32;4
1;AMIR;2020;32;3
1;ANDRÉA;2005;32;3
1;ANGEL;2020;32;3
1;ANGELO;2001;32;3
1;ANTHONY;2000;32;4
1;ANTHONY;2001;32;8
1;ANTHONY;2002;32;8
1;ANTHONY;2003;32;3
1;ANTOINE;2000;32;3
1;ANTOINE;2001;32;8
1;ANTOINE;2002;32;6
1;ANTOINE;2004;32;3
1;ANTOINE;2006;32;3
1;ANTOINE;2007;32;6
1;ANTOINE;2008;32;6
1;ANTOINE;2009;32;8
1;ANTOINE;2011;32;3
1;ANTOINE;2014;32;4
1;ANTOINE;2016;32;4
1;ANTOINE;2017;32;3
1;ANTOINE;2018;32;4
1;ANTOINE;2020;32;3
1;ANTONIN;2010;32;3
1;ARMAND;2016;32;3
1;ARMAND;2020;32;3
1;ARNAUD;2002;32;3
1;ARNAUD;2003;32;3
1;ARTHUR;2000;32;3
1;ARTHUR;2001;32;4
1;ARTHUR;2002;32;7
1;ARTHUR;2003;32;5
1;ARTHUR;2004;32;5
1;ARTHUR;2005;32;3
1;ARTHUR;2006;32;5
1;ARTHUR;2007;32;3
1;ARTHUR;2008;32;3
1;ARTHUR;2010;32;6
1;ARTHUR;2011;32;5
1;ARTHUR;2012;32;4
1;ARTHUR;2013;32;5
1;ARTHUR;2014;32;6
1;ARTHUR;2015;32;6
1;ARTHUR;2016;32;7
1;ARTHUR;2018;32;4
1;ARTHUR;2019;32;10
1;ARTHUR;2020;32;3
1;ARTHUR;2021;32;6
1;AUGUSTE;2017;32;3
1;AUGUSTIN;2015;32;3
1;AUGUSTIN;2016;32;4
1;AUGUSTIN;2019;32;3
1;AUGUSTIN;2020;32;4
1;AURÉLIEN;2000;32;7
1;AURÉLIEN;2002;32;3
1;AURÉLIEN;2003;32;4
1;AURÉLIEN;2005;32;3
1;AURÉLIEN;2010;32;3
1;AXEL;2000;32;4
1;AXEL;2001;32;5
1;AXEL;2002;32;7
1;AXEL;2003;32;4
1;AXEL;2004;32;6
1;AXEL;2005;32;5
1;AXEL;2006;32;6
1;AXEL;2007;32;4
1;AXEL;2009;32;3
1;AXEL;2010;32;7
1;AXEL;2011;32;3
1;AXEL;2012;32;3
1;AXEL;2013;32;5
1;AXEL;2019;32;4
1;AXEL;2021;32;4
1;AYDEN;2018;32;3
1;BAPTISTE;2000;32;9
1;BAPTISTE;2001;32;6
1;BAPTISTE;2002;32;6
1;BAPTISTE;2003;32;10
1;BAPTISTE;2004;32;10
1;BAPTISTE;2005;32;5
1;BAPTISTE;2006;32;7
1;BAPTISTE;2007;32;11
1;BAPTISTE;2008;32;5
1;BAPTISTE;2009;32;4
1;BAPTISTE;2010;32;5
1;BAPTISTE;2011;32;5
1;BAPTISTE;2012;32;3
1;BAPTISTE;2013;32;5
1;BAPTISTE;2014;32;9
1;BAPTISTE;2015;32;3
1;BAPTISTE;2017;32;3
1;BAPTISTE;2018;32;3
1;BAPTISTE;2019;32;5
1;BAPTISTE;2020;32;5
1;BASTIEN;2000;32;4
1;BASTIEN;2001;32;6
1;BASTIEN;2002;32;6
1;BASTIEN;2003;32;4
1;BASTIEN;2006;32;5
1;BASTIEN;2007;32;5
1;BASTIEN;2010;32;3
1;BASTIEN;2013;32;4
1;BASTIEN;2014;32;3
1;BENJAMIN;2000;32;5
1;BENJAMIN;2001;32;8
1;BENJAMIN;2002;32;5
1;BENJAMIN;2003;32;4
1;BENJAMIN;2005;32;3
1;BENJAMIN;2008;32;3
1;BENJAMIN;2009;32;3
1;BENJAMIN;2010;32;3
1;BENJAMIN;2011;32;3
1;BENJAMIN;2017;32;4
1;BENJAMIN;2018;32;4
1;BENOÎT;2001;32;3
1;BENOÎT;2004;32;3
1;BRYAN;2004;32;3
1;CAMILLE;2019;32;4
1;CAMILLE;2021;32;5
1;CLÉMENT;2000;32;5
1;CLÉMENT;2001;32;10
1;CLÉMENT;2002;32;7
1;CLÉMENT;2003;32;7
1;CLÉMENT;2004;32;7
1;CLÉMENT;2005;32;6
1;CLÉMENT;2006;32;7
1;CLÉMENT;2007;32;9
1;CLÉMENT;2008;32;13
1;CLÉMENT;2009;32;8
1;CLÉMENT;2010;32;5
1;CLÉMENT;2011;32;6
1;CLÉMENT;2012;32;6
1;CLÉMENT;2013;32;4
1;CLÉMENT;2014;32;7
1;CLÉMENT;2015;32;6
1;CLÉMENT;2016;32;3
1;CLÉMENT;2018;32;5
1;CLÉMENT;2020;32;3
1;CORENTIN;2000;32;3
1;CORENTIN;2001;32;3
1;CORENTIN;2002;32;4
1;CORENTIN;2004;32;7
1;CORENTIN;2014;32;3
1;CYRIL;2001;32;3
1;CYRIL;2003;32;3
1;DAMIEN;2000;32;3
1;DAMIEN;2001;32;7
1;DAMIEN;2002;32;4
1;DAMIEN;2003;32;4
1;DAMIEN;2004;32;4
1;DAVID;2002;32;3
1;DIEGO;2005;32;5
1;DIEGO;2011;32;3
1;DIEGO;2014;32;4
1;DIEGO;2021;32;3
1;DIMITRI;2000;32;3
1;DIMITRI;2001;32;3
1;DORIAN;2000;32;6
1;DORIAN;2001;32;5
1;DORIAN;2002;32;14
1;DORIAN;2003;32;3
1;DORIAN;2004;32;5
1;DORIAN;2005;32;6
1;DORIAN;2006;32;3
1;DORIAN;2007;32;5
1;DORIAN;2008;32;9
1;DORIAN;2009;32;6
1;DORIAN;2017;32;3
1;DYLAN;2000;32;4
1;DYLAN;2002;32;4
1;DYLAN;2004;32;3
1;DYLAN;2005;32;3
1;DYLAN;2009;32;3
1;DYLAN;2010;32;3
1;DYLAN;2016;32;3
1;EDEN;2013;32;3
1;EDEN;2015;32;4
1;EDEN;2019;32;5
1;ELIAN;2010;32;3
1;ELIAS;2008;32;3
1;ELIE;2005;32;3
1;ELIO;2012;32;3
1;ELIO;2019;32;3
1;ELIO;2020;32;3
1;ELIO;2021;32;5
1;ELIOT;2013;32;3
1;ELIOTT;2006;32;3
1;ELIOTT;2021;32;3
1;ENZO;2000;32;5
1;ENZO;2001;32;9
1;ENZO;2002;32;13
1;ENZO;2003;32;17
1;ENZO;2004;32;14
1;ENZO;2005;32;11
1;ENZO;2006;32;12
1;ENZO;2007;32;5
1;ENZO;2008;32;14
1;ENZO;2009;32;4
1;ENZO;2010;32;14
1;ENZO;2011;32;10
1;ENZO;2012;32;9
1;ENZO;2013;32;6
1;ENZO;2014;32;5
1;ENZO;2015;32;4
1;ENZO;2016;32;5
1;ENZO;2018;32;4
1;ENZO;2020;32;7
1;ERWAN;2011;32;3
1;ESTEBAN;2003;32;5
1;ESTEBAN;2004;32;3
1;ESTEBAN;2007;32;4
1;ESTEBAN;2008;32;3
1;ESTEBAN;2009;32;5
1;ESTEBAN;2012;32;3
1;ESTEBAN;2014;32;3
1;ETHAN;2006;32;7
1;ETHAN;2007;32;6
1;ETHAN;2009;32;5
1;ETHAN;2011;32;6
1;ETHAN;2012;32;12
1;ETHAN;2013;32;10
1;ETHAN;2015;32;5
1;ETHAN;2016;32;7
1;ETHAN;2017;32;4
1;ETHAN;2018;32;9
1;ETHAN;2019;32;3
1;ETHAN;2020;32;4
1;ETIENNE;2000;32;3
1;ETIENNE;2006;32;3
1;EVAN;2005;32;5
1;EVAN;2006;32;4
1;EVAN;2008;32;3
1;EVAN;2009;32;5
1;EVAN;2010;32;5
1;EVAN;2012;32;3
1;EVAN;2015;32;4
1;EZIO;2016;32;3
1;FABIEN;2000;32;3
1;FABIO;2002;32;3
1;FABIO;2006;32;4
1;FABIO;2008;32;4
1;FABIO;2011;32;3
1;FABIO;2013;32;3
1;FÉLIX;2002;32;3
1;FLORIAN;2000;32;7
1;FLORIAN;2001;32;10
1;FLORIAN;2004;32;4
1;FLORIAN;2005;32;5
1;FLORIAN;2006;32;4
1;FLORIAN;2008;32;5
1;FLORIAN;2010;32;3
1;FRANÇOIS;2000;32;3
1;GABIN;2005;32;5
1;GABIN;2008;32;4
1;GABIN;2009;32;3
1;GABIN;2010;32;7
1;GABIN;2011;32;6
1;GABIN;2012;32;7
1;GABIN;2013;32;6
1;GABIN;2014;32;5
1;GABIN;2015;32;6
1;GABIN;2016;32;12
1;GABIN;2017;32;5
1;GABIN;2019;32;4
1;GABIN;2020;32;5
1;GABIN;2021;32;6
1;GABRIEL;2000;32;4
1;GABRIEL;2002;32;3
1;GABRIEL;2003;32;4
1;GABRIEL;2004;32;3
1;GABRIEL;2005;32;5
1;GABRIEL;2006;32;6
1;GABRIEL;2007;32;6
1;GABRIEL;2008;32;5
1;GABRIEL;2009;32;7
1;GABRIEL;2010;32;5
1;GABRIEL;2011;32;9
1;GABRIEL;2012;32;11
1;GABRIEL;2013;32;5
1;GABRIEL;2014;32;5
1;GABRIEL;2015;32;5
1;GABRIEL;2016;32;9
1;GABRIEL;2017;32;4
1;GABRIEL;2018;32;10
1;GABRIEL;2019;32;11
1;GABRIEL;2020;32;8
1;GABRIEL;2021;32;7
1;GAEL;2000;32;6
1;GAEL;2001;32;5
1;GAEL;2002;32;3
1;GAEL;2006;32;4
1;GAEL;2008;32;3
1;GAËTAN;2000;32;4
1;GAËTAN;2003;32;3
1;GAËTAN;2004;32;3
1;GAËTAN;2010;32;3
1;GAËTAN;2011;32;3
1;GASPARD;2011;32;3
1;GAUTHIER;2000;32;3
1;GAUTHIER;2002;32;3
1;GIANNI;2021;32;3
1;GRÉGOIRE;2007;32;3
1;GUILLAUME;2000;32;7
1;GUILLAUME;2001;32;5
1;GUILLAUME;2002;32;3
1;GUILLAUME;2003;32;3
1;GUILLAUME;2004;32;4
1;HAMZA;2009;32;3
1;HUGO;2000;32;13
1;HUGO;2001;32;9
1;HUGO;2002;32;9
1;HUGO;2003;32;10
1;HUGO;2004;32;4
1;HUGO;2005;32;7
1;HUGO;2006;32;7
1;HUGO;2008;32;5
1;HUGO;2009;32;9
1;HUGO;2010;32;6
1;HUGO;2011;32;7
1;HUGO;2012;32;4
1;HUGO;2013;32;11
1;HUGO;2014;32;10
1;HUGO;2015;32;5
1;HUGO;2016;32;4
1;HUGO;2017;32;8
1;HUGO;2018;32;7
1;HUGO;2019;32;6
1;HUGO;2021;32;6
1;ILAN;2007;32;3
1;ISMAËL;2011;32;3
1;JASON;2000;32;3
1;JEAN;2000;32;4
1;JEAN;2001;32;3
1;JEAN;2005;32;3
1;JEAN;2009;32;4
1;JEAN;2011;32;3
1;JEAN;2013;32;5
1;JEAN;2016;32;3
1;JEAN;2020;32;5
1;JEREMY;2001;32;3
1;JEREMY;2003;32;3
1;JÉRÉMY;2012;32;3
1;JOHAN;2007;32;3
1;JONATHAN;2000;32;3
1;JONATHAN;2003;32;3
1;JORDAN;2001;32;4
1;JORDAN;2002;32;4
1;JORDAN;2003;32;3
1;JORIS;2004;32;3
1;JOSHUA;2006;32;3
1;JULES;2001;32;4
1;JULES;2003;32;10
1;JULES;2004;32;5
1;JULES;2005;32;3
1;JULES;2006;32;5
1;JULES;2007;32;8
1;JULES;2008;32;8
1;JULES;2009;32;8
1;JULES;2010;32;6
1;JULES;2013;32;8
1;JULES;2014;32;15
1;JULES;2015;32;15
1;JULES;2016;32;5
1;JULES;2017;32;3
1;JULES;2018;32;9
1;JULES;2019;32;5
1;JULES;2020;32;10
1;JULES;2021;32;4
1;JULIAN;2016;32;4
1;JULIAN;2019;32;4
1;JULIAN;2021;32;3
1;JULIEN;2000;32;7
1;JULIEN;2001;32;9
1;JULIEN;2002;32;3
1;JULIEN;2003;32;5
1;JULIEN;2004;32;4
1;JULIEN;2005;32;6
1;JULIEN;2006;32;3
1;JULIEN;2008;32;5
1;JULIEN;2009;32;4
1;JUSTIN;2018;32;3
1;KAYDEN;2020;32;3
1;KENZO;2009;32;4
1;KENZO;2012;32;3
1;KEVIN;2000;32;9
1;KEVIN;2001;32;5
1;KEVIN;2002;32;4
1;KEVIN;2003;32;3
1;KEVIN;2005;32;5
1;KILLIAN;2002;32;3
1;KILLIAN;2004;32;5
1;KYLIAN;2005;32;3
1;KYLIAN;2007;32;3
1;KYLIAN;2009;32;3
1;KYLIAN;2010;32;4
1;KYLIAN;2012;32;5
1;KYLIAN;2014;32;5
1;KYLIAN;2018;32;5
1;LÉANDRE;2015;32;3
1;LÉANDRE;2019;32;4
1;LÉANDRO;2015;32;3
1;LÉANDRO;2019;32;4
1;LENNY;2014;32;3
1;LENY;2006;32;3
1;LÉO;2000;32;8
1;LÉO;2001;32;5
1;LÉO;2002;32;9
1;LÉO;2003;32;8
1;LÉO;2004;32;7
1;LÉO;2005;32;7
1;LÉO;2006;32;11
1;LÉO;2007;32;8
1;LÉO;2008;32;5
1;LÉO;2009;32;6
1;LÉO;2010;32;9
1;LÉO;2011;32;7
1;LÉO;2012;32;6
1;LÉO;2013;32;7
1;LÉO;2014;32;6
1;LÉO;2015;32;6
1;LÉO;2016;32;7
1;LÉO;2017;32;10
1;LÉO;2018;32;5
1;LÉO;2019;32;9
1;LÉO;2020;32;8
1;LÉO;2021;32;7
1;LÉON;2009;32;3
1;LÉON;2011;32;3
1;LÉON;2016;32;3
1;LÉON;2017;32;3
1;LÉON;2018;32;4
1;LÉON;2021;32;5
1;LIAM;2015;32;3
1;LIAM;2016;32;4
1;LIAM;2018;32;4
1;LIAM;2019;32;4
1;LILIAN;2004;32;3
1;LILIAN;2007;32;4
1;LINO;2013;32;4
1;LOAN;2011;32;3
1;LOAN;2013;32;3
1;LOAN;2014;32;4
1;LOAN;2020;32;3
1;LOGAN;2021;32;3
1;LOHAN;2007;32;3
1;LOÏC;2001;32;5
1;LOÏC;2002;32;3
1;LOÏC;2004;32;4
1;LOÏC;2005;32;3
1;LOÏC;2006;32;4
1;LORENZO;2006;32;4
1;LORENZO;2008;32;5
1;LORENZO;2011;32;3
1;LORENZO;2012;32;3
1;LORENZO;2013;32;4
1;LORENZO;2017;32;4
1;LORIS;2010;32;3
1;LOUAN;2013;32;3
1;LOUIS;2001;32;5
1;LOUIS;2002;32;4
1;LOUIS;2003;32;3
1;LOUIS;2004;32;7
1;LOUIS;2005;32;5
1;LOUIS;2006;32;10
1;LOUIS;2007;32;6
1;LOUIS;2008;32;4
1;LOUIS;2009;32;6
1;LOUIS;2010;32;9
1;LOUIS;2011;32;5
1;LOUIS;2012;32;7
1;LOUIS;2013;32;6
1;LOUIS;2014;32;12
1;LOUIS;2015;32;10
1;LOUIS;2016;32;9
1;LOUIS;2017;32;6
1;LOUIS;2018;32;8
1;LOUIS;2019;32;8
1;LOUIS;2020;32;8
1;LOUIS;2021;32;4
1;LOUKA;2008;32;4
1;LOUKA;2012;32;3
1;LOUKA;2013;32;4
1;LOUKA;2014;32;3
1;LOUKA;2017;32;5
1;LUCAS;2000;32;11
1;LUCAS;2001;32;14
1;LUCAS;2002;32;11
1;LUCAS;2003;32;11
1;LUCAS;2004;32;15
1;LUCAS;2005;32;7
1;LUCAS;2006;32;7
1;LUCAS;2007;32;10
1;LUCAS;2008;32;8
1;LUCAS;2009;32;11
1;LUCAS;2010;32;15
1;LUCAS;2011;32;13
1;LUCAS;2012;32;10
1;LUCAS;2013;32;6
1;LUCAS;2014;32;6
1;LUCAS;2015;32;12
1;LUCAS;2016;32;5
1;LUCAS;2017;32;3
1;LUCAS;2018;32;3
1;LUCAS;2019;32;4
1;LUCAS;2020;32;7
1;LUCAS;2021;32;4
1;LUCIEN;2015;32;4
1;LUCIEN;2021;32;5
1;LUDOVIC;2001;32;3
1;LUDOVIC;2005;32;3
1;LUKA;2007;32;3
1;LUKA;2017;32;6
1;LUKA;2020;32;3
1;MAEL;2000;32;3
1;MAEL;2002;32;3
1;MAEL;2007;32;5
1;MAEL;2008;32;8
1;MAËL;2010;32;3
1;MAËL;2012;32;6
1;MAËL;2013;32;8
1;MAËL;2014;32;7
1;MAËL;2016;32;8
1;MAËL;2017;32;4
1;MAËL;2018;32;6
1;MAËL;2019;32;8
1;MAËL;2020;32;4
1;MAËL;2021;32;10
1;MALO;2018;32;3
1;MARCEAU;2021;32;4
1;MARCEL;2015;32;3
1;MARIN;2020;32;3
1;MARIUS;2009;32;3
1;MARIUS;2014;32;7
1;MARIUS;2017;32;5
1;MARIUS;2020;32;5
1;MARTIN;2001;32;3
1;MARTIN;2006;32;3
1;MARTIN;2010;32;4
1;MARTIN;2012;32;4
1;MARTIN;2014;32;4
1;MARTIN;2015;32;3
1;MARTIN;2016;32;5
1;MARTIN;2017;32;4
1;MARTIN;2018;32;3
1;MATÉO;2007;32;3
1;MATÉO;2008;32;3
1;MATÉO;2010;32;3
1;MATHÉO;2002;32;5
1;MATHÉO;2005;32;5
1;MATHÉO;2006;32;5
1;MATHÉO;2007;32;10
1;MATHÉO;2008;32;9
1;MATHÉO;2009;32;7
1;MATHÉO;2011;32;9
1;MATHÉO;2012;32;8
1;MATHÉO;2013;32;3
1;MATHÉO;2014;32;7
1;MATHÉO;2015;32;3
1;MATHÉO;2016;32;5
1;MATHIAS;2000;32;3
1;MATHIAS;2002;32;3
1;MATHIAS;2003;32;5
1;MATHIAS;2005;32;6
1;MATHIAS;2006;32;5
1;MATHIAS;2009;32;5
1;MATHIAS;2010;32;4
1;MATHIAS;2011;32;3
1;MATHIAS;2014;32;3
1;MATHIEU;2000;32;7
1;MATHIEU;2001;32;4
1;MATHIEU;2003;32;8
1;MATHIEU;2004;32;4
1;MATHIEU;2005;32;3
1;MATHIEU;2008;32;3
1;MATHIS;2001;32;4
1;MATHIS;2002;32;3
1;MATHIS;2003;32;9
1;MATHIS;2004;32;12
1;MATHIS;2005;32;15
1;MATHIS;2006;32;11
1;MATHIS;2007;32;13
1;MATHIS;2008;32;11
1;MATHIS;2009;32;6
1;MATHIS;2010;32;4
1;MATHIS;2011;32;3
1;MATHIS;2012;32;7
1;MATHIS;2014;32;6
1;MATHIS;2015;32;3
1;MATHIS;2016;32;4
1;MATHIS;2017;32;3
1;MATHIS;2020;32;6
1;MATHYS;2005;32;3
1;MATHYS;2008;32;3
1;MATHYS;2013;32;3
1;MATHYS;2017;32;3
1;MATIS;2008;32;3
1;MATTÉO;2002;32;5
1;MATTÉO;2003;32;3
1;MATTÉO;2004;32;5
1;MATTÉO;2005;32;4
1;MATTÉO;2007;32;4
1;MATTÉO;2009;32;6
1;MATTÉO;2011;32;3
1;MATTÉO;2021;32;3
1;MATTHIEU;2005;32;4
1;MAXENCE;2009;32;5
1;MAXENCE;2011;32;4
1;MAXENCE;2017;32;3
1;MAXENCE;2018;32;4
1;MAXENCE;2021;32;3
1;MAXIME;2000;32;15
1;MAXIME;2001;32;12
1;MAXIME;2002;32;11
1;MAXIME;2003;32;11
1;MAXIME;2004;32;7
1;MAXIME;2005;32;7
1;MAXIME;2006;32;4
1;MAXIME;2007;32;8
1;MAXIME;2008;32;6
1;MAXIME;2009;32;6
1;MAXIME;2011;32;3
1;MAXIME;2012;32;6
1;MAXIME;2014;32;6
1;MAXIME;2015;32;6
1;MAXIME;2016;32;4
1;MAXIME;2021;32;3
1;MEHDI;2014;32;3
1;MICKAEL;2001;32;3
1;MICKAEL;2002;32;5
1;MIKAEL;2001;32;3
1;MILAN;2011;32;3
1;MILO;2011;32;3
1;MILO;2017;32;4
1;MILO;2020;32;3
1;MILO;2021;32;5
1;MOHAMED;2013;32;3
1;MOHAMED;2017;32;5
1;MOHAMED;2019;32;5
1;MORGAN;2011;32;3
1;MORGAN;2012;32;3
1;NAËL;2013;32;3
1;NAËL;2016;32;3
1;NAËL;2020;32;3
1;NAËL;2021;32;5
1;NATHAEL;2008;32;3
1;NATHAN;2000;32;5
1;NATHAN;2001;32;5
1;NATHAN;2002;32;3
1;NATHAN;2003;32;9
1;NATHAN;2004;32;9
1;NATHAN;2005;32;8
1;NATHAN;2006;32;11
1;NATHAN;2007;32;10
1;NATHAN;2008;32;3
1;NATHAN;2009;32;12
1;NATHAN;2010;32;10
1;NATHAN;2011;32;8
1;NATHAN;2012;32;5
1;NATHAN;2013;32;6
1;NATHAN;2014;32;3
1;NATHAN;2015;32;6
1;NATHAN;2016;32;7
1;NATHAN;2019;32;3
1;NATHAN;2020;32;3
1;NATHANAËL;2016;32;3
1;NICOLAS;2000;32;20
1;NICOLAS;2001;32;7
1;NICOLAS;2002;32;4
1;NICOLAS;2003;32;9
1;NICOLAS;2004;32;4
1;NICOLAS;2005;32;3
1;NICOLAS;2006;32;3
1;NICOLAS;2007;32;4
1;NICOLAS;2014;32;4
1;NINO;2008;32;4
1;NINO;2013;32;4
1;NINO;2014;32;3
1;NINO;2017;32;8
1;NINO;2019;32;6
1;NINO;2020;32;7
1;NINO;2021;32;4
1;NOA;2005;32;9
1;NOA;2007;32;4
1;NOA;2009;32;6
1;NOA;2010;32;3
1;NOA;2011;32;5
1;NOA;2014;32;6
1;NOA;2018;32;3
1;NOAH;2003;32;3
1;NOAH;2006;32;4
1;NOAH;2007;32;9
1;NOAH;2009;32;3
1;NOAH;2010;32;4
1;NOAH;2012;32;9
1;NOAH;2013;32;4
1;NOAH;2014;32;3
1;NOAH;2017;32;3
1;NOAH;2018;32;4
1;NOAH;2020;32;6
1;NOAH;2021;32;5
1;NOAM;2018;32;3
1;NOE;2003;32;3
1;NOE;2005;32;3
1;NOE;2006;32;4
1;NOÉ;2012;32;3
1;NOÉ;2013;32;4
1;NOÉ;2016;32;4
1;NOÉ;2018;32;3
1;NOÉ;2019;32;3
1;NOÉ;2020;32;3
1;NOÉ;2021;32;3
1;NOLAN;2010;32;3
1;NOLAN;2013;32;5
1;NOLAN;2014;32;8
1;NOLAN;2015;32;3
1;NOLAN;2018;32;3
1;NOLAN;2019;32;4
1;OLIVIER;2003;32;3
1;OSCAR;2006;32;3
1;OWEN;2017;32;3
1;PABLO;2010;32;3
1;PABLO;2017;32;4
1;PABLO;2018;32;3
1;PABLO;2020;32;3
1;PABLO;2021;32;5
1;PACO;2013;32;4
1;PAUL;2000;32;14
1;PAUL;2001;32;6
1;PAUL;2002;32;8
1;PAUL;2003;32;5
1;PAUL;2005;32;4
1;PAUL;2006;32;6
1;PAUL;2007;32;4
1;PAUL;2008;32;9
1;PAUL;2009;32;9
1;PAUL;2010;32;7
1;PAUL;2011;32;9
1;PAUL;2012;32;5
1;PAUL;2014;32;5
1;PAUL;2015;32;7
1;PAUL;2016;32;5
1;PAUL;2017;32;6
1;PAUL;2018;32;7
1;PAUL;2019;32;4
1;PAUL;2021;32;3
1;PIERRE;2001;32;3
1;PIERRE;2003;32;4
1;PIERRE;2005;32;4
1;PIERRE;2007;32;3
1;PIERRE;2009;32;3
1;PIERRE;2012;32;5
1;QUENTIN;2000;32;13
1;QUENTIN;2001;32;11
1;QUENTIN;2003;32;9
1;QUENTIN;2004;32;7
1;QUENTIN;2005;32;8
1;QUENTIN;2006;32;6
1;QUENTIN;2007;32;5
1;QUENTIN;2009;32;7
1;QUENTIN;2010;32;4
1;QUENTIN;2011;32;6
1;QUENTIN;2012;32;3
1;RAFAEL;2006;32;3
1;RAPHAËL;2001;32;3
1;RAPHAËL;2003;32;3
1;RAPHAËL;2004;32;3
1;RAPHAËL;2005;32;11
1;RAPHAËL;2006;32;5
1;RAPHAËL;2007;32;10
1;RAPHAËL;2008;32;7
1;RAPHAËL;2009;32;9
1;RAPHAËL;2010;32;5
1;RAPHAËL;2011;32;3
1;RAPHAËL;2012;32;6
1;RAPHAËL;2013;32;3
1;RAPHAËL;2014;32;7
1;RAPHAËL;2015;32;9
1;RAPHAËL;2016;32;6
1;RAPHAËL;2017;32;8
1;RAPHAËL;2018;32;8
1;RAPHAËL;2019;32;5
1;RAPHAËL;2020;32;6
1;RAPHAËL;2021;32;7
1;RAYAN;2004;32;3
1;RAYAN;2006;32;4
1;RAYAN;2007;32;3
1;RAYAN;2010;32;3
1;RAYAN;2011;32;6
1;RAYAN;2017;32;3
1;RAYAN;2019;32;4
1;RAYAN;2021;32;3
1;RÉMI;2000;32;7
1;RÉMI;2001;32;4
1;RÉMI;2002;32;3
1;RÉMI;2003;32;5
1;RÉMI;2008;32;3
1;RÉMY;2001;32;3
1;RÉMY;2005;32;3
1;ROBIN;2003;32;3
1;ROBIN;2005;32;3
1;ROBIN;2008;32;6
1;ROBIN;2010;32;3
1;ROBIN;2013;32;3
1;ROBIN;2019;32;10
1;ROBIN;2020;32;3
1;ROMAIN;2000;32;9
1;ROMAIN;2001;32;6
1;ROMAIN;2002;32;12
1;ROMAIN;2004;32;4
1;ROMAIN;2005;32;3
1;ROMAIN;2006;32;6
1;ROMAIN;2007;32;3
1;ROMAIN;2008;32;4
1;ROMAIN;2009;32;7
1;ROMAIN;2010;32;5
1;ROMAIN;2011;32;3
1;ROMÉO;2015;32;3
1;ROMÉO;2021;32;3
1;RUBEN;2013;32;4
1;RUBEN;2019;32;3
1;RYAN;2003;32;3
1;SACHA;2005;32;3
1;SACHA;2006;32;4
1;SACHA;2007;32;3
1;SACHA;2008;32;3
1;SACHA;2009;32;8
1;SACHA;2010;32;5
1;SACHA;2011;32;3
1;SACHA;2012;32;4
1;SACHA;2013;32;8
1;SACHA;2016;32;5
1;SACHA;2017;32;5
1;SACHA;2018;32;3
1;SACHA;2019;32;5
1;SACHA;2020;32;6
1;SACHA;2021;32;6
1;SAMUEL;2000;32;5
1;SAMUEL;2001;32;3
1;SAMUEL;2004;32;3
1;SAMUEL;2005;32;5
1;SAMUEL;2008;32;8
1;SAMUEL;2009;32;4
1;SAMUEL;2011;32;7
1;SAMUEL;2012;32;4
1;SAMUEL;2013;32;4
1;SAMUEL;2014;32;5
1;SAMUEL;2015;32;5
1;SAMUEL;2017;32;4
1;SAMUEL;2018;32;5
1;SAMUEL;2020;32;3
1;SASHA;2018;32;3
1;SASHA;2019;32;3
1;SÉBASTIEN;2001;32;5
1;SÉBASTIEN;2004;32;3
1;SIMON;2000;32;5
1;SIMON;2001;32;6
1;SIMON;2003;32;4
1;SIMON;2004;32;6
1;SIMON;2005;32;4
1;SIMON;2006;32;7
1;SIMON;2007;32;4
1;SIMON;2011;32;3
1;SIMON;2012;32;4
1;SIMON;2013;32;5
1;SIMON;2015;32;4
1;SIMON;2021;32;4
1;SOAN;2012;32;3
1;SOAN;2019;32;3
1;SOHAN;2012;32;3
1;SWAN;2021;32;3
1;TANGUY;2006;32;3
1;THÉO;2000;32;10
1;THÉO;2001;32;11
1;THÉO;2002;32;11
1;THÉO;2003;32;13
1;THÉO;2004;32;6
1;THÉO;2005;32;11
1;THÉO;2006;32;3
1;THÉO;2007;32;5
1;THÉO;2008;32;6
1;THÉO;2009;32;8
1;THÉO;2010;32;5
1;THÉO;2011;32;8
1;THÉO;2012;32;5
1;THÉO;2013;32;7
1;THÉO;2014;32;6
1;THÉO;2015;32;11
1;THÉO;2017;32;3
1;THÉO;2018;32;5
1;THÉO;2019;32;5
1;THÉO;2020;32;3
1;THIBAULT;2001;32;4
1;THIBAULT;2009;32;3
1;THIBAULT;2010;32;3
1;THIBAUT;2000;32;4
1;THIBAUT;2001;32;4
1;THIBAUT;2004;32;3
1;THIBAUT;2010;32;3
1;THIBAUT;2014;32;3
1;THIBAUT;2019;32;3
1;THOMAS;2000;32;15
1;THOMAS;2001;32;14
1;THOMAS;2002;32;12
1;THOMAS;2003;32;14
1;THOMAS;2004;32;13
1;THOMAS;2005;32;9
1;THOMAS;2006;32;7
1;THOMAS;2007;32;6
1;THOMAS;2008;32;3
1;THOMAS;2009;32;8
1;THOMAS;2010;32;4
1;THOMAS;2011;32;6
1;THOMAS;2012;32;3
1;THOMAS;2013;32;3
1;THOMAS;2014;32;5
1;THOMAS;2018;32;3
1;THOMAS;2019;32;3
1;TIAGO;2014;32;4
1;TIAGO;2018;32;3
1;TIAGO;2019;32;4
1;TIAGO;2020;32;5
1;TIAGO;2021;32;3
1;TIMEO;2006;32;5
1;TIMÉO;2010;32;3
1;TIMÉO;2011;32;5
1;TIMÉO;2012;32;11
1;TIMÉO;2013;32;8
1;TIMÉO;2014;32;5
1;TIMÉO;2015;32;3
1;TIMÉO;2017;32;4
1;TIMÉO;2018;32;4
1;TIMÉO;2019;32;3
1;TIMÉO;2020;32;3
1;TIMÉO;2021;32;3
1;TIMOTHÉ;2016;32;4
1;TIMOTHÉE;2021;32;3
1;TITOUAN;2002;32;3
1;TITOUAN;2003;32;3
1;TITOUAN;2006;32;5
1;TITOUAN;2007;32;4
1;TITOUAN;2008;32;3
1;TITOUAN;2018;32;4
1;TOM;2001;32;4
1;TOM;2002;32;6
1;TOM;2003;32;8
1;TOM;2005;32;4
1;TOM;2006;32;7
1;TOM;2007;32;5
1;TOM;2008;32;3
1;TOM;2009;32;3
1;TOM;2011;32;6
1;TOM;2013;32;3
1;TOM;2014;32;3
1;TOM;2015;32;3
1;TOM;2018;32;4
1;TOM;2019;32;3
1;TOM;2021;32;5
1;TONI;2007;32;3
1;TONY;2001;32;3
1;TONY;2004;32;5
1;TRISTAN;2003;32;3
1;TRISTAN;2005;32;5
1;TRISTAN;2006;32;6
1;UGO;2003;32;4
1;UGO;2004;32;4
1;VALENTIN;2000;32;4
1;VALENTIN;2002;32;3
1;VALENTIN;2003;32;3
1;VALENTIN;2004;32;7
1;VALENTIN;2006;32;6
1;VALENTIN;2011;32;7
1;VALENTIN;2012;32;4
1;VALENTIN;2013;32;3
1;VALENTIN;2014;32;7
1;VALENTIN;2016;32;3
1;VALENTIN;2017;32;3
1;VALENTIN;2019;32;4
1;VICTOR;2000;32;4
1;VICTOR;2008;32;5
1;VICTOR;2011;32;3
1;VICTOR;2015;32;3
1;VICTOR;2018;32;3
1;VICTOR;2021;32;3
1;VINCENT;2000;32;6
1;VINCENT;2002;32;4
1;VINCENT;2003;32;3
1;WASSIM;2014;32;3
1;WILLIAM;2008;32;4
1;WILLIAM;2017;32;6
1;YANIS;2002;32;4
1;YANIS;2003;32;7
1;YANIS;2004;32;5
1;YANIS;2005;32;4
1;YANIS;2006;32;4
1;YANIS;2007;32;3
1;YANIS;2008;32;7
1;YANIS;2009;32;6
1;YANIS;2010;32;7
1;YANIS;2011;32;4
1;YANIS;2013;32;5
1;YANIS;2014;32;6
1;YANIS;2016;32;5
1;YANIS;2017;32;3
1;YANIS;2021;32;4
1;YANN;2001;32;3
1;YANNIS;2004;32;4
1;YANNIS;2009;32;3
1;YOAN;2000;32;3
2;_PRENOMS_RARES;2000;32;12
2;_PRENOMS_RARES;2001;32;5
2;_PRENOMS_RARES;2002;32;9
2;_PRENOMS_RARES;2003;32;15
2;_PRENOMS_RARES;2004;32;18
2;_PRENOMS_RARES;2005;32;11
2;_PRENOMS_RARES;2006;32;17
2;_PRENOMS_RARES;2007;32;12
2;_PRENOMS_RARES;2008;32;20
2;_PRENOMS_RARES;2009;32;19
2;_PRENOMS_RARES;2010;32;19
2;_PRENOMS_RARES;2011;32;14
2;_PRENOMS_RARES;2012;32;16
2;_PRENOMS_RARES;2013;32;20
2;_PRENOMS_RARES;2014;32;17
2;_PRENOMS_RARES;2015;32;25
2;_PRENOMS_RARES;2016;32;21
2;_PRENOMS_RARES;2017;32;19
2;_PRENOMS_RARES;2018;32;24
2;_PRENOMS_RARES;2019;32;28
2;_PRENOMS_RARES;2020;32;22
2;_PRENOMS_RARES;2021;32;26
2;ADÈLE;2015;32;3
2;ADÈLE;2017;32;3
2;AGATHE;2005;32;5
2;AGATHE;2007;32;5
2;AGATHE;2020;32;4
2;ALBA;2021;32;4
2;ALBANE;2016;32;3
2;ALBANE;2019;32;3
2;ALBANE;2020;32;3
2;ALEXIA;2000;32;3
2;ALEXIA;2001;32;5
2;ALEXIA;2002;32;4
2;ALEXIA;2003;32;3
2;ALEXIA;2006;32;4
2;ALICE;2001;32;3
2;ALICE;2003;32;4
2;ALICE;2004;32;3
2;ALICE;2008;32;4
2;ALICE;2010;32;3
2;ALICE;2012;32;5
2;ALICE;2013;32;3
2;ALICE;2014;32;4
2;ALICE;2015;32;3
2;ALICE;2017;32;3
2;ALICE;2018;32;3
2;ALICE;2019;32;4
2;ALICE;2020;32;6
2;ALICE;2021;32;6
2;ALICIA;2004;32;3
2;ALICIA;2005;32;3
2;ALICIA;2012;32;4
2;ALICIA;2016;32;3
2;ALIX;2020;32;4
2;AMANDINE;2000;32;3
2;AMANDINE;2001;32;6
2;AMANDINE;2008;32;4
2;AMBRE;2001;32;3
2;AMBRE;2002;32;4
2;AMBRE;2005;32;5
2;AMBRE;2007;32;5
2;AMBRE;2009;32;3
2;AMBRE;2010;32;5
2;AMBRE;2011;32;4
2;AMBRE;2012;32;6
2;AMBRE;2013;32;4
2;AMBRE;2015;32;3
2;AMBRE;2016;32;3
2;AMBRE;2017;32;3
2;AMBRE;2018;32;7
2;AMBRE;2019;32;7
2;AMBRE;2021;32;6
2;AMÉLIE;2000;32;3
2;AMÉLIE;2001;32;5
2;AMÉLIE;2002;32;3
2;AMÉLIE;2003;32;3
2;AMÉLIE;2005;32;3
2;ANAÉ;2012;32;3
2;ANAÏS;2000;32;3
2;ANAÏS;2001;32;10
2;ANAÏS;2002;32;10
2;ANAÏS;2003;32;8
2;ANAÏS;2004;32;6
2;ANAÏS;2005;32;10
2;ANAÏS;2006;32;7
2;ANAÏS;2008;32;7
2;ANAÏS;2009;32;4
2;ANAÏS;2011;32;7
2;ANAÏS;2013;32;5
2;ANAÏS;2014;32;5
2;ANNA;2000;32;5
2;ANNA;2002;32;3
2;ANNA;2003;32;3
2;ANNA;2005;32;5
2;ANNA;2006;32;3
2;ANNA;2007;32;8
2;ANNA;2008;32;5
2;ANNA;2009;32;4
2;ANNA;2010;32;5
2;ANNA;2011;32;4
2;ANNA;2012;32;5
2;ANNA;2013;32;6
2;ANNA;2016;32;4
2;ANNA;2019;32;4
2;APOLLINE;2016;32;3
2;AUDREY;2000;32;3
2;AUDREY;2001;32;3
2;AUDREY;2004;32;4
2;AURIANE;2002;32;3
2;AURORE;2000;32;3
2;AURORE;2003;32;3
2;CAMILLE;2000;32;8
2;CAMILLE;2001;32;9
2;CAMILLE;2002;32;6
2;CAMILLE;2003;32;4
2;CAMILLE;2005;32;8
2;CAMILLE;2006;32;5
2;CAMILLE;2008;32;7
2;CAMILLE;2009;32;10
2;CAMILLE;2010;32;6
2;CAMILLE;2011;32;3
2;CAMILLE;2012;32;7
2;CAMILLE;2014;32;3
2;CAMILLE;2015;32;4
2;CAMILLE;2017;32;3
2;CAMILLE;2020;32;5
2;CANDICE;2000;32;3
2;CANDICE;2007;32;5
2;CANDICE;2014;32;4
2;CANDICE;2016;32;3
2;CAPUCINE;2013;32;3
2;CAPUCINE;2017;32;3
2;CAPUCINE;2020;32;3
2;CARLA;2001;32;3
2;CARLA;2002;32;5
2;CARLA;2003;32;7
2;CARLA;2004;32;6
2;CARLA;2005;32;4
2;CARLA;2007;32;4
2;CARLA;2008;32;3
2;CÉCILE;2000;32;3
2;CÉCILIA;2002;32;3
2;CÉLESTE;2021;32;4
2;CÉLIA;2001;32;5
2;CÉLIA;2002;32;3
2;CÉLIA;2003;32;3
2;CÉLIA;2005;32;3
2;CÉLIA;2006;32;4
2;CÉLIA;2007;32;4
2;CÉLIA;2008;32;4
2;CÉLIA;2009;32;5
2;CÉLIA;2011;32;7
2;CÉLIA;2014;32;3
2;CÉLIA;2015;32;3
2;CÉLIA;2016;32;3
2;CHARLIE;2018;32;3
2;CHARLIE;2020;32;3
2;CHARLIE;2021;32;3
2;CHARLOTTE;2001;32;4
2;CHARLOTTE;2002;32;4
2;CHARLOTTE;2003;32;9
2;CHARLOTTE;2005;32;6
2;CHARLOTTE;2006;32;5
2;CHARLOTTE;2007;32;5
2;CHARLOTTE;2008;32;5
2;CHARLOTTE;2011;32;9
2;CHARLOTTE;2012;32;3
2;CHARLOTTE;2014;32;4
2;CHARLOTTE;2015;32;5
2;CHARLOTTE;2018;32;4
2;CHIARA;2005;32;3
2;CHLOÉ;2000;32;5
2;CHLOÉ;2001;32;15
2;CHLOÉ;2002;32;11
2;CHLOÉ;2003;32;3
2;CHLOÉ;2004;32;15
2;CHLOÉ;2005;32;10
2;CHLOÉ;2006;32;8
2;CHLOÉ;2007;32;7
2;CHLOÉ;2008;32;7
2;CHLOÉ;2009;32;6
2;CHLOÉ;2010;32;9
2;CHLOÉ;2011;32;5
2;CHLOÉ;2013;32;8
2;CHLOÉ;2014;32;7
2;CHLOÉ;2015;32;4
2;CHLOÉ;2016;32;7
2;CHLOÉ;2017;32;9
2;CHLOÉ;2019;32;5
2;CHLOÉ;2020;32;3
2;CLAIRE;2000;32;5
2;CLAIRE;2001;32;3
2;CLAIRE;2002;32;7
2;CLARA;2000;32;5
2;CLARA;2001;32;9
2;CLARA;2002;32;8
2;CLARA;2003;32;5
2;CLARA;2004;32;12
2;CLARA;2005;32;12
2;CLARA;2006;32;10
2;CLARA;2007;32;5
2;CLARA;2008;32;9
2;CLARA;2009;32;7
2;CLARA;2012;32;3
2;CLARA;2013;32;3
2;CLARA;2014;32;3
2;CLARA;2018;32;3
2;CLARA;2020;32;4
2;CLARA;2021;32;3
2;CLARISSE;2001;32;5
2;CLÉA;2006;32;3
2;CLÉA;2009;32;3
2;CLÉA;2017;32;3
2;CLÉMENCE;2003;32;9
2;CLÉMENCE;2005;32;7
2;CLÉMENCE;2006;32;5
2;CLÉMENCE;2007;32;4
2;CLÉMENCE;2008;32;4
2;CLÉMENCE;2017;32;3
2;CLÉMENCE;2018;32;3
2;CLÉMENCE;2020;32;3
2;CLÉMENTINE;2006;32;3
2;CLOE;2000;32;3
2;CLOE;2001;32;4
2;CLOE;2003;32;3
2;CLOE;2009;32;4
2;CLOÉ;2011;32;3
2;COLINE;2001;32;5
2;COLINE;2003;32;4
2;CONSTANCE;2007;32;3
2;CORALIE;2000;32;5
2;CORALIE;2002;32;5
2;CORALIE;2004;32;3
2;CORALIE;2007;32;3
2;DORIANE;2000;32;3
2;ELÉA;2013;32;3
2;ELENA;2007;32;4
2;ELENA;2015;32;4
2;ELENA;2017;32;3
2;ÉLÉNA;2021;32;3
2;ELIA;2018;32;3
2;ELISA;2001;32;5
2;ELISA;2002;32;5
2;ELISA;2003;32;5
2;ELISA;2004;32;6
2;ELISA;2005;32;5
2;ELISA;2009;32;3
2;ELISA;2014;32;3
2;ELISA;2021;32;4
2;ELISE;2003;32;3
2;ELISE;2004;32;3
2;ELISE;2005;32;3
2;ELISE;2009;32;4
2;ELISE;2014;32;3
2;ELISE;2017;32;3
2;ELISE;2018;32;3
2;ELISE;2020;32;3
2;ELISE;2021;32;4
2;ELODIE;2000;32;3
2;ELODIE;2002;32;3
2;ELODIE;2005;32;3
2;ELODIE;2007;32;3
2;ELOISE;2005;32;4
2;ELOISE;2006;32;3
2;ELOISE;2008;32;3
2;ELOISE;2009;32;4
2;ELOÏSE;2014;32;3
2;ELSA;2000;32;3
2;ELSA;2001;32;5
2;ELSA;2002;32;6
2;ELSA;2003;32;3
2;ELSA;2006;32;4
2;ELSA;2008;32;6
2;ELSA;2009;32;3
2;ELSA;2011;32;3
2;ELSA;2012;32;3
2;ELSA;2015;32;3
2;ELSA;2021;32;3
2;EMELINE;2000;32;3
2;EMELINE;2003;32;3
2;EMIE;2009;32;3
2;EMILIE;2000;32;4
2;EMILIE;2001;32;7
2;EMILIE;2002;32;6
2;EMILIE;2003;32;3
2;EMILIE;2004;32;3
2;EMILIE;2007;32;3
2;EMILIE;2008;32;3
2;EMMA;2000;32;11
2;EMMA;2001;32;14
2;EMMA;2002;32;14
2;EMMA;2003;32;13
2;EMMA;2004;32;10
2;EMMA;2005;32;9
2;EMMA;2006;32;8
2;EMMA;2007;32;11
2;EMMA;2008;32;7
2;EMMA;2009;32;13
2;EMMA;2010;32;9
2;EMMA;2011;32;6
2;EMMA;2012;32;6
2;EMMA;2013;32;5
2;EMMA;2014;32;5
2;EMMA;2015;32;8
2;EMMA;2017;32;3
2;EMMA;2018;32;4
2;EMMA;2019;32;4
2;EMMA;2020;32;9
2;EMMA;2021;32;5
2;EMMY;2010;32;3
2;EMY;2009;32;3
2;ENOLA;2009;32;4
2;ENORA;2009;32;3
2;ESTELLE;2010;32;3
2;EVA;2001;32;4
2;EVA;2002;32;5
2;EVA;2003;32;4
2;EVA;2004;32;7
2;EVA;2006;32;5
2;EVA;2007;32;3
2;EVA;2008;32;3
2;EVA;2009;32;7
2;EVA;2010;32;5
2;EVA;2011;32;4
2;EVA;2014;32;5
2;EVA;2015;32;3
2;EVA;2016;32;4
2;EVA;2018;32;4
2;FANNY;2003;32;3
2;FAUSTINE;2005;32;3
2;FAUSTINE;2008;32;3
2;FAUSTINE;2018;32;4
2;FLAVIE;2002;32;3
2;GABRIELLE;2018;32;3
2;GIULIA;2020;32;3
2;GIULIA;2021;32;7
2;HÉLOÏSE;2008;32;5
2;HÉLOÏSE;2018;32;3
2;HÉLOÏSE;2019;32;3
2;ILONA;2003;32;4
2;INAYA;2017;32;3
2;INÈS;2000;32;6
2;INÈS;2001;32;3
2;INÈS;2002;32;8
2;INÈS;2003;32;5
2;INÈS;2004;32;7
2;INÈS;2005;32;6
2;INÈS;2006;32;7
2;INÈS;2007;32;7
2;INÈS;2008;32;5
2;INÈS;2009;32;6
2;INÈS;2010;32;6
2;INÈS;2011;32;7
2;INÈS;2012;32;4
2;INÈS;2013;32;6
2;INÈS;2014;32;7
2;INÈS;2015;32;3
2;INÈS;2017;32;3
2;INÈS;2019;32;5
2;INÈS;2021;32;3
2;IRIS;2012;32;3
2;IRIS;2020;32;3
2;JADE;2000;32;5
2;JADE;2001;32;3
2;JADE;2003;32;6
2;JADE;2004;32;4
2;JADE;2005;32;6
2;JADE;2006;32;4
2;JADE;2007;32;5
2;JADE;2008;32;11
2;JADE;2009;32;9
2;JADE;2010;32;7
2;JADE;2011;32;4
2;JADE;2012;32;7
2;JADE;2013;32;10
2;JADE;2014;32;5
2;JADE;2015;32;3
2;JADE;2016;32;5
2;JADE;2017;32;3
2;JADE;2018;32;7
2;JADE;2019;32;3
2;JADE;2020;32;6
2;JADE;2021;32;8
2;JEANNE;2000;32;3
2;JEANNE;2001;32;3
2;JEANNE;2002;32;3
2;JEANNE;2004;32;4
2;JEANNE;2005;32;3
2;JEANNE;2011;32;3
2;JEANNE;2015;32;3
2;JEANNE;2017;32;4
2;JEANNE;2018;32;3
2;JEANNE;2020;32;4
2;JEANNE;2021;32;5
2;JESSICA;2000;32;6
2;JESSICA;2006;32;3
2;JOY;2021;32;3
2;JULIA;2005;32;3
2;JULIA;2007;32;4
2;JULIA;2008;32;6
2;JULIA;2010;32;4
2;JULIA;2011;32;4
2;JULIA;2012;32;3
2;JULIA;2013;32;3
2;JULIA;2014;32;6
2;JULIA;2016;32;4
2;JULIA;2017;32;3
2;JULIA;2018;32;3
2;JULIA;2020;32;3
2;JULIA;2021;32;4
2;JULIE;2000;32;5
2;JULIE;2001;32;5
2;JULIE;2002;32;7
2;JULIE;2003;32;7
2;JULIE;2004;32;6
2;JULIE;2005;32;4
2;JULIE;2006;32;5
2;JULIE;2007;32;10
2;JULIE;2008;32;3
2;JULIETTE;2001;32;3
2;JULIETTE;2002;32;3
2;JULIETTE;2003;32;3
2;JULIETTE;2005;32;3
2;JULIETTE;2006;32;3
2;JULIETTE;2007;32;4
2;JULIETTE;2008;32;7
2;JULIETTE;2009;32;3
2;JULIETTE;2010;32;4
2;JULIETTE;2012;32;6
2;JULIETTE;2014;32;3
2;JULIETTE;2015;32;6
2;JULIETTE;2017;32;8
2;JULIETTE;2018;32;7
2;JULIETTE;2020;32;3
2;JUSTINE;2000;32;6
2;JUSTINE;2001;32;6
2;JUSTINE;2002;32;3
2;JUSTINE;2003;32;6
2;JUSTINE;2004;32;7
2;JUSTINE;2005;32;4
2;JUSTINE;2007;32;6
2;JUSTINE;2008;32;4
2;JUSTINE;2009;32;3
2;JUSTINE;2010;32;3
2;JUSTINE;2012;32;3
2;KELLY;2017;32;3
2;KELLY;2020;32;4
2;KIARA;2018;32;3
2;LAETITIA;2000;32;4
2;LALIE;2008;32;4
2;LANA;2009;32;3
2;LANA;2012;32;4
2;LANA;2014;32;3
2;LANA;2015;32;5
2;LANA;2016;32;5
2;LANA;2017;32;3
2;LANA;2019;32;3
2;LAURA;2000;32;14
2;LAURA;2001;32;11
2;LAURA;2002;32;8
2;LAURA;2003;32;4
2;LAURA;2004;32;9
2;LAURA;2006;32;4
2;LAURA;2007;32;5
2;LAURA;2009;32;5
2;LAURA;2011;32;5
2;LAURIE;2000;32;4
2;LAURIE;2001;32;6
2;LAURINE;2000;32;5
2;LAURINE;2001;32;4
2;LAURINE;2005;32;3
2;LÉA;2000;32;16
2;LÉA;2001;32;14
2;LÉA;2002;32;17
2;LÉA;2003;32;9
2;LÉA;2004;32;14
2;LÉA;2005;32;10
2;LÉA;2006;32;9
2;LÉA;2007;32;10
2;LÉA;2008;32;5
2;LÉA;2009;32;9
2;LÉA;2010;32;3
2;LÉA;2011;32;4
2;LÉA;2012;32;7
2;LÉA;2013;32;11
2;LÉA;2014;32;4
2;LÉA;2016;32;10
2;LÉA;2019;32;4
2;LÉA;2020;32;3
2;LÉANA;2008;32;3
2;LÉANA;2012;32;3
2;LÉANA;2013;32;3
2;LÉANA;2014;32;3
2;LÉANA;2015;32;5
2;LÉNA;2001;32;3
2;LÉNA;2002;32;4
2;LÉNA;2003;32;5
2;LÉNA;2005;32;7
2;LÉNA;2007;32;3
2;LÉNA;2008;32;5
2;LÉNA;2010;32;4
2;LÉNA;2011;32;4
2;LÉNA;2015;32;5
2;LÉNA;2017;32;4
2;LÉNA;2019;32;4
2;LÉNA;2020;32;3
2;LÉNA;2021;32;4
2;LÉONIE;2009;32;4
2;LÉONIE;2012;32;3
2;LÉONIE;2013;32;3
2;LÉONIE;2014;32;4
2;LÉONIE;2015;32;3
2;LÉONIE;2016;32;3
2;LÉONIE;2018;32;3
2;LÉONIE;2020;32;4
2;LÉONIE;2021;32;3
2;LÉONORE;2020;32;3
2;LIA;2021;32;4
2;LILIA;2011;32;3
2;LILIE;2012;32;3
2;LILOU;2003;32;5
2;LILOU;2004;32;3
2;LILOU;2008;32;5
2;LILOU;2009;32;8
2;LILOU;2010;32;5
2;LILOU;2011;32;3
2;LILOU;2013;32;6
2;LILOU;2014;32;6
2;LILOU;2015;32;6
2;LILOU;2016;32;3
2;LILOU;2017;32;4
2;LILOU;2019;32;3
2;LILY;2007;32;4
2;LILY;2011;32;4
2;LILY;2014;32;3
2;LILY;2015;32;4
2;LILY;2021;32;3
2;LINA;2008;32;4
2;LINA;2010;32;3
2;LINA;2011;32;3
2;LINA;2014;32;4
2;LINA;2017;32;3
2;LINA;2018;32;4
2;LINA;2019;32;3
2;LINA;2021;32;3
2;LISA;2001;32;10
2;LISA;2002;32;10
2;LISA;2003;32;8
2;LISA;2004;32;4
2;LISA;2005;32;5
2;LISA;2009;32;3
2;LISA;2010;32;3
2;LISA;2012;32;3
2;LISA;2014;32;3
2;LISE;2006;32;3
2;LISE;2008;32;5
2;LISE;2009;32;3
2;LISE;2015;32;3
2;LISE;2019;32;4
2;LISON;2019;32;3
2;LIVIA;2021;32;3
2;LOLA;2001;32;5
2;LOLA;2002;32;5
2;LOLA;2003;32;5
2;LOLA;2005;32;3
2;LOLA;2006;32;8
2;LOLA;2007;32;8
2;LOLA;2008;32;4
2;LOLA;2009;32;5
2;LOLA;2011;32;7
2;LOLA;2012;32;10
2;LOLA;2013;32;11
2;LOLA;2014;32;14
2;LOLA;2015;32;3
2;LOLA;2017;32;4
2;LOLA;2019;32;8
2;LOLA;2020;32;3
2;LOU;2004;32;4
2;LOU;2006;32;3
2;LOU;2007;32;4
2;LOU;2008;32;3
2;LOU;2009;32;6
2;LOU;2010;32;6
2;LOU;2014;32;5
2;LOU;2017;32;4
2;LOU;2018;32;5
2;LOU;2019;32;4
2;LOU;2020;32;4
2;LOU;2021;32;7
2;LOUANE;2006;32;4
2;LOUANE;2007;32;5
2;LOUANE;2010;32;5
2;LOUANE;2011;32;3
2;LOUANE;2017;32;4
2;LOUISE;2000;32;4
2;LOUISE;2002;32;5
2;LOUISE;2003;32;4
2;LOUISE;2004;32;7
2;LOUISE;2005;32;4
2;LOUISE;2006;32;3
2;LOUISE;2007;32;3
2;LOUISE;2008;32;8
2;LOUISE;2009;32;3
2;LOUISE;2010;32;9
2;LOUISE;2011;32;8
2;LOUISE;2012;32;6
2;LOUISE;2013;32;3
2;LOUISE;2014;32;9
2;LOUISE;2015;32;8
2;LOUISE;2016;32;4
2;LOUISE;2018;32;6
2;LOUISE;2019;32;6
2;LOUISE;2020;32;4
2;LOUISE;2021;32;5
2;LOUNA;2005;32;3
2;LOUNA;2006;32;3
2;LOUNA;2008;32;4
2;LOUNA;2012;32;4
2;LOUNA;2014;32;5
2;LOUNA;2015;32;7
2;LUCIE;2000;32;7
2;LUCIE;2001;32;7
2;LUCIE;2002;32;6
2;LUCIE;2003;32;9
2;LUCIE;2004;32;6
2;LUCIE;2005;32;8
2;LUCIE;2006;32;7
2;LUCIE;2007;32;7
2;LUCIE;2008;32;7
2;LUCIE;2009;32;6
2;LUCIE;2010;32;5
2;LUCIE;2011;32;5
2;LUCIE;2013;32;3
2;LUCIE;2014;32;4
2;LUCIE;2015;32;5
2;LUCIE;2016;32;3
2;LUCIE;2017;32;5
2;LUCIE;2018;32;6
2;LUCIE;2019;32;3
2;LUCIE;2020;32;4
2;LUCIE;2021;32;3
2;LUCILE;2000;32;3
2;LUCY;2001;32;3
2;LUCY;2004;32;3
2;LUDIVINE;2002;32;4
2;LUNA;2004;32;3
2;LUNA;2013;32;4
2;LUNA;2016;32;4
2;LUNA;2021;32;4
2;LÙNA;2011;32;3
2;LYA;2017;32;3
2;LYA;2021;32;4
2;LYANA;2021;32;3
2;LYNA;2015;32;3
2;MAELLE;2002;32;3
2;MAELLE;2003;32;4
2;MAELLE;2007;32;3
2;MAELLE;2010;32;3
2;MAËLLE;2014;32;3
2;MAËLLE;2017;32;3
2;MAËLLE;2019;32;3
2;MAELYS;2004;32;3
2;MAELYS;2005;32;3
2;MAELYS;2006;32;5
2;MAELYS;2007;32;5
2;MAELYS;2009;32;7
2;MAELYS;2010;32;3
2;MAËLYS;2011;32;6
2;MAËLYS;2012;32;4
2;MAËLYS;2020;32;4
2;MAEVA;2000;32;8
2;MAEVA;2001;32;5
2;MAEVA;2002;32;5
2;MAEVA;2003;32;5
2;MAEVA;2004;32;5
2;MAEVA;2005;32;3
2;MAEVA;2006;32;5
2;MAEVA;2007;32;3
2;MAEVA;2008;32;4
2;MAËVA;2013;32;3
2;MAILYS;2004;32;3
2;MAÏLYS;2016;32;4
2;MANON;2000;32;13
2;MANON;2001;32;14
2;MANON;2002;32;8
2;MANON;2003;32;6
2;MANON;2004;32;5
2;MANON;2005;32;12
2;MANON;2006;32;8
2;MANON;2007;32;7
2;MANON;2008;32;15
2;MANON;2009;32;9
2;MANON;2010;32;7
2;MANON;2011;32;9
2;MANON;2012;32;12
2;MANON;2013;32;11
2;MANON;2014;32;7
2;MANON;2015;32;5
2;MANON;2016;32;10
2;MANON;2020;32;3
2;MANON;2021;32;4
2;MARGAUX;2000;32;5
2;MARGAUX;2001;32;7
2;MARGAUX;2004;32;4
2;MARGAUX;2008;32;4
2;MARGAUX;2015;32;4
2;MARGOT;2002;32;3
2;MARGOT;2005;32;6
2;MARGOT;2006;32;3
2;MARGOT;2007;32;5
2;MARGOT;2011;32;3
2;MARGOT;2012;32;3
2;MARGOT;2014;32;3
2;MARGOT;2016;32;3
2;MARGOT;2018;32;4
2;MARGOT;2019;32;3
2;MARIE;2000;32;10
2;MARIE;2001;32;4
2;MARIE;2002;32;10
2;MARIE;2003;32;7
2;MARIE;2004;32;4
2;MARIE;2005;32;3
2;MARIE;2006;32;4
2;MARIE;2007;32;8
2;MARIE;2010;32;3
2;MARINA;2000;32;4
2;MARINA;2002;32;4
2;MARINE;2000;32;6
2;MARINE;2001;32;11
2;MARINE;2002;32;10
2;MARINE;2003;32;5
2;MARINE;2004;32;6
2;MARINE;2005;32;3
2;MARINE;2007;32;3
2;MARION;2000;32;4
2;MARION;2001;32;5
2;MARION;2004;32;3
2;MARION;2005;32;3
2;MARION;2007;32;4
2;MARION;2010;32;3
2;MATHILDE;2000;32;9
2;MATHILDE;2001;32;4
2;MATHILDE;2002;32;7
2;MATHILDE;2003;32;8
2;MATHILDE;2004;32;5
2;MATHILDE;2006;32;5
2;MATHILDE;2007;32;6
2;MATHILDE;2008;32;3
2;MATHILDE;2009;32;3
2;MATHILDE;2010;32;5
2;MAYA;2005;32;3
2;MAYA;2009;32;3
2;MAYA;2016;32;3
2;MAYLIS;2006;32;4
2;MÉLANIE;2000;32;7
2;MÉLANIE;2002;32;3
2;MÉLANIE;2005;32;3
2;MÉLINA;2013;32;3
2;MÉLINA;2014;32;4
2;MÉLISSA;2000;32;5
2;MÉLISSA;2001;32;6
2;MÉLISSA;2004;32;3
2;MÉLISSA;2006;32;5
2;MÉLISSA;2007;32;3
2;MÉLISSA;2015;32;3
2;MIA;2010;32;3
2;MIA;2015;32;3
2;MIA;2019;32;5
2;MIA;2020;32;5
2;MIA;2021;32;3
2;MILA;2014;32;3
2;MILA;2015;32;7
2;MILA;2016;32;3
2;MILA;2017;32;3
2;MILA;2019;32;3
2;MILA;2020;32;3
2;MILA;2021;32;5
2;MORGANE;2000;32;7
2;MORGANE;2001;32;5
2;MORGANE;2003;32;4
2;MORGANE;2006;32;3
2;MORGANE;2009;32;3
2;MYA;2020;32;3
2;NEYLA;2021;32;3
2;NINA;2000;32;4
2;NINA;2009;32;4
2;NINA;2010;32;6
2;NINA;2016;32;4
2;NINA;2018;32;5
2;NINA;2021;32;3
2;NINON;2014;32;3
2;NOELIE;2003;32;3
2;NOÉLIE;2014;32;5
2;NOEMIE;2000;32;3
2;NOEMIE;2002;32;5
2;NOEMIE;2003;32;3
2;NOEMIE;2004;32;3
2;NOEMIE;2006;32;3
2;NOEMIE;2007;32;6
2;NOEMIE;2008;32;3
2;NOEMIE;2009;32;6
2;NOÉMIE;2010;32;4
2;NOÉMIE;2011;32;4
2;NOÉMIE;2014;32;3
2;NORA;2015;32;3
2;NOUR;2021;32;3
2;OCÉANE;2000;32;8
2;OCÉANE;2001;32;8
2;OCÉANE;2002;32;8
2;OCÉANE;2003;32;14
2;OCÉANE;2004;32;8
2;OCÉANE;2005;32;5
2;OCÉANE;2007;32;12
2;OCÉANE;2009;32;4
2;OCÉANE;2011;32;6
2;OCÉANE;2012;32;5
2;OCÉANE;2013;32;3
2;OCÉANE;2016;32;5
2;OCÉANE;2018;32;4
2;OLIVIA;2007;32;6
2;OLIVIA;2009;32;3
2;OLIVIA;2014;32;5
2;OPHÉLIE;2001;32;3
2;PAOLA;2010;32;3
2;PAULINE;2000;32;5
2;PAULINE;2001;32;6
2;PAULINE;2003;32;4
2;PAULINE;2004;32;3
2;PAULINE;2005;32;3
2;PAULINE;2008;32;6
2;PAULINE;2010;32;3
2;PAULINE;2012;32;3
2;PAULINE;2015;32;3
2;ROMANE;2002;32;3
2;ROMANE;2003;32;3
2;ROMANE;2004;32;6
2;ROMANE;2005;32;4
2;ROMANE;2006;32;5
2;ROMANE;2007;32;6
2;ROMANE;2008;32;7
2;ROMANE;2009;32;7
2;ROMANE;2010;32;5
2;ROMANE;2012;32;4
2;ROMANE;2013;32;4
2;ROMANE;2014;32;4
2;ROMANE;2015;32;3
2;ROMANE;2017;32;3
2;ROMANE;2019;32;3
2;ROMY;2019;32;4
2;ROMY;2020;32;5
2;ROMY;2021;32;5
2;ROSE;2008;32;3
2;ROSE;2017;32;4
2;ROSE;2018;32;3
2;ROSE;2019;32;3
2;ROXANE;2021;32;3
2;SALOMÉ;2004;32;4
2;SAMANTHA;2002;32;3
2;SARAH;2000;32;6
2;SARAH;2001;32;11
2;SARAH;2002;32;9
2;SARAH;2003;32;4
2;SARAH;2004;32;8
2;SARAH;2005;32;5
2;SARAH;2006;32;8
2;SARAH;2007;32;7
2;SARAH;2008;32;8
2;SARAH;2009;32;7
2;SARAH;2011;32;4
2;SARAH;2012;32;3
2;SARAH;2013;32;4
2;SHANNA;2013;32;3
2;SHANNA;2015;32;3
2;SOFIA;2010;32;3
2;SOLÈNE;2001;32;5
2;SOLÈNE;2005;32;5
2;SOLÈNE;2008;32;3
2;SOLINE;2017;32;3
2;SOLINE;2020;32;3
2;STÉPHANIE;2000;32;3
2;THÉA;2017;32;3
2;VALENTINE;2000;32;3
2;VALENTINE;2001;32;3
2;VALENTINE;2014;32;3
2;VALENTINE;2019;32;3
2;VICTOIRE;2010;32;3
2;VICTOIRE;2015;32;3
2;VICTOIRE;2021;32;4
2;VICTORIA;2020;32;4
2;YUNA;2011;32;3
2;ZÉLIE;2012;32;4
2;ZOÉ;2001;32;4
2;ZOÉ;2004;32;5
2;ZOÉ;2005;32;4
2;ZOÉ;2006;32;5
2;ZOÉ;2007;32;9
2;ZOÉ;2008;32;5
2;ZOÉ;2009;32;3
2;ZOÉ;2011;32;6
2;ZOÉ;2012;32;6
2;ZOÉ;2013;32;4
2;ZOÉ;2014;32;4
2;ZOÉ;2015;32;4
2;ZOÉ;2016;32;4
2;ZOÉ;2017;32;3
2;ZOÉ;2018;32;3
2;ZOÉ;2019;32;3
2;ZOÉ;2021;32;6
