sexe;preusuel;annais;dpt;nombre
1;_PRENOMS_RARES;2000;39;27
1;_PRENOMS_RARES;2001;39;23
1;_PRENOMS_RARES;2002;39;40
1;_PRENOMS_RARES;2003;39;33
1;_PRENOMS_RARES;2004;39;38
1;_PRENOMS_RARES;2005;39;37
1;_PRENOMS_RARES;2006;39;46
1;_PRENOMS_RARES;2007;39;29
1;_PRENOMS_RARES;2008;39;40
1;_PRENOMS_RARES;2009;39;48
1;_PRENOMS_RARES;2010;39;53
1;_PRENOMS_RARES;2011;39;41
1;_PRENOMS_RARES;2012;39;41
1;_PRENOMS_RARES;2013;39;45
1;_PRENOMS_RARES;2014;39;36
1;_PRENOMS_RARES;2015;39;32
1;_PRENOMS_RARES;2016;39;44
1;_PRENOMS_RARES;2017;39;49
1;_PRENOMS_RARES;2018;39;65
1;_PRENOMS_RARES;2019;39;38
1;_PRENOMS_RARES;2020;39;36
1;_PRENOMS_RARES;2021;39;53
1;AARON;2007;39;4
1;AARON;2008;39;4
1;AARON;2009;39;4
1;AARON;2010;39;4
1;AARON;2011;39;7
1;AARON;2012;39;6
1;AARON;2013;39;7
1;AARON;2014;39;10
1;AARON;2015;39;8
1;AARON;2016;39;5
1;AARON;2017;39;9
1;AARON;2018;39;8
1;AARON;2019;39;8
1;AARON;2020;39;8
1;AARON;2021;39;7
1;ABEL;2018;39;5
1;ACHILLE;2021;39;3
1;ADAM;2000;39;4
1;ADAM;2001;39;3
1;ADAM;2007;39;10
1;ADAM;2008;39;10
1;ADAM;2009;39;10
1;ADAM;2010;39;4
1;ADAM;2011;39;7
1;ADAM;2012;39;14
1;ADAM;2013;39;7
1;ADAM;2014;39;10
1;ADAM;2015;39;10
1;ADAM;2016;39;7
1;ADAM;2017;39;3
1;ADAM;2018;39;7
1;ADAM;2019;39;5
1;ADAM;2020;39;8
1;ADAM;2021;39;9
1;ADAME;2007;39;3
1;ADEM;2012;39;3
1;ADIL;2008;39;3
1;ADRIEN;2000;39;18
1;ADRIEN;2001;39;21
1;ADRIEN;2002;39;8
1;ADRIEN;2003;39;8
1;ADRIEN;2004;39;8
1;ADRIEN;2005;39;8
1;ADRIEN;2006;39;3
1;ADRIEN;2007;39;9
1;ADRIEN;2008;39;6
1;ADRIEN;2009;39;3
1;ADRIEN;2010;39;6
1;ADRIEN;2015;39;4
1;ADRIEN;2018;39;4
1;ADRIEN;2019;39;4
1;ALAN;2000;39;4
1;ALAN;2001;39;3
1;ALAN;2002;39;3
1;ALAN;2004;39;3
1;ALAN;2007;39;3
1;ALBAN;2002;39;4
1;ALBAN;2007;39;3
1;ALBAN;2008;39;3
1;ALBAN;2010;39;3
1;ALBAN;2011;39;3
1;ALBAN;2012;39;4
1;ALBAN;2016;39;4
1;ALBIN;2011;39;3
1;ALESSANDRO;2017;39;3
1;ALESSIO;2010;39;3
1;ALESSIO;2018;39;3
1;ALESSIO;2019;39;3
1;ALESSIO;2021;39;4
1;ALEX;2000;39;6
1;ALEX;2001;39;7
1;ALEX;2002;39;5
1;ALEX;2003;39;8
1;ALEX;2004;39;6
1;ALEX;2005;39;3
1;ALEX;2010;39;4
1;ALEXANDRE;2000;39;11
1;ALEXANDRE;2001;39;17
1;ALEXANDRE;2002;39;13
1;ALEXANDRE;2003;39;18
1;ALEXANDRE;2004;39;14
1;ALEXANDRE;2005;39;9
1;ALEXANDRE;2006;39;5
1;ALEXANDRE;2007;39;8
1;ALEXANDRE;2008;39;4
1;ALEXANDRE;2009;39;7
1;ALEXANDRE;2010;39;3
1;ALEXANDRE;2011;39;3
1;ALEXANDRE;2012;39;8
1;ALEXANDRE;2013;39;3
1;ALEXANDRE;2014;39;4
1;ALEXIS;2000;39;20
1;ALEXIS;2001;39;18
1;ALEXIS;2002;39;20
1;ALEXIS;2003;39;21
1;ALEXIS;2004;39;19
1;ALEXIS;2005;39;20
1;ALEXIS;2006;39;10
1;ALEXIS;2007;39;11
1;ALEXIS;2008;39;13
1;ALEXIS;2009;39;15
1;ALEXIS;2010;39;4
1;ALEXIS;2011;39;10
1;ALEXIS;2012;39;5
1;ALEXIS;2013;39;8
1;ALEXIS;2014;39;6
1;ALEXIS;2015;39;6
1;ALEXIS;2016;39;4
1;ALEXIS;2017;39;5
1;ALI;2008;39;3
1;ALI;2009;39;3
1;ALI;2013;39;3
1;ALI;2016;39;3
1;ALIX;2001;39;7
1;ALIX;2002;39;4
1;ALIX;2003;39;3
1;ALIX;2005;39;3
1;ALIX;2006;39;4
1;ALIX;2008;39;3
1;ALIX;2010;39;3
1;ALIX;2012;39;6
1;ALIX;2015;39;4
1;ALLAN;2000;39;4
1;ALLAN;2001;39;4
1;ALLAN;2002;39;4
1;ALLAN;2005;39;4
1;ALLAN;2007;39;3
1;ALOIS;2002;39;4
1;ALOIS;2003;39;5
1;ALOIS;2007;39;3
1;ALOIS;2010;39;3
1;ALOIS;2011;39;3
1;ALOÏS;2014;39;4
1;ALOÏS;2015;39;3
1;ALOÏS;2016;39;4
1;ALOÏS;2017;39;3
1;ALOÏS;2018;39;3
1;ALOÏS;2020;39;5
1;AMAURY;2005;39;3
1;AMAURY;2008;39;3
1;AMAURY;2010;39;4
1;AMAURY;2013;39;3
1;AMAURY;2017;39;4
1;AMINE;2000;39;3
1;AMINE;2005;39;4
1;AMINE;2006;39;3
1;AMINE;2007;39;3
1;AMINE;2008;39;3
1;AMINE;2009;39;4
1;AMINE;2010;39;6
1;AMINE;2011;39;5
1;AMINE;2012;39;4
1;AMINE;2014;39;3
1;AMINE;2015;39;4
1;AMINE;2016;39;3
1;AMIR;2012;39;3
1;AMIR;2013;39;4
1;AMIR;2015;39;3
1;AMIR;2016;39;6
1;AMIR;2018;39;4
1;AMIR;2019;39;3
1;ANAEL;2010;39;3
1;ANATOLE;2020;39;3
1;ANDY;2011;39;3
1;ANGE;2016;39;3
1;ANIS;2009;39;3
1;ANTHONY;2000;39;14
1;ANTHONY;2001;39;12
1;ANTHONY;2002;39;5
1;ANTHONY;2003;39;5
1;ANTHONY;2004;39;6
1;ANTHONY;2005;39;6
1;ANTHONY;2006;39;4
1;ANTHONY;2007;39;3
1;ANTHONY;2008;39;4
1;ANTOINE;2000;39;27
1;ANTOINE;2001;39;21
1;ANTOINE;2002;39;15
1;ANTOINE;2003;39;20
1;ANTOINE;2004;39;18
1;ANTOINE;2005;39;16
1;ANTOINE;2006;39;14
1;ANTOINE;2007;39;16
1;ANTOINE;2008;39;9
1;ANTOINE;2009;39;12
1;ANTOINE;2010;39;8
1;ANTOINE;2011;39;11
1;ANTOINE;2012;39;9
1;ANTOINE;2013;39;9
1;ANTOINE;2014;39;16
1;ANTOINE;2015;39;10
1;ANTOINE;2016;39;3
1;ANTOINE;2017;39;5
1;ANTOINE;2018;39;5
1;ANTOINE;2020;39;3
1;ANTOINE;2021;39;3
1;ANTONIN;2000;39;7
1;ANTONIN;2001;39;9
1;ANTONIN;2002;39;5
1;ANTONIN;2003;39;9
1;ANTONIN;2004;39;4
1;ANTONIN;2005;39;5
1;ANTONIN;2006;39;6
1;ANTONIN;2007;39;10
1;ANTONIN;2008;39;5
1;ANTONIN;2009;39;4
1;ANTONIN;2010;39;5
1;ANTONIN;2011;39;5
1;ANTONIN;2012;39;3
1;ANTONIN;2013;39;3
1;ANTONIN;2014;39;4
1;ANTONIN;2015;39;6
1;ANTONIN;2016;39;5
1;ANTONIN;2017;39;4
1;ANTONIN;2018;39;4
1;ARMAND;2005;39;3
1;ARMAND;2007;39;3
1;ARMAND;2011;39;3
1;ARMAND;2012;39;4
1;ARMAND;2014;39;3
1;ARMAND;2016;39;3
1;ARMAND;2017;39;4
1;ARMAND;2019;39;3
1;ARMAND;2020;39;3
1;ARNAUD;2000;39;4
1;ARNAUD;2001;39;3
1;ARNAUD;2002;39;3
1;ARNAUD;2003;39;4
1;ARNAUD;2004;39;3
1;ARNAUD;2005;39;4
1;ARNAUD;2006;39;3
1;ARNAUD;2007;39;4
1;ARNAUD;2009;39;3
1;ARON;2013;39;3
1;ARSENE;2007;39;3
1;ARSÈNE;2017;39;3
1;ARSÈNE;2018;39;3
1;ARSÈNE;2020;39;3
1;ARTHUR;2000;39;19
1;ARTHUR;2001;39;21
1;ARTHUR;2002;39;16
1;ARTHUR;2003;39;16
1;ARTHUR;2004;39;18
1;ARTHUR;2005;39;9
1;ARTHUR;2006;39;15
1;ARTHUR;2007;39;15
1;ARTHUR;2008;39;12
1;ARTHUR;2009;39;13
1;ARTHUR;2010;39;11
1;ARTHUR;2011;39;19
1;ARTHUR;2012;39;13
1;ARTHUR;2013;39;15
1;ARTHUR;2014;39;15
1;ARTHUR;2015;39;11
1;ARTHUR;2016;39;15
1;ARTHUR;2017;39;15
1;ARTHUR;2018;39;13
1;ARTHUR;2019;39;5
1;ARTHUR;2020;39;9
1;ARTHUR;2021;39;6
1;AUGUSTE;2000;39;3
1;AUGUSTE;2017;39;4
1;AUGUSTE;2019;39;6
1;AUGUSTE;2020;39;3
1;AUGUSTIN;2001;39;7
1;AUGUSTIN;2006;39;4
1;AUGUSTIN;2007;39;4
1;AUGUSTIN;2008;39;6
1;AUGUSTIN;2009;39;3
1;AUGUSTIN;2013;39;4
1;AUGUSTIN;2014;39;5
1;AUGUSTIN;2015;39;5
1;AUGUSTIN;2016;39;9
1;AUGUSTIN;2017;39;9
1;AUGUSTIN;2018;39;9
1;AUGUSTIN;2019;39;5
1;AUGUSTIN;2020;39;5
1;AUGUSTIN;2021;39;7
1;AURÉLIEN;2000;39;6
1;AURÉLIEN;2001;39;5
1;AURÉLIEN;2002;39;5
1;AURÉLIEN;2003;39;6
1;AURÉLIEN;2004;39;7
1;AURÉLIEN;2006;39;7
1;AURÉLIEN;2007;39;5
1;AURÉLIEN;2012;39;3
1;AXEL;2000;39;14
1;AXEL;2001;39;9
1;AXEL;2002;39;10
1;AXEL;2003;39;13
1;AXEL;2004;39;12
1;AXEL;2005;39;17
1;AXEL;2006;39;9
1;AXEL;2007;39;10
1;AXEL;2008;39;13
1;AXEL;2009;39;5
1;AXEL;2010;39;8
1;AXEL;2011;39;12
1;AXEL;2012;39;11
1;AXEL;2013;39;9
1;AXEL;2014;39;10
1;AXEL;2015;39;7
1;AXEL;2016;39;6
1;AXEL;2017;39;7
1;AXEL;2018;39;7
1;AXEL;2019;39;6
1;AXEL;2021;39;4
1;AYDEN;2015;39;4
1;AYDEN;2016;39;3
1;AYDEN;2019;39;4
1;AYDEN;2020;39;3
1;AYDEN;2021;39;4
1;AYMERIC;2001;39;4
1;AYMERIC;2004;39;6
1;AYMERIC;2005;39;5
1;AYMERIC;2007;39;4
1;AYMERICK;2000;39;3
1;AYOUB;2005;39;3
1;AYOUB;2007;39;5
1;AYOUB;2010;39;3
1;AYOUB;2013;39;3
1;AYOUB;2019;39;3
1;AYOUB;2020;39;3
1;BAPTISTE;2000;39;17
1;BAPTISTE;2001;39;13
1;BAPTISTE;2002;39;17
1;BAPTISTE;2003;39;14
1;BAPTISTE;2004;39;17
1;BAPTISTE;2005;39;13
1;BAPTISTE;2006;39;15
1;BAPTISTE;2007;39;13
1;BAPTISTE;2008;39;11
1;BAPTISTE;2009;39;4
1;BAPTISTE;2010;39;6
1;BAPTISTE;2011;39;5
1;BAPTISTE;2012;39;5
1;BAPTISTE;2013;39;12
1;BAPTISTE;2014;39;4
1;BAPTISTE;2015;39;5
1;BAPTISTE;2016;39;6
1;BAPTISTE;2017;39;3
1;BASILE;2012;39;3
1;BASILE;2016;39;3
1;BASILE;2017;39;3
1;BASILE;2018;39;3
1;BASILE;2020;39;3
1;BASILE;2021;39;4
1;BASTIEN;2000;39;9
1;BASTIEN;2001;39;6
1;BASTIEN;2002;39;5
1;BASTIEN;2003;39;5
1;BASTIEN;2004;39;12
1;BASTIEN;2005;39;7
1;BASTIEN;2006;39;6
1;BASTIEN;2007;39;3
1;BASTIEN;2008;39;10
1;BASTIEN;2009;39;7
1;BASTIEN;2010;39;4
1;BASTIEN;2012;39;3
1;BASTIEN;2013;39;4
1;BASTIEN;2014;39;5
1;BASTIEN;2015;39;6
1;BASTIEN;2016;39;5
1;BASTIEN;2018;39;3
1;BASTIEN;2019;39;4
1;BASTIEN;2020;39;4
1;BENJAMIN;2000;39;19
1;BENJAMIN;2001;39;8
1;BENJAMIN;2002;39;11
1;BENJAMIN;2003;39;10
1;BENJAMIN;2004;39;11
1;BENJAMIN;2005;39;9
1;BENJAMIN;2006;39;8
1;BENJAMIN;2007;39;7
1;BENJAMIN;2008;39;10
1;BENJAMIN;2009;39;4
1;BENJAMIN;2010;39;6
1;BENJAMIN;2011;39;4
1;BENJAMIN;2013;39;3
1;BENJAMIN;2016;39;3
1;BENOÎT;2000;39;4
1;BENOÎT;2004;39;3
1;BENOÎT;2006;39;3
1;BENOÎT;2008;39;3
1;BERAT;2012;39;5
1;BERAT;2013;39;4
1;BILAL;2001;39;3
1;BILAL;2004;39;4
1;BILAL;2011;39;4
1;BILAL;2015;39;3
1;BILAL;2016;39;4
1;BRANDON;2000;39;3
1;BRANDON;2002;39;4
1;BRANDON;2003;39;4
1;BRICE;2002;39;7
1;BRYAN;2000;39;5
1;BRYAN;2003;39;7
1;BRYAN;2005;39;5
1;BRYAN;2006;39;5
1;BRYAN;2007;39;3
1;BRYAN;2008;39;3
1;BRYAN;2011;39;3
1;BRYAN;2012;39;3
1;BRYAN;2018;39;3
1;CAMERON;2005;39;4
1;CAMILLE;2007;39;3
1;CAMILLE;2011;39;3
1;CAMILLE;2012;39;7
1;CAMILLE;2013;39;3
1;CAMILLE;2014;39;8
1;CAMILLE;2015;39;5
1;CAMILLE;2017;39;4
1;CAMILLE;2019;39;4
1;CEDRIC;2000;39;5
1;CEDRIC;2006;39;3
1;CÉLESTIN;2012;39;3
1;CÉLESTIN;2017;39;3
1;CELIAN;2002;39;3
1;CELIAN;2004;39;3
1;CELIAN;2005;39;3
1;CELIAN;2008;39;3
1;CELIAN;2011;39;3
1;CÉLIAN;2011;39;3
1;CÉLIAN;2014;39;4
1;CHARLES;2000;39;6
1;CHARLES;2001;39;6
1;CHARLES;2002;39;7
1;CHARLES;2003;39;4
1;CHARLES;2004;39;5
1;CHARLES;2005;39;3
1;CHARLES;2006;39;4
1;CHARLES;2007;39;4
1;CHARLES;2008;39;3
1;CHARLES;2011;39;6
1;CHARLES;2012;39;5
1;CHARLES;2019;39;3
1;CHARLES;2020;39;5
1;CHARLES;2021;39;3
1;CHARLIE;2012;39;3
1;CHARLIE;2013;39;3
1;CHARLIE;2020;39;3
1;CHARLY;2000;39;3
1;CHARLY;2001;39;5
1;CHARLY;2002;39;8
1;CHARLY;2004;39;3
1;CHARLY;2006;39;3
1;CHARLY;2008;39;3
1;CHARLY;2009;39;4
1;CHARLY;2010;39;5
1;CHARLY;2011;39;3
1;CHARLY;2012;39;4
1;CHARLY;2013;39;3
1;CHARLY;2014;39;10
1;CHARLY;2017;39;5
1;CHARLY;2019;39;5
1;CHARLY;2020;39;4
1;CHARLY;2021;39;6
1;CHRISTOPHER;2000;39;5
1;CHRISTOPHER;2001;39;6
1;CLEMENT;2010;39;4
1;CLEMENT;2011;39;8
1;CLÉMENT;2000;39;15
1;CLÉMENT;2001;39;16
1;CLÉMENT;2002;39;10
1;CLÉMENT;2003;39;15
1;CLÉMENT;2004;39;14
1;CLÉMENT;2005;39;15
1;CLÉMENT;2006;39;16
1;CLÉMENT;2007;39;12
1;CLÉMENT;2008;39;20
1;CLÉMENT;2009;39;15
1;CLÉMENT;2010;39;3
1;CLÉMENT;2011;39;3
1;CLÉMENT;2012;39;4
1;CLÉMENT;2013;39;7
1;CLÉMENT;2014;39;7
1;CLÉMENT;2015;39;10
1;CLÉMENT;2016;39;5
1;CLÉMENT;2017;39;7
1;CLÉMENT;2018;39;3
1;CLÉMENT;2019;39;3
1;CLÉMENT;2020;39;3
1;CLÉMENT;2021;39;3
1;CLOVIS;2005;39;3
1;CLOVIS;2009;39;4
1;COLIN;2001;39;3
1;COME;2010;39;3
1;CÔME;2014;39;3
1;CÔME;2016;39;3
1;CÔME;2017;39;4
1;CÔME;2018;39;6
1;CÔME;2019;39;7
1;CÔME;2021;39;7
1;CORENTIN;2000;39;18
1;CORENTIN;2001;39;8
1;CORENTIN;2002;39;3
1;CORENTIN;2003;39;11
1;CORENTIN;2004;39;7
1;CORENTIN;2005;39;5
1;CORENTIN;2006;39;10
1;CORENTIN;2007;39;6
1;CORENTIN;2008;39;4
1;CORENTIN;2009;39;12
1;CORENTIN;2010;39;3
1;CORENTIN;2011;39;3
1;CYPRIEN;2002;39;4
1;CYPRIEN;2008;39;3
1;CYPRIEN;2009;39;3
1;CYRIL;2000;39;3
1;DAMIEN;2000;39;4
1;DAMIEN;2001;39;7
1;DAMIEN;2005;39;6
1;DAVID;2000;39;5
1;DAVID;2001;39;6
1;DAVID;2004;39;7
1;DAVID;2005;39;4
1;DAVID;2008;39;3
1;DIEGO;2003;39;3
1;DIEGO;2004;39;3
1;DIEGO;2006;39;7
1;DIEGO;2007;39;3
1;DIEGO;2009;39;8
1;DIEGO;2010;39;4
1;DIEGO;2011;39;4
1;DIEGO;2012;39;7
1;DIEGO;2017;39;5
1;DIEGO;2018;39;5
1;DIEGO;2019;39;4
1;DIEGO;2020;39;3
1;DIEGO;2021;39;4
1;DIMITRI;2001;39;5
1;DJINO;2020;39;3
1;DONOVAN;2000;39;3
1;DONOVAN;2004;39;3
1;DORIAN;2000;39;5
1;DORIAN;2001;39;6
1;DORIAN;2002;39;7
1;DORIAN;2003;39;6
1;DORIAN;2004;39;4
1;DORIAN;2005;39;4
1;DORIAN;2006;39;4
1;DORIAN;2007;39;3
1;DORIAN;2008;39;4
1;DORIAN;2009;39;7
1;DORIAN;2010;39;4
1;DORIAN;2020;39;3
1;DORIAN;2021;39;4
1;DYLAN;2000;39;15
1;DYLAN;2001;39;11
1;DYLAN;2002;39;14
1;DYLAN;2003;39;8
1;DYLAN;2004;39;10
1;DYLAN;2005;39;9
1;DYLAN;2006;39;12
1;DYLAN;2007;39;6
1;DYLAN;2008;39;5
1;DYLAN;2009;39;5
1;DYLAN;2010;39;4
1;DYLAN;2013;39;4
1;DYLAN;2015;39;4
1;DYLAN;2019;39;3
1;EDEN;2014;39;4
1;EDEN;2015;39;4
1;EDEN;2016;39;7
1;EDEN;2017;39;6
1;EDEN;2018;39;4
1;EDEN;2019;39;8
1;EDEN;2020;39;14
1;EDEN;2021;39;5
1;ELIAS;2000;39;3
1;ELIE;2002;39;3
1;ELIE;2006;39;3
1;ELIE;2010;39;4
1;ELIE;2011;39;4
1;ELIE;2012;39;3
1;ELIO;2011;39;3
1;ELIO;2015;39;4
1;ELIO;2016;39;3
1;ELIO;2017;39;5
1;ELIO;2021;39;5
1;ÉLIO;2016;39;3
1;ÉLIO;2020;39;3
1;ÉLIO;2021;39;4
1;ELIOT;2002;39;3
1;ELIOT;2007;39;3
1;ELIOT;2008;39;3
1;ELIOT;2010;39;4
1;ELIOT;2011;39;7
1;ELIOT;2020;39;3
1;ELIOTT;2001;39;3
1;ELIOTT;2005;39;3
1;ELIOTT;2006;39;4
1;ELIOTT;2007;39;5
1;ELIOTT;2008;39;5
1;ELIOTT;2009;39;6
1;ELIOTT;2012;39;4
1;ELIOTT;2015;39;4
1;ELIOTT;2017;39;9
1;ELIOTT;2018;39;3
1;ELIOTT;2019;39;5
1;ELIOTT;2020;39;7
1;ELIOTT;2021;39;4
1;ELLIOT;2002;39;3
1;ELYO;2020;39;3
1;EMERIC;2006;39;3
1;EMILE;2000;39;4
1;EMILE;2001;39;3
1;EMILE;2005;39;4
1;EMILE;2006;39;3
1;EMILE;2007;39;3
1;EMILE;2008;39;3
1;EMILE;2011;39;3
1;EMILE;2019;39;3
1;ÉMILE;2014;39;3
1;ÉMILE;2019;39;3
1;ÉMILE;2020;39;4
1;EMILIEN;2000;39;3
1;EMILIEN;2001;39;4
1;EMILIEN;2002;39;3
1;EMILIEN;2003;39;9
1;EMILIEN;2004;39;9
1;EMILIEN;2005;39;4
1;EMILIEN;2006;39;8
1;EMILIEN;2007;39;3
1;EMILIEN;2008;39;4
1;EMILIEN;2009;39;4
1;EMILIEN;2010;39;3
1;EMILIEN;2013;39;3
1;EMIR;2005;39;3
1;EMIR;2015;39;3
1;EMIR;2017;39;3
1;EMIR;2019;39;3
1;EMIRHAN;2010;39;3
1;EMRE;2001;39;6
1;EMRE;2002;39;5
1;EMRE;2004;39;3
1;EMRYS;2015;39;3
1;ÉNAËL;2012;39;3
1;ENES;2008;39;3
1;ENES;2010;39;3
1;ENES;2011;39;3
1;ENES;2014;39;3
1;ENZO;2000;39;13
1;ENZO;2001;39;17
1;ENZO;2002;39;26
1;ENZO;2003;39;33
1;ENZO;2004;39;34
1;ENZO;2005;39;38
1;ENZO;2006;39;37
1;ENZO;2007;39;25
1;ENZO;2008;39;32
1;ENZO;2009;39;30
1;ENZO;2010;39;21
1;ENZO;2011;39;21
1;ENZO;2012;39;16
1;ENZO;2013;39;21
1;ENZO;2014;39;13
1;ENZO;2015;39;12
1;ENZO;2016;39;22
1;ENZO;2017;39;9
1;ENZO;2018;39;10
1;ENZO;2019;39;9
1;ENZO;2020;39;3
1;ENZO;2021;39;6
1;EREN;2002;39;4
1;EREN;2003;39;3
1;EREN;2013;39;4
1;ERNEST;2019;39;3
1;ERWAN;2002;39;4
1;ERWAN;2003;39;3
1;ERWAN;2004;39;5
1;ERWAN;2006;39;7
1;ERWAN;2009;39;4
1;ERWAN;2010;39;4
1;ERWAN;2013;39;5
1;ERWAN;2014;39;3
1;ERWAN;2015;39;3
1;ERWAN;2020;39;3
1;ERWANN;2003;39;3
1;ESTEBAN;2000;39;5
1;ESTEBAN;2001;39;4
1;ESTEBAN;2003;39;5
1;ESTEBAN;2004;39;4
1;ESTEBAN;2005;39;4
1;ESTEBAN;2006;39;7
1;ESTEBAN;2007;39;9
1;ESTEBAN;2008;39;10
1;ESTEBAN;2009;39;7
1;ESTEBAN;2010;39;5
1;ESTEBAN;2011;39;9
1;ESTEBAN;2012;39;5
1;ESTEBAN;2013;39;5
1;ESTEBAN;2014;39;6
1;ESTEBAN;2015;39;4
1;ESTEBAN;2016;39;3
1;ESTEBAN;2019;39;4
1;ESTEBAN;2020;39;4
1;ESTÉBAN;2015;39;3
1;ETHAN;2003;39;5
1;ETHAN;2004;39;7
1;ETHAN;2005;39;9
1;ETHAN;2006;39;10
1;ETHAN;2007;39;9
1;ETHAN;2008;39;7
1;ETHAN;2009;39;15
1;ETHAN;2010;39;15
1;ETHAN;2011;39;10
1;ETHAN;2012;39;11
1;ETHAN;2013;39;10
1;ETHAN;2014;39;13
1;ETHAN;2015;39;11
1;ETHAN;2016;39;10
1;ETHAN;2017;39;15
1;ETHAN;2018;39;6
1;ETHAN;2019;39;4
1;ETHAN;2020;39;11
1;ETHAN;2021;39;4
1;ÉTHAN;2019;39;3
1;ETIENNE;2000;39;5
1;ETIENNE;2002;39;6
1;ETIENNE;2003;39;3
1;ETIENNE;2007;39;3
1;EVAN;2000;39;4
1;EVAN;2001;39;3
1;EVAN;2002;39;3
1;EVAN;2003;39;6
1;EVAN;2004;39;9
1;EVAN;2005;39;6
1;EVAN;2006;39;8
1;EVAN;2007;39;15
1;EVAN;2008;39;13
1;EVAN;2009;39;11
1;EVAN;2010;39;12
1;EVAN;2011;39;17
1;EVAN;2012;39;9
1;EVAN;2013;39;10
1;EVAN;2015;39;5
1;EVAN;2016;39;3
1;EVAN;2018;39;5
1;EVAN;2020;39;6
1;EVAN;2021;39;4
1;EVANN;2014;39;3
1;EWAN;2001;39;5
1;EWAN;2006;39;5
1;EZIO;2021;39;3
1;FABIEN;2000;39;5
1;FABIEN;2001;39;3
1;FABIEN;2003;39;3
1;FABIEN;2005;39;3
1;FABIO;2007;39;3
1;FABIO;2012;39;3
1;FABIO;2013;39;4
1;FARES;2006;39;4
1;FATIH;2005;39;3
1;FELICIEN;2002;39;3
1;FÉLIX;2001;39;3
1;FÉLIX;2009;39;4
1;FÉLIX;2012;39;4
1;FÉLIX;2015;39;3
1;FÉLIX;2016;39;3
1;FÉLIX;2019;39;3
1;FLAVIEN;2000;39;3
1;FLAVIEN;2001;39;4
1;FLAVIEN;2004;39;3
1;FLORENT;2006;39;3
1;FLORIAN;2000;39;10
1;FLORIAN;2001;39;13
1;FLORIAN;2002;39;7
1;FLORIAN;2003;39;4
1;FLORIAN;2004;39;7
1;FLORIAN;2005;39;11
1;FLORIAN;2006;39;6
1;FLORIAN;2007;39;3
1;FLORIAN;2008;39;4
1;FLORIAN;2011;39;3
1;FRANCK;2000;39;3
1;FRANCK;2003;39;3
1;FRANÇOIS;2006;39;3
1;GABIN;2000;39;3
1;GABIN;2001;39;5
1;GABIN;2002;39;4
1;GABIN;2003;39;3
1;GABIN;2004;39;6
1;GABIN;2005;39;4
1;GABIN;2006;39;7
1;GABIN;2007;39;15
1;GABIN;2008;39;15
1;GABIN;2009;39;7
1;GABIN;2010;39;10
1;GABIN;2011;39;7
1;GABIN;2012;39;10
1;GABIN;2013;39;20
1;GABIN;2014;39;15
1;GABIN;2015;39;10
1;GABIN;2016;39;7
1;GABIN;2017;39;14
1;GABIN;2018;39;8
1;GABIN;2019;39;12
1;GABIN;2020;39;5
1;GABIN;2021;39;11
1;GABRIEL;2004;39;5
1;GABRIEL;2005;39;9
1;GABRIEL;2006;39;7
1;GABRIEL;2007;39;11
1;GABRIEL;2008;39;9
1;GABRIEL;2009;39;17
1;GABRIEL;2010;39;5
1;GABRIEL;2011;39;7
1;GABRIEL;2012;39;16
1;GABRIEL;2013;39;9
1;GABRIEL;2014;39;12
1;GABRIEL;2015;39;9
1;GABRIEL;2016;39;14
1;GABRIEL;2017;39;13
1;GABRIEL;2018;39;17
1;GABRIEL;2019;39;9
1;GABRIEL;2020;39;6
1;GABRIEL;2021;39;16
1;GAEL;2006;39;3
1;GAEL;2007;39;4
1;GAEL;2010;39;4
1;GAETAN;2011;39;5
1;GAËTAN;2000;39;7
1;GAËTAN;2001;39;4
1;GAËTAN;2002;39;9
1;GAËTAN;2004;39;3
1;GAËTAN;2005;39;4
1;GAËTAN;2008;39;4
1;GAËTAN;2009;39;3
1;GASPARD;2003;39;3
1;GASPARD;2006;39;3
1;GASPARD;2008;39;3
1;GASPARD;2009;39;5
1;GASPARD;2010;39;4
1;GASPARD;2012;39;3
1;GASPARD;2013;39;5
1;GASPARD;2015;39;4
1;GASPARD;2016;39;6
1;GASPARD;2017;39;4
1;GASPARD;2018;39;5
1;GASPARD;2019;39;4
1;GASPARD;2020;39;6
1;GERMAIN;2002;39;3
1;GIANNI;2009;39;3
1;GIANNI;2021;39;4
1;GRÉGOIRE;2000;39;3
1;GRÉGOIRE;2001;39;3
1;GRÉGOIRE;2002;39;3
1;GREGORY;2000;39;5
1;GREGORY;2001;39;3
1;GREGORY;2002;39;3
1;GREGORY;2005;39;3
1;GREGORY;2006;39;3
1;GREGORY;2009;39;3
1;GREGORY;2010;39;3
1;GUILHEM;2010;39;3
1;GUILLAUME;2000;39;12
1;GUILLAUME;2001;39;10
1;GUILLAUME;2002;39;12
1;GUILLAUME;2003;39;6
1;GUILLAUME;2004;39;3
1;GUILLAUME;2006;39;3
1;GUILLAUME;2007;39;3
1;GUILLAUME;2008;39;8
1;GUILLAUME;2009;39;5
1;GUILLAUME;2010;39;5
1;GUILLAUME;2012;39;3
1;GUILLAUME;2017;39;4
1;HAMZA;2015;39;3
1;HAMZA;2016;39;3
1;HUGO;2000;39;25
1;HUGO;2001;39;28
1;HUGO;2002;39;32
1;HUGO;2003;39;21
1;HUGO;2004;39;18
1;HUGO;2005;39;18
1;HUGO;2006;39;24
1;HUGO;2007;39;18
1;HUGO;2008;39;22
1;HUGO;2009;39;16
1;HUGO;2010;39;19
1;HUGO;2011;39;17
1;HUGO;2012;39;25
1;HUGO;2013;39;28
1;HUGO;2014;39;20
1;HUGO;2015;39;26
1;HUGO;2016;39;15
1;HUGO;2017;39;15
1;HUGO;2018;39;13
1;HUGO;2019;39;19
1;HUGO;2020;39;15
1;HUGO;2021;39;10
1;IBRAHIM;2011;39;3
1;ILAN;2005;39;3
1;ILAN;2008;39;3
1;ILAN;2009;39;5
1;ILAN;2010;39;4
1;ILAN;2012;39;3
1;ILAN;2014;39;3
1;ILAN;2018;39;3
1;ILHAN;2007;39;5
1;ILHAN;2008;39;3
1;ILHAN;2010;39;3
1;ILIAS;2006;39;3
1;ILYAS;2008;39;3
1;ILYAS;2017;39;4
1;ILYES;2008;39;3
1;ILYES;2009;39;4
1;ILYES;2015;39;3
1;ILYES;2016;39;5
1;IMRAN;2013;39;4
1;IMRAN;2015;39;4
1;IMRAN;2016;39;4
1;IMRAN;2017;39;3
1;IMRANE;2017;39;3
1;ISAAC;2016;39;3
1;ISAAC;2018;39;3
1;ISAAC;2020;39;4
1;ISAAC;2021;39;4
1;ISMAIL;2007;39;3
1;IVAN;2000;39;3
1;IYAD;2016;39;3
1;JASON;2000;39;5
1;JASON;2001;39;6
1;JASON;2002;39;5
1;JASON;2003;39;4
1;JASON;2009;39;4
1;JEAN;2001;39;3
1;JEAN;2003;39;3
1;JEAN;2010;39;3
1;JEAN-BAPTISTE;2012;39;3
1;JEREMIE;2004;39;4
1;JEREMY;2000;39;7
1;JEREMY;2001;39;8
1;JEREMY;2002;39;4
1;JEREMY;2003;39;5
1;JEREMY;2004;39;6
1;JEREMY;2005;39;3
1;JEREMY;2006;39;5
1;JEREMY;2008;39;3
1;JEREMY;2009;39;3
1;JESSY;2002;39;3
1;JIMMY;2000;39;4
1;JIMMY;2001;39;3
1;JIMMY;2002;39;5
1;JIMMY;2005;39;3
1;JOEY;2004;39;3
1;JOHAN;2001;39;3
1;JOHAN;2008;39;5
1;JOHAN;2011;39;3
1;JOHAN;2018;39;4
1;JOHANN;2000;39;3
1;JONAS;2011;39;4
1;JONAS;2012;39;4
1;JONAS;2013;39;4
1;JONAS;2015;39;3
1;JONAS;2021;39;3
1;JONATHAN;2000;39;5
1;JORDAN;2000;39;9
1;JORDAN;2001;39;3
1;JORDAN;2005;39;9
1;JORDAN;2006;39;5
1;JORDAN;2008;39;3
1;JORDAN;2009;39;6
1;JORDAN;2011;39;3
1;JORIS;2000;39;3
1;JORIS;2002;39;4
1;JORIS;2003;39;3
1;JORIS;2006;39;7
1;JORIS;2007;39;5
1;JORIS;2009;39;4
1;JORIS;2010;39;3
1;JORIS;2011;39;3
1;JORIS;2013;39;3
1;JORIS;2015;39;4
1;JOSEPH;2005;39;3
1;JOSEPH;2007;39;4
1;JOSEPH;2011;39;3
1;JOSEPH;2021;39;3
1;JOSHUA;2001;39;3
1;JOSHUA;2004;39;3
1;JOSHUA;2018;39;3
1;JOSHUA;2020;39;3
1;JOSSELIN;2004;39;3
1;JULES;2000;39;10
1;JULES;2001;39;12
1;JULES;2002;39;11
1;JULES;2003;39;14
1;JULES;2004;39;11
1;JULES;2005;39;17
1;JULES;2006;39;22
1;JULES;2007;39;22
1;JULES;2008;39;21
1;JULES;2009;39;21
1;JULES;2010;39;25
1;JULES;2011;39;20
1;JULES;2012;39;20
1;JULES;2013;39;18
1;JULES;2014;39;23
1;JULES;2015;39;15
1;JULES;2016;39;21
1;JULES;2017;39;19
1;JULES;2018;39;17
1;JULES;2019;39;17
1;JULES;2020;39;17
1;JULES;2021;39;17
1;JULIAN;2002;39;5
1;JULIAN;2005;39;4
1;JULIAN;2006;39;6
1;JULIAN;2008;39;4
1;JULIAN;2010;39;4
1;JULIAN;2014;39;3
1;JULIAN;2015;39;5
1;JULIAN;2016;39;4
1;JULIAN;2019;39;4
1;JULIAN;2020;39;3
1;JULIEN;2000;39;22
1;JULIEN;2001;39;13
1;JULIEN;2002;39;12
1;JULIEN;2003;39;11
1;JULIEN;2004;39;12
1;JULIEN;2005;39;4
1;JULIEN;2006;39;4
1;JULIEN;2007;39;6
1;JULIEN;2008;39;5
1;JULIEN;2010;39;4
1;JULIEN;2011;39;4
1;JULIEN;2012;39;3
1;JULIEN;2014;39;3
1;JUSTIN;2002;39;5
1;JUSTIN;2003;39;3
1;JUSTIN;2005;39;3
1;JUSTIN;2006;39;4
1;JUSTIN;2008;39;4
1;JUSTIN;2015;39;3
1;JUSTIN;2019;39;3
1;KAAN;2007;39;3
1;KAAN;2008;39;3
1;KAIS;2010;39;3
1;KAIS;2011;39;3
1;KAÏS;2013;39;3
1;KAÏS;2016;39;7
1;KAÏS;2017;39;4
1;KAÏS;2019;39;4
1;KAÏS;2021;39;4
1;KAMIL;2018;39;3
1;KAYDEN;2021;39;3
1;KÉLIO;2017;39;3
1;KENAN;2005;39;3
1;KENZO;2009;39;4
1;KENZO;2011;39;7
1;KENZO;2012;39;3
1;KENZO;2015;39;3
1;KENZO;2016;39;4
1;KENZO;2019;39;3
1;KEVIN;2000;39;9
1;KEVIN;2001;39;11
1;KEVIN;2002;39;12
1;KEVIN;2003;39;7
1;KEVIN;2004;39;11
1;KEVIN;2005;39;5
1;KEVIN;2006;39;3
1;KEVIN;2007;39;7
1;KEVIN;2008;39;3
1;KEVIN;2009;39;4
1;KEVIN;2010;39;3
1;KEVIN;2013;39;3
1;KILIAN;2005;39;5
1;KILIAN;2009;39;3
1;KILIAN;2010;39;3
1;KILLIAN;2001;39;4
1;KILLIAN;2002;39;6
1;KILLIAN;2003;39;7
1;KILLIAN;2004;39;7
1;KILLIAN;2005;39;6
1;KILLIAN;2006;39;4
1;KILLIAN;2007;39;3
1;KILLIAN;2008;39;7
1;KILLIAN;2009;39;3
1;KYLIAN;2001;39;3
1;KYLIAN;2005;39;6
1;KYLIAN;2006;39;7
1;KYLIAN;2007;39;7
1;KYLIAN;2008;39;5
1;KYLIAN;2009;39;9
1;KYLIAN;2010;39;9
1;KYLIAN;2011;39;14
1;KYLIAN;2013;39;4
1;KYLIAN;2014;39;5
1;KYLIAN;2015;39;5
1;KYLIAN;2018;39;7
1;KYLIAN;2020;39;4
1;KYLLIAN;2008;39;3
1;KYLLIAN;2009;39;3
1;LÉANDRE;2006;39;3
1;LÉANDRE;2007;39;4
1;LÉANDRE;2010;39;3
1;LÉANDRE;2011;39;3
1;LÉANDRE;2014;39;6
1;LÉANDRE;2015;39;4
1;LÉANDRE;2016;39;3
1;LÉANDRE;2017;39;9
1;LÉANDRE;2018;39;4
1;LÉANDRE;2020;39;6
1;LÉANDRE;2021;39;8
1;LEANDRO;2017;39;3
1;LÉANDRO;2018;39;6
1;LENNY;2003;39;3
1;LENNY;2004;39;6
1;LENNY;2006;39;7
1;LENNY;2007;39;4
1;LENNY;2008;39;7
1;LENNY;2009;39;5
1;LENNY;2010;39;5
1;LENNY;2011;39;5
1;LENNY;2012;39;10
1;LENNY;2013;39;4
1;LENNY;2014;39;8
1;LENNY;2015;39;5
1;LENNY;2016;39;4
1;LENNY;2017;39;4
1;LENNY;2018;39;3
1;LENY;2009;39;3
1;LENY;2014;39;3
1;LEO;2010;39;15
1;LEO;2011;39;10
1;LEO;2012;39;4
1;LÉO;2000;39;26
1;LÉO;2001;39;14
1;LÉO;2002;39;31
1;LÉO;2003;39;18
1;LÉO;2004;39;24
1;LÉO;2005;39;16
1;LÉO;2006;39;18
1;LÉO;2007;39;16
1;LÉO;2008;39;19
1;LÉO;2009;39;22
1;LÉO;2010;39;8
1;LÉO;2011;39;7
1;LÉO;2012;39;16
1;LÉO;2013;39;23
1;LÉO;2014;39;19
1;LÉO;2015;39;20
1;LÉO;2016;39;25
1;LÉO;2017;39;17
1;LÉO;2018;39;16
1;LÉO;2019;39;14
1;LÉO;2020;39;12
1;LÉO;2021;39;16
1;LÉON;2005;39;5
1;LÉON;2009;39;3
1;LÉON;2012;39;3
1;LÉON;2013;39;4
1;LÉON;2014;39;3
1;LÉON;2015;39;6
1;LÉON;2016;39;7
1;LÉON;2017;39;12
1;LÉON;2018;39;7
1;LÉON;2019;39;10
1;LÉON;2020;39;9
1;LÉON;2021;39;8
1;LÉONARD;2021;39;3
1;LÉOPAUL;2016;39;3
1;LEOPOLD;2010;39;3
1;LIAM;2010;39;4
1;LIAM;2011;39;4
1;LIAM;2012;39;5
1;LIAM;2013;39;4
1;LIAM;2014;39;8
1;LIAM;2015;39;11
1;LIAM;2016;39;7
1;LIAM;2017;39;12
1;LIAM;2018;39;7
1;LIAM;2019;39;10
1;LIAM;2020;39;8
1;LIAM;2021;39;5
1;LILIAN;2000;39;5
1;LILIAN;2001;39;3
1;LILIAN;2003;39;4
1;LILIAN;2004;39;3
1;LILIAN;2005;39;4
1;LILIAN;2006;39;6
1;LILIAN;2007;39;8
1;LILIAN;2008;39;5
1;LILIAN;2009;39;4
1;LILIAN;2010;39;3
1;LILIAN;2011;39;5
1;LILIAN;2012;39;4
1;LILIAN;2015;39;4
1;LILIAN;2016;39;5
1;LILIAN;2019;39;3
1;LILIO;2020;39;3
1;LINO;2009;39;3
1;LINO;2011;39;3
1;LINO;2012;39;4
1;LINO;2014;39;4
1;LINO;2016;39;4
1;LISANDRO;2016;39;3
1;LIVIO;2019;39;4
1;LOAN;2002;39;3
1;LOAN;2011;39;3
1;LOAN;2012;39;3
1;LOAN;2014;39;3
1;LOAN;2015;39;4
1;LOAN;2016;39;5
1;LOGAN;2004;39;3
1;LOGAN;2017;39;3
1;LOGAN;2018;39;6
1;LOGAN;2019;39;5
1;LOGAN;2020;39;3
1;LOGAN;2021;39;4
1;LOIC;2010;39;3
1;LOÏC;2000;39;7
1;LOÏC;2001;39;6
1;LOÏC;2002;39;10
1;LOÏC;2003;39;3
1;LOÏC;2004;39;11
1;LOÏC;2005;39;5
1;LOÏC;2007;39;8
1;LOÏC;2008;39;4
1;LOÏC;2009;39;3
1;LOÏC;2014;39;5
1;LOÏS;2002;39;5
1;LOÏS;2003;39;4
1;LOÏS;2005;39;5
1;LOÏS;2006;39;10
1;LOÏS;2007;39;4
1;LOÏS;2009;39;3
1;LOÏS;2013;39;3
1;LOÏS;2017;39;4
1;LOÏS;2019;39;3
1;LOÏS;2020;39;3
1;LORENZO;2003;39;4
1;LORENZO;2005;39;3
1;LORENZO;2006;39;3
1;LORENZO;2007;39;3
1;LORENZO;2008;39;6
1;LORENZO;2009;39;7
1;LORENZO;2010;39;5
1;LORENZO;2011;39;9
1;LORENZO;2012;39;8
1;LORENZO;2013;39;5
1;LORENZO;2014;39;10
1;LORENZO;2015;39;5
1;LORENZO;2016;39;5
1;LORENZO;2017;39;5
1;LORENZO;2018;39;3
1;LORENZO;2019;39;3
1;LORIS;2001;39;4
1;LORIS;2004;39;3
1;LORIS;2005;39;3
1;LORIS;2006;39;5
1;LORIS;2007;39;4
1;LORIS;2008;39;3
1;LORIS;2009;39;3
1;LORIS;2010;39;9
1;LORIS;2011;39;5
1;LORIS;2012;39;6
1;LORIS;2013;39;3
1;LORIS;2014;39;3
1;LORIS;2015;39;6
1;LORIS;2021;39;3
1;LOU;2018;39;3
1;LOUIS;2000;39;18
1;LOUIS;2001;39;10
1;LOUIS;2002;39;15
1;LOUIS;2003;39;11
1;LOUIS;2004;39;17
1;LOUIS;2005;39;17
1;LOUIS;2006;39;16
1;LOUIS;2007;39;29
1;LOUIS;2008;39;23
1;LOUIS;2009;39;17
1;LOUIS;2010;39;13
1;LOUIS;2011;39;18
1;LOUIS;2012;39;23
1;LOUIS;2013;39;20
1;LOUIS;2014;39;14
1;LOUIS;2015;39;11
1;LOUIS;2016;39;12
1;LOUIS;2017;39;12
1;LOUIS;2018;39;13
1;LOUIS;2019;39;14
1;LOUIS;2020;39;15
1;LOUIS;2021;39;14
1;LOUISON;2003;39;5
1;LOUISON;2010;39;3
1;LOUISON;2013;39;4
1;LOUISON;2015;39;3
1;LOUISON;2020;39;4
1;LOUKA;2006;39;3
1;LOUKA;2008;39;4
1;LOUKA;2009;39;4
1;LOUKA;2013;39;3
1;LOUKA;2016;39;5
1;LOUKA;2017;39;3
1;LOUKA;2019;39;3
1;LOUP;2020;39;3
1;LUC;2000;39;3
1;LUC;2003;39;3
1;LUC;2006;39;3
1;LUC;2008;39;3
1;LUCA;2001;39;3
1;LUCA;2004;39;5
1;LUCA;2005;39;3
1;LUCA;2011;39;3
1;LUCA;2012;39;3
1;LUCA;2015;39;3
1;LUCAS;2000;39;38
1;LUCAS;2001;39;31
1;LUCAS;2002;39;35
1;LUCAS;2003;39;31
1;LUCAS;2004;39;28
1;LUCAS;2005;39;26
1;LUCAS;2006;39;26
1;LUCAS;2007;39;33
1;LUCAS;2008;39;35
1;LUCAS;2009;39;30
1;LUCAS;2010;39;17
1;LUCAS;2011;39;26
1;LUCAS;2012;39;14
1;LUCAS;2013;39;15
1;LUCAS;2014;39;20
1;LUCAS;2015;39;19
1;LUCAS;2016;39;13
1;LUCAS;2017;39;13
1;LUCAS;2018;39;7
1;LUCAS;2019;39;8
1;LUCAS;2020;39;12
1;LUCAS;2021;39;9
1;LUCIEN;2000;39;6
1;LUCIEN;2003;39;4
1;LUCIEN;2004;39;3
1;LUCIEN;2005;39;5
1;LUCIEN;2007;39;3
1;LUCIEN;2008;39;4
1;LUCIEN;2009;39;4
1;LUCIEN;2012;39;4
1;LUCIEN;2016;39;3
1;LUCIEN;2019;39;7
1;LUCIEN;2021;39;5
1;LUDOVIC;2001;39;4
1;LUIS;2012;39;3
1;LUKA;2007;39;3
1;LUKA;2015;39;3
1;LUKA;2018;39;3
1;LUKAS;2003;39;5
1;LUKAS;2004;39;4
1;LUKAS;2005;39;5
1;LUKAS;2008;39;4
1;LYAM;2013;39;3
1;LYAM;2015;39;7
1;LYAM;2016;39;4
1;LYAM;2017;39;5
1;LYAM;2018;39;4
1;LYAM;2019;39;4
1;LYAM;2020;39;5
1;LYAM;2021;39;7
1;LYSANDRE;2013;39;3
1;MAÉ;2016;39;3
1;MAÉ;2020;39;5
1;MAÉ;2021;39;4
1;MAEL;2001;39;4
1;MAEL;2002;39;5
1;MAEL;2003;39;5
1;MAEL;2004;39;10
1;MAEL;2005;39;4
1;MAEL;2006;39;7
1;MAEL;2007;39;7
1;MAEL;2008;39;9
1;MAEL;2009;39;13
1;MAEL;2010;39;12
1;MAEL;2011;39;10
1;MAËL;2011;39;4
1;MAËL;2012;39;15
1;MAËL;2013;39;10
1;MAËL;2014;39;12
1;MAËL;2015;39;9
1;MAËL;2016;39;10
1;MAËL;2017;39;13
1;MAËL;2018;39;7
1;MAËL;2019;39;14
1;MAËL;2020;39;7
1;MAËL;2021;39;12
1;MAËLAN;2021;39;3
1;MAHÉ;2008;39;3
1;MAHÉ;2014;39;3
1;MAHÉ;2015;39;5
1;MAHÉ;2019;39;4
1;MALO;2005;39;4
1;MALO;2008;39;3
1;MALO;2011;39;4
1;MALO;2013;39;4
1;MALO;2014;39;3
1;MALO;2016;39;6
1;MALO;2018;39;4
1;MALO;2019;39;4
1;MALO;2020;39;3
1;MALO;2021;39;5
1;MALONE;2008;39;4
1;MALONE;2011;39;4
1;MALONE;2012;39;4
1;MALONE;2017;39;3
1;MALONE;2018;39;3
1;MALONE;2019;39;3
1;MALONE;2020;39;6
1;MALONE;2021;39;3
1;MANOÉ;2017;39;5
1;MANOÉ;2021;39;3
1;MARC;2000;39;4
1;MARC;2018;39;3
1;MARCEAU;2014;39;4
1;MARCEAU;2015;39;7
1;MARCEAU;2016;39;5
1;MARCEAU;2018;39;3
1;MARCEAU;2019;39;4
1;MARCEAU;2020;39;7
1;MARCEAU;2021;39;10
1;MARCO;2004;39;3
1;MARCO;2008;39;3
1;MARIN;2008;39;3
1;MARIN;2009;39;4
1;MARIUS;2000;39;3
1;MARIUS;2001;39;6
1;MARIUS;2002;39;5
1;MARIUS;2003;39;7
1;MARIUS;2004;39;5
1;MARIUS;2005;39;5
1;MARIUS;2006;39;6
1;MARIUS;2007;39;8
1;MARIUS;2008;39;7
1;MARIUS;2009;39;8
1;MARIUS;2010;39;8
1;MARIUS;2011;39;8
1;MARIUS;2012;39;14
1;MARIUS;2014;39;7
1;MARIUS;2015;39;10
1;MARIUS;2016;39;9
1;MARIUS;2017;39;7
1;MARIUS;2018;39;8
1;MARIUS;2019;39;10
1;MARIUS;2020;39;12
1;MARIUS;2021;39;6
1;MARLEY;2016;39;4
1;MARTIN;2000;39;9
1;MARTIN;2001;39;7
1;MARTIN;2003;39;3
1;MARTIN;2004;39;5
1;MARTIN;2005;39;7
1;MARTIN;2006;39;3
1;MARTIN;2007;39;4
1;MARTIN;2008;39;4
1;MARTIN;2009;39;5
1;MARTIN;2010;39;9
1;MARTIN;2011;39;6
1;MARTIN;2012;39;4
1;MARTIN;2013;39;7
1;MARTIN;2014;39;3
1;MARTIN;2015;39;4
1;MARTIN;2016;39;9
1;MARTIN;2017;39;5
1;MARTIN;2018;39;6
1;MARTIN;2019;39;5
1;MARTIN;2020;39;5
1;MARTIN;2021;39;10
1;MARWAN;2006;39;3
1;MARWAN;2012;39;3
1;MARWANE;2000;39;3
1;MATÉO;2000;39;3
1;MATÉO;2002;39;6
1;MATÉO;2003;39;7
1;MATÉO;2004;39;5
1;MATÉO;2005;39;8
1;MATÉO;2006;39;3
1;MATÉO;2007;39;5
1;MATÉO;2008;39;4
1;MATÉO;2009;39;6
1;MATÉO;2013;39;5
1;MATÉO;2014;39;3
1;MATÉO;2017;39;4
1;MATHÉÏS;2012;39;3
1;MATHÉÏS;2013;39;3
1;MATHEO;2010;39;8
1;MATHEO;2011;39;10
1;MATHÉO;2001;39;12
1;MATHÉO;2002;39;7
1;MATHÉO;2003;39;10
1;MATHÉO;2004;39;19
1;MATHÉO;2005;39;21
1;MATHÉO;2006;39;14
1;MATHÉO;2007;39;19
1;MATHÉO;2008;39;19
1;MATHÉO;2009;39;16
1;MATHÉO;2010;39;6
1;MATHÉO;2011;39;6
1;MATHÉO;2012;39;9
1;MATHÉO;2013;39;14
1;MATHÉO;2014;39;8
1;MATHÉO;2015;39;8
1;MATHÉO;2016;39;8
1;MATHÉO;2017;39;6
1;MATHÉO;2018;39;9
1;MATHÉO;2019;39;5
1;MATHÉO;2020;39;4
1;MATHIAS;2000;39;3
1;MATHIAS;2001;39;9
1;MATHIAS;2002;39;4
1;MATHIAS;2003;39;8
1;MATHIAS;2004;39;8
1;MATHIAS;2005;39;5
1;MATHIAS;2006;39;5
1;MATHIAS;2007;39;5
1;MATHIAS;2008;39;7
1;MATHIAS;2011;39;6
1;MATHIAS;2012;39;4
1;MATHIAS;2014;39;5
1;MATHIAS;2015;39;3
1;MATHIAS;2016;39;3
1;MATHIAS;2017;39;3
1;MATHIAS;2021;39;3
1;MATHIEU;2000;39;5
1;MATHIEU;2001;39;9
1;MATHIEU;2002;39;13
1;MATHIEU;2003;39;10
1;MATHIEU;2004;39;5
1;MATHIEU;2005;39;6
1;MATHIEU;2006;39;8
1;MATHIEU;2007;39;4
1;MATHIEU;2010;39;4
1;MATHIEU;2011;39;4
1;MATHIEU;2012;39;5
1;MATHIEU;2017;39;3
1;MATHIEU;2018;39;3
1;MATHIS;2000;39;7
1;MATHIS;2001;39;9
1;MATHIS;2002;39;17
1;MATHIS;2003;39;20
1;MATHIS;2004;39;23
1;MATHIS;2005;39;27
1;MATHIS;2006;39;23
1;MATHIS;2007;39;23
1;MATHIS;2008;39;30
1;MATHIS;2009;39;26
1;MATHIS;2010;39;15
1;MATHIS;2011;39;16
1;MATHIS;2012;39;12
1;MATHIS;2013;39;12
1;MATHIS;2014;39;19
1;MATHIS;2015;39;9
1;MATHIS;2016;39;5
1;MATHIS;2017;39;7
1;MATHIS;2018;39;6
1;MATHIS;2019;39;9
1;MATHIS;2020;39;4
1;MATHIS;2021;39;5
1;MATHYS;2001;39;3
1;MATHYS;2004;39;7
1;MATHYS;2005;39;7
1;MATHYS;2007;39;6
1;MATHYS;2008;39;4
1;MATHYS;2009;39;7
1;MATHYS;2010;39;5
1;MATHYS;2011;39;4
1;MATHYS;2012;39;6
1;MATHYS;2014;39;8
1;MATHYS;2015;39;4
1;MATHYS;2016;39;5
1;MATHYS;2017;39;9
1;MATT;2007;39;3
1;MATT;2008;39;4
1;MATT;2009;39;3
1;MATTEO;2011;39;3
1;MATTÉO;2000;39;7
1;MATTÉO;2001;39;10
1;MATTÉO;2002;39;17
1;MATTÉO;2003;39;11
1;MATTÉO;2004;39;16
1;MATTÉO;2005;39;8
1;MATTÉO;2006;39;7
1;MATTÉO;2007;39;8
1;MATTÉO;2008;39;4
1;MATTÉO;2009;39;5
1;MATTÉO;2010;39;5
1;MATTÉO;2011;39;5
1;MATTÉO;2012;39;4
1;MATTÉO;2014;39;4
1;MATTÉO;2016;39;5
1;MATTÉO;2019;39;4
1;MATTÉO;2021;39;4
1;MATTHÉO;2017;39;3
1;MATTHEW;2000;39;3
1;MATTHIAS;2002;39;3
1;MATTHIAS;2005;39;3
1;MATTHIAS;2012;39;3
1;MATTHIEU;2000;39;7
1;MATTHIEU;2003;39;7
1;MATTHIEU;2004;39;5
1;MATTHIEU;2006;39;4
1;MATTHIEU;2007;39;3
1;MATTHIEU;2009;39;4
1;MATTHIEU;2011;39;3
1;MATTIS;2001;39;4
1;MAX;2001;39;4
1;MAX;2007;39;3
1;MAX;2009;39;3
1;MAXENCE;2000;39;11
1;MAXENCE;2001;39;9
1;MAXENCE;2002;39;4
1;MAXENCE;2003;39;11
1;MAXENCE;2004;39;13
1;MAXENCE;2005;39;15
1;MAXENCE;2006;39;10
1;MAXENCE;2007;39;18
1;MAXENCE;2008;39;6
1;MAXENCE;2009;39;13
1;MAXENCE;2010;39;7
1;MAXENCE;2011;39;9
1;MAXENCE;2012;39;8
1;MAXENCE;2013;39;6
1;MAXENCE;2014;39;6
1;MAXENCE;2015;39;8
1;MAXENCE;2016;39;6
1;MAXENCE;2017;39;4
1;MAXENCE;2018;39;8
1;MAXENCE;2019;39;3
1;MAXENCE;2020;39;3
1;MAXENCE;2021;39;5
1;MAXIME;2000;39;23
1;MAXIME;2001;39;20
1;MAXIME;2002;39;31
1;MAXIME;2003;39;18
1;MAXIME;2004;39;16
1;MAXIME;2005;39;18
1;MAXIME;2006;39;13
1;MAXIME;2007;39;17
1;MAXIME;2008;39;14
1;MAXIME;2009;39;14
1;MAXIME;2010;39;13
1;MAXIME;2011;39;12
1;MAXIME;2012;39;4
1;MAXIME;2013;39;7
1;MAXIME;2014;39;10
1;MAXIME;2015;39;5
1;MAXIME;2016;39;4
1;MAXIME;2017;39;4
1;MAXIME;2018;39;7
1;MAXIME;2019;39;3
1;MAXIME;2021;39;4
1;MAXIMILIEN;2001;39;6
1;MAYLONE;2020;39;5
1;MAYLONE;2021;39;7
1;MAYRON;2020;39;3
1;MEHDI;2003;39;5
1;MEHDI;2005;39;3
1;MEHDI;2006;39;3
1;MEHDI;2007;39;3
1;MEHDI;2008;39;6
1;MEHDI;2009;39;3
1;MEHDI;2010;39;7
1;MEHDI;2011;39;5
1;MEHDI;2013;39;3
1;MEHDI;2017;39;3
1;MEHMET;2003;39;3
1;MEHMET;2008;39;3
1;MEHMET;2013;39;4
1;MELIH;2003;39;3
1;MELVIN;2007;39;3
1;MELVYN;2016;39;3
1;MICKAEL;2000;39;5
1;MICKAEL;2001;39;3
1;MICKAEL;2002;39;3
1;MICKAEL;2003;39;4
1;MICKAEL;2005;39;3
1;MICKAEL;2008;39;4
1;MIGUEL;2001;39;3
1;MIKAIL;2005;39;3
1;MIKAIL;2008;39;3
1;MILAN;2017;39;4
1;MILANN;2021;39;3
1;MILO;2004;39;3
1;MILO;2009;39;5
1;MILO;2010;39;3
1;MILO;2011;39;3
1;MILO;2012;39;3
1;MILO;2016;39;4
1;MILO;2017;39;3
1;MILO;2018;39;3
1;MILO;2020;39;6
1;MILO;2021;39;7
1;MOHAMED;2004;39;3
1;MOHAMED;2006;39;6
1;MOHAMED;2007;39;6
1;MOHAMED;2008;39;6
1;MOHAMED;2011;39;7
1;MOHAMED;2013;39;5
1;MOHAMED;2014;39;4
1;MOHAMMED;2008;39;3
1;MORGAN;2000;39;4
1;MORGAN;2006;39;4
1;MORGAN;2009;39;5
1;MORGAN;2010;39;5
1;MORGAN;2012;39;3
1;MORGAN;2014;39;4
1;MUHAMMED;2008;39;3
1;MUHAMMED;2014;39;3
1;MUSTAFA;2003;39;3
1;MUSTAFA;2012;39;3
1;MYLAN;2020;39;3
1;MYLAN;2021;39;6
1;NAEL;2005;39;3
1;NAEL;2010;39;3
1;NAËL;2012;39;3
1;NAËL;2015;39;3
1;NAËL;2017;39;6
1;NAËL;2018;39;4
1;NAËL;2019;39;3
1;NAËL;2021;39;4
1;NAHEL;2014;39;4
1;NAÏM;2017;39;4
1;NASSIM;2000;39;5
1;NASSIM;2005;39;3
1;NASSIM;2007;39;3
1;NASSIM;2009;39;5
1;NASSIM;2016;39;3
1;NATHAEL;2011;39;3
1;NATHAN;2000;39;12
1;NATHAN;2001;39;12
1;NATHAN;2002;39;13
1;NATHAN;2003;39;16
1;NATHAN;2004;39;23
1;NATHAN;2005;39;17
1;NATHAN;2006;39;18
1;NATHAN;2007;39;22
1;NATHAN;2008;39;24
1;NATHAN;2009;39;24
1;NATHAN;2010;39;34
1;NATHAN;2011;39;17
1;NATHAN;2012;39;14
1;NATHAN;2013;39;15
1;NATHAN;2014;39;16
1;NATHAN;2015;39;15
1;NATHAN;2016;39;5
1;NATHAN;2017;39;15
1;NATHAN;2018;39;12
1;NATHAN;2019;39;11
1;NATHAN;2020;39;6
1;NATHAN;2021;39;8
1;NATHANAEL;2008;39;3
1;NATHANAEL;2009;39;4
1;NATHANAËL;2015;39;4
1;NATHANAËL;2016;39;3
1;NEO;2007;39;3
1;NICOLAS;2000;39;18
1;NICOLAS;2001;39;24
1;NICOLAS;2002;39;17
1;NICOLAS;2003;39;11
1;NICOLAS;2004;39;6
1;NICOLAS;2005;39;5
1;NICOLAS;2006;39;4
1;NICOLAS;2007;39;5
1;NICOLAS;2008;39;3
1;NICOLAS;2009;39;7
1;NICOLAS;2011;39;4
1;NICOLAS;2012;39;4
1;NICOLAS;2017;39;3
1;NILS;2006;39;6
1;NINO;2004;39;4
1;NINO;2008;39;8
1;NINO;2009;39;6
1;NINO;2010;39;3
1;NINO;2012;39;10
1;NINO;2013;39;5
1;NINO;2015;39;5
1;NINO;2016;39;9
1;NINO;2017;39;7
1;NINO;2018;39;14
1;NINO;2019;39;6
1;NINO;2020;39;13
1;NINO;2021;39;6
1;NOA;2002;39;5
1;NOA;2004;39;7
1;NOA;2005;39;7
1;NOA;2006;39;15
1;NOA;2007;39;14
1;NOA;2008;39;13
1;NOA;2009;39;10
1;NOA;2010;39;8
1;NOA;2011;39;4
1;NOA;2012;39;10
1;NOA;2013;39;6
1;NOA;2014;39;7
1;NOA;2015;39;5
1;NOA;2016;39;3
1;NOA;2017;39;4
1;NOA;2018;39;3
1;NOA;2019;39;4
1;NOA;2020;39;6
1;NOAH;2003;39;10
1;NOAH;2004;39;11
1;NOAH;2005;39;11
1;NOAH;2006;39;13
1;NOAH;2007;39;12
1;NOAH;2008;39;12
1;NOAH;2009;39;10
1;NOAH;2010;39;9
1;NOAH;2011;39;17
1;NOAH;2012;39;12
1;NOAH;2013;39;5
1;NOAH;2014;39;8
1;NOAH;2015;39;7
1;NOAH;2016;39;12
1;NOAH;2017;39;8
1;NOAH;2018;39;4
1;NOAH;2019;39;3
1;NOAH;2020;39;6
1;NOAH;2021;39;8
1;NOAM;2005;39;3
1;NOAM;2006;39;3
1;NOAM;2009;39;6
1;NOAM;2010;39;3
1;NOAM;2012;39;3
1;NOAM;2014;39;3
1;NOAM;2015;39;3
1;NOAM;2019;39;3
1;NOAM;2020;39;3
1;NOE;2002;39;6
1;NOE;2003;39;6
1;NOE;2004;39;5
1;NOE;2005;39;4
1;NOE;2006;39;6
1;NOE;2007;39;5
1;NOE;2008;39;8
1;NOE;2009;39;8
1;NOE;2010;39;12
1;NOE;2011;39;6
1;NOE;2012;39;4
1;NOÉ;2011;39;6
1;NOÉ;2012;39;12
1;NOÉ;2013;39;15
1;NOÉ;2014;39;9
1;NOÉ;2015;39;7
1;NOÉ;2016;39;9
1;NOÉ;2017;39;6
1;NOÉ;2018;39;3
1;NOÉ;2019;39;6
1;NOÉ;2020;39;4
1;NOÉ;2021;39;6
1;NOHA;2015;39;3
1;NOHAM;2011;39;3
1;NOHAM;2013;39;3
1;NOHAM;2016;39;3
1;NOHAM;2019;39;3
1;NOHAM;2020;39;3
1;NOLAN;2003;39;4
1;NOLAN;2004;39;3
1;NOLAN;2005;39;6
1;NOLAN;2006;39;6
1;NOLAN;2007;39;7
1;NOLAN;2008;39;6
1;NOLAN;2009;39;7
1;NOLAN;2010;39;8
1;NOLAN;2011;39;13
1;NOLAN;2012;39;21
1;NOLAN;2013;39;20
1;NOLAN;2014;39;18
1;NOLAN;2015;39;16
1;NOLAN;2016;39;8
1;NOLAN;2017;39;6
1;NOLAN;2018;39;8
1;NOLAN;2019;39;11
1;NOLAN;2020;39;9
1;NOLAN;2021;39;7
1;NOLANN;2006;39;3
1;NOLANN;2008;39;3
1;NOLHAN;2011;39;3
1;NOLHAN;2013;39;5
1;NOLHAN;2015;39;4
1;OMER;2003;39;3
1;OMER;2005;39;3
1;OSCAR;2003;39;3
1;OSCAR;2006;39;3
1;OSCAR;2007;39;3
1;OSCAR;2008;39;3
1;OSCAR;2010;39;5
1;OSCAR;2016;39;3
1;OSCAR;2020;39;3
1;OWEN;2014;39;6
1;OWEN;2019;39;4
1;OWEN;2021;39;3
1;PABLO;2006;39;3
1;PABLO;2015;39;3
1;PABLO;2017;39;4
1;PABLO;2019;39;5
1;PABLO;2020;39;4
1;PABLO;2021;39;3
1;PAOLO;2006;39;3
1;PAUL;2000;39;21
1;PAUL;2001;39;18
1;PAUL;2002;39;13
1;PAUL;2003;39;16
1;PAUL;2004;39;20
1;PAUL;2005;39;13
1;PAUL;2006;39;8
1;PAUL;2007;39;19
1;PAUL;2008;39;13
1;PAUL;2009;39;13
1;PAUL;2010;39;8
1;PAUL;2011;39;20
1;PAUL;2012;39;25
1;PAUL;2013;39;16
1;PAUL;2014;39;11
1;PAUL;2015;39;10
1;PAUL;2016;39;17
1;PAUL;2017;39;15
1;PAUL;2018;39;7
1;PAUL;2019;39;11
1;PAUL;2020;39;11
1;PAUL;2021;39;10
1;PAUL-EMILE;2004;39;3
1;PIERRE;2000;39;8
1;PIERRE;2001;39;10
1;PIERRE;2002;39;8
1;PIERRE;2003;39;7
1;PIERRE;2004;39;8
1;PIERRE;2005;39;8
1;PIERRE;2006;39;6
1;PIERRE;2008;39;6
1;PIERRE;2009;39;4
1;PIERRE;2010;39;4
1;PIERRE;2011;39;3
1;PIERRE;2012;39;5
1;PIERRE;2013;39;4
1;PIERRE;2014;39;6
1;PIERRE;2016;39;4
1;PIERRE;2017;39;3
1;PIERRE;2019;39;3
1;QUENTIN;2000;39;25
1;QUENTIN;2001;39;24
1;QUENTIN;2002;39;21
1;QUENTIN;2003;39;13
1;QUENTIN;2004;39;23
1;QUENTIN;2005;39;15
1;QUENTIN;2006;39;16
1;QUENTIN;2007;39;8
1;QUENTIN;2008;39;9
1;QUENTIN;2009;39;10
1;QUENTIN;2010;39;10
1;QUENTIN;2011;39;3
1;QUENTIN;2012;39;9
1;QUENTIN;2013;39;13
1;QUENTIN;2014;39;5
1;QUENTIN;2015;39;3
1;RAFAEL;2015;39;5
1;RAFAEL;2016;39;3
1;RAFAËL;2021;39;3
1;RAPHAEL;2010;39;4
1;RAPHAËL;2000;39;3
1;RAPHAËL;2001;39;8
1;RAPHAËL;2002;39;5
1;RAPHAËL;2005;39;5
1;RAPHAËL;2007;39;9
1;RAPHAËL;2008;39;10
1;RAPHAËL;2009;39;9
1;RAPHAËL;2012;39;3
1;RAPHAËL;2013;39;4
1;RAPHAËL;2014;39;8
1;RAPHAËL;2015;39;4
1;RAPHAËL;2016;39;7
1;RAPHAËL;2017;39;7
1;RAPHAËL;2018;39;11
1;RAPHAËL;2019;39;3
1;RAPHAËL;2020;39;4
1;RAPHAËL;2021;39;8
1;RAYAN;2003;39;3
1;RAYAN;2004;39;7
1;RAYAN;2005;39;4
1;RAYAN;2006;39;4
1;RAYAN;2007;39;7
1;RAYAN;2008;39;5
1;RAYAN;2009;39;8
1;RAYAN;2010;39;9
1;RAYAN;2011;39;5
1;RAYAN;2014;39;8
1;RAYAN;2015;39;11
1;RAYAN;2016;39;4
1;RAYAN;2017;39;4
1;RAYAN;2018;39;5
1;RAYAN;2019;39;3
1;REDA;2001;39;3
1;REMI;2010;39;4
1;RÉMI;2000;39;10
1;RÉMI;2001;39;9
1;RÉMI;2002;39;4
1;RÉMI;2003;39;6
1;RÉMI;2007;39;4
1;RÉMI;2008;39;4
1;RÉMI;2013;39;3
1;RÉMI;2015;39;3
1;RÉMY;2001;39;5
1;RÉMY;2003;39;3
1;RÉMY;2005;39;4
1;RÉMY;2009;39;3
1;RENAUD;2001;39;3
1;ROBIN;2000;39;4
1;ROBIN;2001;39;9
1;ROBIN;2002;39;9
1;ROBIN;2003;39;4
1;ROBIN;2004;39;9
1;ROBIN;2005;39;8
1;ROBIN;2006;39;7
1;ROBIN;2007;39;11
1;ROBIN;2008;39;12
1;ROBIN;2009;39;12
1;ROBIN;2010;39;8
1;ROBIN;2011;39;9
1;ROBIN;2012;39;8
1;ROBIN;2013;39;7
1;ROBIN;2014;39;7
1;ROBIN;2015;39;8
1;ROBIN;2016;39;5
1;ROBIN;2017;39;6
1;ROBIN;2018;39;8
1;ROBIN;2019;39;5
1;ROBIN;2020;39;8
1;ROBIN;2021;39;6
1;ROMAIN;2000;39;13
1;ROMAIN;2001;39;12
1;ROMAIN;2002;39;12
1;ROMAIN;2003;39;19
1;ROMAIN;2004;39;8
1;ROMAIN;2005;39;9
1;ROMAIN;2006;39;9
1;ROMAIN;2007;39;11
1;ROMAIN;2008;39;11
1;ROMAIN;2009;39;5
1;ROMAIN;2010;39;7
1;ROMAIN;2012;39;3
1;ROMAIN;2016;39;3
1;ROMÉO;2007;39;3
1;ROMÉO;2008;39;3
1;ROMÉO;2013;39;4
1;ROMÉO;2014;39;3
1;ROMÉO;2018;39;3
1;ROMÉO;2019;39;3
1;ROMÉO;2021;39;3
1;ROMUALD;2001;39;3
1;ROMUALD;2002;39;4
1;RUBEN;2009;39;3
1;RUBEN;2012;39;3
1;RUBEN;2013;39;3
1;RUBEN;2016;39;3
1;RYAD;2000;39;3
1;RYAN;2000;39;3
1;RYAN;2001;39;3
1;RYAN;2003;39;5
1;RYAN;2005;39;7
1;RYAN;2006;39;3
1;RYAN;2007;39;3
1;RYAN;2008;39;3
1;RYAN;2009;39;3
1;RYAN;2011;39;5
1;RYAN;2013;39;3
1;RYAN;2015;39;5
1;RYAN;2019;39;4
1;SACHA;2000;39;4
1;SACHA;2005;39;8
1;SACHA;2006;39;3
1;SACHA;2007;39;5
1;SACHA;2009;39;8
1;SACHA;2010;39;5
1;SACHA;2011;39;8
1;SACHA;2012;39;9
1;SACHA;2013;39;10
1;SACHA;2014;39;14
1;SACHA;2015;39;14
1;SACHA;2016;39;15
1;SACHA;2017;39;9
1;SACHA;2018;39;8
1;SACHA;2019;39;9
1;SACHA;2020;39;11
1;SALIM;2008;39;3
1;SAM;2005;39;5
1;SAM;2020;39;3
1;SAMET;2005;39;3
1;SAMET;2006;39;3
1;SAMET;2008;39;3
1;SAMI;2006;39;3
1;SAMI;2009;39;3
1;SAMI;2015;39;3
1;SAMUEL;2000;39;8
1;SAMUEL;2001;39;10
1;SAMUEL;2003;39;5
1;SAMUEL;2004;39;3
1;SAMUEL;2005;39;3
1;SAMUEL;2006;39;7
1;SAMUEL;2007;39;4
1;SAMUEL;2008;39;5
1;SAMUEL;2009;39;7
1;SAMUEL;2010;39;6
1;SAMUEL;2011;39;7
1;SAMUEL;2012;39;3
1;SAMUEL;2013;39;4
1;SAMUEL;2016;39;5
1;SAMUEL;2018;39;5
1;SAMUEL;2020;39;4
1;SAMUEL;2021;39;4
1;SAMY;2000;39;3
1;SAMY;2003;39;5
1;SAMY;2006;39;3
1;SAMY;2013;39;4
1;SAMY;2019;39;3
1;SANDRO;2017;39;3
1;SANDRO;2018;39;5
1;SASHA;2021;39;3
1;SÉBASTIEN;2000;39;3
1;SÉBASTIEN;2001;39;4
1;SÉBASTIEN;2002;39;4
1;SÉBASTIEN;2004;39;3
1;SÉBASTIEN;2005;39;3
1;SÉBASTIEN;2007;39;3
1;SELIM;2019;39;3
1;SEMIH;2010;39;3
1;SEMIH;2013;39;4
1;SIMÉON;2021;39;4
1;SIMON;2000;39;12
1;SIMON;2001;39;8
1;SIMON;2002;39;8
1;SIMON;2003;39;15
1;SIMON;2004;39;6
1;SIMON;2005;39;5
1;SIMON;2006;39;9
1;SIMON;2007;39;9
1;SIMON;2008;39;10
1;SIMON;2009;39;9
1;SIMON;2010;39;6
1;SIMON;2011;39;3
1;SIMON;2012;39;11
1;SIMON;2013;39;7
1;SIMON;2014;39;6
1;SIMON;2015;39;7
1;SIMON;2017;39;4
1;SIMON;2018;39;3
1;SIMON;2019;39;6
1;SIMON;2020;39;6
1;SIMON;2021;39;3
1;SOAN;2009;39;5
1;SOAN;2011;39;5
1;SOAN;2012;39;8
1;SOAN;2013;39;7
1;SOAN;2015;39;5
1;SOAN;2016;39;3
1;SOAN;2017;39;6
1;SOAN;2018;39;4
1;SOAN;2019;39;3
1;SOAN;2021;39;3
1;SOFIANE;2002;39;6
1;SOFIANE;2004;39;4
1;SOFIANE;2005;39;3
1;SOFIANE;2007;39;4
1;SOFIANE;2008;39;5
1;SOFIANE;2010;39;3
1;SOFIANE;2013;39;3
1;SOFIANE;2014;39;4
1;SOHAN;2014;39;7
1;SOHAN;2017;39;4
1;SOREN;2010;39;3
1;SOREN;2011;39;3
1;SOREN;2013;39;3
1;SOREN;2018;39;4
1;STAN;2008;39;3
1;STÉPHANE;2000;39;3
1;STEVEN;2000;39;3
1;STEVEN;2001;39;3
1;STEVEN;2002;39;3
1;SULLIVAN;2009;39;3
1;TALHA;2012;39;3
1;TANGUY;2000;39;5
1;TANGUY;2001;39;5
1;TANGUY;2003;39;5
1;TANGUY;2004;39;5
1;TANGUY;2005;39;3
1;TANGUY;2006;39;5
1;TEDDY;2000;39;4
1;TEDDY;2001;39;3
1;TEDDY;2003;39;3
1;TÉO;2002;39;3
1;THEO;2010;39;16
1;THEO;2011;39;9
1;THEO;2012;39;3
1;THÉO;2000;39;33
1;THÉO;2001;39;41
1;THÉO;2002;39;39
1;THÉO;2003;39;31
1;THÉO;2004;39;26
1;THÉO;2005;39;24
1;THÉO;2006;39;17
1;THÉO;2007;39;18
1;THÉO;2008;39;15
1;THÉO;2009;39;20
1;THÉO;2010;39;8
1;THÉO;2011;39;4
1;THÉO;2012;39;16
1;THÉO;2013;39;8
1;THÉO;2014;39;12
1;THÉO;2015;39;17
1;THÉO;2016;39;10
1;THÉO;2017;39;10
1;THÉO;2018;39;9
1;THÉO;2019;39;9
1;THÉO;2020;39;7
1;THÉO;2021;39;4
1;THIAGO;2014;39;4
1;THIAGO;2015;39;3
1;THIAGO;2017;39;3
1;THIAGO;2018;39;3
1;THIAGO;2020;39;4
1;THIBAUD;2001;39;3
1;THIBAUD;2002;39;3
1;THIBAUD;2003;39;4
1;THIBAUD;2008;39;3
1;THIBAULT;2000;39;3
1;THIBAULT;2001;39;8
1;THIBAULT;2002;39;5
1;THIBAULT;2003;39;4
1;THIBAULT;2004;39;3
1;THIBAULT;2005;39;6
1;THIBAULT;2009;39;4
1;THIBAULT;2011;39;5
1;THIBAULT;2013;39;3
1;THIBAULT;2016;39;3
1;THIBAUT;2000;39;8
1;THIBAUT;2001;39;4
1;THIBAUT;2002;39;5
1;THIBAUT;2003;39;7
1;THIBAUT;2004;39;4
1;THIBAUT;2005;39;5
1;THIBAUT;2007;39;7
1;THIBAUT;2008;39;8
1;THIBAUT;2010;39;6
1;THIBAUT;2012;39;3
1;THOMAS;2000;39;32
1;THOMAS;2001;39;34
1;THOMAS;2002;39;23
1;THOMAS;2003;39;15
1;THOMAS;2004;39;24
1;THOMAS;2005;39;22
1;THOMAS;2006;39;17
1;THOMAS;2007;39;20
1;THOMAS;2008;39;14
1;THOMAS;2009;39;11
1;THOMAS;2010;39;4
1;THOMAS;2011;39;8
1;THOMAS;2012;39;4
1;THOMAS;2013;39;6
1;THOMAS;2014;39;4
1;THOMAS;2015;39;4
1;THOMAS;2017;39;3
1;THOMAS;2020;39;3
1;TIAGO;2009;39;3
1;TIAGO;2012;39;6
1;TIAGO;2013;39;5
1;TIAGO;2014;39;5
1;TIAGO;2015;39;5
1;TIAGO;2016;39;3
1;TIAGO;2017;39;5
1;TIAGO;2018;39;3
1;TIAGO;2019;39;10
1;TIAGO;2020;39;10
1;TIAGO;2021;39;5
1;TILIO;2009;39;3
1;TILIO;2017;39;3
1;TIM;2008;39;3
1;TIM;2013;39;3
1;TIMEO;2006;39;4
1;TIMEO;2007;39;12
1;TIMEO;2008;39;11
1;TIMEO;2009;39;11
1;TIMEO;2010;39;24
1;TIMEO;2011;39;11
1;TIMÉO;2011;39;11
1;TIMÉO;2012;39;13
1;TIMÉO;2013;39;25
1;TIMÉO;2014;39;16
1;TIMÉO;2015;39;16
1;TIMÉO;2016;39;17
1;TIMÉO;2017;39;9
1;TIMÉO;2018;39;8
1;TIMÉO;2019;39;7
1;TIMÉO;2020;39;7
1;TIMÉO;2021;39;4
1;TIMOTE;2004;39;3
1;TIMOTHE;2003;39;5
1;TIMOTHE;2004;39;4
1;TIMOTHE;2006;39;3
1;TIMOTHE;2007;39;4
1;TIMOTHE;2009;39;4
1;TIMOTHÉ;2015;39;4
1;TIMOTHÉ;2020;39;6
1;TIMOTHÉE;2003;39;3
1;TIMOTHÉE;2009;39;3
1;TIMOTHÉE;2012;39;3
1;TIMOTHÉE;2020;39;3
1;TINO;2016;39;4
1;TITOUAN;2001;39;3
1;TITOUAN;2002;39;3
1;TITOUAN;2005;39;5
1;TITOUAN;2007;39;12
1;TITOUAN;2008;39;5
1;TITOUAN;2009;39;7
1;TITOUAN;2010;39;3
1;TITOUAN;2011;39;5
1;TITOUAN;2014;39;6
1;TOM;2000;39;25
1;TOM;2001;39;20
1;TOM;2002;39;20
1;TOM;2003;39;15
1;TOM;2004;39;26
1;TOM;2005;39;24
1;TOM;2006;39;26
1;TOM;2007;39;18
1;TOM;2008;39;25
1;TOM;2009;39;12
1;TOM;2010;39;8
1;TOM;2011;39;20
1;TOM;2012;39;16
1;TOM;2013;39;14
1;TOM;2014;39;15
1;TOM;2015;39;16
1;TOM;2016;39;12
1;TOM;2017;39;15
1;TOM;2018;39;14
1;TOM;2019;39;7
1;TOM;2020;39;7
1;TOM;2021;39;6
1;TONY;2000;39;9
1;TONY;2001;39;4
1;TONY;2002;39;4
1;TONY;2004;39;3
1;TONY;2005;39;4
1;TONY;2006;39;7
1;TONY;2007;39;4
1;TONY;2008;39;3
1;TONY;2010;39;3
1;TONY;2011;39;3
1;TRISTAN;2000;39;8
1;TRISTAN;2001;39;8
1;TRISTAN;2002;39;11
1;TRISTAN;2003;39;5
1;TRISTAN;2004;39;5
1;TRISTAN;2005;39;6
1;TRISTAN;2006;39;4
1;TRISTAN;2007;39;7
1;TRISTAN;2008;39;4
1;TRISTAN;2009;39;5
1;TRISTAN;2010;39;3
1;TRISTAN;2012;39;3
1;TRISTAN;2013;39;3
1;TRISTAN;2015;39;3
1;TRISTAN;2016;39;3
1;TYLIO;2018;39;3
1;TYMÉO;2015;39;4
1;TYMÉO;2019;39;3
1;TYMÉO;2021;39;3
1;UGO;2000;39;4
1;UGO;2002;39;4
1;UGO;2003;39;3
1;UGO;2005;39;4
1;ULYSSE;2002;39;3
1;VALENTIN;2000;39;23
1;VALENTIN;2001;39;13
1;VALENTIN;2002;39;24
1;VALENTIN;2003;39;18
1;VALENTIN;2004;39;11
1;VALENTIN;2005;39;5
1;VALENTIN;2006;39;7
1;VALENTIN;2007;39;6
1;VALENTIN;2008;39;12
1;VALENTIN;2009;39;11
1;VALENTIN;2010;39;10
1;VALENTIN;2011;39;3
1;VALENTIN;2012;39;5
1;VALENTIN;2013;39;5
1;VALENTIN;2014;39;7
1;VALENTIN;2015;39;3
1;VALENTIN;2016;39;7
1;VALENTIN;2017;39;3
1;VALENTIN;2018;39;4
1;VALENTIN;2019;39;6
1;VICTOR;2000;39;20
1;VICTOR;2001;39;10
1;VICTOR;2002;39;11
1;VICTOR;2003;39;8
1;VICTOR;2004;39;5
1;VICTOR;2005;39;12
1;VICTOR;2006;39;5
1;VICTOR;2007;39;7
1;VICTOR;2008;39;10
1;VICTOR;2009;39;7
1;VICTOR;2010;39;6
1;VICTOR;2011;39;7
1;VICTOR;2012;39;8
1;VICTOR;2013;39;5
1;VICTOR;2014;39;3
1;VICTOR;2015;39;6
1;VICTOR;2017;39;3
1;VICTOR;2018;39;9
1;VICTOR;2019;39;8
1;VICTOR;2021;39;3
1;VICTORIEN;2005;39;3
1;VINCENT;2000;39;16
1;VINCENT;2001;39;7
1;VINCENT;2002;39;5
1;VINCENT;2003;39;7
1;VINCENT;2004;39;6
1;VINCENT;2005;39;5
1;WAEL;2008;39;4
1;WALID;2005;39;3
1;WALID;2006;39;3
1;WALID;2007;39;3
1;WALID;2008;39;3
1;WALID;2009;39;3
1;WASSIM;2009;39;5
1;WASSIM;2010;39;4
1;WASSIM;2012;39;7
1;WASSIM;2015;39;3
1;WILLIAM;2001;39;4
1;WILLIAM;2009;39;3
1;WILLIAM;2011;39;4
1;WILLIAM;2012;39;4
1;WYATT;2019;39;3
1;WYATT;2020;39;3
1;YANIS;2000;39;3
1;YANIS;2001;39;7
1;YANIS;2002;39;9
1;YANIS;2003;39;8
1;YANIS;2004;39;14
1;YANIS;2005;39;15
1;YANIS;2006;39;13
1;YANIS;2007;39;13
1;YANIS;2008;39;15
1;YANIS;2009;39;16
1;YANIS;2010;39;13
1;YANIS;2011;39;10
1;YANIS;2012;39;9
1;YANIS;2013;39;10
1;YANIS;2014;39;8
1;YANIS;2015;39;4
1;YANIS;2017;39;5
1;YANIS;2018;39;4
1;YANIS;2020;39;3
1;YANIS;2021;39;5
1;YANN;2000;39;8
1;YANN;2001;39;7
1;YANN;2002;39;7
1;YANN;2003;39;3
1;YANN;2004;39;7
1;YANN;2005;39;4
1;YANN;2006;39;3
1;YANN;2009;39;3
1;YANN;2010;39;4
1;YANN;2012;39;3
1;YANN;2013;39;3
1;YANN;2015;39;4
1;YANNIS;2000;39;3
1;YANNIS;2001;39;3
1;YANNIS;2002;39;4
1;YANNIS;2004;39;3
1;YANNIS;2008;39;4
1;YASIN;2004;39;3
1;YASIN;2005;39;3
1;YASIN;2006;39;3
1;YASIN;2010;39;3
1;YASSINE;2005;39;4
1;YASSINE;2008;39;3
1;YASSINE;2011;39;4
1;YLAN;2012;39;5
1;YLAN;2016;39;3
1;YOHAN;2000;39;4
1;YOHANN;2000;39;6
1;YOHANN;2001;39;3
1;YOUNES;2002;39;3
1;YOUNES;2005;39;3
1;YOUNES;2012;39;3
1;YOUNES;2014;39;4
1;YOUNES;2016;39;3
1;YOUNESS;2003;39;3
1;YUSUF;2010;39;3
1;YUSUF;2011;39;3
1;YUSUF;2015;39;3
1;ZAKARIA;2005;39;4
1;ZAKARIA;2008;39;3
2;_PRENOMS_RARES;2000;39;26
2;_PRENOMS_RARES;2001;39;24
2;_PRENOMS_RARES;2002;39;32
2;_PRENOMS_RARES;2003;39;28
2;_PRENOMS_RARES;2004;39;29
2;_PRENOMS_RARES;2005;39;34
2;_PRENOMS_RARES;2006;39;38
2;_PRENOMS_RARES;2007;39;40
2;_PRENOMS_RARES;2008;39;44
2;_PRENOMS_RARES;2009;39;41
2;_PRENOMS_RARES;2010;39;45
2;_PRENOMS_RARES;2011;39;45
2;_PRENOMS_RARES;2012;39;50
2;_PRENOMS_RARES;2013;39;45
2;_PRENOMS_RARES;2014;39;57
2;_PRENOMS_RARES;2015;39;55
2;_PRENOMS_RARES;2016;39;57
2;_PRENOMS_RARES;2017;39;57
2;_PRENOMS_RARES;2018;39;38
2;_PRENOMS_RARES;2019;39;55
2;_PRENOMS_RARES;2020;39;50
2;_PRENOMS_RARES;2021;39;39
2;ADÈLE;2001;39;3
2;ADÈLE;2004;39;4
2;ADÈLE;2007;39;4
2;ADÈLE;2012;39;6
2;ADÈLE;2014;39;4
2;ADÈLE;2015;39;3
2;ADÈLE;2016;39;4
2;ADÈLE;2017;39;3
2;ADÈLE;2019;39;10
2;ADÈLE;2020;39;3
2;ADÈLE;2021;39;9
2;AGATHE;2000;39;5
2;AGATHE;2001;39;6
2;AGATHE;2002;39;5
2;AGATHE;2003;39;7
2;AGATHE;2004;39;8
2;AGATHE;2005;39;8
2;AGATHE;2006;39;8
2;AGATHE;2007;39;3
2;AGATHE;2008;39;8
2;AGATHE;2009;39;4
2;AGATHE;2011;39;5
2;AGATHE;2012;39;4
2;AGATHE;2013;39;5
2;AGATHE;2015;39;5
2;AGATHE;2016;39;9
2;AGATHE;2017;39;4
2;AGATHE;2019;39;8
2;AGATHE;2020;39;10
2;AGATHE;2021;39;13
2;ALBA;2021;39;5
2;ALBANE;2017;39;4
2;ALESSIA;2016;39;3
2;ALEXANDRA;2003;39;3
2;ALEXIA;2000;39;10
2;ALEXIA;2001;39;5
2;ALEXIA;2002;39;8
2;ALEXIA;2003;39;5
2;ALEXIA;2004;39;4
2;ALEXIA;2005;39;4
2;ALEXIA;2006;39;6
2;ALEYNA;2003;39;5
2;ALICE;2000;39;8
2;ALICE;2001;39;6
2;ALICE;2002;39;5
2;ALICE;2003;39;11
2;ALICE;2004;39;3
2;ALICE;2005;39;4
2;ALICE;2006;39;7
2;ALICE;2007;39;7
2;ALICE;2008;39;4
2;ALICE;2009;39;9
2;ALICE;2010;39;8
2;ALICE;2011;39;5
2;ALICE;2012;39;6
2;ALICE;2013;39;8
2;ALICE;2014;39;9
2;ALICE;2015;39;12
2;ALICE;2016;39;5
2;ALICE;2017;39;10
2;ALICE;2018;39;13
2;ALICE;2019;39;7
2;ALICE;2020;39;12
2;ALICE;2021;39;9
2;ALICIA;2000;39;9
2;ALICIA;2001;39;6
2;ALICIA;2002;39;9
2;ALICIA;2003;39;6
2;ALICIA;2004;39;5
2;ALICIA;2005;39;7
2;ALICIA;2006;39;4
2;ALICIA;2007;39;4
2;ALICIA;2008;39;5
2;ALICIA;2010;39;6
2;ALICIA;2011;39;6
2;ALICIA;2012;39;3
2;ALICIA;2013;39;5
2;ALICIA;2014;39;4
2;ALICIA;2015;39;3
2;ALICIA;2016;39;4
2;ALICIA;2017;39;6
2;ALICIA;2019;39;4
2;ALINE;2003;39;3
2;ALINE;2004;39;3
2;ALISON;2000;39;5
2;ALISON;2002;39;3
2;ALIX;2010;39;3
2;ALIX;2015;39;3
2;ALIX;2016;39;3
2;ALIX;2018;39;4
2;ALIX;2021;39;4
2;ALIZÉE;2001;39;4
2;ALIZÉE;2004;39;4
2;ALIZÉE;2007;39;3
2;ALIZÉE;2012;39;4
2;ALYA;2019;39;3
2;ALYA;2021;39;3
2;ALYCIA;2003;39;3
2;ALYSON;2015;39;3
2;ALYSSA;2004;39;3
2;AMALIA;2007;39;3
2;AMALIA;2021;39;3
2;AMANDINE;2000;39;8
2;AMANDINE;2001;39;10
2;AMANDINE;2002;39;16
2;AMANDINE;2003;39;4
2;AMANDINE;2004;39;11
2;AMANDINE;2006;39;3
2;AMANDINE;2008;39;8
2;AMANDINE;2009;39;3
2;AMBRE;2001;39;6
2;AMBRE;2002;39;5
2;AMBRE;2003;39;4
2;AMBRE;2004;39;6
2;AMBRE;2005;39;6
2;AMBRE;2007;39;6
2;AMBRE;2008;39;12
2;AMBRE;2009;39;14
2;AMBRE;2010;39;7
2;AMBRE;2011;39;11
2;AMBRE;2012;39;13
2;AMBRE;2013;39;7
2;AMBRE;2014;39;8
2;AMBRE;2015;39;6
2;AMBRE;2016;39;15
2;AMBRE;2017;39;6
2;AMBRE;2018;39;9
2;AMBRE;2019;39;12
2;AMBRE;2020;39;12
2;AMBRE;2021;39;11
2;AMÉLIA;2018;39;3
2;AMÉLIA;2021;39;3
2;AMÉLIE;2000;39;5
2;AMÉLIE;2001;39;8
2;AMÉLIE;2002;39;6
2;AMÉLIE;2003;39;7
2;AMÉLIE;2004;39;4
2;AMÉLIE;2006;39;3
2;AMÉLIE;2007;39;5
2;ANA;2011;39;3
2;ANA;2015;39;3
2;ANA;2021;39;3
2;ANAE;2009;39;3
2;ANAÉ;2012;39;3
2;ANAÉ;2013;39;4
2;ANAÉ;2014;39;3
2;ANAÉ;2017;39;3
2;ANAELLE;2002;39;3
2;ANAELLE;2003;39;5
2;ANAELLE;2004;39;5
2;ANAELLE;2005;39;3
2;ANAELLE;2006;39;5
2;ANAELLE;2008;39;5
2;ANAELLE;2010;39;4
2;ANAELLE;2011;39;3
2;ANAËLLE;2011;39;5
2;ANAIS;2010;39;5
2;ANAÏS;2000;39;13
2;ANAÏS;2001;39;17
2;ANAÏS;2002;39;16
2;ANAÏS;2003;39;11
2;ANAÏS;2004;39;10
2;ANAÏS;2005;39;8
2;ANAÏS;2006;39;10
2;ANAÏS;2007;39;7
2;ANAÏS;2008;39;8
2;ANAÏS;2009;39;9
2;ANAÏS;2011;39;6
2;ANAÏS;2012;39;5
2;ANAÏS;2013;39;7
2;ANAÏS;2014;39;5
2;ANAÏS;2015;39;7
2;ANAÏS;2018;39;3
2;ANAÏS;2021;39;4
2;ANDREA;2010;39;3
2;ANDREA;2011;39;3
2;ANDRÉA;2000;39;7
2;ANDRÉA;2002;39;4
2;ANDRÉA;2004;39;4
2;ANDRÉA;2005;39;4
2;ANDRÉA;2006;39;4
2;ANDRÉA;2007;39;5
2;ANDRÉA;2008;39;4
2;ANDRÉA;2014;39;3
2;ANDRÉA;2016;39;3
2;ANDRÉA;2018;39;3
2;ANDRÉA;2021;39;3
2;ANGELA;2010;39;3
2;ANGELE;2010;39;4
2;ANGELE;2011;39;3
2;ANGÈLE;2003;39;4
2;ANGÈLE;2005;39;3
2;ANGÈLE;2007;39;3
2;ANGÈLE;2020;39;3
2;ANGELINA;2007;39;4
2;ANGELINA;2008;39;5
2;ANGELINA;2009;39;3
2;ANGELINA;2011;39;3
2;ANGELINE;2003;39;3
2;ANGELINE;2006;39;3
2;ANGELIQUE;2000;39;3
2;ANGELIQUE;2002;39;4
2;ANISSA;2001;39;3
2;ANISSA;2002;39;5
2;ANISSA;2003;39;4
2;ANNA;2002;39;6
2;ANNA;2003;39;4
2;ANNA;2004;39;5
2;ANNA;2006;39;4
2;ANNA;2007;39;8
2;ANNA;2008;39;3
2;ANNA;2009;39;7
2;ANNA;2010;39;5
2;ANNA;2011;39;5
2;ANNA;2012;39;3
2;ANNA;2013;39;11
2;ANNA;2014;39;10
2;ANNA;2015;39;8
2;ANNA;2016;39;10
2;ANNA;2017;39;6
2;ANNA;2018;39;8
2;ANNA;2019;39;11
2;ANNA;2020;39;12
2;ANNA;2021;39;4
2;APOLLINE;2001;39;4
2;APOLLINE;2003;39;3
2;APOLLINE;2007;39;3
2;APOLLINE;2016;39;4
2;ARIA;2019;39;3
2;ARYA;2021;39;3
2;ASMA;2003;39;3
2;ASSIA;2003;39;4
2;ASSIA;2006;39;3
2;ASSIA;2013;39;3
2;ASSIYA;2013;39;3
2;ASYA;2013;39;4
2;ATHENAIS;2005;39;3
2;AUDE;2006;39;3
2;AUDREY;2000;39;4
2;AUDREY;2001;39;8
2;AUDREY;2002;39;3
2;AUDREY;2003;39;3
2;AUDREY;2004;39;4
2;AUDREY;2005;39;3
2;AUDREY;2006;39;3
2;AUGUSTINE;2009;39;3
2;AURELIA;2003;39;3
2;AURÉLIE;2000;39;3
2;AURÉLIE;2002;39;3
2;AURIANE;2000;39;3
2;AURORE;2000;39;3
2;AURORE;2002;39;5
2;AURORE;2008;39;3
2;AURORE;2011;39;3
2;AURORE;2017;39;3
2;AURORE;2021;39;3
2;AXELLE;2001;39;3
2;AXELLE;2003;39;6
2;AXELLE;2004;39;7
2;AXELLE;2007;39;5
2;AXELLE;2016;39;3
2;AXELLE;2019;39;3
2;AYA;2008;39;3
2;AYA;2009;39;3
2;AYA;2013;39;6
2;AYA;2016;39;4
2;AYA;2017;39;5
2;AYA;2020;39;3
2;AZRA;2011;39;3
2;AZRA;2014;39;3
2;AZRA;2016;39;3
2;BÉRÉNICE;2017;39;3
2;BERTILLE;2002;39;3
2;BEYZA;2002;39;3
2;BEYZA;2005;39;3
2;BEYZA;2012;39;3
2;CAMÉLIA;2012;39;3
2;CAMÉLIA;2014;39;4
2;CAMILLE;2000;39;29
2;CAMILLE;2001;39;21
2;CAMILLE;2002;39;21
2;CAMILLE;2003;39;21
2;CAMILLE;2004;39;18
2;CAMILLE;2005;39;19
2;CAMILLE;2006;39;23
2;CAMILLE;2007;39;19
2;CAMILLE;2008;39;18
2;CAMILLE;2009;39;12
2;CAMILLE;2010;39;15
2;CAMILLE;2011;39;15
2;CAMILLE;2012;39;11
2;CAMILLE;2013;39;12
2;CAMILLE;2014;39;11
2;CAMILLE;2015;39;11
2;CAMILLE;2016;39;17
2;CAMILLE;2017;39;3
2;CAMILLE;2019;39;6
2;CAMILLE;2020;39;4
2;CAMILLE;2021;39;5
2;CANDICE;2001;39;4
2;CANDICE;2002;39;3
2;CANDICE;2003;39;3
2;CANDICE;2004;39;10
2;CANDICE;2006;39;7
2;CANDICE;2007;39;3
2;CANDICE;2008;39;3
2;CANDICE;2009;39;7
2;CANDICE;2011;39;4
2;CANDICE;2012;39;4
2;CANDICE;2014;39;3
2;CANDICE;2016;39;4
2;CANDICE;2017;39;8
2;CANDICE;2018;39;4
2;CANDICE;2019;39;5
2;CAPUCINE;2006;39;3
2;CAPUCINE;2007;39;3
2;CAPUCINE;2008;39;4
2;CAPUCINE;2013;39;3
2;CAPUCINE;2014;39;7
2;CAPUCINE;2015;39;4
2;CAPUCINE;2016;39;3
2;CAPUCINE;2017;39;8
2;CAPUCINE;2018;39;5
2;CAPUCINE;2019;39;4
2;CAPUCINE;2020;39;9
2;CAPUCINE;2021;39;4
2;CARLA;2000;39;5
2;CARLA;2001;39;3
2;CARLA;2002;39;4
2;CARLA;2004;39;7
2;CARLA;2005;39;6
2;CARLA;2007;39;3
2;CARLA;2008;39;7
2;CAROLINE;2000;39;5
2;CAROLINE;2003;39;3
2;CAROLINE;2012;39;4
2;CASSANDRA;2001;39;6
2;CASSANDRA;2002;39;3
2;CASSANDRA;2005;39;5
2;CASSANDRA;2007;39;6
2;CASSANDRA;2008;39;5
2;CASSANDRA;2011;39;3
2;CASSANDRE;2014;39;3
2;CASSANDRE;2016;39;3
2;CASSANDRE;2017;39;3
2;CASSANDRE;2018;39;3
2;CASSY;2009;39;3
2;CÉCILE;2000;39;3
2;CÉCILIA;2002;39;3
2;CÉCILIA;2004;39;3
2;CELESTE;2003;39;3
2;CELESTE;2007;39;4
2;CÉLESTE;2020;39;5
2;CELESTINE;2009;39;3
2;CÉLESTINE;2015;39;3
2;CÉLESTINE;2018;39;3
2;CELIA;2010;39;4
2;CELIA;2011;39;4
2;CÉLIA;2000;39;6
2;CÉLIA;2001;39;15
2;CÉLIA;2002;39;11
2;CÉLIA;2003;39;11
2;CÉLIA;2004;39;11
2;CÉLIA;2005;39;11
2;CÉLIA;2006;39;11
2;CÉLIA;2007;39;7
2;CÉLIA;2008;39;11
2;CÉLIA;2009;39;12
2;CÉLIA;2011;39;4
2;CÉLIA;2012;39;7
2;CÉLIA;2013;39;8
2;CÉLIA;2014;39;3
2;CÉLIA;2015;39;3
2;CÉLIA;2016;39;5
2;CÉLIA;2017;39;6
2;CÉLIA;2018;39;4
2;CÉLIA;2019;39;3
2;CÉLINE;2003;39;3
2;CEYLIN;2010;39;3
2;CHARLÈNE;2001;39;5
2;CHARLIE;2011;39;3
2;CHARLIE;2012;39;3
2;CHARLIE;2014;39;4
2;CHARLIE;2016;39;3
2;CHARLIE;2017;39;5
2;CHARLIE;2018;39;3
2;CHARLIE;2019;39;5
2;CHARLIE;2020;39;6
2;CHARLIE;2021;39;4
2;CHARLINE;2000;39;5
2;CHARLINE;2001;39;11
2;CHARLINE;2002;39;5
2;CHARLINE;2003;39;8
2;CHARLINE;2004;39;3
2;CHARLINE;2006;39;3
2;CHARLINE;2007;39;3
2;CHARLINE;2010;39;3
2;CHARLOTTE;2000;39;14
2;CHARLOTTE;2001;39;12
2;CHARLOTTE;2002;39;4
2;CHARLOTTE;2003;39;6
2;CHARLOTTE;2004;39;18
2;CHARLOTTE;2005;39;8
2;CHARLOTTE;2006;39;9
2;CHARLOTTE;2007;39;9
2;CHARLOTTE;2008;39;10
2;CHARLOTTE;2009;39;10
2;CHARLOTTE;2010;39;8
2;CHARLOTTE;2011;39;10
2;CHARLOTTE;2012;39;5
2;CHARLOTTE;2013;39;4
2;CHARLOTTE;2014;39;3
2;CHARLOTTE;2015;39;3
2;CHARLOTTE;2017;39;7
2;CHARLOTTE;2018;39;3
2;CHARLOTTE;2019;39;5
2;CHARLOTTE;2020;39;4
2;CHARLOTTE;2021;39;3
2;CHIARA;2016;39;3
2;CHIARA;2020;39;3
2;CHLOE;2010;39;8
2;CHLOE;2011;39;8
2;CHLOÉ;2000;39;24
2;CHLOÉ;2001;39;24
2;CHLOÉ;2002;39;22
2;CHLOÉ;2003;39;29
2;CHLOÉ;2004;39;20
2;CHLOÉ;2005;39;16
2;CHLOÉ;2006;39;22
2;CHLOÉ;2007;39;22
2;CHLOÉ;2008;39;15
2;CHLOÉ;2009;39;16
2;CHLOÉ;2011;39;8
2;CHLOÉ;2012;39;17
2;CHLOÉ;2013;39;15
2;CHLOÉ;2014;39;17
2;CHLOÉ;2015;39;12
2;CHLOÉ;2016;39;12
2;CHLOÉ;2017;39;6
2;CHLOÉ;2018;39;11
2;CHLOÉ;2019;39;4
2;CHLOÉ;2021;39;11
2;CINDY;2003;39;3
2;CLAIRE;2000;39;6
2;CLAIRE;2001;39;3
2;CLAIRE;2002;39;4
2;CLAIRE;2003;39;8
2;CLAIRE;2005;39;3
2;CLARA;2000;39;13
2;CLARA;2001;39;21
2;CLARA;2002;39;24
2;CLARA;2003;39;22
2;CLARA;2004;39;24
2;CLARA;2005;39;31
2;CLARA;2006;39;25
2;CLARA;2007;39;34
2;CLARA;2008;39;20
2;CLARA;2009;39;18
2;CLARA;2010;39;20
2;CLARA;2011;39;11
2;CLARA;2012;39;13
2;CLARA;2013;39;9
2;CLARA;2014;39;7
2;CLARA;2015;39;5
2;CLARA;2016;39;8
2;CLARA;2017;39;7
2;CLARA;2018;39;8
2;CLARA;2019;39;5
2;CLARA;2020;39;4
2;CLARA;2021;39;3
2;CLARISSE;2000;39;4
2;CLARISSE;2001;39;9
2;CLARISSE;2002;39;5
2;CLARISSE;2003;39;5
2;CLARISSE;2004;39;4
2;CLARISSE;2006;39;4
2;CLARISSE;2007;39;5
2;CLARISSE;2008;39;6
2;CLARISSE;2009;39;3
2;CLARISSE;2010;39;3
2;CLARISSE;2011;39;3
2;CLARISSE;2012;39;7
2;CLARISSE;2013;39;3
2;CLARISSE;2014;39;4
2;CLARISSE;2016;39;3
2;CLARISSE;2017;39;3
2;CLÉA;2001;39;3
2;CLÉA;2011;39;3
2;CLÉA;2012;39;4
2;CLÉA;2014;39;4
2;CLÉA;2015;39;10
2;CLÉA;2017;39;3
2;CLÉA;2018;39;3
2;CLÉA;2021;39;3
2;CLÉLIA;2013;39;3
2;CLEMENCE;2010;39;3
2;CLEMENCE;2011;39;3
2;CLÉMENCE;2000;39;9
2;CLÉMENCE;2001;39;14
2;CLÉMENCE;2002;39;10
2;CLÉMENCE;2003;39;8
2;CLÉMENCE;2004;39;8
2;CLÉMENCE;2005;39;7
2;CLÉMENCE;2006;39;11
2;CLÉMENCE;2007;39;4
2;CLÉMENCE;2008;39;10
2;CLÉMENCE;2009;39;6
2;CLÉMENCE;2011;39;4
2;CLÉMENCE;2012;39;6
2;CLÉMENCE;2013;39;8
2;CLÉMENCE;2014;39;4
2;CLÉMENCE;2015;39;7
2;CLÉMENCE;2016;39;6
2;CLÉMENCE;2017;39;4
2;CLÉMENCE;2018;39;5
2;CLÉMENCE;2021;39;6
2;CLÉMENTINE;2001;39;9
2;CLÉMENTINE;2002;39;5
2;CLÉMENTINE;2003;39;5
2;CLÉMENTINE;2006;39;5
2;CLÉMENTINE;2009;39;4
2;CLÉMENTINE;2012;39;3
2;CLÉMENTINE;2014;39;3
2;CLEO;2005;39;3
2;CLOE;2001;39;3
2;CLOE;2002;39;5
2;CLOE;2003;39;5
2;CLOE;2004;39;6
2;CLOE;2005;39;6
2;CLOE;2006;39;3
2;CLOE;2007;39;7
2;CLOE;2008;39;3
2;CLOÉ;2016;39;4
2;COLINE;2000;39;3
2;COLINE;2001;39;5
2;COLINE;2002;39;5
2;COLINE;2004;39;4
2;COLINE;2006;39;3
2;COLINE;2007;39;3
2;COLINE;2009;39;3
2;COLINE;2010;39;4
2;COLINE;2013;39;4
2;COLLINE;2011;39;3
2;CONSTANCE;2011;39;5
2;CONSTANCE;2019;39;3
2;CORALIE;2000;39;3
2;CORALIE;2001;39;3
2;CORALIE;2003;39;5
2;CORALIE;2004;39;6
2;CORALIE;2005;39;4
2;CORALINE;2004;39;3
2;CYRIELLE;2001;39;3
2;DANA;2000;39;3
2;DEBORAH;2003;39;3
2;DIANE;2016;39;3
2;DIANE;2019;39;3
2;DILARA;2001;39;3
2;DINA;2012;39;3
2;DORINE;2002;39;3
2;EDA;2003;39;3
2;EDEN;2012;39;4
2;EDEN;2016;39;3
2;EGLANTINE;2005;39;3
2;ELA;2008;39;4
2;ELEA;2006;39;3
2;ELEA;2009;39;3
2;ELEA;2011;39;3
2;ELÉA;2012;39;4
2;ELÉA;2014;39;3
2;ELÉA;2020;39;3
2;ÉLÉANORE;2015;39;3
2;ELENA;2000;39;3
2;ELENA;2001;39;4
2;ELENA;2003;39;3
2;ELENA;2008;39;4
2;ELENA;2010;39;4
2;ELENA;2015;39;7
2;ELENA;2016;39;7
2;ELENA;2017;39;4
2;ELENA;2018;39;3
2;ELENA;2019;39;3
2;ELENA;2021;39;5
2;ELÉNA;2012;39;3
2;ELÉNA;2013;39;3
2;ÉLÉNA;2012;39;3
2;ÉLÉNA;2018;39;4
2;ELEONORE;2005;39;3
2;ELEONORE;2006;39;3
2;ÉLÉONORE;2013;39;3
2;ÉLÉONORE;2017;39;3
2;ELIA;2004;39;3
2;ELIA;2021;39;3
2;ÉLIA;2018;39;3
2;ELIANA;2011;39;3
2;ELIF;2013;39;8
2;ELIF;2014;39;7
2;ELIF;2015;39;3
2;ELIF;2019;39;4
2;ELINA;2003;39;3
2;ELINA;2004;39;4
2;ELINA;2008;39;3
2;ELINA;2009;39;5
2;ELINA;2011;39;3
2;ELINA;2018;39;3
2;ÉLINA;2019;39;5
2;ELINE;2008;39;4
2;ELINE;2011;39;3
2;ELINE;2013;39;4
2;ELINE;2014;39;3
2;ELISA;2000;39;9
2;ELISA;2001;39;11
2;ELISA;2002;39;3
2;ELISA;2003;39;13
2;ELISA;2004;39;5
2;ELISA;2005;39;7
2;ELISA;2006;39;5
2;ELISA;2008;39;3
2;ELISA;2009;39;8
2;ELISA;2011;39;4
2;ELISA;2012;39;5
2;ELISA;2013;39;3
2;ELISA;2014;39;3
2;ELISA;2016;39;5
2;ELISA;2019;39;3
2;ELISA;2020;39;4
2;ÉLISA;2016;39;3
2;ELISE;2000;39;4
2;ELISE;2001;39;7
2;ELISE;2002;39;9
2;ELISE;2003;39;12
2;ELISE;2004;39;5
2;ELISE;2005;39;5
2;ELISE;2007;39;3
2;ELISE;2009;39;7
2;ELISE;2010;39;6
2;ELISE;2016;39;4
2;ÉLISE;2014;39;4
2;ÉLISE;2017;39;7
2;ÉLISE;2018;39;3
2;ÉLISE;2021;39;4
2;ELLIE;2015;39;3
2;ELLIE;2017;39;3
2;ELODIE;2000;39;10
2;ELODIE;2001;39;9
2;ELODIE;2002;39;4
2;ELODIE;2003;39;6
2;ELODIE;2004;39;7
2;ELOISE;2000;39;6
2;ELOISE;2001;39;5
2;ELOISE;2002;39;9
2;ELOISE;2003;39;3
2;ELOISE;2004;39;10
2;ELOISE;2005;39;3
2;ELOISE;2006;39;8
2;ELOISE;2007;39;3
2;ELOISE;2008;39;4
2;ELOISE;2009;39;3
2;ELOISE;2010;39;5
2;ELOÏSE;2013;39;4
2;ELOÏSE;2014;39;3
2;ELOÏSE;2020;39;3
2;ÉLOÏSE;2014;39;4
2;ELORA;2000;39;3
2;ELORA;2010;39;3
2;ELSA;2000;39;4
2;ELSA;2001;39;5
2;ELSA;2002;39;6
2;ELSA;2003;39;5
2;ELSA;2005;39;6
2;ELSA;2006;39;3
2;ELSA;2008;39;7
2;ELSA;2009;39;10
2;ELSA;2010;39;3
2;ELSA;2011;39;9
2;ELSA;2012;39;7
2;ELSA;2013;39;3
2;ELSA;2014;39;5
2;ELSA;2015;39;5
2;ELSA;2016;39;5
2;ELSA;2020;39;3
2;ELSA;2021;39;3
2;ELVINA;2001;39;4
2;ELYNA;2013;39;3
2;ELYNA;2015;39;3
2;ELYNE;2010;39;3
2;ELYNE;2018;39;3
2;ELYNE;2020;39;3
2;EMA;2010;39;3
2;EMELINE;2000;39;3
2;EMELINE;2001;39;3
2;EMELINE;2003;39;7
2;EMELINE;2004;39;5
2;EMELINE;2006;39;4
2;EMELINE;2009;39;3
2;ÉMIE;2016;39;3
2;EMILIE;2000;39;15
2;EMILIE;2001;39;14
2;EMILIE;2002;39;11
2;EMILIE;2003;39;6
2;EMILIE;2004;39;10
2;EMILIE;2005;39;9
2;EMILIE;2006;39;7
2;EMILIE;2007;39;4
2;EMILIE;2008;39;4
2;EMILIE;2009;39;4
2;EMILIE;2010;39;3
2;EMILIE;2011;39;6
2;EMMA;2000;39;29
2;EMMA;2001;39;24
2;EMMA;2002;39;23
2;EMMA;2003;39;19
2;EMMA;2004;39;20
2;EMMA;2005;39;31
2;EMMA;2006;39;34
2;EMMA;2007;39;18
2;EMMA;2008;39;20
2;EMMA;2009;39;19
2;EMMA;2010;39;18
2;EMMA;2011;39;26
2;EMMA;2012;39;14
2;EMMA;2013;39;19
2;EMMA;2014;39;13
2;EMMA;2015;39;7
2;EMMA;2016;39;22
2;EMMA;2017;39;16
2;EMMA;2018;39;14
2;EMMA;2019;39;8
2;EMMA;2020;39;10
2;EMMA;2021;39;9
2;EMMY;2010;39;3
2;EMMY;2011;39;4
2;EMMY;2012;39;3
2;EMMY;2015;39;3
2;EMMY;2016;39;4
2;EMY;2009;39;4
2;EMY;2014;39;3
2;EMY;2015;39;3
2;EMY;2016;39;3
2;EMY;2017;39;3
2;EMY;2018;39;4
2;ENOLA;2008;39;4
2;ENOLA;2009;39;4
2;ENOLA;2011;39;3
2;ENOLA;2013;39;3
2;ENOLA;2014;39;3
2;ENOLA;2018;39;3
2;ENORA;2015;39;5
2;ÉNORA;2012;39;3
2;ÉNORA;2014;39;3
2;ERINE;2008;39;3
2;ESLEM;2021;39;3
2;ESTELLE;2000;39;5
2;ESTELLE;2004;39;4
2;ESTELLE;2012;39;4
2;EUGÉNIE;2008;39;3
2;EVA;2000;39;4
2;EVA;2001;39;7
2;EVA;2002;39;6
2;EVA;2003;39;8
2;EVA;2004;39;13
2;EVA;2005;39;3
2;EVA;2006;39;8
2;EVA;2007;39;13
2;EVA;2008;39;14
2;EVA;2009;39;7
2;EVA;2010;39;9
2;EVA;2011;39;7
2;EVA;2012;39;11
2;EVA;2013;39;6
2;EVA;2014;39;6
2;EVA;2015;39;5
2;EVA;2016;39;5
2;EVA;2017;39;3
2;EVA;2018;39;7
2;EVA;2019;39;3
2;EVA;2021;39;5
2;ÉVA;2014;39;4
2;ÉVA;2016;39;3
2;EVE;2004;39;3
2;EVE;2005;39;3
2;FANNY;2000;39;6
2;FANNY;2001;39;5
2;FANNY;2003;39;5
2;FANNY;2004;39;3
2;FANNY;2005;39;9
2;FANTINE;2005;39;3
2;FAUSTINE;2003;39;3
2;FAUSTINE;2006;39;6
2;FAUSTINE;2007;39;3
2;FAUSTINE;2009;39;7
2;FAUSTINE;2011;39;3
2;FAUSTINE;2012;39;5
2;FAUSTINE;2014;39;5
2;FAUSTINE;2015;39;5
2;FAUSTINE;2016;39;3
2;FAUSTINE;2017;39;4
2;FAUSTINE;2019;39;3
2;FELICIE;2005;39;3
2;FIONA;2001;39;3
2;FIONA;2002;39;3
2;FIONA;2003;39;5
2;FIONA;2004;39;3
2;FIONA;2005;39;4
2;FLAVIE;2001;39;4
2;FLAVIE;2002;39;12
2;FLAVIE;2003;39;6
2;FLAVIE;2005;39;4
2;FLAVIE;2006;39;7
2;FLAVIE;2007;39;3
2;FLAVIE;2009;39;3
2;FLAVIE;2012;39;3
2;FLEUR;2016;39;3
2;FLORA;2000;39;4
2;FLORA;2006;39;4
2;FLORA;2009;39;3
2;FLORA;2010;39;3
2;FLORA;2012;39;3
2;FLORA;2018;39;3
2;FLORA;2020;39;3
2;FLORIANE;2001;39;3
2;FLORINE;2000;39;5
2;FLORINE;2002;39;3
2;FLORINE;2004;39;3
2;FLORINE;2006;39;3
2;FLORINE;2012;39;3
2;GABRIELLE;2000;39;4
2;GABRIELLE;2007;39;4
2;GABRIELLE;2012;39;4
2;GABRIELLE;2013;39;3
2;GABRIELLE;2016;39;3
2;GABRIELLE;2018;39;5
2;GAELLE;2000;39;4
2;GAELLE;2001;39;3
2;GAELLE;2008;39;3
2;GAETANE;2009;39;3
2;GARANCE;2004;39;4
2;GARANCE;2013;39;3
2;GARANCE;2017;39;3
2;GARANCE;2019;39;3
2;GIULIA;2013;39;5
2;GIULIA;2014;39;4
2;GIULIA;2017;39;3
2;GIULIA;2020;39;3
2;GLADYS;2007;39;4
2;GWENDOLINE;2008;39;3
2;HAJAR;2006;39;3
2;HAJAR;2011;39;3
2;HANNAH;2005;39;3
2;HELENA;2002;39;4
2;HELENA;2003;39;3
2;HELENA;2005;39;3
2;HELENA;2006;39;3
2;HÉLÈNE;2000;39;3
2;HÉLOÏSE;2003;39;3
2;HÉLOÏSE;2005;39;3
2;HÉLOÏSE;2008;39;3
2;HÉLOÏSE;2018;39;5
2;HONORINE;2000;39;3
2;HONORINE;2005;39;3
2;HONORINE;2012;39;3
2;HONORINE;2015;39;3
2;HORTENSE;2021;39;4
2;ILONA;2000;39;3
2;ILONA;2001;39;3
2;ILONA;2002;39;4
2;ILONA;2003;39;7
2;ILONA;2004;39;8
2;ILONA;2005;39;11
2;ILONA;2007;39;3
2;ILONA;2009;39;3
2;IMANE;2003;39;3
2;IMANE;2004;39;3
2;IMENE;2001;39;3
2;INAYA;2009;39;3
2;INAYA;2010;39;7
2;INAYA;2011;39;3
2;INAYA;2012;39;4
2;INAYA;2015;39;5
2;INAYA;2016;39;5
2;INAYA;2017;39;4
2;INAYA;2019;39;6
2;INAYA;2020;39;4
2;INES;2010;39;11
2;INES;2011;39;4
2;INÈS;2000;39;6
2;INÈS;2001;39;9
2;INÈS;2002;39;13
2;INÈS;2003;39;18
2;INÈS;2004;39;15
2;INÈS;2005;39;15
2;INÈS;2006;39;10
2;INÈS;2007;39;17
2;INÈS;2008;39;14
2;INÈS;2009;39;14
2;INÈS;2010;39;4
2;INÈS;2011;39;7
2;INÈS;2012;39;6
2;INÈS;2013;39;17
2;INÈS;2014;39;9
2;INÈS;2015;39;10
2;INÈS;2016;39;10
2;INÈS;2017;39;8
2;INÈS;2018;39;5
2;INÈS;2019;39;5
2;INÈS;2020;39;5
2;INESS;2002;39;3
2;IREM;2010;39;4
2;IRIS;2000;39;4
2;IRIS;2002;39;3
2;IRIS;2016;39;3
2;IRIS;2017;39;5
2;IRIS;2018;39;4
2;IRIS;2020;39;7
2;IRIS;2021;39;4
2;ISALINE;2002;39;3
2;ISALINE;2004;39;3
2;ISALINE;2013;39;3
2;IZIA;2014;39;3
2;IZIA;2021;39;3
2;JADE;2000;39;4
2;JADE;2001;39;6
2;JADE;2002;39;9
2;JADE;2003;39;10
2;JADE;2004;39;11
2;JADE;2005;39;12
2;JADE;2006;39;14
2;JADE;2007;39;20
2;JADE;2008;39;22
2;JADE;2009;39;17
2;JADE;2010;39;25
2;JADE;2011;39;21
2;JADE;2012;39;12
2;JADE;2013;39;9
2;JADE;2014;39;16
2;JADE;2015;39;9
2;JADE;2016;39;19
2;JADE;2017;39;9
2;JADE;2018;39;18
2;JADE;2019;39;12
2;JADE;2020;39;9
2;JADE;2021;39;12
2;JANA;2018;39;3
2;JEANNE;2000;39;4
2;JEANNE;2002;39;11
2;JEANNE;2003;39;10
2;JEANNE;2004;39;8
2;JEANNE;2005;39;8
2;JEANNE;2006;39;8
2;JEANNE;2007;39;8
2;JEANNE;2008;39;12
2;JEANNE;2009;39;5
2;JEANNE;2010;39;9
2;JEANNE;2011;39;6
2;JEANNE;2012;39;10
2;JEANNE;2013;39;8
2;JEANNE;2014;39;11
2;JEANNE;2015;39;11
2;JEANNE;2016;39;8
2;JEANNE;2017;39;6
2;JEANNE;2018;39;6
2;JEANNE;2019;39;6
2;JEANNE;2020;39;5
2;JENNAH;2021;39;3
2;JENNIFER;2000;39;3
2;JESSICA;2002;39;3
2;JESSICA;2003;39;3
2;JESSICA;2004;39;3
2;JOHANA;2007;39;3
2;JOHANNA;2002;39;4
2;JOSEPHINE;2008;39;3
2;JOY;2020;39;3
2;JOY;2021;39;6
2;JULIA;2000;39;3
2;JULIA;2002;39;7
2;JULIA;2003;39;3
2;JULIA;2004;39;3
2;JULIA;2005;39;3
2;JULIA;2006;39;4
2;JULIA;2007;39;5
2;JULIA;2008;39;5
2;JULIA;2009;39;7
2;JULIA;2010;39;7
2;JULIA;2011;39;6
2;JULIA;2012;39;10
2;JULIA;2013;39;8
2;JULIA;2014;39;11
2;JULIA;2015;39;8
2;JULIA;2016;39;11
2;JULIA;2017;39;3
2;JULIA;2018;39;11
2;JULIA;2019;39;9
2;JULIA;2020;39;9
2;JULIA;2021;39;4
2;JULIE;2000;39;24
2;JULIE;2001;39;16
2;JULIE;2002;39;12
2;JULIE;2003;39;10
2;JULIE;2004;39;12
2;JULIE;2005;39;10
2;JULIE;2006;39;13
2;JULIE;2007;39;5
2;JULIE;2008;39;6
2;JULIE;2009;39;4
2;JULIE;2010;39;6
2;JULIE;2011;39;8
2;JULIE;2012;39;7
2;JULIE;2013;39;7
2;JULIE;2014;39;3
2;JULIE;2015;39;4
2;JULIE;2018;39;4
2;JULIETTE;2000;39;8
2;JULIETTE;2001;39;17
2;JULIETTE;2002;39;11
2;JULIETTE;2003;39;9
2;JULIETTE;2004;39;20
2;JULIETTE;2005;39;10
2;JULIETTE;2006;39;14
2;JULIETTE;2007;39;6
2;JULIETTE;2008;39;10
2;JULIETTE;2009;39;13
2;JULIETTE;2010;39;7
2;JULIETTE;2011;39;10
2;JULIETTE;2012;39;10
2;JULIETTE;2013;39;12
2;JULIETTE;2014;39;8
2;JULIETTE;2015;39;11
2;JULIETTE;2016;39;9
2;JULIETTE;2017;39;8
2;JULIETTE;2018;39;9
2;JULIETTE;2019;39;6
2;JULIETTE;2020;39;3
2;JULIETTE;2021;39;4
2;JULINE;2008;39;3
2;JUSTINE;2000;39;12
2;JUSTINE;2001;39;14
2;JUSTINE;2002;39;15
2;JUSTINE;2003;39;7
2;JUSTINE;2004;39;14
2;JUSTINE;2005;39;10
2;JUSTINE;2006;39;6
2;JUSTINE;2007;39;9
2;JUSTINE;2008;39;12
2;JUSTINE;2009;39;3
2;JUSTINE;2010;39;10
2;JUSTINE;2011;39;5
2;JUSTINE;2012;39;7
2;JUSTINE;2013;39;4
2;JUSTINE;2014;39;4
2;JUSTINE;2015;39;3
2;JUSTINE;2017;39;3
2;JUSTINE;2018;39;3
2;KAMELIA;2005;39;3
2;KASSANDRA;2002;39;4
2;KELIA;2006;39;5
2;KELLY;2002;39;3
2;KELLY;2003;39;3
2;KELLY;2005;39;3
2;KELLY;2006;39;3
2;KELLY;2015;39;3
2;KELYA;2008;39;3
2;KELYA;2010;39;4
2;KELYA;2018;39;3
2;KÉLYA;2013;39;3
2;KENZA;2000;39;6
2;KENZA;2002;39;8
2;KENZA;2004;39;4
2;KENZA;2005;39;4
2;KENZA;2012;39;5
2;KENZA;2014;39;4
2;KENZA;2016;39;3
2;KIARA;2010;39;4
2;KIARA;2014;39;3
2;KLOÉ;2013;39;3
2;KUBRA;2000;39;3
2;LALIE;2010;39;4
2;LALIE;2013;39;3
2;LALY;2007;39;3
2;LANA;2004;39;4
2;LANA;2006;39;6
2;LANA;2007;39;7
2;LANA;2009;39;6
2;LANA;2010;39;6
2;LANA;2012;39;8
2;LANA;2013;39;7
2;LANA;2014;39;7
2;LANA;2015;39;7
2;LANA;2016;39;9
2;LANA;2018;39;3
2;LANA;2021;39;3
2;LARA;2009;39;3
2;LARA;2014;39;3
2;LAURA;2000;39;27
2;LAURA;2001;39;17
2;LAURA;2002;39;16
2;LAURA;2003;39;14
2;LAURA;2004;39;12
2;LAURA;2005;39;5
2;LAURA;2006;39;6
2;LAURA;2007;39;7
2;LAURA;2008;39;12
2;LAURA;2009;39;10
2;LAURA;2010;39;11
2;LAURA;2011;39;6
2;LAURA;2013;39;5
2;LAURA;2018;39;4
2;LAURE;2000;39;4
2;LAURE;2001;39;4
2;LAURE;2006;39;3
2;LAURETTE;2004;39;3
2;LAURIANE;2002;39;4
2;LAURIE;2000;39;8
2;LAURIE;2001;39;5
2;LAURIE;2004;39;3
2;LAURINE;2000;39;10
2;LAURINE;2001;39;8
2;LAURINE;2002;39;8
2;LAURINE;2003;39;6
2;LAURINE;2004;39;12
2;LAURINE;2005;39;4
2;LAURINE;2007;39;4
2;LAURYNE;2002;39;4
2;LAURYNE;2003;39;3
2;LAYNA;2018;39;3
2;LEA;2010;39;13
2;LEA;2011;39;10
2;LEA;2012;39;3
2;LÉA;2000;39;48
2;LÉA;2001;39;49
2;LÉA;2002;39;31
2;LÉA;2003;39;29
2;LÉA;2004;39;26
2;LÉA;2005;39;23
2;LÉA;2006;39;27
2;LÉA;2007;39;20
2;LÉA;2008;39;12
2;LÉA;2009;39;22
2;LÉA;2010;39;7
2;LÉA;2011;39;8
2;LÉA;2012;39;9
2;LÉA;2013;39;14
2;LÉA;2014;39;9
2;LÉA;2015;39;8
2;LÉA;2016;39;16
2;LÉA;2017;39;14
2;LÉA;2018;39;7
2;LÉA;2019;39;13
2;LÉA;2020;39;6
2;LÉA;2021;39;5
2;LÉANA;2005;39;3
2;LÉANA;2009;39;3
2;LÉANA;2012;39;3
2;LÉANA;2013;39;4
2;LÉANA;2014;39;3
2;LÉANA;2015;39;4
2;LÉANA;2016;39;5
2;LÉANA;2017;39;10
2;LÉANA;2018;39;6
2;LÉANA;2019;39;7
2;LÉANA;2020;39;5
2;LEANE;2011;39;5
2;LÉANE;2002;39;3
2;LÉANE;2003;39;4
2;LÉANE;2004;39;5
2;LÉANE;2005;39;3
2;LÉANE;2006;39;7
2;LÉANE;2007;39;7
2;LÉANE;2008;39;7
2;LÉANE;2009;39;9
2;LÉANE;2013;39;3
2;LÉANE;2017;39;3
2;LÉANE;2018;39;3
2;LÉANE;2019;39;3
2;LEILA;2014;39;3
2;LEÏLA;2017;39;3
2;LENA;2010;39;6
2;LENA;2011;39;8
2;LENA;2013;39;4
2;LENA;2015;39;5
2;LENA;2018;39;3
2;LENA;2021;39;3
2;LÉNA;2000;39;12
2;LÉNA;2001;39;8
2;LÉNA;2002;39;3
2;LÉNA;2003;39;6
2;LÉNA;2004;39;11
2;LÉNA;2005;39;3
2;LÉNA;2006;39;9
2;LÉNA;2007;39;12
2;LÉNA;2008;39;4
2;LÉNA;2009;39;12
2;LÉNA;2010;39;6
2;LÉNA;2011;39;3
2;LÉNA;2012;39;10
2;LÉNA;2013;39;7
2;LÉNA;2014;39;10
2;LÉNA;2015;39;7
2;LÉNA;2016;39;9
2;LÉNA;2017;39;7
2;LÉNA;2018;39;4
2;LÉNA;2019;39;5
2;LÉNA;2020;39;7
2;LÉNA;2021;39;9
2;LEONIE;2010;39;4
2;LEONIE;2011;39;4
2;LÉONIE;2000;39;3
2;LÉONIE;2001;39;7
2;LÉONIE;2003;39;11
2;LÉONIE;2004;39;4
2;LÉONIE;2005;39;8
2;LÉONIE;2007;39;9
2;LÉONIE;2008;39;8
2;LÉONIE;2009;39;8
2;LÉONIE;2010;39;4
2;LÉONIE;2011;39;5
2;LÉONIE;2012;39;10
2;LÉONIE;2013;39;7
2;LÉONIE;2014;39;9
2;LÉONIE;2015;39;9
2;LÉONIE;2016;39;6
2;LÉONIE;2017;39;3
2;LÉONIE;2018;39;4
2;LÉONIE;2019;39;5
2;LÉONIE;2020;39;7
2;LÉONIE;2021;39;9
2;LEONORE;2008;39;3
2;LIA;2014;39;3
2;LILA;2004;39;4
2;LILA;2005;39;3
2;LILA;2006;39;5
2;LILA;2008;39;5
2;LILA;2013;39;4
2;LILA;2015;39;3
2;LILA;2016;39;6
2;LILA;2018;39;3
2;LILA;2021;39;5
2;LILAS;2014;39;3
2;LILI;2004;39;3
2;LILI;2007;39;3
2;LILI;2013;39;3
2;LILIA;2007;39;3
2;LILIA;2009;39;3
2;LILIA;2011;39;3
2;LILIE;2009;39;4
2;LILOU;2001;39;7
2;LILOU;2002;39;7
2;LILOU;2003;39;10
2;LILOU;2004;39;12
2;LILOU;2005;39;16
2;LILOU;2006;39;15
2;LILOU;2007;39;7
2;LILOU;2008;39;21
2;LILOU;2009;39;15
2;LILOU;2010;39;23
2;LILOU;2011;39;16
2;LILOU;2012;39;10
2;LILOU;2013;39;9
2;LILOU;2014;39;6
2;LILOU;2015;39;8
2;LILOU;2016;39;7
2;LILOU;2017;39;8
2;LILOU;2018;39;6
2;LILOU;2019;39;3
2;LILY;2002;39;3
2;LILY;2006;39;4
2;LILY;2007;39;5
2;LILY;2008;39;6
2;LILY;2009;39;10
2;LILY;2010;39;5
2;LILY;2011;39;7
2;LILY;2012;39;9
2;LILY;2013;39;7
2;LILY;2014;39;8
2;LILY;2015;39;4
2;LILY;2016;39;6
2;LILY;2019;39;4
2;LILY;2021;39;4
2;LINA;2003;39;8
2;LINA;2004;39;6
2;LINA;2006;39;4
2;LINA;2007;39;8
2;LINA;2008;39;6
2;LINA;2009;39;6
2;LINA;2010;39;13
2;LINA;2011;39;10
2;LINA;2012;39;11
2;LINA;2013;39;9
2;LINA;2014;39;8
2;LINA;2015;39;19
2;LINA;2016;39;9
2;LINA;2017;39;13
2;LINA;2018;39;9
2;LINA;2019;39;9
2;LINA;2020;39;8
2;LINA;2021;39;3
2;LINE;2008;39;5
2;LINE;2013;39;3
2;LISA;2000;39;17
2;LISA;2001;39;12
2;LISA;2002;39;17
2;LISA;2003;39;15
2;LISA;2004;39;12
2;LISA;2005;39;10
2;LISA;2006;39;13
2;LISA;2007;39;9
2;LISA;2008;39;8
2;LISA;2009;39;6
2;LISA;2010;39;7
2;LISA;2011;39;10
2;LISA;2012;39;9
2;LISA;2013;39;4
2;LISA;2014;39;9
2;LISA;2016;39;5
2;LISA;2017;39;5
2;LISA;2018;39;4
2;LISA;2020;39;3
2;LISE;2002;39;6
2;LISE;2003;39;3
2;LISE;2006;39;3
2;LISE;2007;39;3
2;LISE;2008;39;3
2;LISE;2010;39;3
2;LISE;2011;39;4
2;LISE;2012;39;5
2;LISE;2013;39;3
2;LISE;2014;39;3
2;LISE;2015;39;3
2;LISE;2016;39;6
2;LISE;2020;39;3
2;LISON;2002;39;4
2;LISON;2003;39;3
2;LISON;2004;39;3
2;LISON;2005;39;4
2;LISON;2006;39;6
2;LISON;2007;39;4
2;LISON;2008;39;4
2;LISON;2009;39;6
2;LISON;2010;39;5
2;LISON;2011;39;3
2;LISON;2012;39;7
2;LISON;2013;39;3
2;LISON;2015;39;4
2;LISON;2016;39;3
2;LISON;2018;39;4
2;LISON;2019;39;3
2;LISON;2020;39;3
2;LIVIA;2019;39;4
2;LIVIA;2020;39;3
2;LIVIA;2021;39;4
2;LIYA;2020;39;3
2;LOANE;2000;39;3
2;LOANE;2003;39;3
2;LOANE;2004;39;3
2;LOANE;2005;39;4
2;LOANE;2006;39;3
2;LOANE;2007;39;8
2;LOANE;2008;39;3
2;LOANE;2009;39;5
2;LOANE;2011;39;3
2;LOLA;2000;39;10
2;LOLA;2001;39;7
2;LOLA;2002;39;6
2;LOLA;2003;39;9
2;LOLA;2004;39;11
2;LOLA;2005;39;13
2;LOLA;2006;39;17
2;LOLA;2007;39;17
2;LOLA;2008;39;26
2;LOLA;2009;39;18
2;LOLA;2010;39;30
2;LOLA;2011;39;16
2;LOLA;2012;39;21
2;LOLA;2013;39;16
2;LOLA;2014;39;20
2;LOLA;2015;39;14
2;LOLA;2016;39;12
2;LOLA;2017;39;23
2;LOLA;2018;39;4
2;LOLA;2019;39;3
2;LOLA;2020;39;7
2;LOLA;2021;39;9
2;LOLITA;2001;39;4
2;LORIE;2002;39;5
2;LOU;2001;39;7
2;LOU;2002;39;9
2;LOU;2003;39;7
2;LOU;2004;39;7
2;LOU;2005;39;6
2;LOU;2006;39;5
2;LOU;2007;39;6
2;LOU;2008;39;4
2;LOU;2009;39;7
2;LOU;2010;39;8
2;LOU;2011;39;10
2;LOU;2012;39;10
2;LOU;2013;39;8
2;LOU;2014;39;6
2;LOU;2015;39;8
2;LOU;2016;39;6
2;LOU;2017;39;8
2;LOU;2018;39;8
2;LOU;2019;39;7
2;LOU;2020;39;10
2;LOU;2021;39;9
2;LOU-ANN;2006;39;3
2;LOU-ANN;2011;39;3
2;LOU-ANN;2014;39;3
2;LOU-ANNE;2003;39;5
2;LOU-ANNE;2005;39;4
2;LOU-ANNE;2006;39;3
2;LOU-ANNE;2007;39;3
2;LOUANE;2002;39;3
2;LOUANE;2006;39;8
2;LOUANE;2007;39;4
2;LOUANE;2008;39;7
2;LOUANE;2009;39;7
2;LOUANE;2010;39;7
2;LOUANE;2011;39;5
2;LOUANE;2012;39;12
2;LOUANE;2013;39;7
2;LOUANE;2014;39;10
2;LOUANE;2015;39;6
2;LOUANE;2016;39;4
2;LOUANE;2017;39;4
2;LOUANE;2018;39;3
2;LOUANE;2021;39;4
2;LOUANN;2010;39;3
2;LOUANN;2011;39;3
2;LOUANNE;2004;39;3
2;LOUANNE;2013;39;3
2;LOUBNA;2007;39;3
2;LOUISA;2005;39;3
2;LOUISA;2011;39;5
2;LOUISA;2012;39;6
2;LOUISA;2013;39;3
2;LOUISA;2015;39;4
2;LOUISA;2017;39;3
2;LOUISA;2019;39;5
2;LOUISE;2000;39;7
2;LOUISE;2001;39;9
2;LOUISE;2002;39;11
2;LOUISE;2003;39;7
2;LOUISE;2004;39;6
2;LOUISE;2005;39;7
2;LOUISE;2006;39;7
2;LOUISE;2007;39;12
2;LOUISE;2008;39;5
2;LOUISE;2009;39;11
2;LOUISE;2010;39;6
2;LOUISE;2011;39;7
2;LOUISE;2012;39;9
2;LOUISE;2013;39;16
2;LOUISE;2014;39;21
2;LOUISE;2015;39;12
2;LOUISE;2016;39;12
2;LOUISE;2017;39;10
2;LOUISE;2018;39;12
2;LOUISE;2019;39;15
2;LOUISE;2020;39;14
2;LOUISE;2021;39;6
2;LOUISON;2005;39;4
2;LOUISON;2021;39;3
2;LOUNA;2003;39;5
2;LOUNA;2004;39;4
2;LOUNA;2005;39;9
2;LOUNA;2006;39;11
2;LOUNA;2007;39;6
2;LOUNA;2008;39;7
2;LOUNA;2009;39;7
2;LOUNA;2010;39;18
2;LOUNA;2011;39;13
2;LOUNA;2012;39;10
2;LOUNA;2013;39;6
2;LOUNA;2014;39;8
2;LOUNA;2015;39;7
2;LOUNA;2016;39;11
2;LOUNA;2017;39;3
2;LOUNA;2018;39;7
2;LOUNA;2019;39;6
2;LOUNA;2020;39;9
2;LUCIE;2000;39;22
2;LUCIE;2001;39;20
2;LUCIE;2002;39;17
2;LUCIE;2003;39;11
2;LUCIE;2004;39;19
2;LUCIE;2005;39;10
2;LUCIE;2006;39;12
2;LUCIE;2007;39;12
2;LUCIE;2008;39;8
2;LUCIE;2009;39;6
2;LUCIE;2010;39;9
2;LUCIE;2011;39;3
2;LUCIE;2012;39;5
2;LUCIE;2013;39;15
2;LUCIE;2014;39;11
2;LUCIE;2015;39;4
2;LUCIE;2016;39;12
2;LUCIE;2017;39;11
2;LUCIE;2018;39;5
2;LUCIE;2019;39;4
2;LUCIE;2020;39;3
2;LUCIE;2021;39;6
2;LUCILE;2001;39;7
2;LUCILE;2002;39;4
2;LUCILE;2008;39;7
2;LUCILE;2009;39;4
2;LUCY;2018;39;3
2;LUDIVINE;2001;39;4
2;LUDIVINE;2003;39;3
2;LUDIVINE;2010;39;3
2;LUNA;2002;39;3
2;LUNA;2006;39;5
2;LUNA;2007;39;4
2;LUNA;2008;39;6
2;LUNA;2009;39;6
2;LUNA;2010;39;3
2;LUNA;2011;39;6
2;LUNA;2012;39;3
2;LUNA;2013;39;4
2;LUNA;2015;39;7
2;LUNA;2016;39;3
2;LUNA;2017;39;10
2;LUNA;2018;39;5
2;LUNA;2019;39;4
2;LUNA;2020;39;3
2;LUNA;2021;39;7
2;LYA;2012;39;3
2;LYA;2014;39;5
2;LYA;2015;39;3
2;LYA;2018;39;4
2;LYA;2019;39;4
2;LYA;2020;39;4
2;LYA;2021;39;5
2;LYANA;2014;39;3
2;LYANA;2015;39;3
2;LYANA;2019;39;3
2;LYANA;2020;39;6
2;LYANA;2021;39;5
2;LYANNA;2021;39;3
2;LYDIE;2001;39;3
2;LYLOO;2013;39;3
2;LYLOU;2008;39;4
2;LYLOU;2010;39;3
2;LYLOU;2011;39;3
2;LYLOU;2015;39;5
2;LYLOU;2017;39;6
2;LYLOU;2019;39;4
2;LYNA;2008;39;3
2;LYNA;2014;39;5
2;LYNA;2020;39;3
2;MADDIE;2019;39;3
2;MADDY;2020;39;4
2;MADELINE;2001;39;3
2;MAE;2003;39;3
2;MAE;2005;39;3
2;MAELIA;2010;39;3
2;MAELIE;2008;39;7
2;MAELINE;2008;39;3
2;MAELINE;2009;39;5
2;MAELINE;2010;39;3
2;MAELINE;2011;39;4
2;MAËLINE;2019;39;3
2;MAELLE;2002;39;3
2;MAELLE;2003;39;5
2;MAELLE;2004;39;7
2;MAELLE;2005;39;8
2;MAELLE;2006;39;4
2;MAELLE;2007;39;5
2;MAELLE;2009;39;5
2;MAELLE;2010;39;6
2;MAËLLE;2012;39;4
2;MAËLLE;2013;39;3
2;MAËLLE;2014;39;5
2;MAËLLE;2015;39;3
2;MAËLLE;2018;39;3
2;MAËLLE;2019;39;3
2;MAËLY;2016;39;3
2;MAELYNE;2008;39;3
2;MAËLYNE;2016;39;3
2;MAELYS;2002;39;4
2;MAELYS;2003;39;4
2;MAELYS;2004;39;4
2;MAELYS;2005;39;9
2;MAELYS;2006;39;7
2;MAELYS;2007;39;10
2;MAELYS;2008;39;13
2;MAELYS;2009;39;8
2;MAELYS;2010;39;6
2;MAELYS;2011;39;3
2;MAËLYS;2012;39;8
2;MAËLYS;2013;39;6
2;MAËLYS;2014;39;7
2;MAËLYS;2015;39;5
2;MAËLYS;2016;39;7
2;MAËLYS;2017;39;7
2;MAËLYS;2018;39;3
2;MAËLYS;2019;39;4
2;MAËLYS;2021;39;3
2;MAEVA;2000;39;7
2;MAEVA;2001;39;15
2;MAEVA;2002;39;15
2;MAEVA;2003;39;9
2;MAEVA;2004;39;11
2;MAEVA;2005;39;10
2;MAEVA;2006;39;11
2;MAEVA;2007;39;7
2;MAEVA;2008;39;9
2;MAEVA;2009;39;8
2;MAEVA;2010;39;3
2;MAËVA;2015;39;3
2;MAËVA;2016;39;4
2;MAILYS;2004;39;3
2;MAILYS;2006;39;3
2;MAILYS;2007;39;3
2;MAÏLYS;2016;39;3
2;MAÏSSA;2014;39;3
2;MAÏSSA;2017;39;3
2;MAÏSSA;2018;39;3
2;MAÏSSA;2019;39;3
2;MALLAURY;2002;39;3
2;MALOÉ;2019;39;3
2;MANEL;2014;39;3
2;MANON;2000;39;41
2;MANON;2001;39;36
2;MANON;2002;39;31
2;MANON;2003;39;31
2;MANON;2004;39;26
2;MANON;2005;39;24
2;MANON;2006;39;19
2;MANON;2007;39;19
2;MANON;2008;39;21
2;MANON;2009;39;17
2;MANON;2010;39;14
2;MANON;2011;39;19
2;MANON;2012;39;12
2;MANON;2013;39;12
2;MANON;2014;39;11
2;MANON;2015;39;14
2;MANON;2016;39;9
2;MANON;2017;39;4
2;MANON;2018;39;13
2;MANON;2019;39;9
2;MANON;2020;39;6
2;MANON;2021;39;4
2;MARGAUX;2000;39;12
2;MARGAUX;2001;39;9
2;MARGAUX;2002;39;13
2;MARGAUX;2003;39;8
2;MARGAUX;2004;39;6
2;MARGAUX;2005;39;7
2;MARGAUX;2006;39;7
2;MARGAUX;2007;39;4
2;MARGAUX;2008;39;5
2;MARGAUX;2009;39;8
2;MARGAUX;2010;39;10
2;MARGAUX;2011;39;3
2;MARGAUX;2012;39;6
2;MARGAUX;2013;39;8
2;MARGAUX;2015;39;8
2;MARGAUX;2016;39;5
2;MARGAUX;2017;39;6
2;MARGAUX;2018;39;3
2;MARGAUX;2019;39;5
2;MARGAUX;2020;39;3
2;MARGAUX;2021;39;7
2;MARGOT;2000;39;5
2;MARGOT;2001;39;4
2;MARGOT;2002;39;9
2;MARGOT;2003;39;5
2;MARGOT;2004;39;9
2;MARGOT;2005;39;9
2;MARGOT;2006;39;5
2;MARGOT;2008;39;5
2;MARGOT;2009;39;5
2;MARGOT;2010;39;4
2;MARGOT;2011;39;4
2;MARGOT;2012;39;3
2;MARGOT;2013;39;7
2;MARGOT;2014;39;3
2;MARGOT;2015;39;4
2;MARGOT;2017;39;3
2;MARGOT;2019;39;3
2;MARIE;2000;39;16
2;MARIE;2001;39;14
2;MARIE;2002;39;5
2;MARIE;2003;39;18
2;MARIE;2004;39;10
2;MARIE;2005;39;8
2;MARIE;2006;39;12
2;MARIE;2007;39;4
2;MARIE;2008;39;6
2;MARIE;2009;39;5
2;MARIE;2010;39;6
2;MARIE;2011;39;7
2;MARIE;2012;39;3
2;MARIE;2014;39;4
2;MARIE;2015;39;4
2;MARIE;2016;39;5
2;MARIE;2018;39;6
2;MARIE;2019;39;4
2;MARILOU;2006;39;6
2;MARILOU;2010;39;3
2;MARINA;2001;39;6
2;MARINE;2000;39;18
2;MARINE;2001;39;13
2;MARINE;2002;39;9
2;MARINE;2003;39;10
2;MARINE;2004;39;10
2;MARINE;2005;39;4
2;MARINE;2006;39;4
2;MARINE;2008;39;3
2;MARINE;2010;39;5
2;MARINE;2011;39;3
2;MARION;2000;39;18
2;MARION;2001;39;6
2;MARION;2002;39;13
2;MARION;2003;39;7
2;MARION;2004;39;8
2;MARION;2005;39;7
2;MARION;2006;39;3
2;MARION;2008;39;3
2;MARION;2010;39;3
2;MARION;2011;39;3
2;MARION;2012;39;4
2;MARWA;2004;39;3
2;MARWA;2012;39;3
2;MARWA;2013;39;3
2;MARYAM;2020;39;3
2;MARYLOU;2008;39;3
2;MARYLOU;2021;39;3
2;MATHILDE;2000;39;20
2;MATHILDE;2001;39;16
2;MATHILDE;2002;39;8
2;MATHILDE;2003;39;9
2;MATHILDE;2004;39;9
2;MATHILDE;2005;39;10
2;MATHILDE;2006;39;9
2;MATHILDE;2007;39;14
2;MATHILDE;2008;39;9
2;MATHILDE;2009;39;4
2;MATHILDE;2010;39;11
2;MATHILDE;2012;39;3
2;MATHILDE;2013;39;7
2;MATHILDE;2015;39;7
2;MATHILDE;2017;39;4
2;MATHILDE;2019;39;4
2;MAUD;2000;39;3
2;MAUD;2002;39;3
2;MAUD;2006;39;3
2;MAUD;2008;39;3
2;MAUDE;2000;39;3
2;MAUREEN;2000;39;3
2;MAYA;2006;39;3
2;MAYA;2007;39;4
2;MAYA;2008;39;3
2;MAYA;2009;39;3
2;MAYA;2010;39;3
2;MAYA;2014;39;4
2;MAYSSA;2020;39;3
2;MÉLANIE;2000;39;5
2;MÉLANIE;2001;39;8
2;MÉLANIE;2002;39;6
2;MÉLANIE;2003;39;6
2;MÉLANIE;2005;39;3
2;MÉLANIE;2006;39;5
2;MÉLANIE;2007;39;3
2;MÉLINA;2000;39;3
2;MÉLINA;2001;39;3
2;MÉLINA;2002;39;3
2;MÉLINA;2005;39;3
2;MÉLINA;2006;39;5
2;MÉLINA;2007;39;4
2;MÉLINA;2008;39;5
2;MÉLINA;2009;39;7
2;MÉLINA;2010;39;3
2;MÉLINA;2011;39;4
2;MÉLINA;2012;39;6
2;MÉLINA;2013;39;5
2;MÉLINA;2014;39;3
2;MÉLINA;2015;39;4
2;MÉLINA;2016;39;4
2;MÉLINA;2017;39;8
2;MÉLINA;2021;39;3
2;MELINDA;2001;39;4
2;MELINDA;2006;39;4
2;MELINDA;2008;39;3
2;MELINE;2003;39;3
2;MELINE;2004;39;4
2;MELINE;2006;39;3
2;MELINE;2007;39;4
2;MELINE;2008;39;4
2;MELINE;2009;39;7
2;MELINE;2010;39;8
2;MÉLINE;2013;39;5
2;MÉLINE;2018;39;3
2;MÉLINE;2020;39;3
2;MELIS;2004;39;3
2;MELISSA;2010;39;5
2;MÉLISSA;2000;39;8
2;MÉLISSA;2001;39;10
2;MÉLISSA;2002;39;11
2;MÉLISSA;2003;39;7
2;MÉLISSA;2004;39;6
2;MÉLISSA;2005;39;5
2;MÉLISSA;2007;39;8
2;MÉLISSA;2008;39;10
2;MÉLISSA;2010;39;3
2;MÉLISSA;2012;39;4
2;MELODIE;2006;39;3
2;MELODY;2001;39;3
2;MELTEM;2000;39;3
2;MÉLYNE;2014;39;3
2;MIA;2012;39;3
2;MIA;2014;39;7
2;MIA;2015;39;7
2;MIA;2016;39;8
2;MIA;2017;39;9
2;MIA;2018;39;9
2;MIA;2019;39;11
2;MIA;2020;39;3
2;MIA;2021;39;7
2;MILA;2009;39;6
2;MILA;2010;39;4
2;MILA;2012;39;5
2;MILA;2013;39;5
2;MILA;2014;39;8
2;MILA;2015;39;8
2;MILA;2016;39;8
2;MILA;2017;39;8
2;MILA;2018;39;3
2;MILA;2019;39;3
2;MILA;2020;39;7
2;MILA;2021;39;4
2;MILLA;2010;39;3
2;MINA;2014;39;3
2;MORGANE;2000;39;11
2;MORGANE;2001;39;10
2;MORGANE;2002;39;6
2;MORGANE;2003;39;8
2;MORGANE;2004;39;4
2;MORGANE;2005;39;10
2;MORGANE;2006;39;8
2;MORGANE;2009;39;8
2;MORGANE;2010;39;3
2;MORGANE;2012;39;5
2;MORGANE;2015;39;5
2;MYA;2013;39;5
2;MYA;2014;39;4
2;MYA;2015;39;3
2;MYA;2016;39;3
2;MYA;2017;39;4
2;MYA;2018;39;4
2;MYA;2019;39;4
2;MYA;2020;39;8
2;MYA;2021;39;4
2;MYLA;2012;39;3
2;MYLÈNE;2002;39;3
2;MYRIAM;2000;39;3
2;MYRIAM;2009;39;4
2;MYRIAM;2014;39;3
2;NAELLE;2008;39;3
2;NAOMI;2015;39;3
2;NAOMI;2018;39;3
2;NAOMIE;2011;39;3
2;NAWEL;2006;39;3
2;NAYA;2017;39;3
2;NÉLIA;2015;39;3
2;NESSA;2017;39;3
2;NEYLA;2016;39;3
2;NINA;2000;39;5
2;NINA;2001;39;5
2;NINA;2002;39;4
2;NINA;2003;39;3
2;NINA;2004;39;4
2;NINA;2005;39;10
2;NINA;2006;39;6
2;NINA;2007;39;3
2;NINA;2008;39;7
2;NINA;2009;39;10
2;NINA;2010;39;7
2;NINA;2011;39;8
2;NINA;2012;39;7
2;NINA;2013;39;6
2;NINA;2014;39;7
2;NINA;2015;39;9
2;NINA;2016;39;8
2;NINA;2017;39;8
2;NINA;2018;39;7
2;NINA;2019;39;12
2;NINA;2020;39;8
2;NINA;2021;39;7
2;NINON;2000;39;4
2;NINON;2004;39;3
2;NINON;2005;39;7
2;NINON;2006;39;4
2;NINON;2007;39;6
2;NINON;2008;39;6
2;NINON;2009;39;6
2;NINON;2010;39;4
2;NINON;2011;39;8
2;NINON;2013;39;8
2;NINON;2016;39;5
2;NINON;2020;39;3
2;NISA;2008;39;3
2;NISA;2010;39;3
2;NOELIE;2007;39;3
2;NOELINE;2009;39;3
2;NOEMIE;2000;39;11
2;NOEMIE;2001;39;5
2;NOEMIE;2002;39;6
2;NOEMIE;2003;39;14
2;NOEMIE;2004;39;8
2;NOEMIE;2005;39;5
2;NOEMIE;2006;39;12
2;NOEMIE;2007;39;12
2;NOEMIE;2008;39;4
2;NOEMIE;2009;39;10
2;NOEMIE;2010;39;3
2;NOÉMIE;2013;39;5
2;NOÉMIE;2014;39;3
2;NOÉMIE;2015;39;4
2;NOÉMIE;2016;39;3
2;NOÉMIE;2017;39;3
2;NOÉMIE;2018;39;3
2;NOLWENN;2002;39;3
2;NORA;2010;39;3
2;NOUR;2014;39;3
2;NOUR;2021;39;3
2;OCEANE;2010;39;3
2;OCEANE;2011;39;7
2;OCÉANE;2000;39;18
2;OCÉANE;2001;39;18
2;OCÉANE;2002;39;28
2;OCÉANE;2003;39;18
2;OCÉANE;2004;39;18
2;OCÉANE;2005;39;14
2;OCÉANE;2006;39;20
2;OCÉANE;2007;39;12
2;OCÉANE;2008;39;10
2;OCÉANE;2009;39;9
2;OCÉANE;2010;39;4
2;OCÉANE;2012;39;5
2;OCÉANE;2014;39;5
2;OCÉANE;2015;39;5
2;OCÉANE;2017;39;3
2;OLIVIA;2000;39;3
2;OLIVIA;2002;39;4
2;OLIVIA;2004;39;3
2;OLIVIA;2006;39;4
2;OLIVIA;2011;39;4
2;OLIVIA;2013;39;3
2;OLIVIA;2015;39;3
2;OLIVIA;2019;39;4
2;OLIVIA;2020;39;5
2;OPHÉLIE;2000;39;4
2;OPHÉLIE;2001;39;4
2;OPHÉLIE;2002;39;3
2;OPHÉLIE;2003;39;3
2;OPHÉLIE;2007;39;4
2;OPHÉLIE;2009;39;3
2;ORIANE;2000;39;3
2;ORIANE;2007;39;3
2;ORLANE;2002;39;3
2;PAULINE;2000;39;10
2;PAULINE;2001;39;9
2;PAULINE;2002;39;11
2;PAULINE;2003;39;7
2;PAULINE;2004;39;10
2;PAULINE;2005;39;6
2;PAULINE;2006;39;6
2;PAULINE;2007;39;8
2;PAULINE;2008;39;13
2;PAULINE;2009;39;8
2;PAULINE;2010;39;13
2;PAULINE;2011;39;7
2;PAULINE;2013;39;4
2;PAULINE;2014;39;4
2;PAULINE;2016;39;3
2;PERRINE;2000;39;4
2;PERRINE;2002;39;4
2;PERRINE;2006;39;6
2;PERRINE;2007;39;4
2;PRUNE;2008;39;3
2;ROMANE;2000;39;7
2;ROMANE;2001;39;6
2;ROMANE;2002;39;8
2;ROMANE;2003;39;10
2;ROMANE;2004;39;15
2;ROMANE;2005;39;8
2;ROMANE;2006;39;11
2;ROMANE;2007;39;12
2;ROMANE;2008;39;4
2;ROMANE;2009;39;10
2;ROMANE;2010;39;12
2;ROMANE;2011;39;9
2;ROMANE;2012;39;5
2;ROMANE;2013;39;9
2;ROMANE;2014;39;13
2;ROMANE;2015;39;5
2;ROMANE;2016;39;6
2;ROMANE;2017;39;8
2;ROMANE;2018;39;4
2;ROMANE;2019;39;3
2;ROMANE;2020;39;5
2;ROMANE;2021;39;3
2;ROMY;2014;39;3
2;ROMY;2019;39;6
2;ROMY;2020;39;8
2;ROMY;2021;39;7
2;ROSALIE;2017;39;3
2;ROSE;2002;39;5
2;ROSE;2004;39;3
2;ROSE;2006;39;3
2;ROSE;2007;39;6
2;ROSE;2008;39;7
2;ROSE;2009;39;11
2;ROSE;2010;39;5
2;ROSE;2011;39;7
2;ROSE;2012;39;12
2;ROSE;2013;39;11
2;ROSE;2014;39;10
2;ROSE;2015;39;6
2;ROSE;2016;39;11
2;ROSE;2017;39;9
2;ROSE;2018;39;10
2;ROSE;2019;39;7
2;ROSE;2020;39;12
2;ROSE;2021;39;11
2;ROXANE;2008;39;3
2;ROXANE;2017;39;4
2;SAFIA;2020;39;3
2;SALMA;2003;39;7
2;SALMA;2010;39;4
2;SALOMÉ;2000;39;9
2;SALOMÉ;2002;39;3
2;SALOMÉ;2003;39;4
2;SALOMÉ;2004;39;5
2;SALOMÉ;2005;39;4
2;SALOMÉ;2007;39;4
2;SALOMÉ;2008;39;6
2;SALOMÉ;2013;39;3
2;SALOMÉ;2015;39;3
2;SALOMÉ;2016;39;4
2;SALOMÉ;2018;39;4
2;SALOMÉ;2020;39;4
2;SALOMÉ;2021;39;6
2;SAMANTHA;2000;39;4
2;SANA;2008;39;3
2;SANDRA;2000;39;4
2;SANDY;2000;39;3
2;SARA;2000;39;4
2;SARA;2008;39;5
2;SARA;2009;39;4
2;SARA;2010;39;5
2;SARA;2013;39;3
2;SARA;2014;39;3
2;SARA;2016;39;3
2;SARAH;2000;39;18
2;SARAH;2001;39;17
2;SARAH;2002;39;18
2;SARAH;2003;39;13
2;SARAH;2004;39;15
2;SARAH;2005;39;14
2;SARAH;2006;39;21
2;SARAH;2007;39;22
2;SARAH;2008;39;22
2;SARAH;2009;39;14
2;SARAH;2010;39;13
2;SARAH;2011;39;9
2;SARAH;2012;39;12
2;SARAH;2013;39;13
2;SARAH;2014;39;6
2;SARAH;2015;39;7
2;SARAH;2016;39;4
2;SARAH;2018;39;4
2;SARAH;2019;39;3
2;SASHA;2017;39;3
2;SAVANNAH;2008;39;3
2;SELENA;2007;39;3
2;SELENA;2008;39;4
2;SÉLÉNA;2013;39;3
2;SELIN;2002;39;5
2;SELMA;2003;39;3
2;SENA;2012;39;3
2;SÉRÉNA;2011;39;3
2;SHAIMA;2003;39;4
2;SHAINA;2009;39;3
2;SHANA;2007;39;3
2;SHANA;2008;39;5
2;SHANA;2010;39;4
2;SHANA;2011;39;4
2;SHANA;2013;39;3
2;SHANA;2014;39;3
2;SHANNA;2012;39;4
2;SHANNA;2014;39;4
2;SHANNA;2015;39;3
2;SHANNA;2016;39;3
2;SILA;2004;39;3
2;SILA;2006;39;3
2;SIRINE;2007;39;4
2;SOFIA;2005;39;3
2;SOFIA;2006;39;5
2;SOFIA;2009;39;3
2;SOFIA;2010;39;3
2;SOFIA;2015;39;5
2;SOFIA;2018;39;5
2;SOHANE;2013;39;3
2;SOLÈNE;2000;39;6
2;SOLÈNE;2001;39;11
2;SOLÈNE;2002;39;6
2;SOLÈNE;2003;39;8
2;SOLÈNE;2004;39;5
2;SOLÈNE;2006;39;4
2;SOLÈNE;2007;39;3
2;SOLÈNE;2008;39;4
2;SOLÈNE;2009;39;4
2;SOLÈNE;2012;39;3
2;SOLÈNE;2013;39;3
2;SOLÈNE;2016;39;3
2;SOLINE;2007;39;3
2;SOLINE;2012;39;5
2;SOLINE;2014;39;4
2;SOLINE;2015;39;6
2;SOLINE;2016;39;5
2;SOLINE;2017;39;11
2;SOLINE;2018;39;6
2;SOLINE;2021;39;4
2;SOPHIA;2011;39;3
2;SOPHIE;2000;39;4
2;SOPHIE;2002;39;4
2;SOPHIE;2012;39;4
2;SOPHIE;2016;39;3
2;SOPHIE;2020;39;3
2;STACY;2016;39;3
2;STELLA;2010;39;4
2;SUZON;2002;39;3
2;TAINA;2005;39;5
2;TAINA;2009;39;3
2;TAÏNA;2019;39;4
2;TALYA;2007;39;3
2;TANIA;2003;39;3
2;TASNIM;2019;39;3
2;TATIANA;2000;39;3
2;TATIANA;2008;39;3
2;TATIANA;2010;39;3
2;TESS;2009;39;3
2;TESS;2012;39;4
2;TESS;2013;39;4
2;TESSA;2012;39;3
2;TESSA;2013;39;3
2;TESSA;2016;39;4
2;TESSA;2017;39;3
2;TESSA;2020;39;3
2;THAIS;2008;39;5
2;THAÏS;2012;39;3
2;THAÏS;2015;39;3
2;THALIA;2014;39;4
2;THALIA;2016;39;3
2;THEA;2002;39;3
2;THEA;2007;39;3
2;THÉA;2012;39;3
2;THÉA;2014;39;3
2;THÉA;2016;39;3
2;THÉA;2017;39;3
2;THÉA;2018;39;5
2;THÉA;2020;39;7
2;THÉA;2021;39;8
2;TIFFANY;2003;39;3
2;TIFFANY;2007;39;4
2;TINA;2020;39;3
2;TIPHAINE;2002;39;3
2;TIPHAINE;2003;39;3
2;TIPHAINE;2008;39;3
2;VALENTINA;2017;39;3
2;VALENTINE;2000;39;10
2;VALENTINE;2001;39;6
2;VALENTINE;2002;39;7
2;VALENTINE;2003;39;5
2;VALENTINE;2005;39;3
2;VALENTINE;2006;39;4
2;VALENTINE;2007;39;4
2;VALENTINE;2008;39;5
2;VALENTINE;2009;39;3
2;VALENTINE;2011;39;4
2;VALENTINE;2012;39;3
2;VALENTINE;2014;39;3
2;VALENTINE;2015;39;4
2;VALENTINE;2021;39;3
2;VANESSA;2001;39;3
2;VANESSA;2007;39;3
2;VICTOIRE;2010;39;3
2;VICTOIRE;2015;39;3
2;VICTOIRE;2017;39;5
2;VICTOIRE;2018;39;4
2;VICTOIRE;2019;39;3
2;VICTOIRE;2020;39;4
2;VICTOIRE;2021;39;4
2;VICTORIA;2000;39;4
2;VICTORIA;2001;39;6
2;VICTORIA;2007;39;4
2;VICTORIA;2008;39;4
2;VICTORIA;2009;39;3
2;VICTORIA;2013;39;3
2;VICTORIA;2014;39;4
2;VICTORIA;2016;39;3
2;VICTORIA;2018;39;4
2;VICTORIA;2019;39;5
2;VIOLETTE;2000;39;3
2;VIOLETTE;2006;39;3
2;VIOLETTE;2012;39;3
2;YASMINE;2005;39;4
2;YASMINE;2007;39;4
2;YASMINE;2010;39;6
2;YASMINE;2012;39;3
2;YASMINE;2013;39;3
2;YASMINE;2014;39;4
2;YASMINE;2017;39;4
2;YOUSRA;2021;39;3
2;ZELIE;2005;39;4
2;ZELIE;2006;39;6
2;ZELIE;2008;39;7
2;ZELIE;2010;39;5
2;ZÉLIE;2012;39;5
2;ZÉLIE;2014;39;8
2;ZÉLIE;2016;39;5
2;ZÉLIE;2017;39;3
2;ZÉLIE;2018;39;6
2;ZÉLIE;2021;39;3
2;ZOE;2010;39;11
2;ZOE;2012;39;3
2;ZOÉ;2000;39;6
2;ZOÉ;2001;39;6
2;ZOÉ;2002;39;5
2;ZOÉ;2003;39;8
2;ZOÉ;2004;39;13
2;ZOÉ;2005;39;10
2;ZOÉ;2006;39;9
2;ZOÉ;2007;39;13
2;ZOÉ;2008;39;8
2;ZOÉ;2009;39;15
2;ZOÉ;2010;39;5
2;ZOÉ;2011;39;11
2;ZOÉ;2012;39;9
2;ZOÉ;2013;39;14
2;ZOÉ;2014;39;16
2;ZOÉ;2015;39;6
2;ZOÉ;2016;39;12
2;ZOÉ;2017;39;12
2;ZOÉ;2018;39;6
2;ZOÉ;2019;39;9
2;ZOÉ;2020;39;11
2;ZOÉ;2021;39;6
