sexe;preusuel;annais;dpt;nombre
1;_PRENOMS_RARES;2000;36;17
1;_PRENOMS_RARES;2001;36;20
1;_PRENOMS_RARES;2002;36;19
1;_PRENOMS_RARES;2003;36;20
1;_PRENOMS_RARES;2004;36;24
1;_PRENOMS_RARES;2005;36;22
1;_PRENOMS_RARES;2006;36;29
1;_PRENOMS_RARES;2007;36;36
1;_PRENOMS_RARES;2008;36;41
1;_PRENOMS_RARES;2009;36;32
1;_PRENOMS_RARES;2010;36;49
1;_PRENOMS_RARES;2011;36;47
1;_PRENOMS_RARES;2012;36;36
1;_PRENOMS_RARES;2013;36;42
1;_PRENOMS_RARES;2014;36;40
1;_PRENOMS_RARES;2015;36;39
1;_PRENOMS_RARES;2016;36;59
1;_PRENOMS_RARES;2017;36;47
1;_PRENOMS_RARES;2018;36;53
1;_PRENOMS_RARES;2019;36;50
1;_PRENOMS_RARES;2020;36;54
1;_PRENOMS_RARES;2021;36;44
1;AARON;2007;36;6
1;AARON;2008;36;4
1;AARON;2009;36;3
1;AARON;2011;36;8
1;AARON;2012;36;4
1;AARON;2013;36;7
1;AARON;2014;36;9
1;AARON;2015;36;4
1;AARON;2016;36;10
1;AARON;2017;36;4
1;AARON;2019;36;3
1;AARON;2020;36;9
1;AARON;2021;36;8
1;ABDELMALIK;2015;36;3
1;ABEL;2007;36;3
1;ABEL;2012;36;4
1;ABEL;2015;36;3
1;ADAM;2000;36;6
1;ADAM;2002;36;3
1;ADAM;2004;36;5
1;ADAM;2007;36;3
1;ADAM;2008;36;5
1;ADAM;2009;36;6
1;ADAM;2010;36;7
1;ADAM;2011;36;6
1;ADAM;2013;36;6
1;ADAM;2014;36;9
1;ADAM;2015;36;5
1;ADAM;2016;36;12
1;ADAM;2017;36;5
1;ADAM;2018;36;6
1;ADAM;2019;36;4
1;ADAM;2020;36;4
1;ADAM;2021;36;5
1;ADEM;2016;36;3
1;ADRIEN;2000;36;10
1;ADRIEN;2001;36;9
1;ADRIEN;2002;36;8
1;ADRIEN;2003;36;9
1;ADRIEN;2004;36;6
1;ADRIEN;2005;36;4
1;ADRIEN;2006;36;4
1;ADRIEN;2007;36;5
1;ADRIEN;2008;36;3
1;ADRIEN;2010;36;3
1;ADRIEN;2012;36;3
1;ALAN;2002;36;5
1;ALAN;2013;36;3
1;ALBAN;2010;36;3
1;ALBAN;2012;36;3
1;ALBAN;2014;36;3
1;ALBAN;2016;36;5
1;ALBAN;2017;36;4
1;ALBAN;2019;36;3
1;ALEX;2000;36;4
1;ALEX;2001;36;3
1;ALEX;2002;36;4
1;ALEX;2003;36;3
1;ALEX;2006;36;5
1;ALEX;2008;36;4
1;ALEX;2011;36;6
1;ALEXANDRE;2000;36;21
1;ALEXANDRE;2001;36;16
1;ALEXANDRE;2002;36;10
1;ALEXANDRE;2003;36;18
1;ALEXANDRE;2004;36;8
1;ALEXANDRE;2005;36;12
1;ALEXANDRE;2006;36;9
1;ALEXANDRE;2007;36;5
1;ALEXANDRE;2008;36;6
1;ALEXANDRE;2009;36;8
1;ALEXANDRE;2010;36;7
1;ALEXANDRE;2011;36;3
1;ALEXANDRE;2012;36;3
1;ALEXANDRE;2015;36;3
1;ALEXANDRE;2018;36;3
1;ALEXIS;2000;36;24
1;ALEXIS;2001;36;29
1;ALEXIS;2002;36;16
1;ALEXIS;2003;36;14
1;ALEXIS;2004;36;24
1;ALEXIS;2005;36;10
1;ALEXIS;2006;36;10
1;ALEXIS;2007;36;9
1;ALEXIS;2008;36;15
1;ALEXIS;2009;36;7
1;ALEXIS;2010;36;3
1;ALEXIS;2011;36;4
1;ALEXIS;2012;36;8
1;ALEXIS;2013;36;6
1;ALEXIS;2014;36;4
1;ALEXY;2001;36;4
1;ALEXY;2003;36;4
1;ALIX;2004;36;5
1;ALLAN;2000;36;4
1;AMAURY;2009;36;3
1;AMAURY;2011;36;3
1;AMINE;2003;36;3
1;AMINE;2004;36;3
1;AMINE;2007;36;3
1;AMINE;2008;36;4
1;AMINE;2014;36;3
1;AMIR;2014;36;3
1;AMIR;2016;36;3
1;AMIR;2018;36;4
1;ANAS;2016;36;3
1;ANATOLE;2019;36;3
1;ANDY;2000;36;3
1;ANTHONIN;2007;36;3
1;ANTHONY;2000;36;13
1;ANTHONY;2001;36;7
1;ANTHONY;2002;36;6
1;ANTHONY;2004;36;4
1;ANTHONY;2005;36;4
1;ANTHONY;2014;36;3
1;ANTOINE;2000;36;25
1;ANTOINE;2001;36;19
1;ANTOINE;2002;36;20
1;ANTOINE;2003;36;7
1;ANTOINE;2004;36;14
1;ANTOINE;2005;36;11
1;ANTOINE;2006;36;7
1;ANTOINE;2007;36;8
1;ANTOINE;2008;36;14
1;ANTOINE;2009;36;6
1;ANTOINE;2010;36;8
1;ANTOINE;2012;36;6
1;ANTOINE;2015;36;5
1;ANTOINE;2018;36;5
1;ANTOINE;2020;36;3
1;ANTONIN;2000;36;7
1;ANTONIN;2001;36;9
1;ANTONIN;2002;36;7
1;ANTONIN;2003;36;5
1;ANTONIN;2004;36;5
1;ANTONIN;2005;36;10
1;ANTONIN;2006;36;4
1;ANTONIN;2007;36;6
1;ANTONIN;2008;36;4
1;ANTONIN;2009;36;8
1;ANTONIN;2011;36;5
1;ANTONIN;2012;36;5
1;ANTONIN;2014;36;3
1;ANTONIN;2015;36;5
1;ANTONIN;2016;36;4
1;ANTONIN;2017;36;3
1;ARMAND;2006;36;3
1;ARMAND;2010;36;3
1;ARMAND;2013;36;3
1;ARMAND;2020;36;3
1;ARNAUD;2000;36;5
1;ARNAUD;2001;36;3
1;ARNAUD;2002;36;3
1;ARNAUD;2005;36;4
1;ARTHUR;2000;36;13
1;ARTHUR;2001;36;9
1;ARTHUR;2002;36;14
1;ARTHUR;2003;36;7
1;ARTHUR;2004;36;8
1;ARTHUR;2005;36;6
1;ARTHUR;2006;36;9
1;ARTHUR;2007;36;9
1;ARTHUR;2008;36;10
1;ARTHUR;2009;36;8
1;ARTHUR;2010;36;13
1;ARTHUR;2011;36;9
1;ARTHUR;2012;36;9
1;ARTHUR;2013;36;9
1;ARTHUR;2014;36;7
1;ARTHUR;2015;36;6
1;ARTHUR;2016;36;6
1;ARTHUR;2017;36;8
1;ARTHUR;2018;36;10
1;ARTHUR;2019;36;7
1;ARTHUR;2020;36;5
1;ARTHUR;2021;36;3
1;AUGUSTE;2020;36;3
1;AUGUSTIN;2011;36;3
1;AUGUSTIN;2013;36;3
1;AUGUSTIN;2016;36;4
1;AUGUSTIN;2017;36;6
1;AURÉLIEN;2000;36;6
1;AURÉLIEN;2001;36;5
1;AURÉLIEN;2002;36;6
1;AURÉLIEN;2003;36;5
1;AURÉLIEN;2004;36;6
1;AURÉLIEN;2006;36;3
1;AXEL;2000;36;7
1;AXEL;2001;36;4
1;AXEL;2002;36;12
1;AXEL;2003;36;9
1;AXEL;2004;36;10
1;AXEL;2005;36;13
1;AXEL;2006;36;11
1;AXEL;2007;36;4
1;AXEL;2008;36;6
1;AXEL;2009;36;9
1;AXEL;2010;36;9
1;AXEL;2011;36;5
1;AXEL;2012;36;6
1;AXEL;2013;36;7
1;AXEL;2014;36;7
1;AXEL;2015;36;4
1;AXEL;2016;36;5
1;AXEL;2019;36;3
1;AXEL;2020;36;6
1;AXEL;2021;36;4
1;AYDEN;2018;36;3
1;AYDEN;2021;36;7
1;AYMEN;2019;36;3
1;AYMERIC;2003;36;4
1;AYMERIC;2010;36;3
1;BAPTISTE;2000;36;20
1;BAPTISTE;2001;36;26
1;BAPTISTE;2002;36;22
1;BAPTISTE;2003;36;4
1;BAPTISTE;2004;36;8
1;BAPTISTE;2005;36;10
1;BAPTISTE;2006;36;9
1;BAPTISTE;2007;36;9
1;BAPTISTE;2008;36;10
1;BAPTISTE;2009;36;5
1;BAPTISTE;2010;36;7
1;BAPTISTE;2011;36;7
1;BAPTISTE;2012;36;10
1;BAPTISTE;2013;36;6
1;BAPTISTE;2014;36;8
1;BAPTISTE;2015;36;5
1;BAPTISTE;2016;36;3
1;BAPTISTE;2017;36;3
1;BAPTISTE;2018;36;4
1;BAPTISTE;2021;36;3
1;BASTIEN;2000;36;9
1;BASTIEN;2001;36;6
1;BASTIEN;2002;36;8
1;BASTIEN;2003;36;7
1;BASTIEN;2004;36;4
1;BASTIEN;2005;36;3
1;BASTIEN;2006;36;3
1;BASTIEN;2007;36;7
1;BASTIEN;2008;36;6
1;BASTIEN;2009;36;4
1;BASTIEN;2012;36;3
1;BASTIEN;2013;36;4
1;BASTIEN;2014;36;4
1;BASTIEN;2015;36;4
1;BASTIEN;2016;36;4
1;BENJAMIN;2000;36;14
1;BENJAMIN;2001;36;14
1;BENJAMIN;2002;36;7
1;BENJAMIN;2003;36;6
1;BENJAMIN;2004;36;8
1;BENJAMIN;2005;36;8
1;BENJAMIN;2006;36;8
1;BENJAMIN;2007;36;5
1;BENJAMIN;2008;36;3
1;BENJAMIN;2012;36;4
1;BENJAMIN;2014;36;5
1;BENJAMIN;2016;36;3
1;BENOÎT;2001;36;3
1;BENOÎT;2003;36;3
1;BENOÎT;2005;36;3
1;BRANDON;2004;36;3
1;BRIAN;2001;36;3
1;BRYAN;2000;36;3
1;BRYAN;2001;36;3
1;BRYAN;2002;36;4
1;BRYAN;2004;36;3
1;BRYAN;2006;36;4
1;BRYAN;2007;36;3
1;BRYAN;2009;36;3
1;BRYAN;2013;36;4
1;CAMILLE;2005;36;5
1;CAMILLE;2008;36;3
1;CAMILLE;2011;36;5
1;CAMILLE;2013;36;3
1;CAMILLE;2014;36;3
1;CAMILLE;2015;36;3
1;CAMILLE;2016;36;4
1;CAMILLE;2017;36;4
1;CAMILLE;2018;36;3
1;CAMILLE;2019;36;4
1;CEDRIC;2000;36;3
1;CEDRIC;2003;36;3
1;CEDRIC;2009;36;3
1;CELESTIN;2009;36;4
1;CELIAN;2010;36;3
1;CHARLES;2002;36;4
1;CHARLES;2003;36;4
1;CHARLES;2004;36;3
1;CHARLES;2007;36;4
1;CHARLES;2009;36;5
1;CHARLES;2012;36;4
1;CHARLES;2013;36;3
1;CHARLES;2019;36;3
1;CHARLIE;2001;36;3
1;CHARLY;2000;36;3
1;CHARLY;2001;36;5
1;CHARLY;2004;36;4
1;CHARLY;2005;36;4
1;CHARLY;2013;36;4
1;CHRISTOPHER;2000;36;3
1;CHRISTOPHER;2002;36;4
1;CHRISTOPHER;2005;36;3
1;CLEMENT;2010;36;4
1;CLÉMENT;2000;36;22
1;CLÉMENT;2001;36;24
1;CLÉMENT;2002;36;19
1;CLÉMENT;2003;36;16
1;CLÉMENT;2004;36;9
1;CLÉMENT;2005;36;18
1;CLÉMENT;2006;36;18
1;CLÉMENT;2007;36;12
1;CLÉMENT;2008;36;15
1;CLÉMENT;2009;36;16
1;CLÉMENT;2010;36;7
1;CLÉMENT;2011;36;7
1;CLÉMENT;2012;36;7
1;CLÉMENT;2013;36;9
1;CLÉMENT;2014;36;5
1;CLÉMENT;2015;36;10
1;CLÉMENT;2016;36;4
1;CLÉMENT;2019;36;4
1;CLOVIS;2009;36;3
1;COLIN;2013;36;3
1;CÔME;2015;36;3
1;CÔME;2016;36;5
1;CÔME;2017;36;5
1;CÔME;2019;36;4
1;CÔME;2021;36;5
1;CORENTIN;2000;36;23
1;CORENTIN;2001;36;7
1;CORENTIN;2002;36;13
1;CORENTIN;2003;36;9
1;CORENTIN;2004;36;12
1;CORENTIN;2005;36;10
1;CORENTIN;2006;36;7
1;CORENTIN;2008;36;8
1;CORENTIN;2009;36;4
1;CORENTIN;2010;36;3
1;CORENTIN;2012;36;3
1;CYRIL;2000;36;3
1;CYRIL;2008;36;3
1;DAMIEN;2000;36;6
1;DAMIEN;2001;36;5
1;DAMIEN;2002;36;4
1;DAMIEN;2003;36;4
1;DAMIEN;2004;36;3
1;DAMIEN;2005;36;3
1;DAMIEN;2008;36;4
1;DAMIEN;2011;36;3
1;DAMIEN;2013;36;3
1;DANY;2000;36;4
1;DAVID;2001;36;3
1;DAVID;2002;36;4
1;DAVID;2004;36;3
1;DAVID;2010;36;5
1;DIEGO;2004;36;4
1;DIEGO;2005;36;3
1;DIEGO;2006;36;4
1;DIEGO;2009;36;4
1;DIEGO;2010;36;6
1;DIEGO;2018;36;3
1;DIEGO;2020;36;3
1;DIÉGO;2015;36;3
1;DIMITRI;2000;36;4
1;DIMITRI;2001;36;5
1;DIMITRI;2002;36;3
1;DIMITRI;2007;36;3
1;DONOVAN;2007;36;3
1;DORIAN;2000;36;5
1;DORIAN;2001;36;3
1;DORIAN;2002;36;8
1;DORIAN;2003;36;7
1;DORIAN;2004;36;5
1;DORIAN;2005;36;5
1;DORIAN;2006;36;5
1;DORIAN;2007;36;5
1;DORIAN;2008;36;4
1;DORIAN;2009;36;5
1;DORIAN;2013;36;6
1;DORYAN;2004;36;3
1;DYLAN;2000;36;7
1;DYLAN;2001;36;9
1;DYLAN;2002;36;7
1;DYLAN;2003;36;9
1;DYLAN;2004;36;7
1;DYLAN;2005;36;5
1;DYLAN;2006;36;5
1;DYLAN;2007;36;8
1;DYLAN;2008;36;4
1;DYLAN;2009;36;3
1;DYLAN;2010;36;3
1;DYLAN;2012;36;3
1;DYLAN;2014;36;4
1;EDEN;2011;36;3
1;EDEN;2014;36;8
1;EDEN;2015;36;3
1;EDEN;2016;36;3
1;EDEN;2017;36;7
1;EDEN;2018;36;4
1;EDEN;2019;36;6
1;EDEN;2020;36;7
1;EDEN;2021;36;8
1;EDOUARD;2002;36;4
1;EDOUARD;2012;36;5
1;ELIAS;2011;36;3
1;ELIE;2012;36;3
1;ELIE;2018;36;3
1;ELIOT;2007;36;4
1;ELIOT;2010;36;3
1;ELIOT;2014;36;3
1;ELIOTT;2004;36;3
1;ELIOTT;2007;36;3
1;ELIOTT;2012;36;3
1;ELIOTT;2016;36;5
1;ELIOTT;2017;36;6
1;ELIOTT;2020;36;3
1;ELIOTT;2021;36;7
1;ELOUAN;2007;36;3
1;ELYAS;2015;36;3
1;EMILE;2012;36;4
1;EMILE;2020;36;3
1;EMILIEN;2001;36;4
1;EMILIEN;2003;36;5
1;EMILIEN;2004;36;5
1;EMILIEN;2008;36;5
1;EMMANUEL;2000;36;4
1;EMMANUEL;2003;36;3
1;ENZO;2001;36;9
1;ENZO;2002;36;11
1;ENZO;2003;36;25
1;ENZO;2004;36;25
1;ENZO;2005;36;40
1;ENZO;2006;36;30
1;ENZO;2007;36;31
1;ENZO;2008;36;29
1;ENZO;2009;36;25
1;ENZO;2010;36;15
1;ENZO;2011;36;19
1;ENZO;2012;36;14
1;ENZO;2013;36;17
1;ENZO;2014;36;11
1;ENZO;2015;36;11
1;ENZO;2016;36;6
1;ENZO;2017;36;6
1;ENZO;2018;36;8
1;ENZO;2020;36;4
1;ENZO;2021;36;4
1;ERIC;2001;36;3
1;ERWAN;2000;36;5
1;ERWAN;2001;36;7
1;ERWAN;2002;36;3
1;ERWAN;2003;36;4
1;ERWAN;2004;36;5
1;ERWAN;2005;36;4
1;ERWAN;2006;36;6
1;ERWAN;2007;36;7
1;ERWAN;2008;36;4
1;ERWAN;2009;36;4
1;ERWAN;2010;36;4
1;ERWAN;2011;36;3
1;ERWAN;2013;36;3
1;ERWAN;2014;36;3
1;ERWAN;2017;36;5
1;ERWAN;2020;36;4
1;ERWANN;2009;36;5
1;ESTEBAN;2000;36;3
1;ESTEBAN;2001;36;3
1;ESTEBAN;2002;36;3
1;ESTEBAN;2003;36;3
1;ESTEBAN;2004;36;4
1;ESTEBAN;2005;36;9
1;ESTEBAN;2006;36;4
1;ESTEBAN;2007;36;7
1;ESTEBAN;2008;36;7
1;ESTEBAN;2009;36;7
1;ESTEBAN;2011;36;3
1;ESTEBAN;2012;36;6
1;ESTEBAN;2013;36;4
1;ESTEBAN;2014;36;4
1;ESTEBAN;2016;36;6
1;ESTEBAN;2018;36;3
1;ESTEBAN;2019;36;3
1;ETHAN;2004;36;7
1;ETHAN;2005;36;4
1;ETHAN;2006;36;12
1;ETHAN;2007;36;16
1;ETHAN;2008;36;12
1;ETHAN;2009;36;12
1;ETHAN;2010;36;8
1;ETHAN;2011;36;10
1;ETHAN;2012;36;12
1;ETHAN;2013;36;11
1;ETHAN;2014;36;14
1;ETHAN;2015;36;7
1;ETHAN;2016;36;11
1;ETHAN;2017;36;10
1;ETHAN;2018;36;5
1;ETHAN;2019;36;7
1;ETHAN;2020;36;4
1;ETHAN;2021;36;10
1;ETIENNE;2000;36;4
1;ETIENNE;2001;36;4
1;ETIENNE;2013;36;3
1;EVAN;2001;36;3
1;EVAN;2002;36;3
1;EVAN;2004;36;4
1;EVAN;2005;36;10
1;EVAN;2006;36;6
1;EVAN;2007;36;13
1;EVAN;2008;36;16
1;EVAN;2009;36;11
1;EVAN;2010;36;14
1;EVAN;2011;36;15
1;EVAN;2012;36;3
1;EVAN;2013;36;5
1;EVAN;2014;36;7
1;EVAN;2015;36;4
1;EVAN;2016;36;3
1;EVANN;2012;36;4
1;EWAN;2006;36;4
1;EWEN;2009;36;3
1;EWEN;2015;36;3
1;FABIEN;2002;36;3
1;FÉLIX;2009;36;4
1;FLAVIEN;2001;36;6
1;FLAVIEN;2002;36;4
1;FLAVIEN;2004;36;3
1;FLAVIEN;2010;36;3
1;FLORENT;2000;36;3
1;FLORENT;2002;36;5
1;FLORENT;2007;36;3
1;FLORIAN;2000;36;7
1;FLORIAN;2001;36;18
1;FLORIAN;2002;36;9
1;FLORIAN;2003;36;10
1;FLORIAN;2004;36;5
1;FLORIAN;2005;36;3
1;FLORIAN;2010;36;4
1;FLORIAN;2012;36;3
1;FRANÇOIS;2000;36;4
1;GABIN;2000;36;3
1;GABIN;2001;36;3
1;GABIN;2003;36;3
1;GABIN;2004;36;9
1;GABIN;2005;36;5
1;GABIN;2006;36;7
1;GABIN;2007;36;9
1;GABIN;2008;36;5
1;GABIN;2009;36;6
1;GABIN;2010;36;8
1;GABIN;2011;36;9
1;GABIN;2012;36;6
1;GABIN;2013;36;7
1;GABIN;2014;36;8
1;GABIN;2015;36;11
1;GABIN;2016;36;7
1;GABIN;2017;36;5
1;GABIN;2018;36;8
1;GABIN;2019;36;3
1;GABIN;2020;36;6
1;GABIN;2021;36;7
1;GABRIEL;2000;36;3
1;GABRIEL;2001;36;5
1;GABRIEL;2002;36;7
1;GABRIEL;2003;36;9
1;GABRIEL;2004;36;5
1;GABRIEL;2005;36;10
1;GABRIEL;2006;36;5
1;GABRIEL;2007;36;10
1;GABRIEL;2008;36;22
1;GABRIEL;2009;36;9
1;GABRIEL;2010;36;13
1;GABRIEL;2011;36;18
1;GABRIEL;2012;36;10
1;GABRIEL;2013;36;16
1;GABRIEL;2014;36;11
1;GABRIEL;2015;36;13
1;GABRIEL;2016;36;10
1;GABRIEL;2017;36;10
1;GABRIEL;2018;36;11
1;GABRIEL;2019;36;4
1;GABRIEL;2020;36;10
1;GABRIEL;2021;36;13
1;GAEL;2000;36;3
1;GAËTAN;2000;36;6
1;GAËTAN;2001;36;8
1;GAËTAN;2002;36;4
1;GAËTAN;2003;36;4
1;GAËTAN;2004;36;4
1;GAËTAN;2005;36;5
1;GAËTAN;2007;36;3
1;GAËTAN;2008;36;3
1;GAËTAN;2012;36;3
1;GASPARD;2006;36;3
1;GASPARD;2010;36;6
1;GASPARD;2011;36;3
1;GASPARD;2018;36;5
1;GASPARD;2020;36;3
1;GEOFFREY;2000;36;3
1;GUILLAUME;2000;36;12
1;GUILLAUME;2001;36;10
1;GUILLAUME;2002;36;6
1;GUILLAUME;2003;36;3
1;GUILLAUME;2005;36;4
1;GUILLIAN;2000;36;3
1;GWENDAL;2000;36;3
1;HUGO;2000;36;19
1;HUGO;2001;36;21
1;HUGO;2002;36;18
1;HUGO;2003;36;29
1;HUGO;2004;36;19
1;HUGO;2005;36;17
1;HUGO;2006;36;14
1;HUGO;2007;36;13
1;HUGO;2008;36;19
1;HUGO;2009;36;15
1;HUGO;2010;36;16
1;HUGO;2011;36;18
1;HUGO;2012;36;13
1;HUGO;2013;36;24
1;HUGO;2014;36;15
1;HUGO;2015;36;14
1;HUGO;2016;36;5
1;HUGO;2017;36;5
1;HUGO;2018;36;7
1;HUGO;2019;36;11
1;HUGO;2020;36;3
1;HUGO;2021;36;4
1;ILAN;2007;36;3
1;ILAN;2014;36;4
1;ILYAS;2002;36;3
1;ILYES;2011;36;3
1;ILYES;2017;36;3
1;IMRAN;2014;36;4
1;IMRAN;2021;36;3
1;ISAAC;2009;36;3
1;ISAAC;2021;36;4
1;ISSA;2015;36;3
1;JAMES;2020;36;3
1;JASON;2000;36;6
1;JASON;2004;36;4
1;JASON;2018;36;3
1;JEAN;2000;36;3
1;JEAN;2002;36;4
1;JEAN;2003;36;3
1;JEAN;2006;36;3
1;JEAN;2008;36;6
1;JEAN;2016;36;3
1;JEREMY;2000;36;8
1;JEREMY;2001;36;10
1;JEREMY;2002;36;3
1;JEREMY;2004;36;3
1;JESSY;2003;36;3
1;JIMMY;2001;36;4
1;JIMMY;2002;36;3
1;JIMMY;2010;36;3
1;JOHAN;2000;36;4
1;JOHAN;2009;36;4
1;JOHAN;2010;36;3
1;JOHAN;2012;36;3
1;JOHANN;2005;36;3
1;JOHANN;2009;36;3
1;JONAS;2016;36;3
1;JONATHAN;2004;36;3
1;JORDAN;2000;36;8
1;JORDAN;2001;36;4
1;JORDAN;2002;36;4
1;JORDAN;2003;36;7
1;JORDAN;2004;36;4
1;JORDAN;2005;36;3
1;JORDAN;2006;36;3
1;JORDAN;2010;36;3
1;JORDAN;2012;36;3
1;JORIS;2003;36;5
1;JORIS;2005;36;4
1;JORIS;2006;36;3
1;JOSEPH;2012;36;4
1;JULES;2000;36;6
1;JULES;2001;36;9
1;JULES;2002;36;6
1;JULES;2003;36;10
1;JULES;2004;36;6
1;JULES;2005;36;14
1;JULES;2006;36;16
1;JULES;2007;36;7
1;JULES;2008;36;10
1;JULES;2009;36;22
1;JULES;2010;36;14
1;JULES;2011;36;12
1;JULES;2012;36;10
1;JULES;2013;36;14
1;JULES;2014;36;12
1;JULES;2015;36;16
1;JULES;2016;36;15
1;JULES;2017;36;8
1;JULES;2018;36;19
1;JULES;2019;36;13
1;JULES;2020;36;6
1;JULES;2021;36;7
1;JULIAN;2011;36;3
1;JULIAN;2014;36;4
1;JULIAN;2016;36;4
1;JULIAN;2017;36;5
1;JULIEN;2000;36;16
1;JULIEN;2001;36;7
1;JULIEN;2002;36;14
1;JULIEN;2003;36;10
1;JULIEN;2004;36;8
1;JULIEN;2005;36;3
1;JULIEN;2006;36;4
1;JULIEN;2008;36;5
1;JULIEN;2010;36;4
1;JULIEN;2011;36;4
1;JUSTIN;2000;36;3
1;JUSTIN;2002;36;7
1;JUSTIN;2006;36;6
1;KAÏS;2018;36;3
1;KAÏS;2020;36;3
1;KAYDEN;2021;36;3
1;KELVIN;2007;36;3
1;KENZO;2009;36;5
1;KENZO;2010;36;3
1;KENZO;2011;36;5
1;KENZO;2012;36;3
1;KENZO;2013;36;3
1;KENZO;2014;36;3
1;KENZO;2015;36;4
1;KENZO;2017;36;3
1;KEVIN;2000;36;9
1;KEVIN;2001;36;10
1;KEVIN;2002;36;15
1;KEVIN;2003;36;7
1;KEVIN;2004;36;7
1;KEVIN;2005;36;8
1;KEVIN;2006;36;8
1;KEVIN;2007;36;4
1;KEVIN;2009;36;4
1;KILIAN;2000;36;5
1;KILIAN;2001;36;7
1;KILIAN;2002;36;4
1;KILIAN;2003;36;3
1;KILIAN;2004;36;3
1;KILIAN;2005;36;4
1;KILIAN;2007;36;4
1;KILIAN;2008;36;4
1;KILLIAN;2000;36;6
1;KILLIAN;2001;36;8
1;KILLIAN;2002;36;9
1;KILLIAN;2003;36;7
1;KILLIAN;2004;36;6
1;KILLIAN;2005;36;12
1;KILLIAN;2006;36;5
1;KILLIAN;2007;36;6
1;KYLIAN;2000;36;4
1;KYLIAN;2001;36;3
1;KYLIAN;2002;36;5
1;KYLIAN;2003;36;6
1;KYLIAN;2004;36;8
1;KYLIAN;2005;36;7
1;KYLIAN;2006;36;8
1;KYLIAN;2007;36;5
1;KYLIAN;2008;36;9
1;KYLIAN;2009;36;9
1;KYLIAN;2011;36;5
1;KYLIAN;2012;36;5
1;KYLIAN;2014;36;3
1;KYLIAN;2015;36;3
1;KYLIAN;2017;36;3
1;KYLIAN;2018;36;4
1;KYLIAN;2019;36;4
1;KYLLIAN;2003;36;4
1;KYLLIAN;2005;36;6
1;KYLLIAN;2010;36;3
1;KYLLIAN;2013;36;4
1;LÉANDRE;2005;36;3
1;LÉANDRE;2006;36;3
1;LÉANDRE;2007;36;4
1;LÉANDRE;2008;36;3
1;LÉANDRE;2011;36;5
1;LÉANDRE;2012;36;4
1;LÉANDRE;2013;36;5
1;LÉANDRE;2015;36;5
1;LÉANDRE;2017;36;6
1;LÉANDRE;2019;36;4
1;LENNY;2004;36;5
1;LENNY;2007;36;5
1;LENNY;2008;36;6
1;LENNY;2009;36;6
1;LENNY;2014;36;6
1;LENNY;2015;36;4
1;LENNY;2016;36;6
1;LENNY;2017;36;4
1;LENNY;2018;36;6
1;LENNY;2019;36;4
1;LENNY;2020;36;3
1;LENY;2006;36;3
1;LENY;2007;36;4
1;LENY;2008;36;3
1;LÉNY;2016;36;3
1;LEO;2010;36;12
1;LEO;2011;36;7
1;LÉO;2000;36;13
1;LÉO;2001;36;16
1;LÉO;2002;36;11
1;LÉO;2003;36;11
1;LÉO;2004;36;12
1;LÉO;2005;36;14
1;LÉO;2006;36;6
1;LÉO;2007;36;18
1;LÉO;2008;36;10
1;LÉO;2009;36;11
1;LÉO;2010;36;7
1;LÉO;2011;36;8
1;LÉO;2012;36;13
1;LÉO;2013;36;12
1;LÉO;2014;36;17
1;LÉO;2015;36;13
1;LÉO;2016;36;17
1;LÉO;2017;36;13
1;LÉO;2018;36;3
1;LÉO;2019;36;10
1;LÉO;2020;36;12
1;LÉO;2021;36;10
1;LÉON;2013;36;3
1;LÉON;2016;36;3
1;LÉON;2019;36;3
1;LÉON;2021;36;3
1;LIAM;2003;36;3
1;LIAM;2008;36;3
1;LIAM;2011;36;4
1;LIAM;2012;36;3
1;LIAM;2013;36;7
1;LIAM;2014;36;4
1;LIAM;2015;36;7
1;LIAM;2016;36;4
1;LIAM;2017;36;7
1;LIAM;2018;36;10
1;LIAM;2019;36;10
1;LIAM;2020;36;10
1;LILIAN;2000;36;3
1;LILIAN;2001;36;5
1;LILIAN;2002;36;4
1;LILIAN;2003;36;5
1;LILIAN;2004;36;3
1;LILIAN;2005;36;3
1;LILIAN;2006;36;5
1;LILIAN;2007;36;8
1;LILIAN;2008;36;4
1;LILIAN;2009;36;4
1;LILIAN;2011;36;3
1;LILIAN;2012;36;5
1;LILIAN;2014;36;3
1;LILIAN;2015;36;3
1;LOAN;2001;36;4
1;LOAN;2014;36;3
1;LOAN;2017;36;4
1;LOGAN;2003;36;6
1;LOGAN;2006;36;3
1;LOGAN;2016;36;4
1;LOGAN;2017;36;4
1;LOGAN;2018;36;4
1;LOGANN;2017;36;3
1;LOÏC;2000;36;6
1;LOÏC;2001;36;4
1;LOÏC;2009;36;5
1;LOÏC;2016;36;3
1;LOÏS;2005;36;5
1;LOÏS;2006;36;4
1;LOÏS;2015;36;3
1;LORENZO;2006;36;4
1;LORENZO;2008;36;4
1;LORENZO;2010;36;3
1;LORENZO;2011;36;5
1;LORENZO;2013;36;4
1;LORENZO;2015;36;3
1;LORENZO;2016;36;5
1;LORENZO;2018;36;5
1;LORIS;2009;36;3
1;LORIS;2013;36;3
1;LOUIS;2000;36;26
1;LOUIS;2001;36;14
1;LOUIS;2002;36;20
1;LOUIS;2003;36;16
1;LOUIS;2004;36;15
1;LOUIS;2005;36;22
1;LOUIS;2006;36;22
1;LOUIS;2007;36;22
1;LOUIS;2008;36;22
1;LOUIS;2009;36;23
1;LOUIS;2010;36;18
1;LOUIS;2011;36;24
1;LOUIS;2012;36;20
1;LOUIS;2013;36;21
1;LOUIS;2014;36;14
1;LOUIS;2015;36;13
1;LOUIS;2016;36;12
1;LOUIS;2017;36;7
1;LOUIS;2018;36;18
1;LOUIS;2019;36;8
1;LOUIS;2020;36;8
1;LOUIS;2021;36;5
1;LOUKA;2008;36;4
1;LOUKA;2011;36;4
1;LOUKA;2015;36;3
1;LOUKA;2016;36;3
1;LUC;2002;36;4
1;LUC;2006;36;3
1;LUC;2007;36;3
1;LUCA;2000;36;4
1;LUCA;2006;36;3
1;LUCAS;2000;36;20
1;LUCAS;2001;36;36
1;LUCAS;2002;36;35
1;LUCAS;2003;36;28
1;LUCAS;2004;36;23
1;LUCAS;2005;36;24
1;LUCAS;2006;36;19
1;LUCAS;2007;36;26
1;LUCAS;2008;36;24
1;LUCAS;2009;36;31
1;LUCAS;2010;36;28
1;LUCAS;2011;36;21
1;LUCAS;2012;36;14
1;LUCAS;2013;36;14
1;LUCAS;2014;36;16
1;LUCAS;2015;36;18
1;LUCAS;2016;36;8
1;LUCAS;2017;36;10
1;LUCAS;2018;36;5
1;LUCAS;2019;36;8
1;LUCAS;2020;36;10
1;LUCAS;2021;36;3
1;LUCIEN;2002;36;3
1;LUCIEN;2013;36;3
1;LUCIEN;2020;36;3
1;LUIS;2016;36;3
1;LUKAS;2003;36;3
1;LUKAS;2004;36;5
1;LUKAS;2007;36;4
1;LUKAS;2009;36;4
1;LUKAS;2014;36;3
1;LYAM;2016;36;4
1;LYAM;2017;36;3
1;LYAM;2019;36;7
1;LYAM;2020;36;5
1;LYAM;2021;36;3
1;MAÉ;2021;36;4
1;MAEL;2002;36;4
1;MAEL;2003;36;3
1;MAEL;2005;36;7
1;MAEL;2006;36;5
1;MAEL;2007;36;7
1;MAEL;2008;36;12
1;MAEL;2009;36;12
1;MAEL;2010;36;10
1;MAËL;2011;36;13
1;MAËL;2012;36;8
1;MAËL;2013;36;17
1;MAËL;2014;36;7
1;MAËL;2015;36;6
1;MAËL;2016;36;8
1;MAËL;2017;36;3
1;MAËL;2018;36;7
1;MAËL;2019;36;7
1;MAËL;2020;36;4
1;MAËL;2021;36;8
1;MAHÉ;2008;36;3
1;MAHÉ;2013;36;4
1;MAHÉ;2015;36;3
1;MAHÉ;2016;36;3
1;MAHÉ;2019;36;3
1;MALO;2010;36;3
1;MALO;2015;36;3
1;MALO;2016;36;5
1;MALO;2018;36;3
1;MALO;2019;36;5
1;MALO;2020;36;6
1;MALO;2021;36;9
1;MALONE;2011;36;3
1;MALONE;2016;36;3
1;MALONE;2017;36;5
1;MARC;2003;36;3
1;MARCEAU;2017;36;3
1;MARCEAU;2018;36;6
1;MARCEAU;2020;36;3
1;MARCEAU;2021;36;7
1;MARIN;2017;36;3
1;MARIN;2021;36;3
1;MARIUS;2001;36;3
1;MARIUS;2002;36;4
1;MARIUS;2003;36;3
1;MARIUS;2004;36;4
1;MARIUS;2005;36;4
1;MARIUS;2006;36;6
1;MARIUS;2009;36;5
1;MARIUS;2012;36;11
1;MARIUS;2013;36;6
1;MARIUS;2015;36;7
1;MARIUS;2016;36;9
1;MARIUS;2017;36;6
1;MARIUS;2018;36;5
1;MARIUS;2019;36;6
1;MARIUS;2020;36;4
1;MARIUS;2021;36;3
1;MARTIN;2000;36;7
1;MARTIN;2001;36;7
1;MARTIN;2006;36;3
1;MARTIN;2007;36;4
1;MARTIN;2008;36;3
1;MARTIN;2009;36;4
1;MARTIN;2010;36;3
1;MARTIN;2011;36;3
1;MARTIN;2012;36;3
1;MARTIN;2015;36;4
1;MARTIN;2016;36;3
1;MARTIN;2017;36;4
1;MARTIN;2018;36;6
1;MARTIN;2019;36;3
1;MARTIN;2020;36;3
1;MARTIN;2021;36;4
1;MARVIN;2005;36;3
1;MATÉO;2001;36;3
1;MATÉO;2003;36;3
1;MATÉO;2004;36;4
1;MATÉO;2005;36;5
1;MATÉO;2006;36;8
1;MATÉO;2008;36;4
1;MATÉO;2010;36;3
1;MATÉO;2021;36;3
1;MATHEO;2010;36;9
1;MATHÉO;2001;36;6
1;MATHÉO;2002;36;9
1;MATHÉO;2003;36;8
1;MATHÉO;2004;36;9
1;MATHÉO;2005;36;17
1;MATHÉO;2006;36;19
1;MATHÉO;2007;36;12
1;MATHÉO;2008;36;23
1;MATHÉO;2009;36;17
1;MATHÉO;2010;36;4
1;MATHÉO;2011;36;16
1;MATHÉO;2012;36;8
1;MATHÉO;2013;36;9
1;MATHÉO;2014;36;8
1;MATHÉO;2015;36;6
1;MATHÉO;2016;36;5
1;MATHÉO;2017;36;12
1;MATHÉO;2018;36;6
1;MATHÉO;2019;36;3
1;MATHÉO;2021;36;3
1;MATHIAS;2001;36;7
1;MATHIAS;2002;36;7
1;MATHIAS;2003;36;7
1;MATHIAS;2005;36;6
1;MATHIAS;2006;36;7
1;MATHIAS;2007;36;4
1;MATHIAS;2008;36;3
1;MATHIAS;2010;36;4
1;MATHIAS;2012;36;4
1;MATHIAS;2021;36;3
1;MATHIEU;2000;36;14
1;MATHIEU;2001;36;7
1;MATHIEU;2002;36;11
1;MATHIEU;2003;36;8
1;MATHIEU;2004;36;4
1;MATHIEU;2006;36;5
1;MATHIEU;2009;36;6
1;MATHIEU;2010;36;3
1;MATHIEU;2011;36;4
1;MATHIEU;2014;36;3
1;MATHIS;2000;36;8
1;MATHIS;2001;36;14
1;MATHIS;2002;36;17
1;MATHIS;2003;36;13
1;MATHIS;2004;36;28
1;MATHIS;2005;36;24
1;MATHIS;2006;36;21
1;MATHIS;2007;36;21
1;MATHIS;2008;36;28
1;MATHIS;2009;36;10
1;MATHIS;2010;36;11
1;MATHIS;2011;36;16
1;MATHIS;2012;36;14
1;MATHIS;2013;36;8
1;MATHIS;2014;36;8
1;MATHIS;2015;36;5
1;MATHIS;2016;36;4
1;MATHIS;2017;36;6
1;MATHIS;2018;36;5
1;MATHIS;2019;36;4
1;MATHIS;2020;36;6
1;MATHYS;2002;36;5
1;MATHYS;2004;36;10
1;MATHYS;2005;36;5
1;MATHYS;2006;36;7
1;MATHYS;2007;36;3
1;MATHYS;2008;36;5
1;MATHYS;2009;36;13
1;MATHYS;2010;36;8
1;MATHYS;2011;36;6
1;MATHYS;2012;36;6
1;MATHYS;2013;36;3
1;MATHYS;2014;36;5
1;MATHYS;2015;36;4
1;MATHYS;2017;36;3
1;MATHYS;2020;36;3
1;MATIS;2001;36;3
1;MATTÉO;2001;36;4
1;MATTÉO;2002;36;9
1;MATTÉO;2003;36;8
1;MATTÉO;2004;36;7
1;MATTÉO;2005;36;11
1;MATTÉO;2006;36;8
1;MATTÉO;2007;36;3
1;MATTÉO;2008;36;7
1;MATTÉO;2011;36;4
1;MATTHÉO;2003;36;3
1;MATTHEW;2014;36;3
1;MATTHIAS;2004;36;3
1;MATTHIAS;2006;36;3
1;MATTHIEU;2000;36;8
1;MATTHIEU;2001;36;6
1;MATTHIEU;2002;36;5
1;MATTHIEU;2003;36;3
1;MATTHIEU;2004;36;5
1;MATTHIEU;2006;36;4
1;MATTIA;2021;36;3
1;MAX;2009;36;3
1;MAXENCE;2000;36;9
1;MAXENCE;2001;36;10
1;MAXENCE;2002;36;9
1;MAXENCE;2003;36;13
1;MAXENCE;2004;36;14
1;MAXENCE;2005;36;13
1;MAXENCE;2006;36;9
1;MAXENCE;2007;36;7
1;MAXENCE;2008;36;16
1;MAXENCE;2009;36;14
1;MAXENCE;2010;36;12
1;MAXENCE;2011;36;9
1;MAXENCE;2012;36;8
1;MAXENCE;2013;36;6
1;MAXENCE;2014;36;9
1;MAXENCE;2015;36;4
1;MAXENCE;2016;36;7
1;MAXENCE;2017;36;7
1;MAXENCE;2018;36;7
1;MAXENCE;2020;36;3
1;MAXIME;2000;36;25
1;MAXIME;2001;36;24
1;MAXIME;2002;36;23
1;MAXIME;2003;36;18
1;MAXIME;2004;36;17
1;MAXIME;2005;36;13
1;MAXIME;2006;36;11
1;MAXIME;2007;36;14
1;MAXIME;2008;36;12
1;MAXIME;2009;36;13
1;MAXIME;2010;36;12
1;MAXIME;2011;36;7
1;MAXIME;2012;36;9
1;MAXIME;2013;36;6
1;MAXIME;2014;36;6
1;MAXIME;2015;36;12
1;MAXIME;2016;36;6
1;MAXIME;2019;36;3
1;MAYLONE;2021;36;3
1;MAYRON;2015;36;3
1;MAYRON;2020;36;3
1;MAYRON;2021;36;3
1;MEHDI;2003;36;3
1;MELVIN;2000;36;4
1;MELVIN;2001;36;3
1;MELVIN;2002;36;3
1;MELVIN;2003;36;5
1;MELVIN;2008;36;4
1;MELVYN;2006;36;4
1;MICKAEL;2000;36;4
1;MICKAEL;2005;36;3
1;MICKAEL;2007;36;3
1;MICKAËL;2015;36;3
1;MILAN;2016;36;3
1;MILAN;2019;36;3
1;MILANN;2020;36;3
1;MILANN;2021;36;4
1;MILO;2017;36;3
1;MILO;2019;36;3
1;MOHAMED;2000;36;3
1;MOHAMED;2001;36;3
1;MOHAMED;2005;36;3
1;MOHAMED;2007;36;4
1;MOHAMED;2008;36;6
1;MOHAMED;2009;36;4
1;MOHAMED;2012;36;5
1;MOHAMED;2013;36;8
1;MORGAN;2000;36;3
1;MORGAN;2003;36;5
1;MORGAN;2005;36;4
1;MORGAN;2006;36;4
1;MYLAN;2013;36;3
1;NAEL;2010;36;5
1;NAËL;2012;36;4
1;NAËL;2015;36;3
1;NAËL;2018;36;4
1;NAËL;2019;36;3
1;NAËL;2021;36;6
1;NAHIL;2018;36;3
1;NAÏM;2016;36;3
1;NASSIM;2001;36;3
1;NASSIM;2004;36;3
1;NASSIM;2007;36;3
1;NATHAEL;2009;36;3
1;NATHAN;2000;36;13
1;NATHAN;2001;36;6
1;NATHAN;2002;36;14
1;NATHAN;2003;36;11
1;NATHAN;2004;36;12
1;NATHAN;2005;36;16
1;NATHAN;2006;36;23
1;NATHAN;2007;36;25
1;NATHAN;2008;36;21
1;NATHAN;2009;36;21
1;NATHAN;2010;36;17
1;NATHAN;2011;36;17
1;NATHAN;2012;36;15
1;NATHAN;2013;36;8
1;NATHAN;2014;36;11
1;NATHAN;2015;36;7
1;NATHAN;2016;36;10
1;NATHAN;2017;36;7
1;NATHAN;2018;36;5
1;NATHAN;2019;36;5
1;NATHAN;2020;36;5
1;NATHAN;2021;36;4
1;NATHANAËL;2012;36;3
1;NATHANAËL;2014;36;4
1;NATHANAËL;2015;36;4
1;NICOLAS;2000;36;19
1;NICOLAS;2001;36;20
1;NICOLAS;2002;36;22
1;NICOLAS;2003;36;11
1;NICOLAS;2004;36;8
1;NICOLAS;2005;36;5
1;NICOLAS;2006;36;5
1;NICOLAS;2007;36;5
1;NINO;2006;36;3
1;NINO;2009;36;3
1;NINO;2013;36;3
1;NINO;2014;36;4
1;NINO;2016;36;4
1;NINO;2019;36;6
1;NINO;2020;36;4
1;NINO;2021;36;5
1;NOA;2002;36;4
1;NOA;2004;36;6
1;NOA;2005;36;13
1;NOA;2006;36;7
1;NOA;2007;36;12
1;NOA;2008;36;10
1;NOA;2009;36;11
1;NOA;2010;36;5
1;NOA;2011;36;11
1;NOA;2012;36;7
1;NOA;2014;36;3
1;NOA;2015;36;5
1;NOA;2016;36;3
1;NOA;2018;36;4
1;NOA;2019;36;3
1;NOA;2020;36;3
1;NOAH;2003;36;5
1;NOAH;2004;36;6
1;NOAH;2005;36;6
1;NOAH;2006;36;9
1;NOAH;2007;36;12
1;NOAH;2008;36;11
1;NOAH;2009;36;12
1;NOAH;2010;36;12
1;NOAH;2011;36;15
1;NOAH;2012;36;8
1;NOAH;2013;36;10
1;NOAH;2014;36;10
1;NOAH;2015;36;9
1;NOAH;2016;36;5
1;NOAH;2017;36;13
1;NOAH;2018;36;3
1;NOAH;2020;36;5
1;NOAH;2021;36;6
1;NOAM;2006;36;3
1;NOAM;2009;36;5
1;NOAM;2010;36;5
1;NOAM;2011;36;3
1;NOAM;2012;36;4
1;NOAM;2013;36;3
1;NOAM;2016;36;5
1;NOE;2003;36;3
1;NOE;2007;36;4
1;NOE;2008;36;6
1;NOE;2009;36;9
1;NOE;2010;36;7
1;NOE;2011;36;3
1;NOÉ;2011;36;4
1;NOÉ;2012;36;7
1;NOÉ;2013;36;4
1;NOÉ;2014;36;6
1;NOÉ;2015;36;6
1;NOÉ;2016;36;3
1;NOÉ;2017;36;7
1;NOÉ;2018;36;4
1;NOÉ;2019;36;9
1;NOÉ;2020;36;7
1;NOÉ;2021;36;6
1;NOHAM;2009;36;5
1;NOHAM;2019;36;4
1;NOHAN;2015;36;3
1;NOLAN;2004;36;5
1;NOLAN;2005;36;3
1;NOLAN;2006;36;8
1;NOLAN;2007;36;5
1;NOLAN;2008;36;11
1;NOLAN;2009;36;12
1;NOLAN;2010;36;16
1;NOLAN;2011;36;11
1;NOLAN;2012;36;11
1;NOLAN;2013;36;10
1;NOLAN;2014;36;16
1;NOLAN;2015;36;11
1;NOLAN;2016;36;7
1;NOLAN;2017;36;7
1;NOLAN;2018;36;6
1;NOLAN;2019;36;8
1;NOLAN;2020;36;5
1;NOLANN;2005;36;3
1;NOLANN;2013;36;3
1;NOLHAN;2008;36;5
1;NOLHAN;2011;36;4
1;NOLHAN;2012;36;3
1;NOLHAN;2015;36;4
1;OLIVIER;2000;36;4
1;OLIVIER;2002;36;4
1;OWEN;2006;36;3
1;OWEN;2015;36;3
1;OWEN;2020;36;6
1;OWEN;2021;36;3
1;PABLO;2017;36;3
1;PABLO;2018;36;3
1;PABLO;2020;36;4
1;PACOME;2005;36;3
1;PACÔME;2012;36;3
1;PAUL;2000;36;15
1;PAUL;2001;36;17
1;PAUL;2002;36;14
1;PAUL;2003;36;12
1;PAUL;2004;36;10
1;PAUL;2005;36;13
1;PAUL;2006;36;8
1;PAUL;2007;36;8
1;PAUL;2008;36;10
1;PAUL;2009;36;6
1;PAUL;2010;36;7
1;PAUL;2011;36;6
1;PAUL;2012;36;7
1;PAUL;2013;36;16
1;PAUL;2014;36;9
1;PAUL;2015;36;6
1;PAUL;2016;36;9
1;PAUL;2017;36;6
1;PAUL;2018;36;7
1;PAUL;2019;36;5
1;PAUL;2020;36;9
1;PAUL;2021;36;4
1;PIERRE;2000;36;12
1;PIERRE;2001;36;7
1;PIERRE;2002;36;9
1;PIERRE;2003;36;8
1;PIERRE;2004;36;8
1;PIERRE;2006;36;7
1;PIERRE;2007;36;6
1;PIERRE;2008;36;8
1;PIERRE;2009;36;8
1;PIERRE;2010;36;3
1;PIERRE;2011;36;3
1;PIERRE;2012;36;6
1;PIERRE;2013;36;5
1;PIERRE;2014;36;4
1;PIERRE-LOUIS;2000;36;4
1;PIERRICK;2002;36;3
1;QUENTIN;2000;36;25
1;QUENTIN;2001;36;23
1;QUENTIN;2002;36;15
1;QUENTIN;2003;36;21
1;QUENTIN;2004;36;8
1;QUENTIN;2005;36;12
1;QUENTIN;2006;36;7
1;QUENTIN;2007;36;12
1;QUENTIN;2008;36;9
1;QUENTIN;2009;36;6
1;QUENTIN;2010;36;10
1;QUENTIN;2011;36;3
1;QUENTIN;2013;36;3
1;QUENTIN;2014;36;4
1;RAFAEL;2012;36;3
1;RAFAEL;2020;36;3
1;RAFAËL;2012;36;3
1;RAFAËL;2016;36;4
1;RAFAËL;2017;36;3
1;RAPHAEL;2010;36;5
1;RAPHAËL;2000;36;3
1;RAPHAËL;2001;36;6
1;RAPHAËL;2002;36;3
1;RAPHAËL;2003;36;5
1;RAPHAËL;2004;36;6
1;RAPHAËL;2005;36;9
1;RAPHAËL;2006;36;4
1;RAPHAËL;2008;36;14
1;RAPHAËL;2009;36;8
1;RAPHAËL;2010;36;7
1;RAPHAËL;2011;36;6
1;RAPHAËL;2012;36;7
1;RAPHAËL;2013;36;6
1;RAPHAËL;2014;36;8
1;RAPHAËL;2015;36;5
1;RAPHAËL;2016;36;8
1;RAPHAËL;2017;36;3
1;RAPHAËL;2018;36;10
1;RAPHAËL;2019;36;9
1;RAPHAËL;2020;36;12
1;RAPHAËL;2021;36;8
1;RAYAN;2004;36;3
1;RAYAN;2005;36;4
1;RAYAN;2007;36;7
1;RAYAN;2008;36;3
1;RAYAN;2009;36;4
1;RAYAN;2010;36;6
1;RAYAN;2012;36;6
1;RAYAN;2013;36;3
1;RAYAN;2014;36;6
1;RAYAN;2015;36;3
1;RAYAN;2016;36;5
1;RAYAN;2017;36;4
1;RAYAN;2019;36;3
1;RAYAN;2020;36;3
1;RAYANE;2006;36;3
1;RÉMI;2000;36;15
1;RÉMI;2001;36;7
1;RÉMI;2002;36;7
1;RÉMI;2003;36;7
1;RÉMI;2004;36;9
1;RÉMI;2005;36;5
1;RÉMI;2006;36;5
1;RÉMI;2007;36;4
1;RÉMI;2010;36;4
1;RÉMI;2014;36;3
1;RÉMY;2000;36;4
1;RÉMY;2001;36;3
1;RÉMY;2002;36;5
1;RÉMY;2003;36;7
1;RÉMY;2004;36;6
1;ROBIN;2001;36;3
1;ROBIN;2009;36;3
1;ROBIN;2010;36;4
1;ROBIN;2011;36;4
1;ROBIN;2013;36;4
1;ROBIN;2014;36;4
1;ROBIN;2018;36;4
1;ROMAIN;2000;36;20
1;ROMAIN;2001;36;14
1;ROMAIN;2002;36;12
1;ROMAIN;2003;36;9
1;ROMAIN;2004;36;11
1;ROMAIN;2005;36;9
1;ROMAIN;2006;36;13
1;ROMAIN;2007;36;4
1;ROMAIN;2008;36;5
1;ROMAIN;2010;36;7
1;ROMAIN;2012;36;6
1;ROMAN;2002;36;3
1;RONAN;2001;36;3
1;RUBEN;2008;36;3
1;RUBEN;2012;36;3
1;RYAN;2001;36;3
1;RYAN;2004;36;4
1;RYAN;2009;36;7
1;RYAN;2012;36;3
1;RYAN;2013;36;6
1;RYAN;2014;36;3
1;SACHA;2001;36;3
1;SACHA;2004;36;4
1;SACHA;2005;36;3
1;SACHA;2006;36;4
1;SACHA;2007;36;9
1;SACHA;2008;36;9
1;SACHA;2009;36;6
1;SACHA;2010;36;6
1;SACHA;2011;36;11
1;SACHA;2012;36;12
1;SACHA;2013;36;9
1;SACHA;2014;36;14
1;SACHA;2015;36;10
1;SACHA;2016;36;9
1;SACHA;2017;36;7
1;SACHA;2018;36;10
1;SACHA;2019;36;4
1;SACHA;2020;36;6
1;SACHA;2021;36;9
1;SAM;2009;36;3
1;SAMUEL;2000;36;6
1;SAMUEL;2001;36;5
1;SAMUEL;2004;36;11
1;SAMUEL;2005;36;4
1;SAMUEL;2006;36;7
1;SAMUEL;2007;36;7
1;SAMUEL;2008;36;7
1;SAMUEL;2009;36;4
1;SAMUEL;2011;36;4
1;SAMUEL;2012;36;4
1;SAMUEL;2013;36;4
1;SAMUEL;2014;36;4
1;SAMUEL;2017;36;3
1;SAMUEL;2021;36;3
1;SAMY;2017;36;3
1;SASHA;2019;36;3
1;SÉBASTIEN;2008;36;3
1;SEVAN;2008;36;3
1;SIMON;2000;36;12
1;SIMON;2002;36;6
1;SIMON;2003;36;8
1;SIMON;2004;36;5
1;SIMON;2005;36;9
1;SIMON;2006;36;7
1;SIMON;2007;36;11
1;SIMON;2008;36;6
1;SIMON;2009;36;5
1;SIMON;2010;36;5
1;SIMON;2012;36;10
1;SIMON;2013;36;4
1;SIMON;2014;36;12
1;SIMON;2015;36;7
1;SIMON;2016;36;6
1;SIMON;2017;36;6
1;SIMON;2019;36;4
1;SOAN;2010;36;3
1;SOAN;2011;36;4
1;SOAN;2012;36;5
1;SOAN;2013;36;5
1;SOAN;2017;36;3
1;SOAN;2018;36;3
1;SOAN;2019;36;3
1;SOAN;2021;36;3
1;SOFIANE;2001;36;3
1;SOFIANE;2018;36;3
1;SOHAN;2013;36;4
1;SOHAN;2015;36;5
1;SOHAN;2018;36;3
1;SOHAN;2020;36;3
1;SOHAN;2021;36;3
1;STEVEN;2000;36;4
1;STEVEN;2003;36;5
1;STEVEN;2006;36;3
1;SULLIVAN;2004;36;3
1;SWAN;2008;36;4
1;SWAN;2012;36;4
1;SYLVAIN;2000;36;7
1;SYLVAIN;2002;36;3
1;SYLVAIN;2004;36;3
1;SYLVAIN;2005;36;3
1;TANGUY;2000;36;4
1;TANGUY;2001;36;11
1;TANGUY;2002;36;3
1;TANGUY;2004;36;4
1;TÉO;2006;36;3
1;TÉO;2014;36;3
1;THEO;2010;36;7
1;THÉO;2000;36;25
1;THÉO;2001;36;26
1;THÉO;2002;36;31
1;THÉO;2003;36;36
1;THÉO;2004;36;21
1;THÉO;2005;36;17
1;THÉO;2006;36;21
1;THÉO;2007;36;14
1;THÉO;2008;36;11
1;THÉO;2009;36;10
1;THÉO;2010;36;3
1;THÉO;2011;36;11
1;THÉO;2012;36;12
1;THÉO;2013;36;12
1;THÉO;2014;36;8
1;THÉO;2015;36;10
1;THÉO;2016;36;10
1;THÉO;2017;36;6
1;THÉO;2019;36;6
1;THÉO;2020;36;7
1;THÉO;2021;36;5
1;THIAGO;2014;36;3
1;THIAGO;2016;36;3
1;THIAGO;2019;36;3
1;THIBAULT;2000;36;3
1;THIBAULT;2002;36;6
1;THIBAULT;2003;36;3
1;THIBAULT;2004;36;5
1;THIBAULT;2006;36;4
1;THIBAULT;2008;36;5
1;THIBAULT;2009;36;8
1;THIBAULT;2016;36;3
1;THIBAUT;2005;36;5
1;THIMÉO;2011;36;3
1;THIMÉO;2012;36;4
1;THOMAS;2000;36;28
1;THOMAS;2001;36;18
1;THOMAS;2002;36;29
1;THOMAS;2003;36;27
1;THOMAS;2004;36;21
1;THOMAS;2005;36;13
1;THOMAS;2006;36;13
1;THOMAS;2007;36;15
1;THOMAS;2008;36;14
1;THOMAS;2009;36;8
1;THOMAS;2010;36;7
1;THOMAS;2011;36;3
1;THOMAS;2012;36;5
1;THOMAS;2014;36;5
1;THOMAS;2015;36;4
1;THOMAS;2016;36;3
1;TIAGO;2006;36;3
1;TIAGO;2007;36;3
1;TIAGO;2008;36;3
1;TIAGO;2010;36;3
1;TIAGO;2014;36;5
1;TIAGO;2016;36;3
1;TIAGO;2017;36;7
1;TIAGO;2018;36;8
1;TIAGO;2019;36;11
1;TIAGO;2020;36;5
1;TIAGO;2021;36;3
1;TIM;2020;36;3
1;TIMEO;2006;36;7
1;TIMEO;2007;36;11
1;TIMEO;2008;36;6
1;TIMEO;2009;36;7
1;TIMEO;2010;36;9
1;TIMEO;2011;36;4
1;TIMÉO;2011;36;9
1;TIMÉO;2012;36;20
1;TIMÉO;2013;36;15
1;TIMÉO;2014;36;13
1;TIMÉO;2015;36;8
1;TIMÉO;2016;36;10
1;TIMÉO;2017;36;13
1;TIMÉO;2018;36;6
1;TIMÉO;2019;36;5
1;TIMÉO;2020;36;5
1;TIMÉO;2021;36;8
1;TIMOTHE;2007;36;3
1;TIMOTHÉ;2014;36;3
1;TIMOTHÉ;2015;36;3
1;TIMOTHÉE;2017;36;3
1;TITOUAN;2000;36;3
1;TITOUAN;2005;36;5
1;TITOUAN;2007;36;3
1;TITOUAN;2011;36;3
1;TITOUAN;2013;36;3
1;TITOUAN;2014;36;4
1;TOM;2000;36;17
1;TOM;2001;36;14
1;TOM;2002;36;17
1;TOM;2003;36;13
1;TOM;2004;36;19
1;TOM;2005;36;23
1;TOM;2006;36;22
1;TOM;2007;36;18
1;TOM;2008;36;10
1;TOM;2009;36;14
1;TOM;2010;36;15
1;TOM;2011;36;12
1;TOM;2012;36;10
1;TOM;2013;36;10
1;TOM;2014;36;8
1;TOM;2015;36;5
1;TOM;2016;36;10
1;TOM;2017;36;7
1;TOM;2018;36;8
1;TOM;2019;36;6
1;TOM;2020;36;8
1;TOM;2021;36;6
1;TONY;2000;36;4
1;TONY;2001;36;3
1;TONY;2004;36;4
1;TONY;2006;36;3
1;TONY;2007;36;5
1;TRISTAN;2001;36;6
1;TRISTAN;2003;36;5
1;TRISTAN;2005;36;5
1;TRISTAN;2006;36;8
1;TRISTAN;2008;36;4
1;TRISTAN;2009;36;4
1;TRISTAN;2011;36;5
1;TRISTAN;2012;36;3
1;TRISTAN;2014;36;4
1;TRISTAN;2016;36;3
1;ULYSSE;2013;36;3
1;VALENTIN;2000;36;31
1;VALENTIN;2001;36;14
1;VALENTIN;2002;36;13
1;VALENTIN;2003;36;22
1;VALENTIN;2004;36;17
1;VALENTIN;2005;36;6
1;VALENTIN;2006;36;9
1;VALENTIN;2007;36;9
1;VALENTIN;2008;36;5
1;VALENTIN;2009;36;7
1;VALENTIN;2010;36;5
1;VALENTIN;2011;36;6
1;VALENTIN;2012;36;12
1;VALENTIN;2013;36;7
1;VALENTIN;2015;36;4
1;VALENTIN;2016;36;6
1;VALENTIN;2017;36;6
1;VICTOR;2000;36;14
1;VICTOR;2001;36;6
1;VICTOR;2002;36;5
1;VICTOR;2003;36;4
1;VICTOR;2004;36;14
1;VICTOR;2005;36;11
1;VICTOR;2006;36;4
1;VICTOR;2007;36;3
1;VICTOR;2008;36;7
1;VICTOR;2009;36;5
1;VICTOR;2013;36;3
1;VICTOR;2014;36;3
1;VICTOR;2018;36;3
1;VINCENT;2000;36;10
1;VINCENT;2001;36;8
1;VINCENT;2002;36;6
1;VINCENT;2003;36;7
1;VINCENT;2004;36;5
1;VIRGILE;2009;36;3
1;WASSIM;2003;36;4
1;WASSIM;2009;36;3
1;WASSIM;2010;36;3
1;WASSIM;2012;36;3
1;WASSIM;2019;36;3
1;WASSIM;2021;36;3
1;WILLIAM;2003;36;3
1;YANIS;2002;36;5
1;YANIS;2003;36;8
1;YANIS;2004;36;12
1;YANIS;2005;36;14
1;YANIS;2006;36;17
1;YANIS;2007;36;13
1;YANIS;2008;36;15
1;YANIS;2009;36;11
1;YANIS;2010;36;7
1;YANIS;2011;36;7
1;YANIS;2012;36;8
1;YANIS;2013;36;12
1;YANIS;2014;36;7
1;YANIS;2015;36;6
1;YANIS;2017;36;6
1;YANIS;2019;36;3
1;YANIS;2020;36;4
1;YANIS;2021;36;4
1;YANN;2002;36;3
1;YANN;2006;36;4
1;YANN;2007;36;3
1;YANN;2013;36;4
1;YANNIS;2000;36;4
1;YANNIS;2002;36;3
1;YANNIS;2004;36;3
1;YANNIS;2008;36;3
1;YASSINE;2006;36;3
1;YLAN;2008;36;3
1;YLAN;2011;36;3
1;YLAN;2017;36;3
1;YOAN;2002;36;3
1;YOUNES;2003;36;3
1;YOUNES;2005;36;3
2;_PRENOMS_RARES;2000;36;23
2;_PRENOMS_RARES;2001;36;28
2;_PRENOMS_RARES;2002;36;20
2;_PRENOMS_RARES;2003;36;28
2;_PRENOMS_RARES;2004;36;31
2;_PRENOMS_RARES;2005;36;35
2;_PRENOMS_RARES;2006;36;32
2;_PRENOMS_RARES;2007;36;42
2;_PRENOMS_RARES;2008;36;35
2;_PRENOMS_RARES;2009;36;40
2;_PRENOMS_RARES;2010;36;51
2;_PRENOMS_RARES;2011;36;44
2;_PRENOMS_RARES;2012;36;54
2;_PRENOMS_RARES;2013;36;48
2;_PRENOMS_RARES;2014;36;53
2;_PRENOMS_RARES;2015;36;53
2;_PRENOMS_RARES;2016;36;47
2;_PRENOMS_RARES;2017;36;48
2;_PRENOMS_RARES;2018;36;46
2;_PRENOMS_RARES;2019;36;53
2;_PRENOMS_RARES;2020;36;48
2;_PRENOMS_RARES;2021;36;55
2;ADÈLE;2003;36;3
2;ADÈLE;2004;36;4
2;ADÈLE;2012;36;5
2;ADÈLE;2013;36;4
2;ADÈLE;2014;36;5
2;ADÈLE;2015;36;4
2;ADÈLE;2019;36;3
2;ADÈLE;2020;36;3
2;ADÈLE;2021;36;4
2;ADELINE;2000;36;4
2;ADELINE;2003;36;4
2;AGATHE;2000;36;5
2;AGATHE;2001;36;6
2;AGATHE;2002;36;6
2;AGATHE;2004;36;9
2;AGATHE;2005;36;4
2;AGATHE;2006;36;5
2;AGATHE;2007;36;3
2;AGATHE;2008;36;5
2;AGATHE;2009;36;3
2;AGATHE;2010;36;3
2;AGATHE;2011;36;6
2;AGATHE;2012;36;6
2;AGATHE;2013;36;3
2;AGATHE;2014;36;3
2;AGATHE;2016;36;5
2;AGATHE;2017;36;7
2;AGATHE;2018;36;5
2;AGATHE;2019;36;3
2;ALBA;2021;36;4
2;ALBANE;2008;36;3
2;ALBANE;2017;36;5
2;ALBANE;2020;36;5
2;ALEXANDRA;2000;36;3
2;ALEXANDRA;2001;36;3
2;ALEXANDRA;2002;36;3
2;ALEXIA;2000;36;5
2;ALEXIA;2001;36;5
2;ALEXIA;2005;36;4
2;ALEXIA;2009;36;3
2;ALICE;2000;36;11
2;ALICE;2001;36;5
2;ALICE;2002;36;4
2;ALICE;2003;36;8
2;ALICE;2004;36;4
2;ALICE;2005;36;5
2;ALICE;2006;36;7
2;ALICE;2007;36;3
2;ALICE;2009;36;4
2;ALICE;2011;36;4
2;ALICE;2012;36;5
2;ALICE;2013;36;7
2;ALICE;2014;36;5
2;ALICE;2015;36;7
2;ALICE;2016;36;7
2;ALICE;2017;36;8
2;ALICE;2018;36;7
2;ALICE;2019;36;8
2;ALICE;2020;36;6
2;ALICE;2021;36;8
2;ALICIA;2000;36;7
2;ALICIA;2001;36;4
2;ALICIA;2002;36;7
2;ALICIA;2003;36;5
2;ALICIA;2004;36;5
2;ALICIA;2005;36;6
2;ALICIA;2007;36;5
2;ALICIA;2011;36;10
2;ALICIA;2012;36;5
2;ALICIA;2015;36;3
2;ALICIA;2018;36;3
2;ALINE;2005;36;3
2;ALISON;2000;36;3
2;ALISON;2003;36;4
2;ALIX;2004;36;5
2;ALIX;2006;36;3
2;ALIX;2013;36;5
2;ALIX;2017;36;5
2;ALIX;2020;36;3
2;ALIYA;2017;36;4
2;ALIZÉE;2000;36;3
2;ALIZÉE;2001;36;4
2;ALIZÉE;2007;36;4
2;ALIZÉE;2011;36;3
2;ALYSSA;2004;36;3
2;ALYSSA;2005;36;3
2;ALYSSA;2009;36;3
2;AMANDINE;2000;36;10
2;AMANDINE;2001;36;10
2;AMANDINE;2002;36;8
2;AMANDINE;2003;36;9
2;AMANDINE;2004;36;7
2;AMANDINE;2005;36;5
2;AMANDINE;2006;36;4
2;AMANDINE;2007;36;4
2;AMANDINE;2009;36;4
2;AMANDINE;2010;36;5
2;AMANDINE;2012;36;4
2;AMBRE;2000;36;4
2;AMBRE;2003;36;3
2;AMBRE;2004;36;5
2;AMBRE;2006;36;5
2;AMBRE;2007;36;12
2;AMBRE;2008;36;10
2;AMBRE;2009;36;10
2;AMBRE;2010;36;11
2;AMBRE;2011;36;4
2;AMBRE;2012;36;7
2;AMBRE;2013;36;9
2;AMBRE;2014;36;5
2;AMBRE;2015;36;8
2;AMBRE;2016;36;8
2;AMBRE;2017;36;6
2;AMBRE;2018;36;6
2;AMBRE;2019;36;5
2;AMBRE;2020;36;5
2;AMBRE;2021;36;6
2;AMEL;2006;36;3
2;AMÉLIA;2005;36;3
2;AMÉLIA;2008;36;3
2;AMÉLIA;2018;36;5
2;AMÉLIA;2019;36;3
2;AMÉLIE;2000;36;7
2;AMÉLIE;2001;36;14
2;AMÉLIE;2002;36;3
2;AMÉLIE;2003;36;5
2;AMÉLIE;2004;36;4
2;AMÉLIE;2006;36;3
2;AMÉLIE;2007;36;3
2;AMINA;2012;36;3
2;ANAE;2010;36;3
2;ANAELLE;2000;36;4
2;ANAELLE;2003;36;5
2;ANAELLE;2005;36;6
2;ANAELLE;2006;36;4
2;ANAELLE;2007;36;4
2;ANAELLE;2010;36;4
2;ANAËLLE;2012;36;3
2;ANAËLLE;2020;36;3
2;ANAIS;2010;36;8
2;ANAÏS;2000;36;18
2;ANAÏS;2001;36;14
2;ANAÏS;2002;36;8
2;ANAÏS;2003;36;12
2;ANAÏS;2004;36;8
2;ANAÏS;2005;36;4
2;ANAÏS;2006;36;10
2;ANAÏS;2007;36;19
2;ANAÏS;2008;36;12
2;ANAÏS;2009;36;6
2;ANAÏS;2011;36;5
2;ANAÏS;2013;36;4
2;ANAÏS;2014;36;5
2;ANAÏS;2015;36;6
2;ANAÏS;2016;36;3
2;ANAÏS;2017;36;4
2;ANAÏS;2019;36;3
2;ANAÏS;2021;36;4
2;ANDRÉA;2000;36;4
2;ANDRÉA;2001;36;4
2;ANDRÉA;2002;36;4
2;ANDRÉA;2003;36;4
2;ANDRÉA;2006;36;3
2;ANDRÉA;2014;36;3
2;ANDRÉA;2017;36;4
2;ANGELA;2001;36;3
2;ANGÈLE;2003;36;3
2;ANGÈLE;2004;36;5
2;ANGÈLE;2009;36;3
2;ANGELINE;2002;36;3
2;ANNA;2003;36;4
2;ANNA;2004;36;4
2;ANNA;2007;36;3
2;ANNA;2008;36;4
2;ANNA;2009;36;4
2;ANNA;2010;36;3
2;ANNA;2011;36;6
2;ANNA;2012;36;3
2;ANNA;2013;36;4
2;ANNA;2014;36;4
2;ANNA;2015;36;5
2;ANNA;2016;36;5
2;ANNA;2017;36;6
2;ANNA;2018;36;8
2;ANNA;2019;36;8
2;ANNABELLE;2001;36;3
2;APOLLINE;2007;36;3
2;APOLLINE;2012;36;4
2;APOLLINE;2018;36;4
2;ASHLEY;2014;36;3
2;ASSIA;2005;36;3
2;ASSIA;2014;36;4
2;ASSIA;2020;36;4
2;AUDREY;2000;36;10
2;AUDREY;2001;36;5
2;AUDREY;2002;36;4
2;AUDREY;2003;36;7
2;AUDREY;2004;36;4
2;AURÉLIE;2001;36;3
2;AURORE;2000;36;4
2;AURORE;2005;36;3
2;AURORE;2014;36;4
2;AXELLE;2000;36;4
2;AXELLE;2001;36;5
2;AXELLE;2002;36;5
2;AXELLE;2005;36;5
2;AYA;2014;36;3
2;AYA;2016;36;3
2;AYA;2017;36;4
2;BLANDINE;2001;36;4
2;BLANDINE;2005;36;4
2;CAMÉLIA;2014;36;3
2;CAMILLE;2000;36;24
2;CAMILLE;2001;36;30
2;CAMILLE;2002;36;35
2;CAMILLE;2003;36;17
2;CAMILLE;2004;36;22
2;CAMILLE;2005;36;13
2;CAMILLE;2006;36;12
2;CAMILLE;2007;36;12
2;CAMILLE;2008;36;13
2;CAMILLE;2009;36;16
2;CAMILLE;2010;36;15
2;CAMILLE;2011;36;3
2;CAMILLE;2012;36;13
2;CAMILLE;2013;36;16
2;CAMILLE;2014;36;7
2;CAMILLE;2015;36;7
2;CAMILLE;2016;36;3
2;CAMILLE;2017;36;7
2;CAMILLE;2018;36;4
2;CAMILLE;2019;36;5
2;CAMILLE;2021;36;4
2;CANDICE;2000;36;3
2;CANDICE;2003;36;3
2;CANDICE;2004;36;5
2;CANDICE;2005;36;6
2;CANDICE;2006;36;3
2;CANDICE;2007;36;3
2;CANDICE;2008;36;4
2;CANDICE;2010;36;3
2;CANDICE;2012;36;4
2;CANDICE;2016;36;3
2;CANDICE;2017;36;7
2;CAPUCINE;2006;36;5
2;CAPUCINE;2007;36;4
2;CAPUCINE;2011;36;4
2;CAPUCINE;2013;36;3
2;CAPUCINE;2014;36;3
2;CAPUCINE;2015;36;3
2;CAPUCINE;2017;36;3
2;CAPUCINE;2018;36;5
2;CAPUCINE;2020;36;7
2;CARLA;2001;36;4
2;CARLA;2004;36;8
2;CARLA;2005;36;3
2;CARLA;2006;36;8
2;CAROLINE;2000;36;4
2;CAROLINE;2002;36;3
2;CAROLINE;2003;36;4
2;CASSANDRA;2000;36;5
2;CASSANDRA;2001;36;4
2;CASSANDRA;2002;36;7
2;CASSANDRA;2003;36;4
2;CASSANDRA;2004;36;5
2;CASSANDRA;2005;36;3
2;CASSANDRA;2006;36;4
2;CASSANDRE;2002;36;3
2;CASSANDRE;2006;36;5
2;CASSANDRE;2008;36;3
2;CASSANDRE;2012;36;3
2;CATHY;2004;36;3
2;CÉCILIA;2001;36;3
2;CÉCILIA;2003;36;3
2;CÉLESTE;2021;36;3
2;CELIA;2010;36;6
2;CÉLIA;2000;36;4
2;CÉLIA;2002;36;6
2;CÉLIA;2003;36;13
2;CÉLIA;2004;36;12
2;CÉLIA;2005;36;10
2;CÉLIA;2006;36;5
2;CÉLIA;2007;36;8
2;CÉLIA;2009;36;5
2;CÉLIA;2010;36;7
2;CÉLIA;2011;36;4
2;CÉLIA;2012;36;3
2;CÉLIA;2013;36;4
2;CÉLIA;2014;36;3
2;CÉLIA;2016;36;5
2;CÉLIA;2018;36;3
2;CÉLIA;2019;36;3
2;CÉLINE;2000;36;3
2;CÉLINE;2001;36;8
2;CÉLYA;2013;36;3
2;CHARLÈNE;2000;36;3
2;CHARLÈNE;2001;36;3
2;CHARLÈNE;2009;36;3
2;CHARLIE;2021;36;3
2;CHARLINE;2000;36;9
2;CHARLINE;2001;36;5
2;CHARLINE;2002;36;3
2;CHARLINE;2003;36;4
2;CHARLINE;2006;36;3
2;CHARLINE;2017;36;4
2;CHARLOTTE;2000;36;12
2;CHARLOTTE;2001;36;6
2;CHARLOTTE;2002;36;6
2;CHARLOTTE;2003;36;8
2;CHARLOTTE;2004;36;12
2;CHARLOTTE;2005;36;8
2;CHARLOTTE;2006;36;7
2;CHARLOTTE;2007;36;6
2;CHARLOTTE;2008;36;6
2;CHARLOTTE;2009;36;6
2;CHARLOTTE;2011;36;3
2;CHARLOTTE;2012;36;6
2;CHARLOTTE;2013;36;3
2;CHARLOTTE;2014;36;3
2;CHARLOTTE;2015;36;3
2;CHARLOTTE;2018;36;3
2;CHEYENNE;2007;36;3
2;CHIARA;2005;36;3
2;CHLOE;2010;36;5
2;CHLOE;2011;36;3
2;CHLOÉ;2000;36;18
2;CHLOÉ;2001;36;34
2;CHLOÉ;2002;36;27
2;CHLOÉ;2003;36;14
2;CHLOÉ;2004;36;18
2;CHLOÉ;2005;36;19
2;CHLOÉ;2006;36;23
2;CHLOÉ;2007;36;15
2;CHLOÉ;2008;36;19
2;CHLOÉ;2009;36;15
2;CHLOÉ;2010;36;7
2;CHLOÉ;2011;36;12
2;CHLOÉ;2012;36;12
2;CHLOÉ;2013;36;17
2;CHLOÉ;2014;36;15
2;CHLOÉ;2015;36;10
2;CHLOÉ;2016;36;10
2;CHLOÉ;2017;36;7
2;CHLOÉ;2018;36;4
2;CHLOÉ;2019;36;9
2;CHLOÉ;2020;36;4
2;CHLOÉ;2021;36;3
2;CLAIRE;2000;36;3
2;CLAIRE;2001;36;7
2;CLAIRE;2003;36;3
2;CLARA;2000;36;9
2;CLARA;2001;36;12
2;CLARA;2002;36;7
2;CLARA;2003;36;11
2;CLARA;2004;36;10
2;CLARA;2005;36;16
2;CLARA;2006;36;14
2;CLARA;2007;36;16
2;CLARA;2008;36;14
2;CLARA;2009;36;12
2;CLARA;2010;36;11
2;CLARA;2011;36;9
2;CLARA;2012;36;10
2;CLARA;2013;36;8
2;CLARA;2014;36;6
2;CLARA;2015;36;7
2;CLARA;2016;36;4
2;CLARA;2018;36;6
2;CLARISSE;2000;36;5
2;CLARISSE;2001;36;9
2;CLARISSE;2002;36;3
2;CLARISSE;2003;36;5
2;CLARISSE;2004;36;5
2;CLARISSE;2006;36;3
2;CLÉA;2001;36;3
2;CLÉA;2004;36;3
2;CLÉA;2008;36;5
2;CLÉA;2015;36;3
2;CLÉA;2017;36;5
2;CLÉMENCE;2000;36;12
2;CLÉMENCE;2001;36;7
2;CLÉMENCE;2002;36;6
2;CLÉMENCE;2003;36;5
2;CLÉMENCE;2004;36;6
2;CLÉMENCE;2005;36;12
2;CLÉMENCE;2006;36;11
2;CLÉMENCE;2007;36;7
2;CLÉMENCE;2008;36;7
2;CLÉMENCE;2009;36;6
2;CLÉMENCE;2010;36;4
2;CLÉMENCE;2012;36;9
2;CLÉMENCE;2013;36;4
2;CLÉMENCE;2014;36;3
2;CLÉMENCE;2016;36;4
2;CLÉMENCE;2021;36;5
2;CLÉMENTINE;2000;36;3
2;CLÉMENTINE;2001;36;3
2;CLÉMENTINE;2002;36;4
2;CLÉMENTINE;2005;36;3
2;CLÉMENTINE;2007;36;4
2;CLÉMENTINE;2008;36;4
2;CLÉMENTINE;2017;36;3
2;CLEO;2005;36;5
2;CLOE;2000;36;4
2;CLOE;2003;36;3
2;CLOE;2004;36;4
2;CLOE;2005;36;3
2;CLOE;2006;36;3
2;CLOE;2009;36;4
2;CLOÉ;2011;36;5
2;CLOÉ;2012;36;4
2;COLINE;2000;36;4
2;COLINE;2001;36;7
2;COLINE;2004;36;5
2;COLINE;2020;36;3
2;CONSTANCE;2001;36;3
2;CONSTANCE;2007;36;3
2;CONSTANCE;2009;36;3
2;CONSTANCE;2012;36;4
2;CONSTANCE;2021;36;3
2;CORALIE;2000;36;7
2;CORALIE;2001;36;5
2;CORALIE;2002;36;6
2;CORALIE;2003;36;3
2;CORALIE;2005;36;3
2;CYRIELLE;2005;36;3
2;DORINE;2004;36;3
2;DOUNIA;2003;36;3
2;EDEN;2011;36;4
2;EDEN;2012;36;3
2;EDEN;2013;36;4
2;ELENA;2015;36;4
2;ELENA;2019;36;3
2;ELENA;2020;36;4
2;ELENA;2021;36;5
2;ELÉNA;2015;36;3
2;ELEONORE;2010;36;3
2;ELÉONORE;2012;36;4
2;ELÉONORE;2015;36;3
2;ELÉONORE;2016;36;4
2;ELIA;2016;36;3
2;ELINA;2007;36;3
2;ELINA;2012;36;3
2;ELINE;2007;36;3
2;ELINE;2016;36;5
2;ELISA;2000;36;6
2;ELISA;2001;36;4
2;ELISA;2002;36;7
2;ELISA;2003;36;3
2;ELISA;2004;36;5
2;ELISA;2005;36;5
2;ELISA;2007;36;3
2;ELISA;2008;36;6
2;ELISA;2009;36;8
2;ELISA;2011;36;3
2;ELISA;2012;36;3
2;ELISA;2014;36;4
2;ELISA;2020;36;3
2;ELISE;2000;36;7
2;ELISE;2001;36;6
2;ELISE;2002;36;3
2;ELISE;2003;36;8
2;ELISE;2004;36;7
2;ELISE;2005;36;6
2;ELISE;2009;36;4
2;ELISE;2010;36;3
2;ELISE;2011;36;5
2;ELISE;2012;36;4
2;ELISE;2018;36;3
2;ELOANE;2013;36;3
2;ELODIE;2000;36;6
2;ELODIE;2001;36;11
2;ELODIE;2002;36;3
2;ELODIE;2003;36;3
2;ELOISE;2000;36;3
2;ELOISE;2001;36;4
2;ELOISE;2002;36;7
2;ELOISE;2005;36;5
2;ELOISE;2006;36;3
2;ELOISE;2007;36;4
2;ELOISE;2008;36;5
2;ELOISE;2009;36;5
2;ELOÏSE;2011;36;4
2;ELOÏSE;2012;36;3
2;ELOÏSE;2015;36;3
2;ELOÏSE;2016;36;3
2;ELORA;2004;36;3
2;ELSA;2001;36;4
2;ELSA;2003;36;7
2;ELSA;2004;36;3
2;ELSA;2007;36;5
2;ELSA;2010;36;4
2;ELSA;2011;36;6
2;ELSA;2012;36;4
2;ELSA;2014;36;5
2;ELSA;2015;36;3
2;ELSA;2017;36;5
2;ELYNA;2016;36;3
2;EMA;2003;36;4
2;EMA;2007;36;6
2;EMA;2010;36;3
2;EMELINE;2001;36;8
2;EMELINE;2002;36;7
2;EMELINE;2003;36;5
2;EMELINE;2004;36;5
2;EMELINE;2005;36;6
2;EMELINE;2008;36;4
2;EMELINE;2009;36;4
2;EMELINE;2011;36;3
2;EMILIE;2000;36;7
2;EMILIE;2001;36;4
2;EMILIE;2002;36;10
2;EMILIE;2003;36;5
2;EMILIE;2004;36;4
2;EMILIE;2005;36;4
2;EMILIE;2006;36;9
2;EMILIE;2007;36;9
2;EMILIE;2009;36;3
2;EMILIE;2010;36;5
2;EMILIE;2012;36;3
2;EMMA;2000;36;18
2;EMMA;2001;36;16
2;EMMA;2002;36;22
2;EMMA;2003;36;14
2;EMMA;2004;36;14
2;EMMA;2005;36;26
2;EMMA;2006;36;16
2;EMMA;2007;36;18
2;EMMA;2008;36;19
2;EMMA;2009;36;20
2;EMMA;2010;36;17
2;EMMA;2011;36;23
2;EMMA;2012;36;17
2;EMMA;2013;36;13
2;EMMA;2014;36;10
2;EMMA;2015;36;3
2;EMMA;2016;36;12
2;EMMA;2017;36;11
2;EMMA;2018;36;8
2;EMMA;2019;36;6
2;EMMA;2020;36;12
2;EMMA;2021;36;6
2;EMMANUELLE;2006;36;3
2;EMMY;2005;36;3
2;EMMY;2018;36;3
2;EMMY;2021;36;3
2;EMY;2009;36;4
2;EMY;2013;36;3
2;EMY;2016;36;3
2;ENOLA;2000;36;4
2;ENOLA;2006;36;3
2;ENOLA;2009;36;3
2;ENOLA;2010;36;3
2;ENOLA;2013;36;3
2;ENORA;2006;36;4
2;ENORA;2008;36;3
2;ENORA;2013;36;4
2;ENORA;2014;36;4
2;ENORA;2015;36;4
2;ERIKA;2005;36;4
2;ESMÉE;2021;36;3
2;ESTELLE;2000;36;5
2;ESTELLE;2002;36;5
2;ESTELLE;2011;36;3
2;ESTHER;2008;36;3
2;EULALIE;2010;36;3
2;EVA;2000;36;9
2;EVA;2001;36;10
2;EVA;2002;36;6
2;EVA;2003;36;11
2;EVA;2004;36;8
2;EVA;2005;36;6
2;EVA;2006;36;5
2;EVA;2007;36;7
2;EVA;2008;36;9
2;EVA;2010;36;4
2;EVA;2011;36;7
2;EVA;2012;36;5
2;EVA;2013;36;3
2;EVA;2016;36;5
2;EVA;2017;36;7
2;EVA;2018;36;3
2;EVA;2019;36;5
2;EVA;2021;36;3
2;EVE;2010;36;3
2;EVY;2017;36;3
2;FANNY;2001;36;3
2;FANNY;2002;36;6
2;FANNY;2003;36;4
2;FANNY;2004;36;5
2;FANNY;2005;36;6
2;FANNY;2007;36;4
2;FANNY;2008;36;4
2;FANNY;2009;36;4
2;FANTINE;2006;36;3
2;FARAH;2006;36;3
2;FAUSTINE;2004;36;3
2;FAUSTINE;2006;36;3
2;FAUSTINE;2008;36;4
2;FAUSTINE;2009;36;4
2;FAUSTINE;2010;36;3
2;FAUSTINE;2011;36;3
2;FAUSTINE;2014;36;3
2;FIONA;2001;36;3
2;FIONA;2002;36;3
2;FIONA;2003;36;4
2;FIONA;2017;36;3
2;FLAVIE;2001;36;13
2;FLAVIE;2002;36;12
2;FLAVIE;2003;36;10
2;FLAVIE;2004;36;9
2;FLAVIE;2005;36;5
2;FLAVIE;2006;36;3
2;FLAVIE;2009;36;3
2;FLORA;2001;36;3
2;FLORA;2006;36;3
2;FLORA;2007;36;4
2;FLORA;2008;36;5
2;FLORIANE;2000;36;3
2;FLORINE;2001;36;3
2;FLORINE;2004;36;4
2;FLORINE;2007;36;3
2;GABRIELLE;2006;36;3
2;GABRIELLE;2007;36;3
2;GABRIELLE;2008;36;3
2;GABRIELLE;2009;36;3
2;GABRIELLE;2010;36;6
2;GABRIELLE;2011;36;3
2;GABRIELLE;2013;36;9
2;GABRIELLE;2015;36;4
2;GABRIELLE;2017;36;4
2;GAELLE;2003;36;3
2;GARANCE;2003;36;3
2;GARANCE;2010;36;3
2;GARANCE;2019;36;4
2;GARANCE;2021;36;3
2;GIULIA;2020;36;3
2;GWENAELLE;2000;36;3
2;GWENAELLE;2003;36;3
2;GWENDOLINE;2000;36;3
2;GWENDOLINE;2003;36;7
2;HANAÉ;2015;36;3
2;HÉLOÏSE;2001;36;3
2;HÉLOÏSE;2002;36;3
2;HÉLOÏSE;2003;36;3
2;HÉLOÏSE;2007;36;3
2;HÉLOÏSE;2011;36;3
2;HONORINE;2007;36;3
2;HONORINE;2010;36;3
2;HONORINE;2011;36;3
2;IBTISSEM;2015;36;3
2;ILANA;2018;36;4
2;ILONA;2001;36;3
2;ILONA;2002;36;5
2;ILONA;2003;36;5
2;ILONA;2004;36;3
2;ILONA;2005;36;4
2;ILYANA;2014;36;4
2;ILYANA;2018;36;3
2;ILYANA;2021;36;5
2;INAYA;2009;36;3
2;INAYA;2011;36;3
2;INAYA;2015;36;7
2;INAYA;2017;36;4
2;INAYA;2018;36;5
2;INAYA;2019;36;6
2;INAYA;2020;36;3
2;INAYA;2021;36;5
2;INES;2010;36;7
2;INÈS;2000;36;8
2;INÈS;2001;36;3
2;INÈS;2002;36;8
2;INÈS;2003;36;12
2;INÈS;2004;36;6
2;INÈS;2005;36;5
2;INÈS;2006;36;9
2;INÈS;2007;36;8
2;INÈS;2008;36;14
2;INÈS;2009;36;8
2;INÈS;2010;36;10
2;INÈS;2011;36;8
2;INÈS;2012;36;12
2;INÈS;2013;36;11
2;INÈS;2014;36;11
2;INÈS;2015;36;11
2;INÈS;2016;36;3
2;INÈS;2018;36;4
2;INÈS;2019;36;5
2;INÈS;2020;36;4
2;INÈS;2021;36;4
2;IRIS;2021;36;6
2;ISALINE;2007;36;4
2;JADE;2000;36;5
2;JADE;2002;36;3
2;JADE;2003;36;5
2;JADE;2004;36;12
2;JADE;2005;36;14
2;JADE;2006;36;17
2;JADE;2007;36;19
2;JADE;2008;36;23
2;JADE;2009;36;21
2;JADE;2010;36;21
2;JADE;2011;36;12
2;JADE;2012;36;14
2;JADE;2013;36;10
2;JADE;2014;36;13
2;JADE;2015;36;12
2;JADE;2016;36;6
2;JADE;2017;36;12
2;JADE;2018;36;11
2;JADE;2019;36;9
2;JADE;2020;36;6
2;JADE;2021;36;5
2;JEANNE;2000;36;7
2;JEANNE;2001;36;5
2;JEANNE;2002;36;6
2;JEANNE;2003;36;7
2;JEANNE;2004;36;6
2;JEANNE;2005;36;9
2;JEANNE;2006;36;5
2;JEANNE;2007;36;6
2;JEANNE;2008;36;6
2;JEANNE;2009;36;7
2;JEANNE;2010;36;5
2;JEANNE;2011;36;8
2;JEANNE;2012;36;4
2;JEANNE;2014;36;7
2;JEANNE;2015;36;7
2;JEANNE;2016;36;5
2;JEANNE;2018;36;3
2;JEANNE;2019;36;5
2;JEANNE;2020;36;4
2;JEANNE;2021;36;4
2;JESSICA;2003;36;4
2;JESSICA;2004;36;3
2;JOHANNA;2000;36;4
2;JOSÉPHINE;2013;36;3
2;JULIA;2005;36;3
2;JULIA;2008;36;5
2;JULIA;2010;36;5
2;JULIA;2011;36;5
2;JULIA;2012;36;5
2;JULIA;2013;36;5
2;JULIA;2014;36;7
2;JULIA;2015;36;6
2;JULIA;2016;36;6
2;JULIA;2019;36;7
2;JULIA;2020;36;9
2;JULIA;2021;36;12
2;JULIE;2000;36;10
2;JULIE;2001;36;15
2;JULIE;2002;36;11
2;JULIE;2003;36;11
2;JULIE;2004;36;12
2;JULIE;2005;36;14
2;JULIE;2006;36;8
2;JULIE;2007;36;7
2;JULIE;2008;36;7
2;JULIE;2009;36;3
2;JULIE;2010;36;3
2;JULIE;2011;36;3
2;JULIE;2013;36;4
2;JULIE;2016;36;3
2;JULIETTE;2000;36;11
2;JULIETTE;2001;36;10
2;JULIETTE;2002;36;8
2;JULIETTE;2003;36;9
2;JULIETTE;2005;36;6
2;JULIETTE;2006;36;7
2;JULIETTE;2007;36;12
2;JULIETTE;2008;36;12
2;JULIETTE;2009;36;4
2;JULIETTE;2010;36;7
2;JULIETTE;2011;36;6
2;JULIETTE;2012;36;10
2;JULIETTE;2013;36;3
2;JULIETTE;2014;36;4
2;JULIETTE;2015;36;4
2;JULIETTE;2016;36;4
2;JULIETTE;2017;36;4
2;JULIETTE;2019;36;4
2;JULIETTE;2020;36;4
2;JULIETTE;2021;36;3
2;JUSTINE;2000;36;18
2;JUSTINE;2001;36;14
2;JUSTINE;2002;36;11
2;JUSTINE;2003;36;11
2;JUSTINE;2004;36;15
2;JUSTINE;2005;36;5
2;JUSTINE;2006;36;8
2;JUSTINE;2007;36;5
2;JUSTINE;2008;36;4
2;JUSTINE;2009;36;4
2;JUSTINE;2012;36;3
2;JUSTINE;2016;36;3
2;JUSTINE;2019;36;3
2;KÉLIA;2012;36;4
2;KELLY;2000;36;3
2;KELLY;2002;36;3
2;KENZA;2000;36;5
2;KENZA;2001;36;6
2;KENZA;2008;36;10
2;KENZA;2011;36;6
2;KENZA;2012;36;3
2;KENZA;2018;36;3
2;KIMBERLEY;2001;36;3
2;KIMBERLEY;2004;36;4
2;LALIE;2007;36;3
2;LALIE;2010;36;5
2;LALY;2013;36;3
2;LALY;2014;36;4
2;LANA;2004;36;9
2;LANA;2005;36;8
2;LANA;2007;36;3
2;LANA;2008;36;7
2;LANA;2010;36;3
2;LANA;2011;36;3
2;LANA;2012;36;3
2;LANA;2013;36;5
2;LANA;2014;36;3
2;LANA;2015;36;6
2;LANA;2016;36;6
2;LANA;2017;36;5
2;LANA;2019;36;3
2;LANA;2020;36;3
2;LARA;2004;36;3
2;LARA;2021;36;4
2;LAURA;2000;36;25
2;LAURA;2001;36;22
2;LAURA;2002;36;10
2;LAURA;2003;36;7
2;LAURA;2004;36;12
2;LAURA;2005;36;13
2;LAURA;2006;36;12
2;LAURA;2007;36;8
2;LAURA;2008;36;4
2;LAURA;2009;36;4
2;LAURA;2010;36;3
2;LAURA;2012;36;4
2;LAURA;2014;36;3
2;LAURE;2000;36;3
2;LAURE;2001;36;6
2;LAURE;2002;36;5
2;LAURE;2003;36;5
2;LAURE;2010;36;3
2;LAURETTE;2005;36;3
2;LAURIE;2002;36;3
2;LAURINE;2000;36;15
2;LAURINE;2001;36;7
2;LAURINE;2002;36;8
2;LAURINE;2003;36;5
2;LAURINE;2004;36;7
2;LAURINE;2010;36;5
2;LAURINE;2011;36;3
2;LAURINE;2013;36;3
2;LAURYNE;2002;36;6
2;LAURYNE;2006;36;3
2;LAURYNE;2011;36;3
2;LEA;2010;36;9
2;LÉA;2000;36;42
2;LÉA;2001;36;31
2;LÉA;2002;36;27
2;LÉA;2003;36;35
2;LÉA;2004;36;27
2;LÉA;2005;36;23
2;LÉA;2006;36;29
2;LÉA;2007;36;15
2;LÉA;2008;36;14
2;LÉA;2009;36;27
2;LÉA;2010;36;8
2;LÉA;2011;36;8
2;LÉA;2012;36;9
2;LÉA;2013;36;17
2;LÉA;2014;36;10
2;LÉA;2015;36;13
2;LÉA;2016;36;4
2;LÉA;2017;36;5
2;LÉA;2018;36;4
2;LÉA;2019;36;5
2;LÉA;2020;36;4
2;LÉA;2021;36;4
2;LÉANA;2001;36;3
2;LÉANA;2008;36;3
2;LÉANA;2011;36;4
2;LÉANA;2012;36;6
2;LÉANA;2014;36;6
2;LÉANA;2015;36;4
2;LÉANA;2016;36;4
2;LÉANA;2017;36;3
2;LÉANA;2018;36;4
2;LÉANA;2020;36;4
2;LÉANA;2021;36;3
2;LÉANE;2002;36;3
2;LÉANE;2006;36;4
2;LÉANE;2007;36;3
2;LÉANE;2008;36;6
2;LÉANE;2009;36;5
2;LÉANE;2011;36;3
2;LÉANE;2014;36;3
2;LÉANE;2015;36;3
2;LÉANE;2016;36;3
2;LÉANE;2017;36;3
2;LÉANE;2021;36;3
2;LEÏLA;2013;36;3
2;LEÏLA;2016;36;4
2;LEÏNA;2017;36;3
2;LENA;2010;36;14
2;LÉNA;2001;36;6
2;LÉNA;2002;36;6
2;LÉNA;2003;36;4
2;LÉNA;2004;36;9
2;LÉNA;2005;36;7
2;LÉNA;2006;36;8
2;LÉNA;2007;36;12
2;LÉNA;2008;36;5
2;LÉNA;2010;36;6
2;LÉNA;2011;36;8
2;LÉNA;2012;36;8
2;LÉNA;2013;36;7
2;LÉNA;2014;36;11
2;LÉNA;2015;36;7
2;LÉNA;2016;36;4
2;LÉNA;2018;36;7
2;LÉNA;2019;36;8
2;LÉNA;2020;36;4
2;LÉNA;2021;36;3
2;LEONIE;2010;36;4
2;LÉONIE;2000;36;4
2;LÉONIE;2001;36;4
2;LÉONIE;2002;36;4
2;LÉONIE;2003;36;7
2;LÉONIE;2004;36;7
2;LÉONIE;2005;36;9
2;LÉONIE;2006;36;8
2;LÉONIE;2007;36;9
2;LÉONIE;2008;36;6
2;LÉONIE;2009;36;8
2;LÉONIE;2010;36;4
2;LÉONIE;2011;36;7
2;LÉONIE;2012;36;5
2;LÉONIE;2013;36;7
2;LÉONIE;2014;36;4
2;LÉONIE;2015;36;3
2;LÉONIE;2016;36;5
2;LÉONIE;2018;36;5
2;LÉONIE;2019;36;4
2;LÉONIE;2021;36;3
2;LESLIE;2007;36;3
2;LIA;2015;36;3
2;LIA;2019;36;3
2;LILA;2007;36;3
2;LILA;2020;36;3
2;LILAS;2008;36;3
2;LILIA;2011;36;4
2;LILOU;2001;36;5
2;LILOU;2002;36;6
2;LILOU;2003;36;6
2;LILOU;2005;36;4
2;LILOU;2006;36;17
2;LILOU;2007;36;12
2;LILOU;2008;36;13
2;LILOU;2009;36;13
2;LILOU;2010;36;17
2;LILOU;2011;36;16
2;LILOU;2012;36;16
2;LILOU;2013;36;5
2;LILOU;2014;36;8
2;LILOU;2015;36;5
2;LILOU;2016;36;3
2;LILOU;2017;36;4
2;LILOU;2018;36;3
2;LILOU;2019;36;4
2;LILY;2007;36;5
2;LILY;2009;36;4
2;LILY;2011;36;5
2;LILY;2012;36;4
2;LILY;2014;36;4
2;LILY;2017;36;3
2;LILY-ROSE;2008;36;3
2;LILY-ROSE;2009;36;5
2;LILY-ROSE;2010;36;3
2;LILY-ROSE;2012;36;4
2;LINA;2005;36;4
2;LINA;2007;36;4
2;LINA;2008;36;3
2;LINA;2009;36;7
2;LINA;2010;36;6
2;LINA;2011;36;6
2;LINA;2012;36;9
2;LINA;2013;36;9
2;LINA;2014;36;4
2;LINA;2015;36;7
2;LINA;2016;36;5
2;LINA;2019;36;3
2;LINA;2020;36;4
2;LINA;2021;36;4
2;LINDSAY;2006;36;3
2;LISA;2000;36;3
2;LISA;2001;36;6
2;LISA;2002;36;6
2;LISA;2003;36;9
2;LISA;2004;36;9
2;LISA;2005;36;6
2;LISA;2006;36;8
2;LISA;2007;36;6
2;LISA;2010;36;7
2;LISA;2011;36;3
2;LISA;2012;36;4
2;LISA;2013;36;4
2;LISA;2014;36;4
2;LISA;2015;36;4
2;LISA;2016;36;3
2;LISA;2017;36;3
2;LISE;2002;36;3
2;LISE;2003;36;3
2;LISE;2006;36;3
2;LISE;2007;36;3
2;LISE;2011;36;4
2;LISE;2013;36;5
2;LISE;2018;36;3
2;LISE;2021;36;4
2;LISON;2003;36;4
2;LISON;2007;36;3
2;LISON;2010;36;4
2;LOAN;2002;36;3
2;LOAN;2004;36;5
2;LOANE;2003;36;5
2;LOANE;2004;36;7
2;LOANE;2005;36;3
2;LOANE;2010;36;3
2;LOANE;2012;36;4
2;LOANNE;2005;36;3
2;LOLA;2000;36;3
2;LOLA;2001;36;6
2;LOLA;2002;36;13
2;LOLA;2003;36;7
2;LOLA;2004;36;9
2;LOLA;2005;36;11
2;LOLA;2006;36;19
2;LOLA;2007;36;14
2;LOLA;2008;36;16
2;LOLA;2009;36;16
2;LOLA;2010;36;22
2;LOLA;2011;36;17
2;LOLA;2012;36;16
2;LOLA;2013;36;14
2;LOLA;2014;36;17
2;LOLA;2015;36;12
2;LOLA;2016;36;13
2;LOLA;2017;36;10
2;LOLA;2018;36;9
2;LOLA;2019;36;3
2;LOLA;2020;36;4
2;LOLA;2021;36;7
2;LORIE;2002;36;3
2;LORIE;2003;36;3
2;LORINE;2000;36;3
2;LORINE;2001;36;3
2;LORINE;2003;36;3
2;LOU;2000;36;4
2;LOU;2003;36;5
2;LOU;2004;36;3
2;LOU;2005;36;9
2;LOU;2006;36;10
2;LOU;2007;36;6
2;LOU;2008;36;3
2;LOU;2009;36;3
2;LOU;2010;36;5
2;LOU;2011;36;5
2;LOU;2012;36;6
2;LOU;2013;36;4
2;LOU;2014;36;3
2;LOU;2015;36;8
2;LOU;2016;36;4
2;LOU;2017;36;5
2;LOU;2018;36;5
2;LOU;2019;36;5
2;LOU;2020;36;4
2;LOU;2021;36;7
2;LOU-ANN;2005;36;6
2;LOU-ANN;2006;36;3
2;LOU-ANN;2007;36;4
2;LOU-ANNE;2001;36;4
2;LOU-ANNE;2002;36;6
2;LOU-ANNE;2006;36;7
2;LOU-ANNE;2008;36;4
2;LOU-ANNE;2010;36;4
2;LOUANE;2005;36;6
2;LOUANE;2006;36;5
2;LOUANE;2007;36;9
2;LOUANE;2008;36;10
2;LOUANE;2009;36;5
2;LOUANE;2010;36;12
2;LOUANE;2011;36;7
2;LOUANE;2012;36;8
2;LOUANE;2013;36;13
2;LOUANE;2014;36;8
2;LOUANE;2015;36;5
2;LOUANE;2016;36;4
2;LOUANNE;2002;36;4
2;LOUANNE;2007;36;3
2;LOUISA;2009;36;3
2;LOUISA;2014;36;4
2;LOUISE;2000;36;15
2;LOUISE;2001;36;9
2;LOUISE;2002;36;7
2;LOUISE;2003;36;10
2;LOUISE;2004;36;9
2;LOUISE;2005;36;8
2;LOUISE;2006;36;8
2;LOUISE;2007;36;12
2;LOUISE;2008;36;13
2;LOUISE;2009;36;9
2;LOUISE;2010;36;10
2;LOUISE;2011;36;13
2;LOUISE;2012;36;10
2;LOUISE;2013;36;11
2;LOUISE;2014;36;9
2;LOUISE;2015;36;17
2;LOUISE;2016;36;9
2;LOUISE;2017;36;11
2;LOUISE;2018;36;5
2;LOUISE;2019;36;7
2;LOUISE;2020;36;8
2;LOUISE;2021;36;5
2;LOUNA;2002;36;5
2;LOUNA;2003;36;4
2;LOUNA;2004;36;4
2;LOUNA;2005;36;3
2;LOUNA;2006;36;7
2;LOUNA;2007;36;6
2;LOUNA;2008;36;6
2;LOUNA;2009;36;3
2;LOUNA;2010;36;14
2;LOUNA;2011;36;10
2;LOUNA;2012;36;8
2;LOUNA;2013;36;5
2;LOUNA;2014;36;11
2;LOUNA;2015;36;9
2;LOUNA;2016;36;8
2;LOUNA;2017;36;5
2;LOUNA;2018;36;5
2;LOUNA;2019;36;4
2;LOUNA;2020;36;5
2;LUCE;2019;36;3
2;LUCIE;2000;36;20
2;LUCIE;2001;36;7
2;LUCIE;2002;36;18
2;LUCIE;2003;36;11
2;LUCIE;2004;36;12
2;LUCIE;2005;36;18
2;LUCIE;2006;36;13
2;LUCIE;2007;36;13
2;LUCIE;2008;36;13
2;LUCIE;2009;36;7
2;LUCIE;2010;36;5
2;LUCIE;2011;36;8
2;LUCIE;2012;36;8
2;LUCIE;2013;36;3
2;LUCIE;2014;36;7
2;LUCIE;2015;36;6
2;LUCIE;2016;36;7
2;LUCIE;2017;36;4
2;LUCIE;2018;36;7
2;LUCILE;2000;36;4
2;LUCILE;2001;36;5
2;LUCILE;2002;36;4
2;LUCILE;2003;36;3
2;LUCILE;2005;36;3
2;LUCILE;2006;36;5
2;LUCILE;2009;36;4
2;LUCY;2017;36;3
2;LUDIVINE;2001;36;4
2;LUDIVINE;2004;36;4
2;LUNA;2004;36;3
2;LUNA;2005;36;6
2;LUNA;2007;36;3
2;LUNA;2008;36;4
2;LUNA;2010;36;4
2;LUNA;2012;36;3
2;LUNA;2013;36;4
2;LUNA;2014;36;3
2;LUNA;2016;36;4
2;LUNA;2017;36;4
2;LUNA;2019;36;4
2;LUNA;2020;36;3
2;LUNA;2021;36;6
2;LYA;2013;36;5
2;LYA;2015;36;3
2;LYA;2016;36;4
2;LYA;2017;36;3
2;LYA;2019;36;5
2;LYA;2021;36;5
2;LYANA;2020;36;3
2;LYANNA;2017;36;3
2;LYLOO;2017;36;3
2;LYLOU;2006;36;3
2;LYLOU;2013;36;3
2;LYLOU;2014;36;3
2;LYLOU;2017;36;3
2;LYNA;2012;36;3
2;LYNA;2016;36;3
2;LYNA;2019;36;4
2;LYNA;2020;36;3
2;LYNA;2021;36;3
2;LYSÉA;2015;36;3
2;MADDY;2019;36;4
2;MADDY;2021;36;3
2;MADELINE;2007;36;3
2;MAELIE;2010;36;3
2;MAELIS;2006;36;3
2;MAELLE;2000;36;5
2;MAELLE;2001;36;3
2;MAELLE;2004;36;6
2;MAELLE;2005;36;4
2;MAELLE;2006;36;5
2;MAELLE;2007;36;10
2;MAELLE;2008;36;5
2;MAELLE;2010;36;9
2;MAËLLE;2011;36;4
2;MAËLLE;2013;36;3
2;MAËLLE;2014;36;4
2;MAËLLE;2018;36;4
2;MAELY;2009;36;4
2;MAËLYNE;2016;36;3
2;MAELYS;2000;36;3
2;MAELYS;2003;36;4
2;MAELYS;2004;36;8
2;MAELYS;2006;36;3
2;MAELYS;2007;36;11
2;MAELYS;2008;36;7
2;MAELYS;2009;36;6
2;MAELYS;2010;36;8
2;MAËLYS;2011;36;9
2;MAËLYS;2012;36;9
2;MAËLYS;2013;36;7
2;MAËLYS;2014;36;8
2;MAËLYS;2015;36;5
2;MAËLYS;2016;36;4
2;MAËLYS;2017;36;5
2;MAËLYS;2018;36;5
2;MAËLYS;2019;36;3
2;MAËLYS;2020;36;4
2;MAEVA;2000;36;11
2;MAEVA;2001;36;13
2;MAEVA;2002;36;6
2;MAEVA;2003;36;4
2;MAEVA;2004;36;4
2;MAEVA;2005;36;5
2;MAEVA;2006;36;4
2;MAEVA;2007;36;7
2;MAEVA;2008;36;3
2;MAEVA;2009;36;5
2;MAËVA;2012;36;7
2;MAILYS;2009;36;3
2;MAÏSSA;2020;36;4
2;MAÏWENN;2014;36;4
2;MAÏWENN;2021;36;3
2;MALYA;2019;36;3
2;MANEL;2020;36;3
2;MANON;2000;36;29
2;MANON;2001;36;21
2;MANON;2002;36;29
2;MANON;2003;36;26
2;MANON;2004;36;27
2;MANON;2005;36;28
2;MANON;2006;36;21
2;MANON;2007;36;18
2;MANON;2008;36;20
2;MANON;2009;36;6
2;MANON;2010;36;21
2;MANON;2011;36;19
2;MANON;2012;36;8
2;MANON;2013;36;13
2;MANON;2014;36;10
2;MANON;2015;36;12
2;MANON;2016;36;7
2;MANON;2018;36;5
2;MANON;2019;36;3
2;MANON;2020;36;4
2;MAREVA;2001;36;4
2;MARGAUX;2000;36;8
2;MARGAUX;2001;36;3
2;MARGAUX;2002;36;3
2;MARGAUX;2003;36;7
2;MARGAUX;2004;36;9
2;MARGAUX;2005;36;8
2;MARGAUX;2008;36;3
2;MARGAUX;2009;36;3
2;MARGAUX;2011;36;6
2;MARGAUX;2012;36;3
2;MARGAUX;2013;36;4
2;MARGAUX;2014;36;3
2;MARGAUX;2015;36;7
2;MARGAUX;2016;36;10
2;MARGAUX;2017;36;5
2;MARGAUX;2019;36;4
2;MARGOT;2000;36;8
2;MARGOT;2001;36;5
2;MARGOT;2002;36;6
2;MARGOT;2003;36;9
2;MARGOT;2004;36;6
2;MARGOT;2005;36;4
2;MARGOT;2006;36;5
2;MARGOT;2007;36;4
2;MARGOT;2008;36;5
2;MARGOT;2009;36;6
2;MARGOT;2011;36;6
2;MARGOT;2013;36;8
2;MARGOT;2014;36;6
2;MARGOT;2015;36;5
2;MARGOT;2016;36;6
2;MARGOT;2017;36;3
2;MARGOT;2018;36;3
2;MARGOT;2019;36;4
2;MARGOT;2020;36;3
2;MARIE;2000;36;23
2;MARIE;2001;36;13
2;MARIE;2002;36;14
2;MARIE;2003;36;12
2;MARIE;2004;36;12
2;MARIE;2005;36;19
2;MARIE;2006;36;6
2;MARIE;2007;36;9
2;MARIE;2008;36;4
2;MARIE;2009;36;4
2;MARIE;2010;36;6
2;MARIE;2011;36;3
2;MARIE;2012;36;4
2;MARIE;2013;36;3
2;MARIE;2014;36;4
2;MARIE;2016;36;3
2;MARIE;2021;36;3
2;MARINA;2000;36;4
2;MARINE;2000;36;19
2;MARINE;2001;36;16
2;MARINE;2002;36;6
2;MARINE;2003;36;12
2;MARINE;2004;36;5
2;MARINE;2005;36;6
2;MARINE;2007;36;6
2;MARINE;2008;36;3
2;MARINE;2009;36;5
2;MARINE;2010;36;4
2;MARINE;2011;36;4
2;MARION;2000;36;18
2;MARION;2001;36;9
2;MARION;2002;36;7
2;MARION;2003;36;7
2;MARION;2004;36;8
2;MARION;2005;36;5
2;MARION;2006;36;6
2;MARION;2008;36;5
2;MARION;2009;36;4
2;MARION;2010;36;6
2;MARJORIE;2002;36;3
2;MATHILDE;2000;36;12
2;MATHILDE;2001;36;11
2;MATHILDE;2002;36;14
2;MATHILDE;2003;36;7
2;MATHILDE;2004;36;10
2;MATHILDE;2005;36;7
2;MATHILDE;2006;36;3
2;MATHILDE;2007;36;5
2;MATHILDE;2008;36;11
2;MATHILDE;2009;36;6
2;MATHILDE;2010;36;3
2;MATHILDE;2011;36;4
2;MATHILDE;2012;36;7
2;MATHILDE;2013;36;5
2;MATHILDE;2015;36;3
2;MATHILDE;2018;36;3
2;MAUD;2002;36;4
2;MAUD;2004;36;4
2;MAYA;2010;36;3
2;MAYA;2019;36;4
2;MAYLIS;2008;36;4
2;MÉLANIE;2000;36;5
2;MÉLANIE;2001;36;5
2;MÉLANIE;2002;36;4
2;MÉLANIE;2003;36;3
2;MÉLANIE;2004;36;6
2;MÉLIA;2017;36;3
2;MÉLINA;2000;36;3
2;MÉLINA;2002;36;4
2;MÉLINA;2003;36;3
2;MÉLINA;2008;36;4
2;MÉLINA;2010;36;7
2;MÉLINA;2011;36;6
2;MÉLINA;2013;36;3
2;MÉLINA;2015;36;3
2;MÉLINA;2016;36;5
2;MELINE;2002;36;4
2;MELINE;2003;36;7
2;MELINE;2005;36;6
2;MELINE;2006;36;4
2;MELINE;2007;36;5
2;MELINE;2008;36;4
2;MELINE;2009;36;3
2;MELINE;2010;36;5
2;MÉLINE;2015;36;3
2;MÉLISSA;2000;36;6
2;MÉLISSA;2001;36;5
2;MÉLISSA;2002;36;3
2;MÉLISSA;2004;36;4
2;MÉLISSA;2006;36;3
2;MÉLISSA;2007;36;7
2;MÉLISSA;2008;36;3
2;MÉLISSA;2009;36;3
2;MÉLISSA;2012;36;4
2;MÉLISSA;2014;36;3
2;MIA;2014;36;4
2;MIA;2015;36;4
2;MIA;2017;36;6
2;MIA;2018;36;8
2;MIA;2019;36;10
2;MIA;2020;36;5
2;MIA;2021;36;5
2;MILA;2012;36;5
2;MILA;2013;36;3
2;MILA;2014;36;3
2;MILA;2015;36;3
2;MILA;2016;36;7
2;MILA;2017;36;4
2;MILA;2018;36;5
2;MILA;2019;36;9
2;MILA;2020;36;8
2;MILA;2021;36;4
2;MILLA;2014;36;3
2;MILLA;2017;36;3
2;MIYA;2017;36;3
2;MIYA;2019;36;3
2;MORGANE;2000;36;14
2;MORGANE;2001;36;7
2;MORGANE;2002;36;6
2;MORGANE;2003;36;5
2;MORGANE;2004;36;3
2;MORGANE;2005;36;4
2;MORGANE;2006;36;6
2;MORGANE;2007;36;6
2;MORGANE;2009;36;4
2;MORGANE;2010;36;4
2;MORGANE;2011;36;6
2;MYA;2013;36;3
2;MYA;2014;36;5
2;MYA;2018;36;3
2;MYA;2020;36;5
2;MYA;2021;36;5
2;MYLA;2016;36;3
2;MYLÈNE;2000;36;3
2;MYRIAM;2002;36;3
2;NAËLLE;2017;36;3
2;NAOMIE;2009;36;3
2;NÉLYA;2020;36;3
2;NINA;2001;36;3
2;NINA;2005;36;4
2;NINA;2006;36;4
2;NINA;2007;36;3
2;NINA;2010;36;8
2;NINA;2011;36;4
2;NINA;2012;36;6
2;NINA;2013;36;5
2;NINA;2014;36;4
2;NINA;2015;36;5
2;NINA;2017;36;3
2;NINA;2018;36;3
2;NINA;2020;36;6
2;NINA;2021;36;7
2;NINON;2006;36;5
2;NINON;2009;36;4
2;NINON;2012;36;6
2;NINON;2014;36;5
2;NOA;2008;36;3
2;NOELIE;2008;36;3
2;NOELINE;2010;36;3
2;NOEMIE;2000;36;9
2;NOEMIE;2001;36;10
2;NOEMIE;2002;36;3
2;NOEMIE;2003;36;9
2;NOEMIE;2004;36;8
2;NOEMIE;2005;36;11
2;NOEMIE;2006;36;7
2;NOEMIE;2007;36;4
2;NOEMIE;2008;36;4
2;NOEMIE;2009;36;7
2;NOEMIE;2010;36;4
2;NOÉMIE;2014;36;4
2;NOÉMIE;2017;36;3
2;NOÉMIE;2018;36;3
2;NOLWENN;2001;36;3
2;NOLWENN;2002;36;7
2;NOLWENN;2003;36;4
2;NORA;2001;36;3
2;NORA;2005;36;3
2;NORA;2008;36;3
2;NORA;2014;36;3
2;NORA;2017;36;3
2;OCEANE;2010;36;4
2;OCÉANE;2000;36;24
2;OCÉANE;2001;36;14
2;OCÉANE;2002;36;23
2;OCÉANE;2003;36;17
2;OCÉANE;2004;36;13
2;OCÉANE;2005;36;13
2;OCÉANE;2006;36;15
2;OCÉANE;2007;36;14
2;OCÉANE;2008;36;16
2;OCÉANE;2009;36;5
2;OCÉANE;2010;36;6
2;OCÉANE;2012;36;5
2;OCÉANE;2013;36;8
2;OCÉANE;2014;36;6
2;OCÉANE;2017;36;4
2;OLIVIA;2000;36;3
2;OLIVIA;2017;36;4
2;OPHÉLIE;2000;36;3
2;OPHÉLIE;2001;36;3
2;OPHÉLIE;2003;36;3
2;OPHÉLIE;2004;36;3
2;ORLANE;2003;36;3
2;PAULINE;2000;36;16
2;PAULINE;2001;36;14
2;PAULINE;2002;36;12
2;PAULINE;2003;36;7
2;PAULINE;2004;36;11
2;PAULINE;2005;36;7
2;PAULINE;2006;36;5
2;PAULINE;2008;36;7
2;PAULINE;2009;36;12
2;PAULINE;2010;36;5
2;PAULINE;2011;36;3
2;PAULINE;2013;36;5
2;PAULINE;2017;36;4
2;PERLE;2015;36;3
2;PERRINE;2004;36;3
2;PERRINE;2007;36;3
2;RACHEL;2002;36;5
2;RACHEL;2004;36;3
2;RAPHAELLE;2008;36;3
2;ROMANE;2000;36;6
2;ROMANE;2001;36;8
2;ROMANE;2002;36;8
2;ROMANE;2003;36;4
2;ROMANE;2004;36;10
2;ROMANE;2005;36;7
2;ROMANE;2006;36;3
2;ROMANE;2007;36;8
2;ROMANE;2008;36;13
2;ROMANE;2009;36;5
2;ROMANE;2010;36;4
2;ROMANE;2011;36;13
2;ROMANE;2012;36;5
2;ROMANE;2013;36;6
2;ROMANE;2014;36;5
2;ROMANE;2015;36;4
2;ROMANE;2018;36;6
2;ROMY;2018;36;3
2;ROMY;2019;36;4
2;ROMY;2020;36;4
2;ROSE;2005;36;3
2;ROSE;2007;36;4
2;ROSE;2008;36;9
2;ROSE;2012;36;4
2;ROSE;2014;36;6
2;ROSE;2015;36;7
2;ROSE;2016;36;10
2;ROSE;2017;36;4
2;ROSE;2018;36;7
2;ROSE;2019;36;6
2;ROSE;2020;36;4
2;ROSE;2021;36;3
2;ROXANE;2017;36;3
2;SACHA;2013;36;3
2;SALMA;2002;36;3
2;SALMA;2008;36;4
2;SALOMÉ;2001;36;4
2;SALOMÉ;2002;36;3
2;SALOMÉ;2006;36;3
2;SALOMÉ;2009;36;3
2;SALOMÉ;2011;36;3
2;SALOMÉ;2012;36;4
2;SALOMÉ;2015;36;3
2;SAMANTHA;2001;36;4
2;SARA;2006;36;3
2;SARA;2010;36;3
2;SARAH;2000;36;23
2;SARAH;2001;36;14
2;SARAH;2002;36;11
2;SARAH;2003;36;11
2;SARAH;2004;36;13
2;SARAH;2005;36;12
2;SARAH;2006;36;9
2;SARAH;2007;36;9
2;SARAH;2008;36;8
2;SARAH;2009;36;11
2;SARAH;2010;36;10
2;SARAH;2011;36;8
2;SARAH;2012;36;10
2;SARAH;2013;36;6
2;SARAH;2014;36;8
2;SARAH;2015;36;6
2;SARAH;2016;36;3
2;SARAH;2018;36;3
2;SARAH;2019;36;3
2;SARAH;2021;36;5
2;SELMA;2011;36;3
2;SHANA;2010;36;3
2;SHANA;2011;36;4
2;SHANA;2014;36;6
2;SHANA;2015;36;3
2;SHANNA;2013;36;3
2;SHANNA;2014;36;5
2;SHANNA;2015;36;4
2;SHAYNA;2014;36;3
2;SHAYNA;2015;36;3
2;SIDONIE;2004;36;3
2;SOFIA;2008;36;4
2;SOFIA;2009;36;4
2;SOFIA;2010;36;4
2;SOFIA;2011;36;3
2;SOFIA;2017;36;3
2;SOFIA;2018;36;3
2;SOLÈNE;2000;36;7
2;SOLÈNE;2001;36;6
2;SOLÈNE;2002;36;4
2;SOLÈNE;2003;36;6
2;SOLÈNE;2004;36;7
2;SOLÈNE;2007;36;3
2;SOLÈNE;2014;36;3
2;SOLENNE;2003;36;3
2;SOLINE;2014;36;5
2;SOLINE;2016;36;6
2;SONIA;2005;36;3
2;SOPHIE;2009;36;3
2;SOPHIE;2010;36;3
2;STACY;2003;36;3
2;TATIANA;2006;36;3
2;TESSA;2005;36;4
2;TESSA;2011;36;3
2;THAIS;2008;36;3
2;THAIS;2009;36;4
2;THAÏS;2011;36;3
2;THAÏS;2015;36;3
2;THAÏS;2018;36;4
2;THÉA;2015;36;4
2;TIFFANY;2006;36;3
2;TIFFANY;2007;36;3
2;TIFFANY;2010;36;3
2;TIPHAINE;2004;36;3
2;VALENTINE;2001;36;4
2;VALENTINE;2002;36;4
2;VALENTINE;2003;36;4
2;VALENTINE;2006;36;3
2;VALENTINE;2007;36;4
2;VALENTINE;2009;36;3
2;VALENTINE;2015;36;3
2;VALENTINE;2019;36;3
2;VICTOIRE;2001;36;3
2;VICTOIRE;2007;36;3
2;VICTOIRE;2010;36;3
2;VICTOIRE;2014;36;4
2;VICTOIRE;2016;36;4
2;VICTOIRE;2018;36;4
2;VICTOIRE;2019;36;4
2;VICTOIRE;2020;36;4
2;VICTORIA;2002;36;4
2;VICTORIA;2020;36;4
2;VICTORINE;2005;36;3
2;VIOLETTE;2006;36;3
2;VIRGINIE;2001;36;4
2;WENDY;2008;36;3
2;WENDY;2013;36;3
2;ZOE;2010;36;6
2;ZOE;2011;36;3
2;ZOÉ;2000;36;5
2;ZOÉ;2001;36;11
2;ZOÉ;2002;36;7
2;ZOÉ;2003;36;4
2;ZOÉ;2004;36;10
2;ZOÉ;2005;36;7
2;ZOÉ;2006;36;9
2;ZOÉ;2007;36;8
2;ZOÉ;2008;36;14
2;ZOÉ;2009;36;11
2;ZOÉ;2010;36;6
2;ZOÉ;2011;36;8
2;ZOÉ;2012;36;7
2;ZOÉ;2013;36;13
2;ZOÉ;2014;36;7
2;ZOÉ;2015;36;8
2;ZOÉ;2016;36;10
2;ZOÉ;2018;36;4
2;ZOÉ;2019;36;6
2;ZOÉ;2020;36;3
