sexe;preusuel;annais;dpt;nombre
1;_PRENOMS_RARES;2000;40;19
1;_PRENOMS_RARES;2001;40;19
1;_PRENOMS_RARES;2002;40;19
1;_PRENOMS_RARES;2003;40;20
1;_PRENOMS_RARES;2004;40;24
1;_PRENOMS_RARES;2005;40;34
1;_PRENOMS_RARES;2006;40;35
1;_PRENOMS_RARES;2007;40;26
1;_PRENOMS_RARES;2008;40;37
1;_PRENOMS_RARES;2009;40;33
1;_PRENOMS_RARES;2010;40;49
1;_PRENOMS_RARES;2011;40;43
1;_PRENOMS_RARES;2012;40;55
1;_PRENOMS_RARES;2013;40;37
1;_PRENOMS_RARES;2014;40;51
1;_PRENOMS_RARES;2015;40;48
1;_PRENOMS_RARES;2016;40;45
1;_PRENOMS_RARES;2017;40;41
1;_PRENOMS_RARES;2018;40;48
1;_PRENOMS_RARES;2019;40;53
1;_PRENOMS_RARES;2020;40;59
1;_PRENOMS_RARES;2021;40;53
1;AARON;2005;40;3
1;AARON;2009;40;5
1;AARON;2010;40;6
1;AARON;2011;40;9
1;AARON;2012;40;9
1;AARON;2013;40;8
1;AARON;2014;40;10
1;AARON;2015;40;8
1;AARON;2016;40;9
1;AARON;2017;40;5
1;AARON;2018;40;12
1;AARON;2019;40;8
1;AARON;2020;40;7
1;AARON;2021;40;4
1;ABEL;2012;40;3
1;ABEL;2019;40;3
1;ABEL;2021;40;5
1;ADAM;2006;40;3
1;ADAM;2007;40;3
1;ADAM;2008;40;4
1;ADAM;2009;40;3
1;ADAM;2010;40;8
1;ADAM;2011;40;3
1;ADAM;2012;40;5
1;ADAM;2013;40;8
1;ADAM;2014;40;5
1;ADAM;2015;40;5
1;ADAM;2016;40;6
1;ADAM;2017;40;8
1;ADAM;2018;40;10
1;ADAM;2019;40;5
1;ADAM;2020;40;7
1;ADAM;2021;40;5
1;ADRIANO;2013;40;3
1;ADRIEN;2000;40;10
1;ADRIEN;2001;40;12
1;ADRIEN;2002;40;16
1;ADRIEN;2003;40;11
1;ADRIEN;2004;40;9
1;ADRIEN;2005;40;8
1;ADRIEN;2006;40;4
1;ADRIEN;2007;40;12
1;ADRIEN;2008;40;7
1;ADRIEN;2009;40;5
1;ADRIEN;2010;40;5
1;ADRIEN;2011;40;6
1;ADRIEN;2013;40;5
1;ADRIEN;2014;40;4
1;ADRIEN;2016;40;4
1;ADRIEN;2018;40;4
1;ADRIEN;2019;40;3
1;ADRIEN;2020;40;4
1;AIDEN;2018;40;3
1;ALBAN;2005;40;5
1;ALBAN;2006;40;5
1;ALBAN;2007;40;4
1;ALBAN;2010;40;7
1;ALBAN;2012;40;3
1;ALBAN;2015;40;4
1;ALBAN;2018;40;6
1;ALBAN;2021;40;4
1;ALEX;2000;40;6
1;ALEX;2001;40;4
1;ALEX;2002;40;5
1;ALEX;2003;40;4
1;ALEX;2004;40;4
1;ALEX;2010;40;4
1;ALEX;2018;40;4
1;ALEXANDRE;2000;40;26
1;ALEXANDRE;2001;40;12
1;ALEXANDRE;2002;40;16
1;ALEXANDRE;2003;40;8
1;ALEXANDRE;2004;40;12
1;ALEXANDRE;2005;40;14
1;ALEXANDRE;2006;40;7
1;ALEXANDRE;2007;40;13
1;ALEXANDRE;2008;40;15
1;ALEXANDRE;2009;40;6
1;ALEXANDRE;2010;40;9
1;ALEXANDRE;2012;40;8
1;ALEXANDRE;2014;40;14
1;ALEXANDRE;2016;40;6
1;ALEXANDRE;2017;40;3
1;ALEXANDRE;2020;40;3
1;ALEXIS;2000;40;21
1;ALEXIS;2001;40;18
1;ALEXIS;2002;40;8
1;ALEXIS;2003;40;12
1;ALEXIS;2004;40;14
1;ALEXIS;2005;40;16
1;ALEXIS;2006;40;15
1;ALEXIS;2007;40;8
1;ALEXIS;2008;40;14
1;ALEXIS;2009;40;10
1;ALEXIS;2010;40;7
1;ALEXIS;2011;40;5
1;ALEXIS;2012;40;7
1;ALEXIS;2013;40;5
1;ALEXIS;2014;40;3
1;ALEXIS;2016;40;4
1;ALEXIS;2017;40;5
1;ALEXIS;2019;40;3
1;ALEXIS;2021;40;3
1;AMIR;2018;40;3
1;AMIR;2019;40;4
1;AMIR;2021;40;4
1;ANAS;2018;40;3
1;ANDREAS;2005;40;3
1;ANDY;2007;40;3
1;ANGEL;2001;40;5
1;ANGEL;2007;40;3
1;ANGEL;2009;40;3
1;ANGEL;2010;40;4
1;ANGELO;2005;40;3
1;ANGELO;2006;40;3
1;ANTHONY;2000;40;13
1;ANTHONY;2001;40;20
1;ANTHONY;2002;40;15
1;ANTHONY;2003;40;11
1;ANTHONY;2004;40;11
1;ANTHONY;2005;40;6
1;ANTHONY;2006;40;5
1;ANTHONY;2007;40;6
1;ANTHONY;2008;40;8
1;ANTHONY;2010;40;5
1;ANTHONY;2011;40;3
1;ANTOINE;2000;40;9
1;ANTOINE;2001;40;18
1;ANTOINE;2002;40;15
1;ANTOINE;2003;40;11
1;ANTOINE;2004;40;5
1;ANTOINE;2005;40;9
1;ANTOINE;2006;40;13
1;ANTOINE;2007;40;11
1;ANTOINE;2008;40;10
1;ANTOINE;2009;40;9
1;ANTOINE;2010;40;9
1;ANTOINE;2011;40;12
1;ANTOINE;2012;40;11
1;ANTOINE;2013;40;9
1;ANTOINE;2014;40;6
1;ANTOINE;2015;40;11
1;ANTOINE;2016;40;11
1;ANTOINE;2017;40;9
1;ANTOINE;2018;40;5
1;ANTOINE;2019;40;13
1;ANTOINE;2020;40;6
1;ANTOINE;2021;40;5
1;ANTONIN;2000;40;4
1;ANTONIN;2001;40;4
1;ANTONIN;2004;40;5
1;ANTONIN;2005;40;4
1;ANTONIN;2006;40;3
1;ANTONIN;2007;40;6
1;ANTONIN;2009;40;4
1;ANTONIN;2010;40;3
1;ANTONIN;2013;40;7
1;ANTONIN;2014;40;4
1;ANTONIN;2015;40;5
1;ANTONIN;2016;40;3
1;ANTONIN;2020;40;3
1;ANTTON;2017;40;4
1;ARMAND;2002;40;3
1;ARNAUD;2000;40;9
1;ARNAUD;2001;40;8
1;ARNAUD;2004;40;3
1;ARNAUD;2006;40;3
1;ARON;2011;40;3
1;ARTHUR;2000;40;7
1;ARTHUR;2001;40;9
1;ARTHUR;2002;40;6
1;ARTHUR;2003;40;5
1;ARTHUR;2004;40;12
1;ARTHUR;2005;40;13
1;ARTHUR;2006;40;12
1;ARTHUR;2007;40;9
1;ARTHUR;2008;40;15
1;ARTHUR;2009;40;6
1;ARTHUR;2010;40;18
1;ARTHUR;2011;40;14
1;ARTHUR;2012;40;18
1;ARTHUR;2013;40;10
1;ARTHUR;2014;40;13
1;ARTHUR;2015;40;14
1;ARTHUR;2016;40;6
1;ARTHUR;2017;40;16
1;ARTHUR;2018;40;11
1;ARTHUR;2019;40;18
1;ARTHUR;2020;40;14
1;ARTHUR;2021;40;16
1;AUBIN;2018;40;3
1;AUGUSTE;2020;40;3
1;AUGUSTIN;2003;40;3
1;AUGUSTIN;2008;40;5
1;AUGUSTIN;2011;40;3
1;AUGUSTIN;2012;40;5
1;AUGUSTIN;2015;40;3
1;AUGUSTIN;2018;40;6
1;AUGUSTIN;2019;40;5
1;AURÈLE;2018;40;3
1;AURÉLIEN;2000;40;8
1;AURÉLIEN;2001;40;9
1;AURÉLIEN;2003;40;7
1;AURÉLIEN;2004;40;3
1;AURÉLIEN;2006;40;7
1;AURÉLIEN;2009;40;3
1;AXEL;2000;40;12
1;AXEL;2001;40;10
1;AXEL;2002;40;14
1;AXEL;2003;40;12
1;AXEL;2004;40;10
1;AXEL;2005;40;17
1;AXEL;2006;40;13
1;AXEL;2007;40;10
1;AXEL;2008;40;12
1;AXEL;2009;40;12
1;AXEL;2010;40;11
1;AXEL;2011;40;16
1;AXEL;2012;40;6
1;AXEL;2013;40;15
1;AXEL;2014;40;7
1;AXEL;2015;40;12
1;AXEL;2016;40;4
1;AXEL;2017;40;5
1;AXEL;2019;40;8
1;AXEL;2020;40;4
1;AXEL;2021;40;6
1;AYDEN;2018;40;5
1;AYDEN;2019;40;4
1;AYDEN;2020;40;9
1;AYDEN;2021;40;7
1;AYMERIC;2001;40;3
1;AYOUB;2017;40;3
1;BAPTISTE;2000;40;24
1;BAPTISTE;2001;40;19
1;BAPTISTE;2002;40;24
1;BAPTISTE;2003;40;17
1;BAPTISTE;2004;40;16
1;BAPTISTE;2005;40;19
1;BAPTISTE;2006;40;19
1;BAPTISTE;2007;40;15
1;BAPTISTE;2008;40;21
1;BAPTISTE;2009;40;16
1;BAPTISTE;2010;40;20
1;BAPTISTE;2011;40;17
1;BAPTISTE;2012;40;13
1;BAPTISTE;2013;40;12
1;BAPTISTE;2014;40;13
1;BAPTISTE;2015;40;10
1;BAPTISTE;2016;40;11
1;BAPTISTE;2017;40;8
1;BAPTISTE;2018;40;6
1;BAPTISTE;2019;40;3
1;BAPTISTE;2020;40;10
1;BAPTISTE;2021;40;8
1;BASILE;2016;40;3
1;BASILE;2020;40;3
1;BASTIAN;2013;40;3
1;BASTIEN;2000;40;14
1;BASTIEN;2001;40;10
1;BASTIEN;2002;40;11
1;BASTIEN;2003;40;10
1;BASTIEN;2004;40;10
1;BASTIEN;2005;40;17
1;BASTIEN;2006;40;8
1;BASTIEN;2007;40;9
1;BASTIEN;2008;40;5
1;BASTIEN;2009;40;6
1;BASTIEN;2010;40;11
1;BASTIEN;2011;40;9
1;BASTIEN;2012;40;6
1;BASTIEN;2013;40;6
1;BASTIEN;2014;40;6
1;BASTIEN;2015;40;7
1;BASTIEN;2016;40;5
1;BENJAMIN;2000;40;28
1;BENJAMIN;2001;40;11
1;BENJAMIN;2002;40;9
1;BENJAMIN;2003;40;8
1;BENJAMIN;2004;40;13
1;BENJAMIN;2005;40;8
1;BENJAMIN;2006;40;7
1;BENJAMIN;2007;40;7
1;BENJAMIN;2008;40;13
1;BENJAMIN;2009;40;9
1;BENJAMIN;2010;40;3
1;BENJAMIN;2011;40;8
1;BENJAMIN;2012;40;5
1;BENJAMIN;2013;40;8
1;BENJAMIN;2015;40;4
1;BENJAMIN;2020;40;3
1;BENOÎT;2000;40;5
1;BENOÎT;2001;40;4
1;BENOÎT;2005;40;3
1;BERTRAND;2000;40;3
1;BRANDON;2003;40;3
1;BRAYAN;2009;40;3
1;BRIAN;2000;40;3
1;BRICE;2000;40;4
1;BRICE;2003;40;4
1;BRICE;2012;40;3
1;BRYAN;2000;40;4
1;BRYAN;2001;40;3
1;BRYAN;2002;40;7
1;BRYAN;2003;40;3
1;BRYAN;2005;40;3
1;BRYAN;2006;40;7
1;BRYAN;2011;40;4
1;CAMERON;2020;40;3
1;CAMILLE;2010;40;3
1;CAMILLE;2015;40;8
1;CAMILLE;2017;40;4
1;CAMILLE;2018;40;7
1;CAMILLE;2020;40;3
1;CAMILLE;2021;40;5
1;CEDRIC;2000;40;7
1;CEDRIC;2001;40;6
1;CEDRIC;2003;40;3
1;CHARLES;2000;40;5
1;CHARLES;2001;40;5
1;CHARLES;2003;40;4
1;CHARLES;2004;40;4
1;CHARLES;2018;40;3
1;CHARLES;2020;40;3
1;CHARLIE;2012;40;4
1;CHARLIE;2015;40;5
1;CHARLIE;2016;40;3
1;CHARLIE;2018;40;4
1;CHARLIE;2021;40;3
1;CHARLY;2008;40;3
1;CHARLY;2010;40;3
1;CHARLY;2011;40;4
1;CHARLY;2012;40;5
1;CHARLY;2013;40;6
1;CHARLY;2014;40;4
1;CHARLY;2015;40;3
1;CHARLY;2017;40;6
1;CHARLY;2019;40;4
1;CHARLY;2020;40;4
1;CHARLY;2021;40;4
1;CHRISTOPHE;2000;40;4
1;CHRISTOPHE;2003;40;3
1;CHRISTOPHER;2000;40;4
1;CHRISTOPHER;2003;40;3
1;CLEMENT;2010;40;7
1;CLEMENT;2011;40;5
1;CLÉMENT;2000;40;16
1;CLÉMENT;2001;40;23
1;CLÉMENT;2002;40;27
1;CLÉMENT;2003;40;20
1;CLÉMENT;2004;40;20
1;CLÉMENT;2005;40;25
1;CLÉMENT;2006;40;19
1;CLÉMENT;2007;40;17
1;CLÉMENT;2008;40;15
1;CLÉMENT;2009;40;24
1;CLÉMENT;2010;40;9
1;CLÉMENT;2011;40;15
1;CLÉMENT;2012;40;14
1;CLÉMENT;2013;40;20
1;CLÉMENT;2014;40;11
1;CLÉMENT;2015;40;10
1;CLÉMENT;2016;40;9
1;CLÉMENT;2017;40;8
1;CLÉMENT;2018;40;4
1;CLÉMENT;2019;40;6
1;CLÉMENT;2020;40;5
1;CLÉMENT;2021;40;5
1;COLIN;2001;40;3
1;CORENTIN;2000;40;14
1;CORENTIN;2001;40;10
1;CORENTIN;2002;40;9
1;CORENTIN;2003;40;8
1;CORENTIN;2004;40;3
1;CORENTIN;2005;40;7
1;CORENTIN;2006;40;5
1;CORENTIN;2007;40;3
1;CORENTIN;2008;40;5
1;CORENTIN;2009;40;4
1;CORENTIN;2010;40;4
1;CORENTIN;2011;40;3
1;CORENTIN;2012;40;7
1;CORENTIN;2015;40;3
1;DAMIEN;2000;40;7
1;DAMIEN;2001;40;13
1;DAMIEN;2002;40;8
1;DAMIEN;2003;40;4
1;DAMIEN;2004;40;6
1;DAMIEN;2005;40;5
1;DAMIEN;2006;40;5
1;DAMIEN;2010;40;5
1;DANIEL;2017;40;3
1;DAVID;2001;40;4
1;DAVID;2003;40;3
1;DAVID;2006;40;3
1;DAVID;2011;40;3
1;DAVID;2012;40;3
1;DAVID;2013;40;3
1;DAVID;2021;40;3
1;DENIS;2021;40;3
1;DIEGO;2001;40;3
1;DIEGO;2002;40;4
1;DIEGO;2003;40;3
1;DIEGO;2004;40;6
1;DIEGO;2006;40;4
1;DIEGO;2007;40;4
1;DIEGO;2008;40;5
1;DIEGO;2009;40;6
1;DIEGO;2010;40;7
1;DIEGO;2011;40;3
1;DIEGO;2013;40;3
1;DIEGO;2014;40;6
1;DIEGO;2015;40;4
1;DIEGO;2016;40;7
1;DIEGO;2017;40;6
1;DIEGO;2018;40;6
1;DIEGO;2019;40;9
1;DIEGO;2020;40;6
1;DIEGO;2021;40;5
1;DIMITRI;2000;40;6
1;DIMITRI;2002;40;4
1;DIMITRI;2004;40;5
1;DIMITRI;2005;40;6
1;DIMITRI;2006;40;3
1;DIMITRI;2018;40;3
1;DONOVAN;2013;40;3
1;DORIAN;2000;40;8
1;DORIAN;2001;40;10
1;DORIAN;2002;40;14
1;DORIAN;2003;40;13
1;DORIAN;2004;40;7
1;DORIAN;2005;40;10
1;DORIAN;2006;40;5
1;DORIAN;2007;40;4
1;DORIAN;2009;40;4
1;DORIAN;2010;40;4
1;DORIAN;2014;40;3
1;DORIAN;2015;40;4
1;DORIAN;2016;40;3
1;DYLAN;2000;40;12
1;DYLAN;2001;40;14
1;DYLAN;2002;40;12
1;DYLAN;2003;40;9
1;DYLAN;2004;40;13
1;DYLAN;2005;40;10
1;DYLAN;2006;40;13
1;DYLAN;2007;40;6
1;DYLAN;2008;40;6
1;DYLAN;2009;40;3
1;DYLAN;2010;40;7
1;DYLAN;2011;40;3
1;DYLAN;2014;40;6
1;DYLAN;2015;40;3
1;EDEN;2013;40;4
1;EDEN;2014;40;8
1;EDEN;2015;40;4
1;EDEN;2016;40;4
1;EDEN;2017;40;6
1;EDEN;2018;40;6
1;EDEN;2019;40;3
1;EDEN;2020;40;3
1;EDEN;2021;40;9
1;ELI;2019;40;3
1;ELIAS;2012;40;3
1;ELIAS;2020;40;5
1;ELIE;2010;40;3
1;ELIE;2017;40;4
1;ELIE;2020;40;3
1;ELIE;2021;40;3
1;ELIJAH;2007;40;3
1;ELIO;2013;40;3
1;ELIO;2019;40;5
1;ELIO;2020;40;7
1;ELIO;2021;40;10
1;ELIOT;2008;40;4
1;ELIOTT;2007;40;3
1;ELIOTT;2008;40;4
1;ELIOTT;2009;40;3
1;ELIOTT;2010;40;5
1;ELIOTT;2011;40;5
1;ELIOTT;2012;40;4
1;ELIOTT;2013;40;3
1;ELIOTT;2016;40;3
1;ELIOTT;2020;40;5
1;ELIOTT;2021;40;7
1;ELLIOT;2016;40;5
1;ELLIOT;2018;40;3
1;ELYO;2020;40;4
1;EMERIC;2006;40;4
1;EMILE;2000;40;3
1;EMILE;2003;40;3
1;EMILIEN;2005;40;3
1;EMILIO;2021;40;3
1;EMMANUEL;2004;40;3
1;EMMANUEL;2006;40;3
1;ENEKO;2013;40;3
1;ENEKO;2019;40;5
1;ENEKO;2021;40;3
1;ENOHA;2012;40;4
1;ENOHA;2014;40;3
1;ENZO;2000;40;15
1;ENZO;2001;40;6
1;ENZO;2002;40;23
1;ENZO;2003;40;29
1;ENZO;2004;40;36
1;ENZO;2005;40;47
1;ENZO;2006;40;43
1;ENZO;2007;40;41
1;ENZO;2008;40;26
1;ENZO;2009;40;25
1;ENZO;2010;40;26
1;ENZO;2011;40;27
1;ENZO;2012;40;28
1;ENZO;2013;40;22
1;ENZO;2014;40;19
1;ENZO;2015;40;17
1;ENZO;2016;40;15
1;ENZO;2017;40;11
1;ENZO;2018;40;17
1;ENZO;2019;40;5
1;ENZO;2020;40;4
1;ENZO;2021;40;9
1;ERIC;2000;40;3
1;ERWAN;2002;40;3
1;ERWAN;2003;40;7
1;ERWAN;2004;40;4
1;ERWAN;2005;40;3
1;ERWAN;2006;40;6
1;ERWAN;2009;40;7
1;ERWAN;2014;40;3
1;ERWANN;2007;40;3
1;ESTEBAN;2000;40;4
1;ESTEBAN;2002;40;7
1;ESTEBAN;2003;40;5
1;ESTEBAN;2004;40;13
1;ESTEBAN;2005;40;8
1;ESTEBAN;2007;40;13
1;ESTEBAN;2008;40;6
1;ESTEBAN;2009;40;10
1;ESTEBAN;2010;40;7
1;ESTEBAN;2011;40;12
1;ESTEBAN;2012;40;15
1;ESTEBAN;2013;40;13
1;ESTEBAN;2014;40;7
1;ESTEBAN;2015;40;6
1;ESTEBAN;2016;40;6
1;ESTEBAN;2017;40;6
1;ESTEBAN;2018;40;9
1;ESTEBAN;2019;40;7
1;ESTEBAN;2020;40;3
1;ESTÉBAN;2012;40;3
1;ETAN;2012;40;3
1;ETHAN;2002;40;3
1;ETHAN;2004;40;7
1;ETHAN;2005;40;6
1;ETHAN;2006;40;9
1;ETHAN;2007;40;23
1;ETHAN;2008;40;15
1;ETHAN;2009;40;17
1;ETHAN;2010;40;18
1;ETHAN;2011;40;19
1;ETHAN;2012;40;13
1;ETHAN;2013;40;18
1;ETHAN;2014;40;21
1;ETHAN;2015;40;14
1;ETHAN;2016;40;14
1;ETHAN;2017;40;20
1;ETHAN;2018;40;12
1;ETHAN;2019;40;8
1;ETHAN;2020;40;16
1;ETHAN;2021;40;9
1;ETIENNE;2000;40;3
1;EVAN;2003;40;7
1;EVAN;2004;40;3
1;EVAN;2005;40;9
1;EVAN;2006;40;4
1;EVAN;2007;40;10
1;EVAN;2008;40;8
1;EVAN;2009;40;8
1;EVAN;2010;40;8
1;EVAN;2011;40;11
1;EVAN;2012;40;13
1;EVAN;2013;40;8
1;EVAN;2014;40;6
1;EVAN;2016;40;5
1;EVAN;2018;40;7
1;EVAN;2019;40;4
1;EVAN;2020;40;4
1;EVANN;2009;40;3
1;EWAN;2001;40;3
1;EWAN;2007;40;4
1;EWEN;2016;40;3
1;EWEN;2017;40;3
1;EWEN;2018;40;5
1;EWEN;2021;40;5
1;EZIO;2011;40;4
1;EZIO;2015;40;3
1;EZIO;2017;40;4
1;EZIO;2019;40;3
1;EZIO;2020;40;4
1;EZIO;2021;40;6
1;FABIEN;2000;40;5
1;FABIEN;2001;40;9
1;FABIEN;2002;40;4
1;FABIEN;2005;40;4
1;FABIO;2003;40;3
1;FÉLIX;2000;40;4
1;FÉLIX;2004;40;3
1;FÉLIX;2005;40;3
1;FÉLIX;2009;40;3
1;FLAVIEN;2001;40;5
1;FLAVIEN;2004;40;3
1;FLORENT;2000;40;3
1;FLORENT;2002;40;3
1;FLORENT;2003;40;3
1;FLORENT;2004;40;3
1;FLORENT;2005;40;5
1;FLORENT;2015;40;3
1;FLORIAN;2000;40;28
1;FLORIAN;2001;40;20
1;FLORIAN;2002;40;16
1;FLORIAN;2003;40;22
1;FLORIAN;2004;40;15
1;FLORIAN;2005;40;13
1;FLORIAN;2007;40;6
1;FLORIAN;2008;40;4
1;FLORIAN;2010;40;4
1;GABIN;2004;40;5
1;GABIN;2005;40;4
1;GABIN;2007;40;9
1;GABIN;2008;40;10
1;GABIN;2009;40;9
1;GABIN;2010;40;9
1;GABIN;2011;40;6
1;GABIN;2012;40;11
1;GABIN;2013;40;10
1;GABIN;2014;40;15
1;GABIN;2015;40;8
1;GABIN;2016;40;9
1;GABIN;2017;40;14
1;GABIN;2018;40;14
1;GABIN;2019;40;14
1;GABIN;2020;40;9
1;GABIN;2021;40;20
1;GABRIEL;2000;40;7
1;GABRIEL;2001;40;3
1;GABRIEL;2002;40;4
1;GABRIEL;2003;40;5
1;GABRIEL;2004;40;9
1;GABRIEL;2005;40;5
1;GABRIEL;2006;40;11
1;GABRIEL;2007;40;11
1;GABRIEL;2008;40;17
1;GABRIEL;2009;40;21
1;GABRIEL;2010;40;14
1;GABRIEL;2011;40;12
1;GABRIEL;2012;40;20
1;GABRIEL;2013;40;29
1;GABRIEL;2014;40;21
1;GABRIEL;2015;40;18
1;GABRIEL;2016;40;29
1;GABRIEL;2017;40;20
1;GABRIEL;2018;40;18
1;GABRIEL;2019;40;17
1;GABRIEL;2020;40;16
1;GABRIEL;2021;40;14
1;GABY;2018;40;4
1;GAEL;2000;40;3
1;GAEL;2006;40;7
1;GAEL;2007;40;4
1;GAEL;2009;40;5
1;GAËL;2020;40;3
1;GAËTAN;2000;40;6
1;GAËTAN;2001;40;6
1;GAËTAN;2002;40;3
1;GAËTAN;2003;40;3
1;GAËTAN;2004;40;4
1;GAËTAN;2005;40;5
1;GAËTAN;2006;40;4
1;GAËTAN;2007;40;3
1;GAËTAN;2010;40;3
1;GAËTAN;2012;40;4
1;GASPARD;2008;40;3
1;GASPARD;2011;40;4
1;GASPARD;2013;40;4
1;GASPARD;2014;40;3
1;GASPARD;2016;40;8
1;GASPARD;2017;40;3
1;GASPARD;2018;40;6
1;GASPARD;2019;40;6
1;GASPARD;2021;40;6
1;GASTON;2016;40;3
1;GATIEN;2003;40;3
1;GAUTHIER;2011;40;3
1;GAUTHIER;2013;40;3
1;GAUTHIER;2018;40;3
1;GEOFFREY;2001;40;3
1;GIANNI;2005;40;3
1;GIOVANNI;2012;40;4
1;GREGORY;2000;40;3
1;GREGORY;2003;40;4
1;GREGORY;2007;40;4
1;GREGORY;2009;40;3
1;GUILHEM;2001;40;3
1;GUILHEM;2002;40;3
1;GUILHEM;2007;40;3
1;GUILHEM;2008;40;3
1;GUILLAUME;2000;40;18
1;GUILLAUME;2001;40;8
1;GUILLAUME;2002;40;9
1;GUILLAUME;2003;40;8
1;GUILLAUME;2004;40;10
1;GUILLAUME;2005;40;5
1;GUILLAUME;2006;40;4
1;GUILLAUME;2008;40;3
1;GUILLAUME;2009;40;3
1;GWENAEL;2005;40;3
1;HAYDEN;2015;40;3
1;HUGO;2000;40;32
1;HUGO;2001;40;41
1;HUGO;2002;40;40
1;HUGO;2003;40;27
1;HUGO;2004;40;20
1;HUGO;2005;40;24
1;HUGO;2006;40;17
1;HUGO;2007;40;20
1;HUGO;2008;40;14
1;HUGO;2009;40;16
1;HUGO;2010;40;22
1;HUGO;2011;40;21
1;HUGO;2012;40;20
1;HUGO;2013;40;24
1;HUGO;2014;40;22
1;HUGO;2015;40;15
1;HUGO;2016;40;22
1;HUGO;2017;40;20
1;HUGO;2018;40;13
1;HUGO;2019;40;21
1;HUGO;2020;40;10
1;HUGO;2021;40;13
1;IBAN;2003;40;3
1;IBAN;2007;40;4
1;IBAN;2008;40;6
1;IBAN;2009;40;5
1;IBAN;2010;40;4
1;IBAN;2011;40;8
1;IBAN;2012;40;3
1;IBAN;2014;40;3
1;IBAN;2015;40;5
1;IBAN;2016;40;3
1;IBAN;2017;40;3
1;ILAN;2006;40;5
1;ILAN;2007;40;5
1;ILAN;2008;40;5
1;ILAN;2009;40;3
1;ILAN;2010;40;7
1;ILAN;2011;40;3
1;ILAN;2013;40;3
1;ILAN;2014;40;3
1;ILAN;2020;40;3
1;ILHAN;2014;40;3
1;IMANOL;2006;40;4
1;IMRAN;2017;40;3
1;IMRAN;2019;40;3
1;ISAAC;2010;40;4
1;ISAAC;2018;40;3
1;ISAAC;2020;40;7
1;ISAAC;2021;40;3
1;ISMAËL;2021;40;3
1;JAMES;2017;40;3
1;JASON;2000;40;3
1;JASON;2001;40;5
1;JASON;2003;40;6
1;JASON;2006;40;4
1;JASON;2010;40;4
1;JEAN;2000;40;8
1;JEAN;2001;40;8
1;JEAN;2002;40;6
1;JEAN;2003;40;3
1;JEAN;2004;40;5
1;JEAN;2005;40;5
1;JEAN;2006;40;6
1;JEAN;2007;40;7
1;JEAN;2008;40;7
1;JEAN;2009;40;4
1;JEAN;2010;40;3
1;JEAN;2012;40;6
1;JEAN;2014;40;6
1;JEAN;2015;40;3
1;JEAN;2016;40;3
1;JEAN;2017;40;4
1;JEAN;2018;40;4
1;JEAN;2019;40;3
1;JEAN;2021;40;3
1;JEAN-BAPTISTE;2000;40;6
1;JEAN-BAPTISTE;2001;40;3
1;JEAN-BAPTISTE;2007;40;3
1;JEREMIE;2000;40;3
1;JEREMY;2000;40;11
1;JEREMY;2001;40;6
1;JEREMY;2002;40;8
1;JEREMY;2003;40;6
1;JEREMY;2004;40;3
1;JEREMY;2005;40;3
1;JEREMY;2006;40;5
1;JEREMY;2007;40;4
1;JEREMY;2008;40;4
1;JEREMY;2011;40;3
1;JÉRÉMY;2011;40;3
1;JIMMY;2002;40;3
1;JOAN;2007;40;3
1;JOAN;2008;40;3
1;JOAN;2015;40;5
1;JOHAN;2001;40;3
1;JOHAN;2005;40;3
1;JOHAN;2006;40;5
1;JOHAN;2007;40;5
1;JOHAN;2008;40;4
1;JOHAN;2010;40;3
1;JOHAN;2011;40;3
1;JOHAN;2012;40;4
1;JONAH;2008;40;3
1;JONATHAN;2000;40;5
1;JONATHAN;2001;40;5
1;JONATHAN;2002;40;9
1;JONATHAN;2003;40;9
1;JONATHAN;2004;40;5
1;JONATHAN;2005;40;4
1;JONATHAN;2008;40;4
1;JONATHAN;2011;40;3
1;JORDAN;2000;40;6
1;JORDAN;2001;40;4
1;JORDAN;2002;40;7
1;JORDAN;2003;40;5
1;JORDAN;2004;40;4
1;JORDAN;2005;40;3
1;JORDAN;2007;40;4
1;JORDAN;2008;40;5
1;JORDAN;2013;40;3
1;JORIS;2000;40;3
1;JORIS;2002;40;3
1;JORIS;2003;40;3
1;JORIS;2004;40;3
1;JORIS;2005;40;5
1;JORIS;2007;40;3
1;JORIS;2016;40;3
1;JOSEPH;2002;40;3
1;JOSEPH;2018;40;3
1;JOSHUA;2009;40;3
1;JULES;2000;40;10
1;JULES;2001;40;9
1;JULES;2002;40;9
1;JULES;2003;40;11
1;JULES;2004;40;13
1;JULES;2005;40;13
1;JULES;2006;40;19
1;JULES;2007;40;23
1;JULES;2008;40;23
1;JULES;2009;40;20
1;JULES;2010;40;13
1;JULES;2011;40;22
1;JULES;2012;40;34
1;JULES;2013;40;20
1;JULES;2014;40;20
1;JULES;2015;40;25
1;JULES;2016;40;28
1;JULES;2017;40;20
1;JULES;2018;40;12
1;JULES;2019;40;12
1;JULES;2020;40;15
1;JULES;2021;40;17
1;JULIAN;2000;40;4
1;JULIAN;2003;40;3
1;JULIAN;2007;40;3
1;JULIAN;2010;40;3
1;JULIAN;2015;40;5
1;JULIAN;2016;40;3
1;JULIAN;2018;40;3
1;JULIAN;2019;40;4
1;JULIEN;2000;40;11
1;JULIEN;2001;40;11
1;JULIEN;2002;40;13
1;JULIEN;2003;40;9
1;JULIEN;2004;40;7
1;JULIEN;2005;40;5
1;JULIEN;2006;40;6
1;JULIEN;2007;40;9
1;JULIEN;2008;40;6
1;JULIEN;2009;40;4
1;JULIEN;2010;40;6
1;JULIEN;2011;40;8
1;JULIEN;2015;40;4
1;JUSTIN;2000;40;3
1;JUSTIN;2001;40;4
1;JUSTIN;2004;40;5
1;JUSTIN;2006;40;4
1;JUSTIN;2008;40;4
1;JUSTIN;2009;40;3
1;JUSTIN;2010;40;3
1;JUSTIN;2012;40;4
1;JUSTIN;2018;40;3
1;KAYDEN;2020;40;3
1;KAYDEN;2021;40;8
1;KELIAN;2006;40;3
1;KELIAN;2010;40;3
1;KELLIAN;2005;40;3
1;KELYAN;2006;40;3
1;KENZO;2002;40;4
1;KENZO;2004;40;5
1;KENZO;2006;40;4
1;KENZO;2007;40;5
1;KENZO;2008;40;8
1;KENZO;2009;40;3
1;KENZO;2014;40;12
1;KENZO;2015;40;5
1;KENZO;2016;40;3
1;KENZO;2017;40;3
1;KENZO;2020;40;3
1;KEVIN;2000;40;19
1;KEVIN;2001;40;11
1;KEVIN;2002;40;13
1;KEVIN;2003;40;12
1;KEVIN;2004;40;11
1;KEVIN;2006;40;6
1;KEVIN;2007;40;5
1;KEVIN;2009;40;3
1;KILIAN;2004;40;3
1;KILIAN;2005;40;6
1;KILIAN;2008;40;4
1;KILIAN;2009;40;4
1;KILLIAN;2000;40;8
1;KILLIAN;2001;40;3
1;KILLIAN;2002;40;6
1;KILLIAN;2003;40;9
1;KILLIAN;2004;40;10
1;KILLIAN;2005;40;7
1;KILLIAN;2006;40;5
1;KILLIAN;2007;40;7
1;KILLIAN;2008;40;3
1;KILLIAN;2009;40;4
1;KILLIAN;2011;40;4
1;KINGSLEY;2020;40;3
1;KYLIAN;2002;40;7
1;KYLIAN;2003;40;5
1;KYLIAN;2004;40;3
1;KYLIAN;2005;40;3
1;KYLIAN;2006;40;5
1;KYLIAN;2007;40;5
1;KYLIAN;2008;40;16
1;KYLIAN;2009;40;4
1;KYLIAN;2010;40;12
1;KYLIAN;2011;40;10
1;KYLIAN;2012;40;11
1;KYLIAN;2013;40;6
1;KYLIAN;2014;40;4
1;KYLIAN;2020;40;3
1;KYLLIAN;2004;40;4
1;KYLLIAN;2010;40;3
1;LÉANDRE;2014;40;5
1;LÉANDRE;2016;40;6
1;LÉANDRE;2019;40;3
1;LÉANDRE;2021;40;5
1;LEANDRO;2012;40;3
1;LÉANDRO;2012;40;3
1;LÉANDRO;2016;40;4
1;LÉANDRO;2021;40;4
1;LENNY;2003;40;4
1;LENNY;2004;40;4
1;LENNY;2006;40;6
1;LENNY;2007;40;5
1;LENNY;2009;40;4
1;LENNY;2010;40;5
1;LENNY;2011;40;10
1;LENNY;2013;40;7
1;LENNY;2014;40;3
1;LENNY;2015;40;7
1;LENNY;2016;40;5
1;LENNY;2017;40;5
1;LENNY;2018;40;3
1;LENNY;2019;40;3
1;LENY;2003;40;3
1;LENY;2006;40;4
1;LENY;2009;40;6
1;LENY;2013;40;3
1;LEO;2010;40;6
1;LEO;2011;40;7
1;LÉO;2000;40;15
1;LÉO;2001;40;14
1;LÉO;2002;40;20
1;LÉO;2003;40;23
1;LÉO;2004;40;20
1;LÉO;2005;40;23
1;LÉO;2006;40;20
1;LÉO;2007;40;17
1;LÉO;2008;40;13
1;LÉO;2009;40;27
1;LÉO;2010;40;17
1;LÉO;2011;40;17
1;LÉO;2012;40;20
1;LÉO;2013;40;19
1;LÉO;2014;40;23
1;LÉO;2015;40;21
1;LÉO;2016;40;23
1;LÉO;2017;40;24
1;LÉO;2018;40;24
1;LÉO;2019;40;25
1;LÉO;2020;40;17
1;LÉO;2021;40;13
1;LÉON;2004;40;3
1;LÉON;2012;40;5
1;LÉON;2014;40;5
1;LÉON;2016;40;5
1;LÉON;2017;40;5
1;LÉON;2019;40;10
1;LÉON;2020;40;7
1;LÉON;2021;40;8
1;LIAM;2003;40;3
1;LIAM;2006;40;3
1;LIAM;2007;40;3
1;LIAM;2008;40;4
1;LIAM;2010;40;3
1;LIAM;2012;40;7
1;LIAM;2013;40;10
1;LIAM;2014;40;7
1;LIAM;2015;40;12
1;LIAM;2016;40;17
1;LIAM;2017;40;10
1;LIAM;2018;40;19
1;LIAM;2019;40;7
1;LIAM;2020;40;11
1;LIAM;2021;40;3
1;LILIAN;2000;40;6
1;LILIAN;2003;40;3
1;LILIAN;2004;40;3
1;LILIAN;2005;40;4
1;LILIAN;2006;40;6
1;LILIAN;2007;40;5
1;LILIAN;2009;40;4
1;LILIAN;2010;40;4
1;LILIAN;2011;40;4
1;LILIAN;2014;40;4
1;LINO;2010;40;3
1;LINO;2011;40;3
1;LINO;2018;40;3
1;LINO;2019;40;3
1;LINO;2020;40;4
1;LISANDRO;2018;40;3
1;LIVIO;2021;40;4
1;LOAN;2004;40;3
1;LOAN;2007;40;4
1;LOAN;2009;40;6
1;LOAN;2010;40;4
1;LOAN;2011;40;4
1;LOAN;2013;40;6
1;LOAN;2014;40;4
1;LOAN;2015;40;3
1;LOAN;2018;40;3
1;LOGAN;2002;40;4
1;LOGAN;2015;40;5
1;LOGAN;2016;40;4
1;LOGAN;2018;40;4
1;LOGAN;2020;40;5
1;LOHAN;2008;40;3
1;LOHAN;2009;40;3
1;LOHAN;2010;40;4
1;LOHAN;2014;40;3
1;LOÏC;2000;40;9
1;LOÏC;2001;40;13
1;LOÏC;2002;40;6
1;LOÏC;2004;40;6
1;LOÏC;2005;40;4
1;LOÏC;2008;40;4
1;LOÏC;2010;40;3
1;LOÏC;2013;40;4
1;LOÏC;2016;40;4
1;LOÏS;2018;40;3
1;LORENZO;2004;40;4
1;LORENZO;2005;40;8
1;LORENZO;2006;40;4
1;LORENZO;2007;40;4
1;LORENZO;2008;40;7
1;LORENZO;2010;40;8
1;LORENZO;2011;40;5
1;LORENZO;2013;40;8
1;LORENZO;2014;40;6
1;LORENZO;2015;40;7
1;LORENZO;2016;40;4
1;LORENZO;2018;40;4
1;LORENZO;2019;40;4
1;LORENZO;2020;40;4
1;LORIS;2006;40;3
1;LORIS;2008;40;4
1;LORIS;2010;40;4
1;LORIS;2014;40;3
1;LORIS;2015;40;4
1;LOUCAS;2012;40;3
1;LOUIS;2000;40;24
1;LOUIS;2001;40;17
1;LOUIS;2002;40;19
1;LOUIS;2003;40;17
1;LOUIS;2004;40;14
1;LOUIS;2005;40;27
1;LOUIS;2006;40;18
1;LOUIS;2007;40;19
1;LOUIS;2008;40;24
1;LOUIS;2009;40;17
1;LOUIS;2010;40;24
1;LOUIS;2011;40;18
1;LOUIS;2012;40;22
1;LOUIS;2013;40;24
1;LOUIS;2014;40;19
1;LOUIS;2015;40;19
1;LOUIS;2016;40;21
1;LOUIS;2017;40;17
1;LOUIS;2018;40;17
1;LOUIS;2019;40;28
1;LOUIS;2020;40;10
1;LOUIS;2021;40;16
1;LOUKA;2006;40;3
1;LOUKA;2008;40;4
1;LOUKA;2009;40;4
1;LOUKA;2010;40;3
1;LOUKA;2011;40;4
1;LOUKA;2012;40;8
1;LOUKA;2013;40;7
1;LOUKA;2014;40;6
1;LOUKA;2015;40;10
1;LOUKA;2016;40;7
1;LOUKA;2019;40;5
1;LUC;2002;40;5
1;LUC;2005;40;6
1;LUC;2012;40;3
1;LUCA;2003;40;3
1;LUCA;2007;40;3
1;LUCA;2008;40;5
1;LUCA;2009;40;3
1;LUCA;2014;40;3
1;LUCA;2016;40;4
1;LUCA;2017;40;5
1;LUCAS;2000;40;44
1;LUCAS;2001;40;38
1;LUCAS;2002;40;43
1;LUCAS;2003;40;36
1;LUCAS;2004;40;33
1;LUCAS;2005;40;34
1;LUCAS;2006;40;34
1;LUCAS;2007;40;35
1;LUCAS;2008;40;26
1;LUCAS;2009;40;31
1;LUCAS;2010;40;43
1;LUCAS;2011;40;30
1;LUCAS;2012;40;23
1;LUCAS;2013;40;21
1;LUCAS;2014;40;33
1;LUCAS;2015;40;25
1;LUCAS;2016;40;20
1;LUCAS;2017;40;11
1;LUCAS;2018;40;16
1;LUCAS;2019;40;15
1;LUCAS;2020;40;16
1;LUCAS;2021;40;18
1;LUCIANO;2017;40;3
1;LUCIEN;2011;40;3
1;LUCIEN;2012;40;3
1;LUCIEN;2017;40;4
1;LUCIEN;2018;40;4
1;LUDOVIC;2000;40;5
1;LUDOVIC;2001;40;8
1;LUDOVIC;2008;40;3
1;LUIS;2010;40;3
1;LUKA;2008;40;3
1;LUKA;2009;40;4
1;LUKA;2012;40;5
1;LUKA;2014;40;3
1;LUKA;2015;40;3
1;LUKAS;2003;40;3
1;LUKAS;2004;40;7
1;LUKAS;2006;40;3
1;LUKAS;2007;40;5
1;LUKAS;2008;40;3
1;LUKAS;2012;40;4
1;LUKAS;2013;40;4
1;LUKAS;2017;40;4
1;LYAM;2015;40;3
1;LYAM;2016;40;3
1;LYAM;2017;40;6
1;LYAM;2018;40;4
1;LYAM;2019;40;3
1;LYAM;2020;40;4
1;LYAM;2021;40;11
1;MAÉ;2012;40;3
1;MAÉ;2016;40;3
1;MAÉ;2021;40;9
1;MAEL;2001;40;9
1;MAEL;2002;40;4
1;MAEL;2003;40;10
1;MAEL;2004;40;8
1;MAEL;2005;40;9
1;MAEL;2006;40;10
1;MAEL;2007;40;8
1;MAEL;2008;40;9
1;MAEL;2009;40;17
1;MAEL;2010;40;9
1;MAEL;2011;40;7
1;MAEL;2012;40;5
1;MAEL;2014;40;3
1;MAËL;2010;40;4
1;MAËL;2011;40;10
1;MAËL;2012;40;14
1;MAËL;2013;40;12
1;MAËL;2014;40;17
1;MAËL;2015;40;17
1;MAËL;2016;40;18
1;MAËL;2017;40;14
1;MAËL;2018;40;13
1;MAËL;2019;40;14
1;MAËL;2020;40;14
1;MAËL;2021;40;20
1;MAHÉ;2011;40;3
1;MAHÉ;2012;40;3
1;MAHÉ;2015;40;3
1;MAHÉ;2017;40;4
1;MAHÉ;2018;40;4
1;MAHÉ;2019;40;4
1;MAHÉ;2020;40;6
1;MALO;2007;40;3
1;MALO;2013;40;5
1;MALO;2017;40;3
1;MALO;2021;40;6
1;MALONE;2018;40;4
1;MALONE;2020;40;3
1;MARC;2000;40;5
1;MARC;2003;40;3
1;MARC;2007;40;3
1;MARCEAU;2015;40;3
1;MARCEAU;2019;40;5
1;MARCEAU;2020;40;3
1;MARCEAU;2021;40;4
1;MARCO;2002;40;3
1;MARIUS;2003;40;3
1;MARIUS;2004;40;3
1;MARIUS;2005;40;4
1;MARIUS;2006;40;3
1;MARIUS;2009;40;5
1;MARIUS;2012;40;6
1;MARIUS;2013;40;3
1;MARIUS;2014;40;8
1;MARIUS;2015;40;5
1;MARIUS;2016;40;5
1;MARIUS;2017;40;5
1;MARIUS;2018;40;7
1;MARIUS;2019;40;9
1;MARIUS;2020;40;3
1;MARIUS;2021;40;5
1;MARTIN;2000;40;9
1;MARTIN;2001;40;7
1;MARTIN;2002;40;9
1;MARTIN;2003;40;5
1;MARTIN;2004;40;7
1;MARTIN;2005;40;7
1;MARTIN;2006;40;4
1;MARTIN;2007;40;17
1;MARTIN;2008;40;9
1;MARTIN;2009;40;10
1;MARTIN;2010;40;8
1;MARTIN;2011;40;5
1;MARTIN;2012;40;7
1;MARTIN;2013;40;5
1;MARTIN;2014;40;12
1;MARTIN;2015;40;15
1;MARTIN;2016;40;11
1;MARTIN;2017;40;4
1;MARTIN;2018;40;15
1;MARTIN;2019;40;15
1;MARTIN;2020;40;14
1;MARTIN;2021;40;11
1;MATEO;2017;40;3
1;MATÉO;2000;40;3
1;MATÉO;2001;40;6
1;MATÉO;2002;40;6
1;MATÉO;2003;40;5
1;MATÉO;2004;40;7
1;MATÉO;2005;40;5
1;MATÉO;2006;40;6
1;MATÉO;2007;40;6
1;MATÉO;2008;40;9
1;MATÉO;2009;40;5
1;MATÉO;2012;40;4
1;MATÉO;2013;40;3
1;MATÉO;2015;40;4
1;MATHEO;2010;40;3
1;MATHEO;2011;40;5
1;MATHÉO;2001;40;4
1;MATHÉO;2002;40;3
1;MATHÉO;2003;40;12
1;MATHÉO;2004;40;16
1;MATHÉO;2005;40;19
1;MATHÉO;2006;40;24
1;MATHÉO;2007;40;20
1;MATHÉO;2008;40;20
1;MATHÉO;2009;40;16
1;MATHÉO;2010;40;11
1;MATHÉO;2011;40;9
1;MATHÉO;2012;40;12
1;MATHÉO;2013;40;6
1;MATHÉO;2014;40;10
1;MATHÉO;2015;40;6
1;MATHÉO;2016;40;8
1;MATHÉO;2017;40;13
1;MATHÉO;2018;40;3
1;MATHÉO;2019;40;6
1;MATHÉO;2020;40;4
1;MATHÉO;2021;40;6
1;MATHIAS;2000;40;6
1;MATHIAS;2001;40;4
1;MATHIAS;2002;40;9
1;MATHIAS;2003;40;7
1;MATHIAS;2004;40;3
1;MATHIAS;2005;40;7
1;MATHIAS;2006;40;6
1;MATHIAS;2007;40;6
1;MATHIAS;2008;40;5
1;MATHIAS;2009;40;7
1;MATHIAS;2010;40;7
1;MATHIAS;2011;40;4
1;MATHIAS;2012;40;5
1;MATHIAS;2013;40;3
1;MATHIAS;2015;40;3
1;MATHIAS;2016;40;3
1;MATHIAS;2017;40;3
1;MATHIAS;2018;40;5
1;MATHIAS;2020;40;4
1;MATHIEU;2000;40;12
1;MATHIEU;2001;40;13
1;MATHIEU;2002;40;10
1;MATHIEU;2003;40;12
1;MATHIEU;2004;40;12
1;MATHIEU;2005;40;7
1;MATHIEU;2006;40;7
1;MATHIEU;2007;40;6
1;MATHIEU;2008;40;4
1;MATHIEU;2009;40;6
1;MATHIEU;2010;40;5
1;MATHIEU;2011;40;5
1;MATHIEU;2012;40;7
1;MATHIS;2000;40;8
1;MATHIS;2001;40;8
1;MATHIS;2002;40;12
1;MATHIS;2003;40;16
1;MATHIS;2004;40;16
1;MATHIS;2005;40;24
1;MATHIS;2006;40;28
1;MATHIS;2007;40;25
1;MATHIS;2008;40;31
1;MATHIS;2009;40;21
1;MATHIS;2010;40;20
1;MATHIS;2011;40;24
1;MATHIS;2012;40;14
1;MATHIS;2013;40;15
1;MATHIS;2014;40;13
1;MATHIS;2015;40;14
1;MATHIS;2016;40;10
1;MATHIS;2017;40;8
1;MATHIS;2018;40;9
1;MATHIS;2019;40;6
1;MATHIS;2020;40;11
1;MATHIS;2021;40;12
1;MATHYS;2003;40;3
1;MATHYS;2004;40;4
1;MATHYS;2005;40;11
1;MATHYS;2007;40;5
1;MATHYS;2008;40;12
1;MATHYS;2009;40;7
1;MATHYS;2010;40;6
1;MATHYS;2011;40;8
1;MATHYS;2012;40;9
1;MATHYS;2013;40;5
1;MATHYS;2015;40;3
1;MATHYS;2017;40;3
1;MATHYS;2018;40;4
1;MATHYS;2019;40;3
1;MATHYS;2020;40;6
1;MATHYS;2021;40;3
1;MATIAS;2009;40;3
1;MATIS;2002;40;3
1;MATIS;2004;40;4
1;MATIS;2005;40;3
1;MATIS;2007;40;4
1;MATIS;2008;40;5
1;MATTEO;2010;40;3
1;MATTEO;2018;40;3
1;MATTÉO;2001;40;8
1;MATTÉO;2002;40;8
1;MATTÉO;2003;40;15
1;MATTÉO;2004;40;20
1;MATTÉO;2005;40;11
1;MATTÉO;2006;40;10
1;MATTÉO;2007;40;9
1;MATTÉO;2008;40;5
1;MATTÉO;2009;40;8
1;MATTÉO;2011;40;4
1;MATTÉO;2012;40;5
1;MATTÉO;2013;40;3
1;MATTÉO;2015;40;10
1;MATTÉO;2016;40;5
1;MATTÉO;2018;40;8
1;MATTÉO;2020;40;3
1;MATTÉO;2021;40;3
1;MATTHEW;2019;40;3
1;MATTHIAS;2000;40;3
1;MATTHIAS;2001;40;4
1;MATTHIAS;2007;40;3
1;MATTHIEU;2000;40;4
1;MATTHIEU;2001;40;4
1;MATTHIEU;2003;40;4
1;MATTHIEU;2007;40;6
1;MATTIS;2008;40;4
1;MATYS;2010;40;3
1;MAX;2005;40;3
1;MAX;2009;40;4
1;MAX;2013;40;3
1;MAXENCE;2000;40;4
1;MAXENCE;2001;40;3
1;MAXENCE;2002;40;5
1;MAXENCE;2003;40;3
1;MAXENCE;2004;40;3
1;MAXENCE;2005;40;7
1;MAXENCE;2006;40;3
1;MAXENCE;2007;40;6
1;MAXENCE;2008;40;7
1;MAXENCE;2009;40;10
1;MAXENCE;2010;40;7
1;MAXENCE;2011;40;7
1;MAXENCE;2012;40;13
1;MAXENCE;2013;40;6
1;MAXENCE;2014;40;7
1;MAXENCE;2015;40;4
1;MAXENCE;2016;40;6
1;MAXENCE;2017;40;6
1;MAXENCE;2018;40;9
1;MAXENCE;2019;40;8
1;MAXENCE;2020;40;5
1;MAXENCE;2021;40;6
1;MAXIME;2000;40;33
1;MAXIME;2001;40;29
1;MAXIME;2002;40;28
1;MAXIME;2003;40;16
1;MAXIME;2004;40;24
1;MAXIME;2005;40;18
1;MAXIME;2006;40;21
1;MAXIME;2007;40;22
1;MAXIME;2008;40;22
1;MAXIME;2009;40;19
1;MAXIME;2010;40;18
1;MAXIME;2011;40;10
1;MAXIME;2012;40;14
1;MAXIME;2013;40;9
1;MAXIME;2014;40;10
1;MAXIME;2015;40;8
1;MAXIME;2016;40;4
1;MAXIME;2017;40;7
1;MAXIME;2018;40;6
1;MAXIME;2019;40;5
1;MAXIME;2020;40;10
1;MAXIME;2021;40;3
1;MAYLON;2020;40;3
1;MAYRON;2014;40;3
1;MAYRON;2017;40;4
1;MAYRON;2019;40;4
1;MAYRON;2020;40;4
1;MEHDI;2001;40;4
1;MEHDI;2003;40;3
1;MEHDI;2009;40;3
1;MELVIN;2011;40;3
1;MICKAEL;2000;40;5
1;MICKAEL;2001;40;4
1;MICKAEL;2009;40;3
1;MIKE;2004;40;3
1;MILAN;2015;40;4
1;MILAN;2016;40;5
1;MILAN;2017;40;3
1;MILAN;2019;40;3
1;MILAN;2020;40;4
1;MILAN;2021;40;3
1;MILANN;2020;40;3
1;MILO;2005;40;3
1;MILO;2010;40;5
1;MILO;2014;40;4
1;MILO;2015;40;7
1;MILO;2016;40;6
1;MILO;2018;40;8
1;MILO;2019;40;5
1;MILO;2020;40;8
1;MILO;2021;40;9
1;MOHAMED;2018;40;3
1;MOHAMED;2020;40;3
1;MOHAMED-AMINE;2011;40;3
1;MORGAN;2002;40;3
1;MORGAN;2007;40;3
1;MORGAN;2009;40;3
1;MORGAN;2010;40;5
1;MORGAN;2011;40;5
1;MORGAN;2012;40;3
1;MORGAN;2016;40;3
1;NAËL;2014;40;4
1;NAËL;2015;40;4
1;NAËL;2017;40;6
1;NAËL;2018;40;3
1;NAËL;2019;40;5
1;NAËL;2021;40;4
1;NAÏM;2019;40;3
1;NAÏM;2020;40;3
1;NAÏM;2021;40;3
1;NATHAEL;2009;40;3
1;NATHAEL;2010;40;4
1;NATHAN;2000;40;13
1;NATHAN;2001;40;14
1;NATHAN;2002;40;10
1;NATHAN;2003;40;19
1;NATHAN;2004;40;14
1;NATHAN;2005;40;7
1;NATHAN;2006;40;18
1;NATHAN;2007;40;21
1;NATHAN;2008;40;23
1;NATHAN;2009;40;33
1;NATHAN;2010;40;27
1;NATHAN;2011;40;25
1;NATHAN;2012;40;22
1;NATHAN;2013;40;16
1;NATHAN;2014;40;18
1;NATHAN;2015;40;12
1;NATHAN;2016;40;10
1;NATHAN;2017;40;14
1;NATHAN;2018;40;13
1;NATHAN;2019;40;9
1;NATHAN;2020;40;10
1;NATHAN;2021;40;14
1;NATHANAEL;2008;40;3
1;NATHANAËL;2013;40;3
1;NATHANAËL;2019;40;3
1;NATHÉO;2016;40;3
1;NEO;2003;40;3
1;NICOLAS;2000;40;29
1;NICOLAS;2001;40;19
1;NICOLAS;2002;40;14
1;NICOLAS;2003;40;18
1;NICOLAS;2004;40;12
1;NICOLAS;2005;40;4
1;NICOLAS;2006;40;9
1;NICOLAS;2007;40;9
1;NICOLAS;2008;40;7
1;NICOLAS;2009;40;5
1;NICOLAS;2011;40;3
1;NICOLAS;2012;40;4
1;NICOLAS;2013;40;3
1;NICOLAS;2015;40;4
1;NILS;2005;40;3
1;NINO;2007;40;5
1;NINO;2009;40;3
1;NINO;2010;40;3
1;NINO;2011;40;4
1;NINO;2013;40;4
1;NINO;2014;40;5
1;NINO;2015;40;3
1;NINO;2016;40;4
1;NINO;2017;40;10
1;NINO;2018;40;7
1;NINO;2019;40;8
1;NINO;2020;40;10
1;NINO;2021;40;3
1;NOA;2003;40;3
1;NOA;2004;40;7
1;NOA;2005;40;9
1;NOA;2006;40;15
1;NOA;2007;40;17
1;NOA;2008;40;13
1;NOA;2009;40;13
1;NOA;2010;40;10
1;NOA;2011;40;10
1;NOA;2012;40;14
1;NOA;2013;40;5
1;NOA;2014;40;5
1;NOA;2015;40;3
1;NOA;2016;40;3
1;NOA;2017;40;10
1;NOA;2019;40;7
1;NOA;2020;40;5
1;NOA;2021;40;6
1;NOAH;2001;40;4
1;NOAH;2002;40;7
1;NOAH;2003;40;4
1;NOAH;2004;40;6
1;NOAH;2005;40;14
1;NOAH;2006;40;17
1;NOAH;2007;40;17
1;NOAH;2008;40;12
1;NOAH;2009;40;14
1;NOAH;2010;40;17
1;NOAH;2011;40;17
1;NOAH;2012;40;10
1;NOAH;2013;40;8
1;NOAH;2014;40;8
1;NOAH;2015;40;11
1;NOAH;2016;40;16
1;NOAH;2017;40;16
1;NOAH;2018;40;12
1;NOAH;2019;40;7
1;NOAH;2020;40;19
1;NOAH;2021;40;10
1;NOAM;2008;40;3
1;NOAM;2009;40;6
1;NOAM;2012;40;5
1;NOAM;2015;40;5
1;NOAM;2016;40;3
1;NOAM;2020;40;3
1;NOAM;2021;40;3
1;NOE;2002;40;5
1;NOE;2004;40;3
1;NOE;2005;40;8
1;NOE;2006;40;6
1;NOE;2007;40;5
1;NOE;2008;40;5
1;NOE;2009;40;13
1;NOE;2010;40;9
1;NOÉ;2011;40;3
1;NOÉ;2012;40;9
1;NOÉ;2013;40;13
1;NOÉ;2014;40;15
1;NOÉ;2015;40;9
1;NOÉ;2016;40;6
1;NOÉ;2017;40;8
1;NOÉ;2018;40;5
1;NOÉ;2019;40;7
1;NOÉ;2020;40;7
1;NOÉ;2021;40;15
1;NOHAM;2010;40;3
1;NOHAM;2011;40;4
1;NOHAM;2014;40;3
1;NOHAM;2017;40;3
1;NOLAN;2002;40;4
1;NOLAN;2006;40;8
1;NOLAN;2007;40;7
1;NOLAN;2008;40;9
1;NOLAN;2009;40;13
1;NOLAN;2010;40;9
1;NOLAN;2011;40;12
1;NOLAN;2012;40;17
1;NOLAN;2013;40;17
1;NOLAN;2014;40;14
1;NOLAN;2015;40;17
1;NOLAN;2016;40;11
1;NOLAN;2017;40;11
1;NOLAN;2018;40;9
1;NOLAN;2019;40;7
1;NOLAN;2020;40;4
1;NOLAN;2021;40;5
1;NOLANN;2005;40;3
1;NOLANN;2006;40;5
1;NOLANN;2008;40;5
1;NOLHAN;2009;40;3
1;NOLHAN;2011;40;3
1;NOLHAN;2013;40;4
1;NOLHAN;2014;40;6
1;OCTAVE;2011;40;3
1;OIHAN;2008;40;3
1;OIHAN;2013;40;4
1;OIHAN;2014;40;3
1;OIHAN;2015;40;3
1;OIHAN;2016;40;5
1;OLIVIER;2005;40;3
1;OSCAR;2011;40;6
1;OSCAR;2013;40;3
1;OSCAR;2015;40;3
1;OSCAR;2016;40;3
1;OSCAR;2018;40;4
1;OWEN;2007;40;4
1;OWEN;2008;40;3
1;OWEN;2009;40;3
1;OWEN;2011;40;3
1;OWEN;2012;40;3
1;OWEN;2015;40;5
1;OWEN;2018;40;4
1;OWEN;2019;40;5
1;OWEN;2020;40;4
1;OWEN;2021;40;5
1;PABLO;2000;40;4
1;PABLO;2002;40;4
1;PABLO;2003;40;3
1;PABLO;2004;40;3
1;PABLO;2005;40;3
1;PABLO;2006;40;8
1;PABLO;2008;40;8
1;PABLO;2009;40;6
1;PABLO;2010;40;7
1;PABLO;2011;40;4
1;PABLO;2012;40;6
1;PABLO;2013;40;3
1;PABLO;2015;40;4
1;PABLO;2016;40;6
1;PABLO;2019;40;4
1;PABLO;2020;40;11
1;PABLO;2021;40;5
1;PACO;2007;40;7
1;PACO;2009;40;5
1;PACO;2016;40;4
1;PACO;2019;40;4
1;PAOLO;2006;40;4
1;PAOLO;2013;40;3
1;PATXI;2010;40;4
1;PAUL;2000;40;16
1;PAUL;2001;40;30
1;PAUL;2002;40;28
1;PAUL;2003;40;19
1;PAUL;2004;40;22
1;PAUL;2005;40;15
1;PAUL;2006;40;24
1;PAUL;2007;40;19
1;PAUL;2008;40;17
1;PAUL;2009;40;7
1;PAUL;2010;40;18
1;PAUL;2011;40;13
1;PAUL;2012;40;10
1;PAUL;2013;40;18
1;PAUL;2014;40;13
1;PAUL;2015;40;18
1;PAUL;2016;40;16
1;PAUL;2017;40;14
1;PAUL;2018;40;19
1;PAUL;2019;40;8
1;PAUL;2020;40;16
1;PAUL;2021;40;12
1;PEIO;2004;40;3
1;PEIO;2005;40;3
1;PEIO;2006;40;4
1;PEIO;2007;40;4
1;PEIO;2008;40;3
1;PIERRE;2000;40;25
1;PIERRE;2001;40;20
1;PIERRE;2002;40;19
1;PIERRE;2003;40;13
1;PIERRE;2004;40;12
1;PIERRE;2005;40;7
1;PIERRE;2006;40;7
1;PIERRE;2007;40;4
1;PIERRE;2008;40;8
1;PIERRE;2009;40;6
1;PIERRE;2010;40;6
1;PIERRE;2011;40;3
1;PIERRE;2012;40;6
1;PIERRE;2014;40;5
1;PIERRE;2016;40;5
1;PIERRE;2020;40;4
1;QUENTIN;2000;40;27
1;QUENTIN;2001;40;23
1;QUENTIN;2002;40;24
1;QUENTIN;2003;40;18
1;QUENTIN;2004;40;19
1;QUENTIN;2005;40;17
1;QUENTIN;2006;40;17
1;QUENTIN;2007;40;12
1;QUENTIN;2008;40;14
1;QUENTIN;2009;40;8
1;QUENTIN;2010;40;7
1;QUENTIN;2011;40;6
1;QUENTIN;2012;40;5
1;QUENTIN;2013;40;5
1;QUENTIN;2014;40;6
1;QUENTIN;2016;40;3
1;QUENTIN;2018;40;3
1;RAFAEL;2005;40;4
1;RAFAEL;2006;40;5
1;RAFAEL;2007;40;6
1;RAFAEL;2009;40;5
1;RAFAEL;2010;40;4
1;RAFAEL;2013;40;3
1;RAFAEL;2014;40;3
1;RAFAEL;2015;40;5
1;RAFAEL;2017;40;4
1;RAFAEL;2018;40;4
1;RAFAËL;2011;40;3
1;RAFAËL;2014;40;7
1;RAFAËL;2017;40;4
1;RAFAËL;2018;40;3
1;RAFAËL;2019;40;3
1;RAFAËL;2020;40;4
1;RAFAËL;2021;40;5
1;RAPHAEL;2010;40;7
1;RAPHAEL;2011;40;6
1;RAPHAËL;2000;40;13
1;RAPHAËL;2001;40;8
1;RAPHAËL;2002;40;7
1;RAPHAËL;2003;40;7
1;RAPHAËL;2004;40;11
1;RAPHAËL;2005;40;10
1;RAPHAËL;2006;40;11
1;RAPHAËL;2007;40;20
1;RAPHAËL;2008;40;23
1;RAPHAËL;2009;40;13
1;RAPHAËL;2010;40;8
1;RAPHAËL;2011;40;14
1;RAPHAËL;2012;40;18
1;RAPHAËL;2013;40;27
1;RAPHAËL;2014;40;12
1;RAPHAËL;2015;40;18
1;RAPHAËL;2016;40;20
1;RAPHAËL;2017;40;17
1;RAPHAËL;2018;40;23
1;RAPHAËL;2019;40;15
1;RAPHAËL;2020;40;23
1;RAPHAËL;2021;40;19
1;RAYAN;2003;40;4
1;RAYAN;2004;40;3
1;RAYAN;2005;40;3
1;RAYAN;2007;40;3
1;RAYAN;2008;40;3
1;RAYAN;2009;40;3
1;RAYAN;2010;40;4
1;RAYAN;2011;40;5
1;RAYAN;2012;40;3
1;RAYAN;2013;40;8
1;RAYAN;2015;40;3
1;RAYAN;2016;40;5
1;RAYAN;2017;40;8
1;RAYAN;2020;40;4
1;RÉMI;2000;40;13
1;RÉMI;2001;40;8
1;RÉMI;2002;40;6
1;RÉMI;2003;40;9
1;RÉMI;2004;40;6
1;RÉMI;2005;40;6
1;RÉMI;2008;40;6
1;RÉMI;2010;40;5
1;RÉMY;2001;40;3
1;RÉMY;2003;40;4
1;RÉMY;2005;40;3
1;RÉMY;2007;40;4
1;RÉMY;2011;40;3
1;ROBIN;2001;40;5
1;ROBIN;2003;40;7
1;ROBIN;2005;40;4
1;ROBIN;2007;40;3
1;ROBIN;2008;40;3
1;ROBIN;2009;40;4
1;ROBIN;2010;40;3
1;ROBIN;2012;40;6
1;ROBIN;2013;40;5
1;ROBIN;2014;40;11
1;ROBIN;2015;40;6
1;ROBIN;2017;40;7
1;ROBIN;2020;40;7
1;ROBIN;2021;40;7
1;ROMAIN;2000;40;28
1;ROMAIN;2001;40;17
1;ROMAIN;2002;40;23
1;ROMAIN;2003;40;21
1;ROMAIN;2004;40;14
1;ROMAIN;2005;40;17
1;ROMAIN;2006;40;8
1;ROMAIN;2007;40;13
1;ROMAIN;2008;40;12
1;ROMAIN;2009;40;8
1;ROMAIN;2010;40;6
1;ROMAIN;2011;40;4
1;ROMAIN;2012;40;7
1;ROMAIN;2013;40;6
1;ROMAIN;2016;40;3
1;ROMAIN;2020;40;3
1;ROMÉO;2019;40;4
1;RONAN;2010;40;3
1;RUBEN;2010;40;5
1;RUBEN;2013;40;7
1;RUBEN;2015;40;4
1;RUBEN;2018;40;4
1;RYAN;2002;40;3
1;RYAN;2004;40;3
1;RYAN;2006;40;7
1;RYAN;2007;40;3
1;SACHA;2004;40;3
1;SACHA;2005;40;5
1;SACHA;2006;40;4
1;SACHA;2007;40;4
1;SACHA;2008;40;7
1;SACHA;2009;40;4
1;SACHA;2010;40;4
1;SACHA;2011;40;8
1;SACHA;2012;40;10
1;SACHA;2013;40;15
1;SACHA;2014;40;10
1;SACHA;2015;40;17
1;SACHA;2016;40;11
1;SACHA;2017;40;5
1;SACHA;2018;40;6
1;SACHA;2019;40;10
1;SACHA;2020;40;8
1;SACHA;2021;40;10
1;SAMUEL;2000;40;7
1;SAMUEL;2001;40;7
1;SAMUEL;2002;40;8
1;SAMUEL;2003;40;11
1;SAMUEL;2004;40;9
1;SAMUEL;2005;40;4
1;SAMUEL;2006;40;8
1;SAMUEL;2007;40;10
1;SAMUEL;2008;40;4
1;SAMUEL;2009;40;10
1;SAMUEL;2010;40;8
1;SAMUEL;2011;40;9
1;SAMUEL;2012;40;7
1;SAMUEL;2013;40;4
1;SAMUEL;2014;40;7
1;SAMUEL;2015;40;4
1;SAMUEL;2016;40;7
1;SAMUEL;2017;40;4
1;SAMUEL;2018;40;7
1;SAMUEL;2021;40;8
1;SAMY;2008;40;3
1;SANDRO;2016;40;4
1;SANDRO;2019;40;3
1;SASHA;2011;40;3
1;SASHA;2013;40;4
1;SASHA;2014;40;5
1;SASHA;2016;40;4
1;SASHA;2017;40;3
1;SASHA;2019;40;5
1;SASHA;2020;40;3
1;SCOTT;2018;40;3
1;SÉBASTIEN;2000;40;5
1;SÉBASTIEN;2001;40;5
1;SÉBASTIEN;2002;40;5
1;SÉBASTIEN;2003;40;5
1;SÉBASTIEN;2004;40;6
1;SÉBASTIEN;2013;40;3
1;SIMON;2000;40;15
1;SIMON;2001;40;13
1;SIMON;2002;40;15
1;SIMON;2003;40;8
1;SIMON;2004;40;10
1;SIMON;2005;40;9
1;SIMON;2006;40;14
1;SIMON;2007;40;11
1;SIMON;2008;40;11
1;SIMON;2009;40;9
1;SIMON;2010;40;4
1;SIMON;2011;40;7
1;SIMON;2012;40;7
1;SIMON;2013;40;12
1;SIMON;2014;40;12
1;SIMON;2015;40;14
1;SIMON;2016;40;11
1;SIMON;2017;40;13
1;SIMON;2018;40;9
1;SIMON;2019;40;6
1;SIMON;2020;40;5
1;SIMON;2021;40;7
1;SOAN;2010;40;8
1;SOAN;2011;40;3
1;SOAN;2012;40;6
1;SOAN;2013;40;6
1;SOAN;2014;40;5
1;SOAN;2017;40;3
1;SOAN;2019;40;11
1;SOAN;2020;40;11
1;SOAN;2021;40;6
1;SOFIANE;2000;40;3
1;SOFIANE;2019;40;5
1;SOHAN;2011;40;3
1;SOHAN;2012;40;3
1;SOHAN;2014;40;3
1;SOHAN;2015;40;4
1;SOHAN;2016;40;4
1;SOHAN;2019;40;4
1;SOHAN;2020;40;3
1;SOHAN;2021;40;6
1;SOLAN;2018;40;3
1;STEEVY;2001;40;3
1;STÉPHANE;2000;40;3
1;STEVEN;2000;40;6
1;SULLIVAN;2001;40;3
1;SWAN;2020;40;3
1;SWANN;2014;40;3
1;SYLVAIN;2000;40;8
1;SYLVAIN;2001;40;6
1;SYLVAIN;2004;40;3
1;TANGUY;2000;40;4
1;TANGUY;2001;40;3
1;TANGUY;2003;40;4
1;TAO;2000;40;3
1;TAO;2007;40;3
1;TAO;2010;40;5
1;TAO;2017;40;3
1;TAO;2018;40;3
1;TAO;2021;40;3
1;TEDDY;2001;40;3
1;TEDDY;2002;40;3
1;TEDDY;2004;40;3
1;TÉO;2000;40;3
1;TÉO;2002;40;4
1;TÉO;2004;40;3
1;TÉO;2007;40;5
1;TÉO;2008;40;3
1;TÉO;2010;40;5
1;TÉO;2012;40;3
1;TÉO;2013;40;3
1;TÉO;2015;40;3
1;THEO;2010;40;7
1;THEO;2011;40;4
1;THÉO;2000;40;35
1;THÉO;2001;40;39
1;THÉO;2002;40;45
1;THÉO;2003;40;41
1;THÉO;2004;40;34
1;THÉO;2005;40;24
1;THÉO;2006;40;16
1;THÉO;2007;40;16
1;THÉO;2008;40;15
1;THÉO;2009;40;15
1;THÉO;2010;40;15
1;THÉO;2011;40;16
1;THÉO;2012;40;23
1;THÉO;2013;40;18
1;THÉO;2014;40;9
1;THÉO;2015;40;9
1;THÉO;2016;40;10
1;THÉO;2017;40;8
1;THÉO;2018;40;11
1;THÉO;2019;40;8
1;THÉO;2020;40;10
1;THÉO;2021;40;9
1;THIAGO;2012;40;3
1;THIAGO;2014;40;3
1;THIAGO;2016;40;5
1;THIAGO;2018;40;3
1;THIBAUD;2005;40;3
1;THIBAUD;2011;40;3
1;THIBAULT;2000;40;14
1;THIBAULT;2001;40;13
1;THIBAULT;2002;40;5
1;THIBAULT;2003;40;5
1;THIBAULT;2004;40;6
1;THIBAULT;2005;40;8
1;THIBAULT;2006;40;6
1;THIBAULT;2007;40;7
1;THIBAULT;2008;40;3
1;THIBAULT;2009;40;5
1;THIBAULT;2010;40;5
1;THIBAULT;2011;40;3
1;THIBAULT;2012;40;6
1;THIBAULT;2013;40;8
1;THIBAULT;2014;40;3
1;THIBAULT;2015;40;4
1;THIBAULT;2016;40;3
1;THIBAULT;2017;40;6
1;THIBAULT;2018;40;3
1;THIBAUT;2000;40;10
1;THIBAUT;2001;40;5
1;THIBAUT;2002;40;5
1;THIBAUT;2003;40;7
1;THIBAUT;2004;40;5
1;THIBAUT;2005;40;5
1;THIBAUT;2006;40;3
1;THIBAUT;2007;40;6
1;THIBAUT;2008;40;7
1;THIBAUT;2009;40;5
1;THIBAUT;2011;40;9
1;THIBAUT;2016;40;3
1;THOMAS;2000;40;48
1;THOMAS;2001;40;52
1;THOMAS;2002;40;39
1;THOMAS;2003;40;36
1;THOMAS;2004;40;43
1;THOMAS;2005;40;29
1;THOMAS;2006;40;18
1;THOMAS;2007;40;22
1;THOMAS;2008;40;18
1;THOMAS;2009;40;13
1;THOMAS;2010;40;18
1;THOMAS;2011;40;6
1;THOMAS;2012;40;13
1;THOMAS;2013;40;5
1;THOMAS;2014;40;9
1;THOMAS;2015;40;4
1;THOMAS;2016;40;5
1;THOMAS;2017;40;3
1;THOMAS;2018;40;3
1;THOMAS;2019;40;4
1;THYMÉO;2021;40;3
1;TIAGO;2006;40;5
1;TIAGO;2007;40;3
1;TIAGO;2008;40;4
1;TIAGO;2009;40;12
1;TIAGO;2010;40;6
1;TIAGO;2011;40;9
1;TIAGO;2012;40;7
1;TIAGO;2013;40;11
1;TIAGO;2014;40;14
1;TIAGO;2015;40;5
1;TIAGO;2016;40;7
1;TIAGO;2017;40;12
1;TIAGO;2018;40;6
1;TIAGO;2019;40;22
1;TIAGO;2020;40;6
1;TIAGO;2021;40;6
1;TIM;2008;40;3
1;TIMEO;2006;40;4
1;TIMEO;2007;40;6
1;TIMEO;2008;40;9
1;TIMEO;2009;40;14
1;TIMEO;2010;40;12
1;TIMEO;2011;40;5
1;TIMÉO;2010;40;5
1;TIMÉO;2011;40;14
1;TIMÉO;2012;40;17
1;TIMÉO;2013;40;19
1;TIMÉO;2014;40;21
1;TIMÉO;2015;40;25
1;TIMÉO;2016;40;11
1;TIMÉO;2017;40;22
1;TIMÉO;2018;40;15
1;TIMÉO;2019;40;9
1;TIMÉO;2020;40;9
1;TIMÉO;2021;40;9
1;TIMOTHE;2003;40;3
1;TIMOTHE;2009;40;7
1;TIMOTHÉ;2011;40;3
1;TIMOTHÉ;2013;40;9
1;TIMOTHÉ;2015;40;5
1;TIMOTHÉ;2017;40;3
1;TIMOTHÉE;2014;40;3
1;TINO;2006;40;3
1;TINO;2021;40;4
1;TITOAN;2011;40;3
1;TITOUAN;2001;40;3
1;TITOUAN;2003;40;4
1;TITOUAN;2004;40;3
1;TITOUAN;2005;40;4
1;TITOUAN;2006;40;12
1;TITOUAN;2007;40;7
1;TITOUAN;2008;40;7
1;TITOUAN;2009;40;9
1;TITOUAN;2010;40;4
1;TITOUAN;2011;40;3
1;TITOUAN;2012;40;5
1;TITOUAN;2014;40;4
1;TITOUAN;2015;40;4
1;TITOUAN;2016;40;4
1;TITOUAN;2017;40;3
1;TITOUAN;2021;40;4
1;TOM;2000;40;7
1;TOM;2001;40;20
1;TOM;2002;40;20
1;TOM;2003;40;12
1;TOM;2004;40;15
1;TOM;2005;40;19
1;TOM;2006;40;14
1;TOM;2007;40;16
1;TOM;2008;40;15
1;TOM;2009;40;20
1;TOM;2010;40;20
1;TOM;2011;40;5
1;TOM;2012;40;18
1;TOM;2013;40;18
1;TOM;2014;40;10
1;TOM;2015;40;14
1;TOM;2016;40;22
1;TOM;2017;40;17
1;TOM;2018;40;16
1;TOM;2019;40;13
1;TOM;2020;40;14
1;TOM;2021;40;9
1;TONY;2000;40;3
1;TONY;2001;40;5
1;TONY;2002;40;5
1;TONY;2003;40;4
1;TONY;2004;40;5
1;TONY;2008;40;3
1;TONY;2009;40;3
1;TONY;2011;40;3
1;TONY;2012;40;3
1;TONY;2013;40;3
1;TRISTAN;2000;40;4
1;TRISTAN;2001;40;8
1;TRISTAN;2002;40;7
1;TRISTAN;2003;40;9
1;TRISTAN;2004;40;5
1;TRISTAN;2005;40;5
1;TRISTAN;2007;40;3
1;TRISTAN;2008;40;4
1;TRISTAN;2009;40;4
1;TRISTAN;2010;40;3
1;TRISTAN;2011;40;3
1;TRISTAN;2013;40;3
1;TRISTAN;2017;40;3
1;TYMÉO;2012;40;4
1;TYMÉO;2013;40;3
1;TYMÉO;2015;40;3
1;UGO;2000;40;4
1;UGO;2004;40;3
1;UGO;2010;40;5
1;UGO;2013;40;4
1;UGO;2020;40;4
1;VALENTIN;2000;40;21
1;VALENTIN;2001;40;22
1;VALENTIN;2002;40;8
1;VALENTIN;2003;40;12
1;VALENTIN;2004;40;11
1;VALENTIN;2005;40;10
1;VALENTIN;2006;40;8
1;VALENTIN;2007;40;4
1;VALENTIN;2008;40;6
1;VALENTIN;2009;40;11
1;VALENTIN;2010;40;10
1;VALENTIN;2011;40;7
1;VALENTIN;2012;40;7
1;VALENTIN;2013;40;4
1;VALENTIN;2014;40;10
1;VALENTIN;2015;40;12
1;VALENTIN;2016;40;6
1;VALENTIN;2017;40;9
1;VALENTIN;2018;40;8
1;VALENTIN;2019;40;8
1;VALENTIN;2020;40;11
1;VALENTIN;2021;40;6
1;VICTOR;2000;40;3
1;VICTOR;2001;40;4
1;VICTOR;2002;40;11
1;VICTOR;2003;40;4
1;VICTOR;2004;40;11
1;VICTOR;2005;40;8
1;VICTOR;2006;40;7
1;VICTOR;2007;40;4
1;VICTOR;2008;40;6
1;VICTOR;2009;40;6
1;VICTOR;2010;40;4
1;VICTOR;2011;40;3
1;VICTOR;2012;40;5
1;VICTOR;2014;40;3
1;VICTOR;2015;40;9
1;VICTOR;2016;40;6
1;VICTOR;2017;40;4
1;VICTOR;2018;40;6
1;VICTOR;2020;40;4
1;VICTOR;2021;40;7
1;VINCENT;2000;40;4
1;VINCENT;2001;40;9
1;VINCENT;2002;40;9
1;VINCENT;2004;40;4
1;VINCENT;2005;40;4
1;VINCENT;2006;40;3
1;VINCENT;2007;40;4
1;VINCENT;2008;40;4
1;VINCENT;2011;40;3
1;WASSIM;2011;40;3
1;WILLIAM;2001;40;5
1;WILLIAM;2002;40;8
1;WILLIAM;2003;40;4
1;WILLIAM;2004;40;3
1;WILLIAM;2006;40;5
1;WILLIAM;2008;40;4
1;WILLIAM;2011;40;5
1;WILLIAM;2012;40;4
1;WILLIAM;2015;40;4
1;WYATT;2007;40;3
1;XABI;2011;40;3
1;XAVIER;2001;40;3
1;XAVIER;2002;40;7
1;YAN;2001;40;5
1;YANIS;2001;40;3
1;YANIS;2002;40;4
1;YANIS;2003;40;6
1;YANIS;2004;40;7
1;YANIS;2005;40;11
1;YANIS;2006;40;16
1;YANIS;2007;40;16
1;YANIS;2008;40;10
1;YANIS;2009;40;13
1;YANIS;2010;40;13
1;YANIS;2011;40;9
1;YANIS;2012;40;3
1;YANIS;2013;40;9
1;YANIS;2014;40;8
1;YANIS;2015;40;5
1;YANIS;2016;40;4
1;YANIS;2018;40;6
1;YANIS;2020;40;5
1;YANIS;2021;40;3
1;YANN;2000;40;6
1;YANN;2002;40;4
1;YANN;2004;40;3
1;YANN;2007;40;4
1;YANN;2008;40;4
1;YANN;2009;40;7
1;YANN;2018;40;4
1;YANNICK;2003;40;4
1;YANNIS;2000;40;4
1;YANNIS;2005;40;3
1;YANNIS;2006;40;3
1;YANNIS;2007;40;3
1;YASSIN;2004;40;3
1;YLAN;2010;40;6
1;YOAN;2000;40;3
1;YOAN;2001;40;3
1;YOAN;2004;40;4
1;YOAN;2005;40;4
1;YOAN;2006;40;5
1;YOAN;2007;40;5
1;YOAN;2008;40;3
1;YOAN;2009;40;3
1;YOAN;2010;40;6
1;YOAN;2011;40;3
1;YOAN;2012;40;3
1;YOANN;2000;40;4
1;YOANN;2002;40;4
1;YOANN;2003;40;7
1;YOANN;2005;40;4
1;YOANN;2009;40;4
1;YOHAN;2000;40;6
1;YOHAN;2001;40;3
1;YOHAN;2004;40;3
1;YOHAN;2005;40;3
1;YOHAN;2006;40;3
1;YOUNES;2009;40;3
1;YOUNES;2016;40;3
1;YOURI;2013;40;3
2;_PRENOMS_RARES;2000;40;17
2;_PRENOMS_RARES;2001;40;21
2;_PRENOMS_RARES;2002;40;23
2;_PRENOMS_RARES;2003;40;24
2;_PRENOMS_RARES;2004;40;25
2;_PRENOMS_RARES;2005;40;31
2;_PRENOMS_RARES;2006;40;37
2;_PRENOMS_RARES;2007;40;38
2;_PRENOMS_RARES;2008;40;45
2;_PRENOMS_RARES;2009;40;40
2;_PRENOMS_RARES;2010;40;42
2;_PRENOMS_RARES;2011;40;65
2;_PRENOMS_RARES;2012;40;53
2;_PRENOMS_RARES;2013;40;64
2;_PRENOMS_RARES;2014;40;60
2;_PRENOMS_RARES;2015;40;47
2;_PRENOMS_RARES;2016;40;45
2;_PRENOMS_RARES;2017;40;53
2;_PRENOMS_RARES;2018;40;37
2;_PRENOMS_RARES;2019;40;58
2;_PRENOMS_RARES;2020;40;46
2;_PRENOMS_RARES;2021;40;56
2;ABBY;2014;40;4
2;ADELAIDE;2003;40;3
2;ADÈLE;2007;40;3
2;ADÈLE;2012;40;4
2;ADÈLE;2013;40;6
2;ADÈLE;2014;40;3
2;ADÈLE;2015;40;6
2;ADÈLE;2017;40;6
2;ADÈLE;2018;40;5
2;ADÈLE;2019;40;3
2;ADÈLE;2021;40;4
2;AGATHE;2000;40;11
2;AGATHE;2002;40;5
2;AGATHE;2003;40;7
2;AGATHE;2004;40;5
2;AGATHE;2006;40;5
2;AGATHE;2007;40;5
2;AGATHE;2008;40;4
2;AGATHE;2009;40;7
2;AGATHE;2010;40;7
2;AGATHE;2011;40;6
2;AGATHE;2012;40;3
2;AGATHE;2013;40;6
2;AGATHE;2014;40;5
2;AGATHE;2015;40;5
2;AGATHE;2016;40;7
2;AGATHE;2018;40;5
2;AGATHE;2019;40;10
2;AGATHE;2020;40;13
2;AGATHE;2021;40;6
2;AGNÈS;2001;40;3
2;AINHOA;2007;40;3
2;AINHOA;2008;40;4
2;AINHOA;2010;40;3
2;AINHOA;2011;40;3
2;AÏNHOA;2012;40;4
2;AÏNHOA;2017;40;3
2;ALANA;2019;40;3
2;ALBA;2017;40;3
2;ALBA;2020;40;6
2;ALBA;2021;40;17
2;ALBANE;2003;40;3
2;ALBANE;2009;40;3
2;ALBANE;2010;40;3
2;ALBANE;2011;40;4
2;ALBANE;2012;40;3
2;ALBANE;2016;40;3
2;ALBANE;2017;40;3
2;ALBANE;2018;40;3
2;ALBANE;2020;40;4
2;ALBANE;2021;40;3
2;ALEXANDRA;2000;40;3
2;ALEXANDRA;2012;40;3
2;ALEXIA;2000;40;10
2;ALEXIA;2001;40;7
2;ALEXIA;2002;40;4
2;ALEXIA;2003;40;12
2;ALEXIA;2004;40;4
2;ALEXIA;2005;40;8
2;ALEXIA;2006;40;6
2;ALEXIA;2007;40;4
2;ALEXIA;2008;40;3
2;ALEXIA;2013;40;3
2;ALICE;2000;40;6
2;ALICE;2001;40;5
2;ALICE;2002;40;9
2;ALICE;2003;40;6
2;ALICE;2004;40;9
2;ALICE;2005;40;5
2;ALICE;2006;40;6
2;ALICE;2007;40;8
2;ALICE;2008;40;3
2;ALICE;2009;40;8
2;ALICE;2010;40;10
2;ALICE;2011;40;14
2;ALICE;2012;40;8
2;ALICE;2013;40;14
2;ALICE;2014;40;9
2;ALICE;2015;40;11
2;ALICE;2016;40;10
2;ALICE;2017;40;17
2;ALICE;2018;40;8
2;ALICE;2019;40;14
2;ALICE;2020;40;11
2;ALICE;2021;40;15
2;ALICIA;2000;40;7
2;ALICIA;2001;40;12
2;ALICIA;2002;40;8
2;ALICIA;2003;40;4
2;ALICIA;2004;40;9
2;ALICIA;2005;40;4
2;ALICIA;2006;40;6
2;ALICIA;2007;40;4
2;ALICIA;2008;40;7
2;ALICIA;2010;40;8
2;ALICIA;2012;40;5
2;ALICIA;2013;40;4
2;ALICIA;2014;40;4
2;ALICIA;2015;40;8
2;ALICIA;2016;40;9
2;ALICIA;2018;40;7
2;ALICIA;2019;40;4
2;ALICIA;2020;40;3
2;ALIENOR;2009;40;3
2;ALISON;2001;40;3
2;ALIX;2006;40;5
2;ALIX;2008;40;4
2;ALIX;2011;40;4
2;ALIX;2013;40;3
2;ALIX;2015;40;5
2;ALIX;2017;40;4
2;ALIX;2019;40;4
2;ALIX;2020;40;6
2;ALIX;2021;40;3
2;ALIYA;2012;40;3
2;ALIZÉE;2002;40;6
2;ALIZÉE;2006;40;4
2;ALIZÉE;2007;40;4
2;ALIZÉE;2011;40;3
2;ALYCIA;2000;40;3
2;ALYSSA;2006;40;4
2;ALYSSA;2007;40;3
2;ALYSSA;2009;40;3
2;ALYSSA;2011;40;3
2;ALYSSA;2012;40;3
2;ALYSSA;2013;40;3
2;ALYSSA;2015;40;4
2;ALYSSA;2018;40;3
2;AMAIA;2006;40;3
2;AMAIA;2009;40;3
2;AMAÏA;2012;40;4
2;AMAÏA;2015;40;3
2;AMALIA;2019;40;3
2;AMANDINE;2000;40;5
2;AMANDINE;2001;40;8
2;AMANDINE;2002;40;10
2;AMANDINE;2003;40;9
2;AMANDINE;2004;40;7
2;AMANDINE;2005;40;6
2;AMANDINE;2006;40;4
2;AMANDINE;2008;40;5
2;AMANDINE;2009;40;5
2;AMANDINE;2014;40;3
2;AMAYA;2010;40;3
2;AMAYA;2019;40;3
2;AMBRE;2001;40;5
2;AMBRE;2002;40;4
2;AMBRE;2003;40;6
2;AMBRE;2004;40;7
2;AMBRE;2005;40;8
2;AMBRE;2006;40;9
2;AMBRE;2007;40;8
2;AMBRE;2008;40;12
2;AMBRE;2009;40;8
2;AMBRE;2010;40;8
2;AMBRE;2011;40;10
2;AMBRE;2012;40;9
2;AMBRE;2013;40;11
2;AMBRE;2014;40;13
2;AMBRE;2015;40;16
2;AMBRE;2016;40;9
2;AMBRE;2017;40;12
2;AMBRE;2018;40;10
2;AMBRE;2019;40;12
2;AMBRE;2020;40;17
2;AMBRE;2021;40;7
2;AMÉLIA;2006;40;3
2;AMÉLIA;2016;40;3
2;AMÉLIE;2000;40;7
2;AMÉLIE;2001;40;12
2;AMÉLIE;2002;40;10
2;AMÉLIE;2003;40;7
2;AMÉLIE;2004;40;3
2;AMÉLIE;2006;40;3
2;AMÉLIE;2007;40;5
2;AMÉLIE;2012;40;6
2;AMÉLIE;2017;40;3
2;ANA;2009;40;3
2;ANA;2019;40;3
2;ANAE;2008;40;3
2;ANAE;2009;40;3
2;ANAE;2010;40;4
2;ANAÉ;2014;40;3
2;ANAÉ;2015;40;3
2;ANAÉ;2016;40;4
2;ANAÉ;2019;40;4
2;ANAÉ;2020;40;3
2;ANAELLE;2000;40;3
2;ANAELLE;2004;40;4
2;ANAELLE;2006;40;3
2;ANAELLE;2008;40;4
2;ANAELLE;2009;40;3
2;ANAELLE;2010;40;3
2;ANAËLLE;2012;40;3
2;ANAËLLE;2019;40;3
2;ANAËLLE;2021;40;3
2;ANAIS;2010;40;5
2;ANAIS;2011;40;5
2;ANAÏS;2000;40;16
2;ANAÏS;2001;40;16
2;ANAÏS;2002;40;16
2;ANAÏS;2003;40;15
2;ANAÏS;2004;40;13
2;ANAÏS;2005;40;18
2;ANAÏS;2006;40;11
2;ANAÏS;2007;40;21
2;ANAÏS;2008;40;10
2;ANAÏS;2009;40;18
2;ANAÏS;2010;40;6
2;ANAÏS;2011;40;12
2;ANAÏS;2012;40;7
2;ANAÏS;2013;40;9
2;ANAÏS;2014;40;8
2;ANAÏS;2015;40;7
2;ANAÏS;2016;40;4
2;ANAÏS;2017;40;5
2;ANAÏS;2018;40;9
2;ANAÏS;2019;40;8
2;ANAÏS;2020;40;3
2;ANAÏS;2021;40;4
2;ANAYA;2014;40;3
2;ANDREA;2010;40;3
2;ANDRÉA;2000;40;5
2;ANDRÉA;2001;40;3
2;ANDRÉA;2005;40;3
2;ANDRÉA;2007;40;3
2;ANDRÉA;2008;40;3
2;ANDRÉA;2009;40;3
2;ANDRÉA;2017;40;3
2;ANDRÉA;2018;40;3
2;ANDRÉA;2020;40;3
2;ANDRÉA;2021;40;5
2;ANGELA;2001;40;4
2;ANGELA;2011;40;3
2;ANGÈLE;2006;40;3
2;ANGÈLE;2020;40;4
2;ANGELINA;2006;40;4
2;ANGELINA;2007;40;3
2;ANGELINA;2009;40;4
2;ANGELIQUE;2000;40;3
2;ANNA;2000;40;4
2;ANNA;2001;40;7
2;ANNA;2002;40;4
2;ANNA;2003;40;3
2;ANNA;2004;40;3
2;ANNA;2006;40;5
2;ANNA;2007;40;5
2;ANNA;2008;40;7
2;ANNA;2009;40;8
2;ANNA;2011;40;3
2;ANNA;2014;40;9
2;ANNA;2015;40;4
2;ANNA;2016;40;8
2;ANNA;2017;40;12
2;ANNA;2018;40;7
2;ANNA;2019;40;8
2;ANNA;2020;40;12
2;ANNA;2021;40;9
2;ANOUK;2013;40;3
2;APOLLINE;2020;40;5
2;APOLLINE;2021;40;5
2;ARIA;2017;40;3
2;ARIA;2021;40;3
2;ARYA;2021;40;4
2;ASSIA;2013;40;3
2;ATHÉNA;2018;40;4
2;AUDE;2000;40;4
2;AUDE;2001;40;4
2;AUDREY;2000;40;13
2;AUDREY;2001;40;8
2;AUGUSTINE;2020;40;4
2;AURÉLIE;2000;40;7
2;AURÉLIE;2001;40;4
2;AURÉLIE;2002;40;3
2;AURIANE;2001;40;4
2;AURORE;2003;40;3
2;AURORE;2004;40;5
2;AURORE;2016;40;3
2;AVA;2020;40;3
2;AVA;2021;40;4
2;AXELLE;2000;40;5
2;AXELLE;2001;40;6
2;AXELLE;2003;40;7
2;AXELLE;2004;40;5
2;AXELLE;2005;40;3
2;AXELLE;2006;40;3
2;AXELLE;2007;40;4
2;AYA;2012;40;3
2;AYA;2016;40;3
2;AYA;2017;40;5
2;BÉRÉNICE;2012;40;4
2;BÉRÉNICE;2020;40;3
2;CALIE;2018;40;4
2;CALIE;2019;40;3
2;CALIE;2021;40;3
2;CAMÉLIA;2010;40;4
2;CAMILLE;2000;40;39
2;CAMILLE;2001;40;31
2;CAMILLE;2002;40;24
2;CAMILLE;2003;40;19
2;CAMILLE;2004;40;16
2;CAMILLE;2005;40;25
2;CAMILLE;2006;40;15
2;CAMILLE;2007;40;21
2;CAMILLE;2008;40;20
2;CAMILLE;2009;40;19
2;CAMILLE;2010;40;16
2;CAMILLE;2011;40;11
2;CAMILLE;2012;40;15
2;CAMILLE;2013;40;11
2;CAMILLE;2014;40;16
2;CAMILLE;2015;40;17
2;CAMILLE;2016;40;11
2;CAMILLE;2017;40;10
2;CAMILLE;2018;40;8
2;CAMILLE;2019;40;3
2;CAMILLE;2021;40;4
2;CANDICE;2000;40;3
2;CANDICE;2003;40;3
2;CANDICE;2004;40;8
2;CANDICE;2005;40;10
2;CANDICE;2006;40;3
2;CANDICE;2008;40;6
2;CANDICE;2012;40;6
2;CANDICE;2014;40;4
2;CANDICE;2016;40;5
2;CANDICE;2017;40;4
2;CANDICE;2019;40;4
2;CAPUCINE;2003;40;3
2;CAPUCINE;2004;40;3
2;CAPUCINE;2007;40;6
2;CAPUCINE;2008;40;3
2;CAPUCINE;2009;40;5
2;CAPUCINE;2010;40;3
2;CAPUCINE;2012;40;3
2;CAPUCINE;2014;40;9
2;CAPUCINE;2015;40;7
2;CAPUCINE;2016;40;3
2;CAPUCINE;2017;40;3
2;CAPUCINE;2018;40;3
2;CAPUCINE;2019;40;3
2;CAPUCINE;2020;40;3
2;CAPUCINE;2021;40;6
2;CARLA;2000;40;6
2;CARLA;2001;40;7
2;CARLA;2002;40;3
2;CARLA;2003;40;5
2;CARLA;2004;40;11
2;CARLA;2005;40;11
2;CARLA;2006;40;12
2;CARLA;2007;40;11
2;CARLA;2008;40;7
2;CARLA;2011;40;3
2;CARLA;2017;40;3
2;CARLA;2020;40;3
2;CAROLINE;2000;40;4
2;CAROLINE;2004;40;3
2;CASSANDRA;2000;40;9
2;CASSANDRA;2002;40;4
2;CASSANDRA;2003;40;4
2;CASSANDRA;2006;40;6
2;CASSANDRA;2009;40;4
2;CASSANDRA;2010;40;3
2;CASSANDRA;2012;40;3
2;CASSANDRE;2005;40;3
2;CASSANDRE;2019;40;5
2;CASSIE;2013;40;4
2;CATALEYA;2021;40;3
2;CÉCILE;2000;40;3
2;CÉCILE;2001;40;4
2;CÉCILE;2002;40;3
2;CÉCILIA;2003;40;3
2;CÉLESTE;2018;40;3
2;CÉLESTINE;2018;40;5
2;CELIA;2010;40;5
2;CÉLIA;2000;40;17
2;CÉLIA;2001;40;13
2;CÉLIA;2002;40;9
2;CÉLIA;2003;40;9
2;CÉLIA;2004;40;10
2;CÉLIA;2005;40;18
2;CÉLIA;2006;40;10
2;CÉLIA;2007;40;10
2;CÉLIA;2008;40;5
2;CÉLIA;2009;40;10
2;CÉLIA;2010;40;7
2;CÉLIA;2011;40;5
2;CÉLIA;2012;40;6
2;CÉLIA;2013;40;7
2;CÉLIA;2014;40;3
2;CÉLIA;2017;40;3
2;CÉLIA;2018;40;3
2;CHARLÈNE;2000;40;5
2;CHARLÈNE;2002;40;3
2;CHARLIE;2012;40;4
2;CHARLIE;2013;40;5
2;CHARLIE;2015;40;4
2;CHARLIE;2017;40;3
2;CHARLIE;2018;40;6
2;CHARLIE;2019;40;4
2;CHARLIE;2020;40;6
2;CHARLIE;2021;40;12
2;CHARLINE;2000;40;5
2;CHARLINE;2001;40;4
2;CHARLINE;2002;40;4
2;CHARLINE;2003;40;4
2;CHARLINE;2004;40;3
2;CHARLINE;2005;40;3
2;CHARLINE;2007;40;7
2;CHARLINE;2008;40;3
2;CHARLINE;2009;40;8
2;CHARLINE;2010;40;3
2;CHARLINE;2011;40;4
2;CHARLINE;2013;40;9
2;CHARLINE;2014;40;3
2;CHARLINE;2016;40;3
2;CHARLINE;2017;40;3
2;CHARLINE;2018;40;6
2;CHARLINE;2021;40;3
2;CHARLOTTE;2000;40;10
2;CHARLOTTE;2001;40;17
2;CHARLOTTE;2002;40;7
2;CHARLOTTE;2003;40;18
2;CHARLOTTE;2004;40;10
2;CHARLOTTE;2005;40;9
2;CHARLOTTE;2006;40;13
2;CHARLOTTE;2007;40;7
2;CHARLOTTE;2008;40;10
2;CHARLOTTE;2009;40;13
2;CHARLOTTE;2010;40;9
2;CHARLOTTE;2011;40;13
2;CHARLOTTE;2012;40;6
2;CHARLOTTE;2013;40;7
2;CHARLOTTE;2014;40;6
2;CHARLOTTE;2015;40;12
2;CHARLOTTE;2016;40;9
2;CHARLOTTE;2017;40;14
2;CHARLOTTE;2018;40;9
2;CHARLOTTE;2019;40;10
2;CHARLOTTE;2020;40;7
2;CHARLOTTE;2021;40;5
2;CHARLYNE;2013;40;3
2;CHIARA;2004;40;4
2;CHIARA;2006;40;3
2;CHIARA;2009;40;3
2;CHIARA;2010;40;3
2;CHLOE;2010;40;6
2;CHLOE;2011;40;3
2;CHLOÉ;2000;40;32
2;CHLOÉ;2001;40;24
2;CHLOÉ;2002;40;20
2;CHLOÉ;2003;40;14
2;CHLOÉ;2004;40;16
2;CHLOÉ;2005;40;16
2;CHLOÉ;2006;40;16
2;CHLOÉ;2007;40;28
2;CHLOÉ;2008;40;18
2;CHLOÉ;2009;40;16
2;CHLOÉ;2010;40;11
2;CHLOÉ;2011;40;14
2;CHLOÉ;2012;40;12
2;CHLOÉ;2013;40;17
2;CHLOÉ;2014;40;9
2;CHLOÉ;2015;40;20
2;CHLOÉ;2016;40;16
2;CHLOÉ;2017;40;9
2;CHLOÉ;2018;40;13
2;CHLOÉ;2019;40;13
2;CHLOÉ;2020;40;11
2;CINDY;2000;40;3
2;CINDY;2003;40;3
2;CLAIRE;2000;40;4
2;CLAIRE;2001;40;3
2;CLAIRE;2002;40;3
2;CLAIRE;2003;40;6
2;CLAIRE;2005;40;3
2;CLAIRE;2010;40;3
2;CLARA;2000;40;10
2;CLARA;2001;40;21
2;CLARA;2002;40;19
2;CLARA;2003;40;14
2;CLARA;2004;40;21
2;CLARA;2005;40;23
2;CLARA;2006;40;38
2;CLARA;2007;40;15
2;CLARA;2008;40;17
2;CLARA;2009;40;15
2;CLARA;2010;40;13
2;CLARA;2011;40;15
2;CLARA;2012;40;10
2;CLARA;2013;40;11
2;CLARA;2014;40;6
2;CLARA;2015;40;8
2;CLARA;2016;40;9
2;CLARA;2017;40;5
2;CLARA;2018;40;7
2;CLARA;2019;40;4
2;CLARA;2020;40;3
2;CLARA;2021;40;3
2;CLARISSE;2001;40;3
2;CLARISSE;2002;40;6
2;CLARISSE;2003;40;6
2;CLARISSE;2004;40;4
2;CLARISSE;2008;40;6
2;CLARISSE;2010;40;4
2;CLARISSE;2013;40;6
2;CLARISSE;2015;40;3
2;CLÉA;2002;40;3
2;CLÉA;2012;40;5
2;CLÉA;2013;40;3
2;CLÉMENCE;2000;40;4
2;CLÉMENCE;2001;40;6
2;CLÉMENCE;2002;40;7
2;CLÉMENCE;2003;40;10
2;CLÉMENCE;2004;40;4
2;CLÉMENCE;2005;40;9
2;CLÉMENCE;2006;40;10
2;CLÉMENCE;2007;40;9
2;CLÉMENCE;2008;40;4
2;CLÉMENCE;2009;40;6
2;CLÉMENCE;2010;40;7
2;CLÉMENCE;2011;40;3
2;CLÉMENCE;2012;40;7
2;CLÉMENCE;2013;40;5
2;CLÉMENCE;2014;40;5
2;CLÉMENCE;2015;40;3
2;CLÉMENCE;2016;40;7
2;CLÉMENCE;2017;40;4
2;CLÉMENCE;2018;40;7
2;CLÉMENCE;2019;40;5
2;CLÉMENCE;2020;40;6
2;CLÉMENCE;2021;40;5
2;CLÉMENTINE;2001;40;3
2;CLÉMENTINE;2006;40;3
2;CLÉMENTINE;2007;40;5
2;CLÉMENTINE;2008;40;3
2;CLÉMENTINE;2009;40;3
2;CLÉMENTINE;2012;40;3
2;CLÉMENTINE;2013;40;3
2;CLEO;2003;40;3
2;CLOE;2000;40;3
2;CLOE;2002;40;5
2;CLOE;2004;40;5
2;CLOE;2005;40;5
2;CLOE;2006;40;3
2;CLOE;2007;40;3
2;CLOE;2008;40;3
2;CLOE;2009;40;3
2;CLOÉ;2012;40;3
2;CLOÉ;2018;40;4
2;CLOÉ;2019;40;3
2;CLOTILDE;2002;40;3
2;COLINE;2000;40;5
2;COLINE;2001;40;3
2;COLINE;2004;40;4
2;COLINE;2008;40;3
2;COLINE;2015;40;3
2;COLINE;2018;40;3
2;CONSTANCE;2010;40;3
2;CONSTANCE;2012;40;5
2;CONSTANCE;2017;40;3
2;CONSTANCE;2020;40;4
2;CORALIE;2000;40;6
2;CORALIE;2001;40;5
2;CORALIE;2002;40;11
2;CORALIE;2003;40;12
2;CORALIE;2005;40;3
2;CORALIE;2006;40;3
2;CORALIE;2007;40;3
2;CYNTHIA;2003;40;3
2;DAVINA;2006;40;3
2;DEBORAH;2000;40;3
2;DEBORAH;2002;40;3
2;DELPHINE;2000;40;3
2;DIANE;2017;40;6
2;DIANE;2018;40;3
2;DORINE;2001;40;6
2;DORINE;2002;40;3
2;DORINE;2003;40;3
2;EDEN;2008;40;3
2;EDEN;2009;40;3
2;EDEN;2015;40;3
2;EDEN;2016;40;5
2;ELAIA;2005;40;3
2;ELAÏA;2012;40;6
2;ELAÏA;2013;40;6
2;ELAÏA;2014;40;3
2;ELAÏA;2016;40;4
2;ELAÏA;2018;40;5
2;ELAÏA;2019;40;3
2;ELEA;2001;40;3
2;ELEA;2004;40;3
2;ELEA;2006;40;3
2;ELEA;2009;40;4
2;ELEA;2010;40;7
2;ELEA;2011;40;3
2;ELÉA;2011;40;4
2;ELÉA;2012;40;8
2;ELÉA;2013;40;3
2;ELÉA;2015;40;3
2;ELÉA;2016;40;5
2;ELÉA;2018;40;3
2;ELÉA;2019;40;3
2;ELENA;2007;40;3
2;ELENA;2008;40;3
2;ELENA;2010;40;4
2;ELENA;2014;40;4
2;ELENA;2016;40;6
2;ELENA;2017;40;6
2;ELENA;2019;40;5
2;ELENA;2020;40;4
2;ELENA;2021;40;6
2;ELÉNA;2012;40;4
2;ELÉNA;2013;40;7
2;ELÉNA;2015;40;3
2;ELÉNA;2018;40;6
2;ELÉNA;2019;40;4
2;ELINA;2006;40;4
2;ELINA;2007;40;3
2;ELINA;2012;40;4
2;ELINA;2015;40;3
2;ELINA;2016;40;3
2;ELINE;2011;40;3
2;ELISA;2000;40;11
2;ELISA;2001;40;4
2;ELISA;2002;40;9
2;ELISA;2003;40;7
2;ELISA;2004;40;8
2;ELISA;2005;40;8
2;ELISA;2006;40;4
2;ELISA;2007;40;4
2;ELISA;2008;40;3
2;ELISA;2009;40;7
2;ELISA;2010;40;6
2;ELISA;2011;40;3
2;ELISA;2012;40;4
2;ELISA;2013;40;4
2;ELISA;2015;40;4
2;ELISA;2017;40;3
2;ELISA;2021;40;3
2;ELISE;2000;40;6
2;ELISE;2001;40;6
2;ELISE;2002;40;8
2;ELISE;2003;40;3
2;ELISE;2004;40;4
2;ELISE;2005;40;5
2;ELISE;2007;40;10
2;ELISE;2008;40;10
2;ELISE;2009;40;8
2;ELISE;2011;40;3
2;ELISE;2013;40;6
2;ELISE;2014;40;6
2;ELISE;2015;40;9
2;ELISE;2016;40;3
2;ELISE;2017;40;5
2;ELISE;2018;40;7
2;ELISE;2019;40;4
2;ELISE;2020;40;5
2;ELLIE;2020;40;3
2;ELLIE;2021;40;3
2;ELODIE;2000;40;4
2;ELODIE;2001;40;7
2;ELODIE;2002;40;3
2;ELODIE;2006;40;3
2;ELOISE;2000;40;3
2;ELOISE;2002;40;4
2;ELOISE;2003;40;5
2;ELOISE;2004;40;6
2;ELOISE;2005;40;4
2;ELOISE;2006;40;7
2;ELOISE;2007;40;6
2;ELOISE;2011;40;4
2;ELOÏSE;2011;40;3
2;ELOÏSE;2012;40;3
2;ELOÏSE;2013;40;6
2;ELOÏSE;2014;40;8
2;ELOÏSE;2016;40;3
2;ELOÏSE;2017;40;3
2;ELOÏSE;2018;40;3
2;ELOÏSE;2021;40;6
2;ELSA;2000;40;5
2;ELSA;2001;40;6
2;ELSA;2002;40;5
2;ELSA;2004;40;8
2;ELSA;2005;40;9
2;ELSA;2006;40;6
2;ELSA;2007;40;8
2;ELSA;2008;40;8
2;ELSA;2009;40;8
2;ELSA;2010;40;7
2;ELSA;2011;40;9
2;ELSA;2012;40;6
2;ELSA;2013;40;5
2;ELSA;2014;40;5
2;ELSA;2015;40;4
2;ELSA;2016;40;4
2;ELSA;2017;40;5
2;ELSA;2019;40;4
2;ELYNA;2013;40;3
2;EMA;2006;40;3
2;EMA;2009;40;4
2;EMA;2018;40;3
2;EMELINE;2000;40;3
2;EMELINE;2001;40;3
2;EMELINE;2003;40;3
2;EMELINE;2004;40;3
2;EMELINE;2007;40;3
2;EMILIE;2000;40;7
2;EMILIE;2001;40;11
2;EMILIE;2002;40;7
2;EMILIE;2003;40;8
2;EMILIE;2004;40;11
2;EMILIE;2005;40;5
2;EMILIE;2006;40;7
2;EMILIE;2007;40;6
2;EMILIE;2008;40;5
2;EMILIE;2009;40;6
2;EMILIE;2010;40;3
2;EMILIE;2014;40;3
2;EMILIE;2017;40;3
2;EMMA;2000;40;34
2;EMMA;2001;40;32
2;EMMA;2002;40;31
2;EMMA;2003;40;44
2;EMMA;2004;40;25
2;EMMA;2005;40;30
2;EMMA;2006;40;33
2;EMMA;2007;40;36
2;EMMA;2008;40;28
2;EMMA;2009;40;23
2;EMMA;2010;40;33
2;EMMA;2011;40;18
2;EMMA;2012;40;25
2;EMMA;2013;40;17
2;EMMA;2014;40;13
2;EMMA;2015;40;14
2;EMMA;2016;40;20
2;EMMA;2017;40;19
2;EMMA;2018;40;11
2;EMMA;2019;40;10
2;EMMA;2020;40;11
2;EMMA;2021;40;14
2;EMMY;2004;40;3
2;EMMY;2006;40;3
2;EMMY;2009;40;3
2;EMMY;2011;40;3
2;EMMY;2013;40;3
2;EMMY;2014;40;5
2;EMMY;2018;40;4
2;EMY;2008;40;4
2;EMY;2009;40;4
2;EMY;2010;40;5
2;EMY;2012;40;4
2;EMY;2013;40;6
2;EMY;2014;40;4
2;EMY;2015;40;3
2;EMY;2017;40;6
2;EMY;2018;40;4
2;EMY;2020;40;7
2;ENEA;2011;40;3
2;ENEA;2021;40;3
2;ENÉA;2021;40;3
2;ÉNÉA;2017;40;3
2;ENOLA;2002;40;4
2;ENOLA;2004;40;4
2;ENOLA;2012;40;9
2;ENOLA;2014;40;4
2;ENORA;2001;40;3
2;ENORA;2004;40;4
2;ENORA;2005;40;3
2;ENORA;2006;40;3
2;ENORA;2008;40;4
2;ENORA;2010;40;3
2;ENORA;2012;40;5
2;ENORA;2013;40;7
2;ENORA;2014;40;13
2;ENORA;2016;40;3
2;ENORA;2017;40;4
2;ESTELLE;2000;40;7
2;ESTELLE;2001;40;5
2;ESTELLE;2002;40;9
2;ESTELLE;2003;40;6
2;ESTELLE;2004;40;3
2;ESTELLE;2006;40;3
2;ESTELLE;2008;40;6
2;ESTELLE;2018;40;3
2;ESTELLE;2021;40;3
2;EUGÉNIE;2009;40;3
2;EVA;2000;40;9
2;EVA;2001;40;5
2;EVA;2002;40;7
2;EVA;2003;40;13
2;EVA;2004;40;7
2;EVA;2005;40;8
2;EVA;2006;40;14
2;EVA;2007;40;8
2;EVA;2008;40;15
2;EVA;2009;40;11
2;EVA;2010;40;12
2;EVA;2011;40;8
2;EVA;2012;40;11
2;EVA;2013;40;4
2;EVA;2014;40;6
2;EVA;2015;40;6
2;EVA;2016;40;6
2;EVA;2017;40;6
2;EVA;2018;40;7
2;EVA;2019;40;8
2;EVA;2021;40;8
2;FANNY;2000;40;5
2;FANNY;2001;40;3
2;FANNY;2002;40;3
2;FANNY;2003;40;8
2;FANNY;2004;40;5
2;FANNY;2005;40;3
2;FANNY;2006;40;3
2;FANNY;2007;40;4
2;FANNY;2008;40;3
2;FANNY;2011;40;4
2;FAUSTINE;2003;40;3
2;FAUSTINE;2005;40;3
2;FAUSTINE;2008;40;3
2;FAUSTINE;2009;40;6
2;FAUSTINE;2010;40;4
2;FAUSTINE;2011;40;5
2;FAUSTINE;2012;40;3
2;FAUSTINE;2014;40;3
2;FAUSTINE;2021;40;4
2;FLAVIE;2001;40;3
2;FLAVIE;2002;40;8
2;FLAVIE;2003;40;4
2;FLAVIE;2007;40;3
2;FLORA;2008;40;4
2;FLORA;2010;40;3
2;FLORA;2011;40;3
2;GABRIELLE;2002;40;3
2;GABRIELLE;2004;40;4
2;GABRIELLE;2007;40;4
2;GABRIELLE;2008;40;3
2;GABRIELLE;2009;40;5
2;GABRIELLE;2015;40;4
2;GABRIELLE;2016;40;5
2;GABRIELLE;2018;40;5
2;GABRIELLE;2019;40;6
2;GABRIELLE;2021;40;3
2;GAELLE;2010;40;3
2;GARANCE;2008;40;3
2;GARANCE;2013;40;3
2;GIULIA;2012;40;5
2;GIULIA;2015;40;5
2;GIULIA;2016;40;4
2;GIULIA;2018;40;9
2;GIULIA;2020;40;5
2;GIULIA;2021;40;5
2;GLADYS;2004;40;3
2;GWENDOLINE;2004;40;3
2;HANAE;2007;40;3
2;HANAE;2009;40;4
2;HANAÉ;2013;40;4
2;HANAÉ;2018;40;4
2;HELENA;2007;40;3
2;HÉLÈNE;2002;40;3
2;HÉLOÏSE;2003;40;3
2;HÉLOÏSE;2012;40;5
2;HÉLOÏSE;2018;40;6
2;HÉLOÏSE;2020;40;3
2;HÉLOÏSE;2021;40;3
2;ILANA;2010;40;3
2;ILANA;2011;40;3
2;ILONA;2000;40;3
2;ILONA;2003;40;7
2;ILONA;2005;40;6
2;ILONA;2008;40;6
2;ILONA;2011;40;3
2;ILONA;2012;40;5
2;ILONA;2021;40;4
2;ILYANA;2017;40;3
2;ILYANA;2018;40;3
2;INAYA;2009;40;5
2;INAYA;2010;40;6
2;INAYA;2011;40;5
2;INAYA;2012;40;5
2;INAYA;2014;40;7
2;INAYA;2015;40;10
2;INAYA;2016;40;4
2;INAYA;2017;40;5
2;INAYA;2018;40;5
2;INAYA;2020;40;3
2;INAYA;2021;40;5
2;INES;2010;40;11
2;INES;2011;40;8
2;INES;2013;40;5
2;INES;2015;40;4
2;INÈS;2000;40;6
2;INÈS;2001;40;4
2;INÈS;2002;40;9
2;INÈS;2003;40;24
2;INÈS;2004;40;5
2;INÈS;2005;40;17
2;INÈS;2006;40;13
2;INÈS;2007;40;13
2;INÈS;2008;40;15
2;INÈS;2009;40;17
2;INÈS;2010;40;8
2;INÈS;2011;40;10
2;INÈS;2012;40;9
2;INÈS;2013;40;15
2;INÈS;2014;40;14
2;INÈS;2015;40;8
2;INÈS;2016;40;13
2;INÈS;2017;40;8
2;INÈS;2018;40;14
2;INÈS;2019;40;6
2;INÈS;2020;40;3
2;INÈS;2021;40;5
2;IRIS;2007;40;4
2;IRIS;2015;40;3
2;IRIS;2017;40;3
2;IRIS;2018;40;5
2;IRIS;2019;40;5
2;IRIS;2020;40;6
2;IRIS;2021;40;8
2;IZIA;2019;40;3
2;JADE;2000;40;9
2;JADE;2001;40;8
2;JADE;2002;40;7
2;JADE;2003;40;13
2;JADE;2004;40;9
2;JADE;2005;40;11
2;JADE;2006;40;15
2;JADE;2007;40;24
2;JADE;2008;40;24
2;JADE;2009;40;14
2;JADE;2010;40;17
2;JADE;2011;40;18
2;JADE;2012;40;10
2;JADE;2013;40;18
2;JADE;2014;40;12
2;JADE;2015;40;23
2;JADE;2016;40;18
2;JADE;2017;40;17
2;JADE;2018;40;13
2;JADE;2019;40;12
2;JADE;2020;40;16
2;JADE;2021;40;19
2;JASMINE;2014;40;3
2;JEANNE;2000;40;3
2;JEANNE;2001;40;9
2;JEANNE;2002;40;14
2;JEANNE;2003;40;11
2;JEANNE;2004;40;8
2;JEANNE;2005;40;8
2;JEANNE;2006;40;10
2;JEANNE;2007;40;7
2;JEANNE;2008;40;4
2;JEANNE;2009;40;8
2;JEANNE;2010;40;7
2;JEANNE;2011;40;3
2;JEANNE;2012;40;5
2;JEANNE;2013;40;9
2;JEANNE;2014;40;8
2;JEANNE;2015;40;7
2;JEANNE;2016;40;9
2;JEANNE;2017;40;10
2;JEANNE;2018;40;4
2;JEANNE;2020;40;5
2;JEANNE;2021;40;9
2;JENNIFER;2000;40;3
2;JENNIFER;2001;40;4
2;JESSICA;2003;40;4
2;JESSICA;2004;40;6
2;JOSÉPHINE;2017;40;3
2;JOY;2013;40;3
2;JOY;2019;40;5
2;JOY;2020;40;4
2;JOY;2021;40;3
2;JOYCE;2021;40;3
2;JULIA;2001;40;4
2;JULIA;2003;40;4
2;JULIA;2004;40;4
2;JULIA;2006;40;5
2;JULIA;2007;40;9
2;JULIA;2009;40;9
2;JULIA;2010;40;5
2;JULIA;2012;40;8
2;JULIA;2013;40;14
2;JULIA;2014;40;10
2;JULIA;2015;40;10
2;JULIA;2016;40;3
2;JULIA;2017;40;17
2;JULIA;2018;40;14
2;JULIA;2019;40;8
2;JULIA;2020;40;12
2;JULIA;2021;40;13
2;JULIANA;2021;40;3
2;JULIE;2000;40;15
2;JULIE;2001;40;23
2;JULIE;2002;40;16
2;JULIE;2003;40;11
2;JULIE;2004;40;19
2;JULIE;2005;40;10
2;JULIE;2006;40;12
2;JULIE;2007;40;7
2;JULIE;2008;40;5
2;JULIE;2009;40;6
2;JULIE;2010;40;5
2;JULIE;2011;40;11
2;JULIE;2012;40;7
2;JULIE;2013;40;5
2;JULIE;2014;40;6
2;JULIE;2015;40;4
2;JULIE;2017;40;4
2;JULIETTE;2000;40;12
2;JULIETTE;2001;40;3
2;JULIETTE;2002;40;8
2;JULIETTE;2003;40;11
2;JULIETTE;2004;40;9
2;JULIETTE;2005;40;14
2;JULIETTE;2006;40;7
2;JULIETTE;2007;40;10
2;JULIETTE;2008;40;11
2;JULIETTE;2009;40;16
2;JULIETTE;2010;40;11
2;JULIETTE;2011;40;9
2;JULIETTE;2012;40;11
2;JULIETTE;2013;40;24
2;JULIETTE;2014;40;6
2;JULIETTE;2015;40;7
2;JULIETTE;2016;40;10
2;JULIETTE;2017;40;10
2;JULIETTE;2018;40;5
2;JULIETTE;2019;40;14
2;JULIETTE;2020;40;8
2;JULIETTE;2021;40;15
2;JUSTINE;2000;40;10
2;JUSTINE;2001;40;10
2;JUSTINE;2002;40;6
2;JUSTINE;2003;40;8
2;JUSTINE;2004;40;11
2;JUSTINE;2005;40;6
2;JUSTINE;2006;40;13
2;JUSTINE;2007;40;10
2;JUSTINE;2008;40;8
2;JUSTINE;2009;40;8
2;JUSTINE;2010;40;16
2;JUSTINE;2011;40;9
2;JUSTINE;2012;40;8
2;JUSTINE;2013;40;8
2;JUSTINE;2014;40;6
2;JUSTINE;2015;40;3
2;JUSTINE;2016;40;8
2;JUSTINE;2018;40;6
2;JUSTINE;2019;40;3
2;KAYLA;2010;40;4
2;KAYLA;2019;40;3
2;KELLY;2001;40;4
2;KELLY;2002;40;4
2;KELLY;2008;40;3
2;KELLY;2010;40;5
2;KELLY;2011;40;4
2;KELLY;2012;40;5
2;KELLY;2015;40;5
2;KELYA;2009;40;3
2;KELYA;2010;40;4
2;KÉLYA;2015;40;4
2;KÉLYA;2016;40;3
2;KENZA;2001;40;5
2;KENZA;2002;40;3
2;KENZA;2007;40;3
2;KENZA;2009;40;3
2;KENZA;2013;40;3
2;KENZA;2019;40;3
2;LAETITIA;2000;40;4
2;LAETITIA;2001;40;4
2;LALIE;2005;40;3
2;LALIE;2007;40;4
2;LALIE;2010;40;4
2;LALIE;2012;40;3
2;LALY;2004;40;3
2;LALY;2006;40;4
2;LALY;2007;40;6
2;LALY;2008;40;4
2;LALY;2011;40;6
2;LALY;2012;40;4
2;LALY;2015;40;4
2;LALY;2017;40;3
2;LANA;2004;40;5
2;LANA;2005;40;4
2;LANA;2006;40;5
2;LANA;2007;40;8
2;LANA;2008;40;9
2;LANA;2009;40;4
2;LANA;2010;40;8
2;LANA;2011;40;7
2;LANA;2012;40;7
2;LANA;2013;40;12
2;LANA;2014;40;5
2;LANA;2015;40;11
2;LANA;2016;40;4
2;LANA;2017;40;3
2;LANA;2018;40;6
2;LANA;2019;40;6
2;LANA;2021;40;3
2;LARA;2009;40;4
2;LARA;2012;40;3
2;LARA;2015;40;3
2;LARA;2021;40;3
2;LAURA;2000;40;22
2;LAURA;2001;40;21
2;LAURA;2002;40;8
2;LAURA;2003;40;14
2;LAURA;2004;40;12
2;LAURA;2005;40;6
2;LAURA;2006;40;11
2;LAURA;2007;40;12
2;LAURA;2008;40;9
2;LAURA;2009;40;9
2;LAURA;2010;40;5
2;LAURA;2011;40;8
2;LAURA;2012;40;4
2;LAURA;2013;40;4
2;LAURA;2014;40;3
2;LAURA;2015;40;5
2;LAURA;2017;40;3
2;LAURA;2018;40;3
2;LAURE;2000;40;4
2;LAURE;2001;40;3
2;LAURE;2004;40;3
2;LAURE;2005;40;3
2;LAURE;2008;40;3
2;LAURIANE;2000;40;3
2;LAURIANE;2009;40;3
2;LAURIE;2000;40;7
2;LAURIE;2001;40;8
2;LAURIE;2002;40;5
2;LAURINE;2000;40;7
2;LAURINE;2001;40;4
2;LAURINE;2002;40;4
2;LAURINE;2003;40;8
2;LAURINE;2004;40;4
2;LAURINE;2006;40;4
2;LAURINE;2008;40;5
2;LAURINE;2009;40;3
2;LAURYNE;2002;40;4
2;LEA;2010;40;7
2;LEA;2011;40;9
2;LÉA;2000;40;33
2;LÉA;2001;40;51
2;LÉA;2002;40;36
2;LÉA;2003;40;32
2;LÉA;2004;40;23
2;LÉA;2005;40;39
2;LÉA;2006;40;20
2;LÉA;2007;40;26
2;LÉA;2008;40;19
2;LÉA;2009;40;15
2;LÉA;2010;40;15
2;LÉA;2011;40;19
2;LÉA;2012;40;14
2;LÉA;2013;40;21
2;LÉA;2014;40;17
2;LÉA;2015;40;13
2;LÉA;2016;40;9
2;LÉA;2017;40;9
2;LÉA;2018;40;13
2;LÉA;2019;40;9
2;LÉA;2020;40;13
2;LÉA;2021;40;5
2;LEANA;2010;40;3
2;LÉANA;2005;40;5
2;LÉANA;2009;40;4
2;LÉANA;2011;40;4
2;LÉANA;2012;40;7
2;LÉANA;2014;40;6
2;LÉANA;2015;40;5
2;LÉANA;2016;40;4
2;LÉANA;2017;40;5
2;LÉANA;2018;40;6
2;LÉANA;2019;40;3
2;LÉANE;2003;40;3
2;LÉANE;2005;40;4
2;LÉANE;2006;40;5
2;LÉANE;2007;40;3
2;LÉANE;2014;40;3
2;LÉANE;2015;40;3
2;LEÏA;2015;40;3
2;LEILA;2000;40;4
2;LEILA;2003;40;4
2;LEILA;2005;40;3
2;LEILA;2006;40;4
2;LEILA;2007;40;5
2;LEILA;2008;40;3
2;LEÏLA;2012;40;4
2;LEÏLA;2017;40;4
2;LEÏLA;2020;40;3
2;LENA;2010;40;8
2;LENA;2011;40;5
2;LENA;2013;40;3
2;LENA;2014;40;3
2;LÉNA;2000;40;6
2;LÉNA;2001;40;7
2;LÉNA;2002;40;10
2;LÉNA;2003;40;6
2;LÉNA;2004;40;7
2;LÉNA;2005;40;11
2;LÉNA;2006;40;15
2;LÉNA;2007;40;9
2;LÉNA;2008;40;9
2;LÉNA;2009;40;15
2;LÉNA;2010;40;9
2;LÉNA;2011;40;17
2;LÉNA;2012;40;11
2;LÉNA;2013;40;13
2;LÉNA;2014;40;13
2;LÉNA;2015;40;10
2;LÉNA;2016;40;7
2;LÉNA;2017;40;10
2;LÉNA;2018;40;4
2;LÉNA;2019;40;7
2;LÉNA;2020;40;5
2;LÉNA;2021;40;11
2;LÉONIE;2004;40;7
2;LÉONIE;2007;40;5
2;LÉONIE;2008;40;7
2;LÉONIE;2009;40;3
2;LÉONIE;2011;40;5
2;LÉONIE;2012;40;7
2;LÉONIE;2013;40;6
2;LÉONIE;2014;40;5
2;LÉONIE;2015;40;6
2;LÉONIE;2016;40;8
2;LÉONIE;2018;40;8
2;LÉONIE;2019;40;8
2;LÉONIE;2020;40;4
2;LÉONIE;2021;40;10
2;LEYLA;2019;40;4
2;LEYNA;2008;40;3
2;LEYNA;2019;40;3
2;LEYNA;2021;40;3
2;LIA;2014;40;3
2;LIA;2018;40;3
2;LIA;2021;40;3
2;LIANA;2019;40;4
2;LILA;2005;40;4
2;LILA;2006;40;3
2;LILA;2014;40;3
2;LILA;2019;40;3
2;LILAS;2011;40;3
2;LILAS;2012;40;3
2;LILI;2006;40;4
2;LILI-ROSE;2006;40;3
2;LILLY;2007;40;4
2;LILOU;2001;40;4
2;LILOU;2003;40;3
2;LILOU;2004;40;8
2;LILOU;2005;40;10
2;LILOU;2006;40;11
2;LILOU;2007;40;15
2;LILOU;2008;40;14
2;LILOU;2009;40;17
2;LILOU;2010;40;16
2;LILOU;2011;40;11
2;LILOU;2012;40;17
2;LILOU;2013;40;13
2;LILOU;2014;40;10
2;LILOU;2015;40;7
2;LILOU;2017;40;3
2;LILOU;2018;40;7
2;LILOU;2019;40;4
2;LILOU;2020;40;6
2;LILOU;2021;40;6
2;LILY;2003;40;3
2;LILY;2005;40;3
2;LILY;2006;40;5
2;LILY;2007;40;5
2;LILY;2008;40;6
2;LILY;2009;40;11
2;LILY;2010;40;15
2;LILY;2011;40;7
2;LILY;2012;40;6
2;LILY;2013;40;13
2;LILY;2014;40;5
2;LILY;2015;40;6
2;LILY;2016;40;4
2;LILY;2018;40;6
2;LILY;2019;40;4
2;LILY;2020;40;6
2;LILY;2021;40;3
2;LILY-ROSE;2008;40;3
2;LILY-ROSE;2009;40;3
2;LINA;2002;40;3
2;LINA;2003;40;3
2;LINA;2006;40;6
2;LINA;2008;40;5
2;LINA;2009;40;5
2;LINA;2011;40;8
2;LINA;2012;40;7
2;LINA;2013;40;9
2;LINA;2014;40;8
2;LINA;2015;40;6
2;LINA;2016;40;6
2;LINA;2017;40;6
2;LINA;2018;40;7
2;LINA;2019;40;3
2;LINA;2020;40;6
2;LINA;2021;40;7
2;LINDSAY;2003;40;5
2;LINDSEY;2011;40;3
2;LINOA;2011;40;3
2;LINON;2003;40;3
2;LINON;2011;40;3
2;LISA;2000;40;15
2;LISA;2001;40;14
2;LISA;2002;40;10
2;LISA;2003;40;16
2;LISA;2004;40;14
2;LISA;2005;40;8
2;LISA;2006;40;12
2;LISA;2007;40;13
2;LISA;2008;40;9
2;LISA;2009;40;8
2;LISA;2010;40;10
2;LISA;2011;40;9
2;LISA;2012;40;3
2;LISA;2013;40;4
2;LISA;2014;40;9
2;LISA;2015;40;7
2;LISA;2020;40;5
2;LISE;2001;40;5
2;LISE;2002;40;5
2;LISE;2003;40;5
2;LISE;2004;40;3
2;LISE;2005;40;3
2;LISE;2006;40;3
2;LISE;2007;40;3
2;LISE;2008;40;5
2;LISE;2009;40;4
2;LISE;2010;40;4
2;LISE;2011;40;6
2;LISE;2012;40;5
2;LISE;2013;40;7
2;LISE;2015;40;4
2;LISE;2016;40;6
2;LISE;2019;40;4
2;LISE;2020;40;5
2;LISE;2021;40;4
2;LISON;2018;40;4
2;LIVIA;2013;40;3
2;LIVIA;2014;40;4
2;LIVIA;2015;40;4
2;LIVIA;2019;40;3
2;LOANE;2003;40;3
2;LOANE;2005;40;4
2;LOANE;2006;40;8
2;LOANE;2007;40;5
2;LOANE;2008;40;9
2;LOANE;2009;40;4
2;LOANE;2010;40;3
2;LOANE;2011;40;4
2;LOANE;2014;40;3
2;LOLA;2000;40;8
2;LOLA;2001;40;10
2;LOLA;2002;40;17
2;LOLA;2003;40;16
2;LOLA;2004;40;10
2;LOLA;2005;40;13
2;LOLA;2006;40;21
2;LOLA;2007;40;19
2;LOLA;2008;40;21
2;LOLA;2009;40;16
2;LOLA;2010;40;22
2;LOLA;2011;40;22
2;LOLA;2012;40;17
2;LOLA;2013;40;14
2;LOLA;2014;40;14
2;LOLA;2015;40;12
2;LOLA;2016;40;22
2;LOLA;2017;40;14
2;LOLA;2018;40;8
2;LOLA;2019;40;9
2;LOLA;2020;40;12
2;LOLA;2021;40;15
2;LOU;2000;40;3
2;LOU;2001;40;4
2;LOU;2002;40;3
2;LOU;2003;40;3
2;LOU;2004;40;12
2;LOU;2005;40;8
2;LOU;2006;40;4
2;LOU;2007;40;10
2;LOU;2008;40;3
2;LOU;2009;40;9
2;LOU;2011;40;8
2;LOU;2012;40;6
2;LOU;2013;40;6
2;LOU;2014;40;4
2;LOU;2015;40;6
2;LOU;2016;40;7
2;LOU;2017;40;14
2;LOU;2018;40;8
2;LOU;2019;40;5
2;LOU;2020;40;10
2;LOU;2021;40;8
2;LOU-ANN;2007;40;3
2;LOU-ANN;2009;40;4
2;LOU-ANNE;2002;40;3
2;LOU-ANNE;2003;40;5
2;LOU-ANNE;2004;40;3
2;LOU-ANNE;2012;40;3
2;LOUANE;2004;40;3
2;LOUANE;2005;40;5
2;LOUANE;2006;40;4
2;LOUANE;2007;40;8
2;LOUANE;2008;40;15
2;LOUANE;2009;40;5
2;LOUANE;2010;40;4
2;LOUANE;2011;40;7
2;LOUANE;2012;40;9
2;LOUANE;2013;40;8
2;LOUANE;2014;40;3
2;LOUANE;2015;40;8
2;LOUANE;2016;40;4
2;LOUANE;2017;40;4
2;LOUANE;2018;40;5
2;LOUANE;2020;40;3
2;LOUANN;2007;40;3
2;LOUANN;2015;40;3
2;LOUANNE;2010;40;3
2;LOUANNE;2011;40;3
2;LOUISE;2000;40;3
2;LOUISE;2001;40;5
2;LOUISE;2002;40;7
2;LOUISE;2003;40;5
2;LOUISE;2004;40;5
2;LOUISE;2005;40;6
2;LOUISE;2006;40;8
2;LOUISE;2008;40;13
2;LOUISE;2009;40;9
2;LOUISE;2010;40;13
2;LOUISE;2011;40;8
2;LOUISE;2012;40;21
2;LOUISE;2013;40;18
2;LOUISE;2014;40;10
2;LOUISE;2015;40;23
2;LOUISE;2016;40;14
2;LOUISE;2017;40;14
2;LOUISE;2018;40;14
2;LOUISE;2019;40;12
2;LOUISE;2020;40;13
2;LOUISE;2021;40;17
2;LOUNA;2001;40;6
2;LOUNA;2003;40;5
2;LOUNA;2005;40;8
2;LOUNA;2006;40;11
2;LOUNA;2007;40;3
2;LOUNA;2008;40;5
2;LOUNA;2009;40;13
2;LOUNA;2010;40;12
2;LOUNA;2011;40;11
2;LOUNA;2012;40;11
2;LOUNA;2013;40;13
2;LOUNA;2014;40;8
2;LOUNA;2015;40;13
2;LOUNA;2016;40;7
2;LOUNA;2017;40;11
2;LOUNA;2018;40;8
2;LOUNA;2019;40;7
2;LOUNA;2020;40;9
2;LOUNA;2021;40;3
2;LUCIANA;2021;40;3
2;LUCIE;2000;40;20
2;LUCIE;2001;40;24
2;LUCIE;2002;40;21
2;LUCIE;2003;40;15
2;LUCIE;2004;40;11
2;LUCIE;2005;40;14
2;LUCIE;2006;40;11
2;LUCIE;2007;40;15
2;LUCIE;2008;40;10
2;LUCIE;2009;40;16
2;LUCIE;2010;40;12
2;LUCIE;2011;40;13
2;LUCIE;2012;40;13
2;LUCIE;2013;40;8
2;LUCIE;2014;40;7
2;LUCIE;2015;40;9
2;LUCIE;2016;40;9
2;LUCIE;2017;40;6
2;LUCIE;2018;40;8
2;LUCIE;2019;40;7
2;LUCIE;2020;40;7
2;LUCIE;2021;40;6
2;LUCILE;2001;40;4
2;LUCILE;2002;40;3
2;LUCILE;2003;40;3
2;LUCILE;2005;40;3
2;LUCILE;2006;40;9
2;LUCILE;2008;40;3
2;LUCILE;2013;40;3
2;LUCILE;2020;40;4
2;LUCY;2002;40;3
2;LUCY;2014;40;4
2;LUCY;2015;40;3
2;LUDIVINE;2001;40;4
2;LUDIVINE;2004;40;5
2;LUNA;2001;40;3
2;LUNA;2003;40;7
2;LUNA;2004;40;11
2;LUNA;2006;40;6
2;LUNA;2007;40;6
2;LUNA;2008;40;5
2;LUNA;2009;40;6
2;LUNA;2010;40;11
2;LUNA;2011;40;4
2;LUNA;2012;40;8
2;LUNA;2013;40;8
2;LUNA;2014;40;5
2;LUNA;2015;40;11
2;LUNA;2016;40;4
2;LUNA;2017;40;6
2;LUNA;2018;40;7
2;LUNA;2019;40;9
2;LUNA;2020;40;7
2;LUNA;2021;40;6
2;LYA;2014;40;6
2;LYA;2015;40;4
2;LYA;2017;40;6
2;LYA;2018;40;8
2;LYA;2020;40;6
2;LYA;2021;40;4
2;LYANA;2014;40;3
2;LYANA;2016;40;3
2;LYANA;2018;40;4
2;LYANA;2019;40;6
2;LYANA;2020;40;4
2;LYANA;2021;40;10
2;LYDIE;2004;40;3
2;LYDIE;2006;40;4
2;LYLA;2013;40;4
2;LYLOU;2006;40;3
2;LYLOU;2008;40;3
2;LYLOU;2011;40;3
2;LYLOU;2012;40;4
2;LYLOU;2013;40;3
2;LYLOU;2014;40;4
2;LYLOU;2015;40;3
2;LYNA;2009;40;3
2;LYNA;2011;40;3
2;LYNA;2012;40;3
2;LYNA;2015;40;3
2;LYNA;2019;40;6
2;LYNA;2020;40;4
2;MADDIE;2019;40;3
2;MADDY;2013;40;3
2;MADDY;2020;40;3
2;MADDY;2021;40;3
2;MADELEINE;2021;40;3
2;MADISON;2003;40;3
2;MADY;2021;40;3
2;MAELIE;2008;40;3
2;MAËLIE;2011;40;4
2;MAËLIE;2014;40;3
2;MAËLIE;2016;40;3
2;MAËLIE;2017;40;4
2;MAELINE;2008;40;5
2;MAELLE;2001;40;4
2;MAELLE;2002;40;6
2;MAELLE;2003;40;10
2;MAELLE;2004;40;3
2;MAELLE;2005;40;6
2;MAELLE;2006;40;13
2;MAELLE;2007;40;7
2;MAELLE;2008;40;3
2;MAELLE;2009;40;8
2;MAELLE;2010;40;5
2;MAËLLE;2011;40;3
2;MAËLLE;2012;40;6
2;MAËLLE;2013;40;4
2;MAËLLE;2014;40;3
2;MAËLLE;2018;40;4
2;MAËLLE;2020;40;3
2;MAËLLE;2021;40;3
2;MAELY;2008;40;3
2;MAELY;2009;40;3
2;MAËLY;2015;40;4
2;MAËLYA;2015;40;3
2;MAËLYA;2017;40;3
2;MAËLYA;2019;40;4
2;MAËLYA;2021;40;3
2;MAELYS;2007;40;6
2;MAELYS;2010;40;3
2;MAËLYS;2013;40;5
2;MAËLYS;2015;40;6
2;MAËLYS;2016;40;3
2;MAËLYS;2017;40;4
2;MAEVA;2000;40;18
2;MAEVA;2001;40;24
2;MAEVA;2002;40;21
2;MAEVA;2003;40;14
2;MAEVA;2004;40;11
2;MAEVA;2005;40;7
2;MAEVA;2006;40;13
2;MAEVA;2007;40;10
2;MAEVA;2008;40;6
2;MAEVA;2009;40;5
2;MAEVA;2011;40;4
2;MAËVA;2018;40;3
2;MAHINA;2012;40;3
2;MAIA;2008;40;3
2;MAIA;2010;40;5
2;MAIALEN;2005;40;3
2;MAIALEN;2010;40;3
2;MAIANA;2007;40;3
2;MAIANA;2009;40;3
2;MAILYS;2001;40;3
2;MAILYS;2002;40;4
2;MAILYS;2004;40;3
2;MAILYS;2007;40;3
2;MAILYS;2008;40;10
2;MAÏLYS;2013;40;3
2;MAÏNA;2013;40;3
2;MAÏNA;2016;40;4
2;MAÏNA;2017;40;3
2;MAIWENN;2009;40;3
2;MALAK;2008;40;3
2;MALAK;2011;40;3
2;MALAURIE;2000;40;3
2;MALIA;2017;40;3
2;MALIKA;2009;40;3
2;MALIKA;2019;40;3
2;MALVINA;2004;40;3
2;MALYA;2021;40;3
2;MANON;2000;40;25
2;MANON;2001;40;33
2;MANON;2002;40;33
2;MANON;2003;40;34
2;MANON;2004;40;27
2;MANON;2005;40;25
2;MANON;2006;40;26
2;MANON;2007;40;18
2;MANON;2008;40;26
2;MANON;2009;40;25
2;MANON;2010;40;19
2;MANON;2011;40;20
2;MANON;2012;40;17
2;MANON;2013;40;16
2;MANON;2014;40;20
2;MANON;2015;40;17
2;MANON;2016;40;11
2;MANON;2017;40;14
2;MANON;2018;40;16
2;MANON;2019;40;12
2;MANON;2020;40;4
2;MANON;2021;40;3
2;MARGAUX;2000;40;15
2;MARGAUX;2001;40;11
2;MARGAUX;2002;40;9
2;MARGAUX;2003;40;8
2;MARGAUX;2004;40;8
2;MARGAUX;2005;40;7
2;MARGAUX;2006;40;9
2;MARGAUX;2007;40;5
2;MARGAUX;2008;40;10
2;MARGAUX;2009;40;4
2;MARGAUX;2010;40;6
2;MARGAUX;2011;40;7
2;MARGAUX;2012;40;6
2;MARGAUX;2013;40;4
2;MARGAUX;2014;40;7
2;MARGAUX;2015;40;6
2;MARGAUX;2016;40;9
2;MARGAUX;2017;40;6
2;MARGAUX;2018;40;3
2;MARGAUX;2019;40;5
2;MARGAUX;2020;40;8
2;MARGAUX;2021;40;7
2;MARGOT;2000;40;6
2;MARGOT;2001;40;6
2;MARGOT;2002;40;9
2;MARGOT;2003;40;5
2;MARGOT;2004;40;6
2;MARGOT;2005;40;4
2;MARGOT;2006;40;6
2;MARGOT;2007;40;5
2;MARGOT;2008;40;6
2;MARGOT;2010;40;4
2;MARGOT;2011;40;10
2;MARGOT;2012;40;4
2;MARGOT;2013;40;6
2;MARGOT;2014;40;7
2;MARGOT;2015;40;3
2;MARGOT;2016;40;7
2;MARGOT;2017;40;3
2;MARGOT;2018;40;5
2;MARGOT;2021;40;10
2;MARIA;2015;40;3
2;MARIE;2000;40;20
2;MARIE;2001;40;17
2;MARIE;2002;40;15
2;MARIE;2003;40;23
2;MARIE;2004;40;16
2;MARIE;2005;40;20
2;MARIE;2006;40;11
2;MARIE;2007;40;10
2;MARIE;2008;40;8
2;MARIE;2009;40;9
2;MARIE;2010;40;5
2;MARIE;2011;40;5
2;MARIE;2012;40;5
2;MARIE;2013;40;3
2;MARIE;2014;40;5
2;MARIE;2015;40;3
2;MARILOU;2005;40;3
2;MARILOU;2007;40;4
2;MARILOU;2014;40;3
2;MARILOU;2018;40;3
2;MARINA;2000;40;7
2;MARINA;2001;40;3
2;MARINA;2006;40;6
2;MARINA;2008;40;4
2;MARINA;2009;40;3
2;MARINE;2000;40;9
2;MARINE;2001;40;10
2;MARINE;2002;40;14
2;MARINE;2003;40;10
2;MARINE;2004;40;7
2;MARINE;2005;40;15
2;MARINE;2006;40;9
2;MARINE;2007;40;4
2;MARINE;2008;40;5
2;MARINE;2009;40;4
2;MARINE;2010;40;3
2;MARINE;2015;40;3
2;MARION;2000;40;14
2;MARION;2001;40;15
2;MARION;2002;40;5
2;MARION;2003;40;5
2;MARION;2004;40;5
2;MARION;2005;40;5
2;MARION;2006;40;5
2;MARION;2007;40;4
2;MARION;2008;40;6
2;MARION;2013;40;3
2;MARJORIE;2003;40;3
2;MARWA;2010;40;3
2;MARYLOU;2009;40;3
2;MARYLOU;2012;40;3
2;MATHILDE;2000;40;20
2;MATHILDE;2001;40;19
2;MATHILDE;2002;40;15
2;MATHILDE;2003;40;12
2;MATHILDE;2004;40;14
2;MATHILDE;2005;40;17
2;MATHILDE;2006;40;14
2;MATHILDE;2007;40;8
2;MATHILDE;2008;40;9
2;MATHILDE;2009;40;12
2;MATHILDE;2010;40;8
2;MATHILDE;2011;40;6
2;MATHILDE;2012;40;6
2;MATHILDE;2013;40;3
2;MATHILDE;2014;40;3
2;MATHILDE;2015;40;5
2;MATHILDE;2016;40;8
2;MATHILDE;2019;40;7
2;MATHILDE;2020;40;4
2;MAUD;2006;40;4
2;MAUD;2008;40;3
2;MAYA;2009;40;3
2;MAYA;2010;40;6
2;MAYA;2011;40;3
2;MAYA;2012;40;3
2;MAYA;2016;40;3
2;MAYANA;2016;40;3
2;MAYANA;2021;40;3
2;MAYLIE;2009;40;4
2;MAYLIS;2000;40;6
2;MAYLIS;2001;40;7
2;MAYLIS;2002;40;3
2;MAYLIS;2003;40;6
2;MAYLIS;2004;40;5
2;MAYLIS;2005;40;9
2;MAYLIS;2006;40;6
2;MAYLIS;2007;40;5
2;MAYLIS;2008;40;5
2;MAYLIS;2009;40;3
2;MAYLIS;2010;40;3
2;MAYLIS;2013;40;3
2;MAYLIS;2014;40;3
2;MAYLIS;2015;40;4
2;MEGANE;2001;40;3
2;MÉLANIE;2000;40;14
2;MÉLANIE;2001;40;9
2;MÉLANIE;2002;40;4
2;MÉLANIE;2004;40;4
2;MELINA;2010;40;3
2;MÉLINA;2000;40;3
2;MÉLINA;2003;40;3
2;MÉLINA;2004;40;4
2;MÉLINA;2005;40;3
2;MÉLINA;2006;40;3
2;MÉLINA;2007;40;4
2;MÉLINA;2009;40;3
2;MÉLINA;2010;40;3
2;MÉLINA;2011;40;4
2;MÉLINA;2013;40;4
2;MÉLINA;2014;40;4
2;MÉLINA;2015;40;4
2;MÉLINA;2016;40;5
2;MÉLINA;2019;40;4
2;MÉLINA;2020;40;3
2;MELINE;2002;40;3
2;MELINE;2007;40;3
2;MÉLINE;2013;40;4
2;MÉLINE;2014;40;3
2;MÉLINE;2015;40;5
2;MÉLISSA;2000;40;5
2;MÉLISSA;2001;40;8
2;MÉLISSA;2002;40;6
2;MÉLISSA;2003;40;14
2;MÉLISSA;2004;40;3
2;MÉLISSA;2006;40;5
2;MÉLISSA;2007;40;4
2;MÉLISSA;2008;40;6
2;MÉLISSA;2009;40;3
2;MÉLISSA;2010;40;8
2;MÉLISSA;2012;40;3
2;MÉLISSA;2014;40;5
2;MÉLISSA;2016;40;4
2;MELODY;2004;40;3
2;MELYNA;2004;40;3
2;MIA;2012;40;3
2;MIA;2015;40;13
2;MIA;2016;40;6
2;MIA;2017;40;9
2;MIA;2018;40;8
2;MIA;2019;40;10
2;MIA;2020;40;14
2;MIA;2021;40;12
2;MÏA;2020;40;4
2;MILA;2001;40;3
2;MILA;2008;40;3
2;MILA;2009;40;4
2;MILA;2010;40;3
2;MILA;2011;40;6
2;MILA;2012;40;6
2;MILA;2013;40;5
2;MILA;2014;40;10
2;MILA;2015;40;12
2;MILA;2016;40;11
2;MILA;2017;40;8
2;MILA;2018;40;11
2;MILA;2019;40;10
2;MILA;2020;40;11
2;MILA;2021;40;10
2;MORGANE;2000;40;24
2;MORGANE;2001;40;8
2;MORGANE;2002;40;4
2;MORGANE;2003;40;9
2;MORGANE;2004;40;14
2;MORGANE;2005;40;13
2;MORGANE;2006;40;9
2;MORGANE;2007;40;8
2;MORGANE;2008;40;8
2;MORGANE;2009;40;3
2;MORGANE;2010;40;5
2;MORGANE;2011;40;5
2;MORGANE;2012;40;4
2;MORGANE;2016;40;5
2;MYA;2012;40;5
2;MYA;2015;40;7
2;MYA;2016;40;3
2;MYA;2018;40;4
2;MYA;2019;40;7
2;MYA;2020;40;10
2;MYA;2021;40;4
2;MYLA;2013;40;3
2;MYLA;2015;40;3
2;MYLA;2016;40;5
2;MYLA;2017;40;3
2;MYLA;2018;40;4
2;MYLÈNE;2000;40;3
2;MYLÈNE;2004;40;4
2;MYRIAM;2004;40;3
2;NAËLLE;2020;40;3
2;NAHIA;2009;40;3
2;NAHIA;2014;40;3
2;NAHIA;2017;40;3
2;NAHIA;2020;40;3
2;NAÏA;2011;40;4
2;NAÏA;2015;40;3
2;NAÏA;2016;40;4
2;NAÏA;2018;40;3
2;NAÏS;2011;40;3
2;NAOMIE;2008;40;3
2;NAOMIE;2009;40;3
2;NAOMIE;2013;40;4
2;NAOMIE;2016;40;4
2;NAYA;2015;40;3
2;NAYA;2019;40;3
2;NEELA;2008;40;3
2;NEELA;2012;40;3
2;NINA;2001;40;7
2;NINA;2002;40;7
2;NINA;2003;40;8
2;NINA;2004;40;5
2;NINA;2005;40;6
2;NINA;2006;40;4
2;NINA;2007;40;6
2;NINA;2008;40;7
2;NINA;2009;40;4
2;NINA;2011;40;8
2;NINA;2012;40;7
2;NINA;2013;40;5
2;NINA;2014;40;11
2;NINA;2015;40;9
2;NINA;2016;40;5
2;NINA;2018;40;4
2;NINA;2019;40;6
2;NINA;2020;40;8
2;NINA;2021;40;3
2;NINON;2004;40;5
2;NINON;2006;40;5
2;NINON;2007;40;7
2;NINON;2008;40;7
2;NINON;2013;40;4
2;NINON;2016;40;4
2;NINON;2017;40;3
2;NINON;2018;40;4
2;NINON;2019;40;7
2;NOELIE;2005;40;3
2;NOELIE;2007;40;5
2;NOELIE;2008;40;3
2;NOELIE;2009;40;3
2;NOELIE;2010;40;3
2;NOÉLIE;2015;40;3
2;NOÉLIE;2018;40;5
2;NOÉLIE;2020;40;4
2;NOELINE;2003;40;3
2;NOEMIE;2000;40;7
2;NOEMIE;2001;40;5
2;NOEMIE;2002;40;3
2;NOEMIE;2003;40;11
2;NOEMIE;2004;40;12
2;NOEMIE;2005;40;12
2;NOEMIE;2006;40;14
2;NOEMIE;2007;40;8
2;NOEMIE;2008;40;16
2;NOEMIE;2009;40;7
2;NOEMIE;2010;40;10
2;NOEMIE;2011;40;3
2;NOÉMIE;2010;40;3
2;NOÉMIE;2012;40;9
2;NOÉMIE;2013;40;12
2;NOÉMIE;2014;40;7
2;NOÉMIE;2016;40;6
2;NOÉMIE;2018;40;3
2;NOÉMIE;2019;40;4
2;NOÉMIE;2020;40;4
2;NOLWENN;2003;40;5
2;NORA;2002;40;3
2;NORA;2005;40;3
2;NORA;2007;40;4
2;NORA;2012;40;5
2;NORA;2015;40;5
2;NORA;2018;40;3
2;NORA;2019;40;3
2;NORAH;2004;40;3
2;NORAH;2006;40;3
2;NORAH;2007;40;3
2;NORAH;2008;40;4
2;NORAH;2012;40;4
2;NORAH;2020;40;4
2;NOUR;2018;40;3
2;NOUR;2020;40;3
2;OCÉANE;2000;40;26
2;OCÉANE;2001;40;23
2;OCÉANE;2002;40;24
2;OCÉANE;2003;40;16
2;OCÉANE;2004;40;20
2;OCÉANE;2005;40;21
2;OCÉANE;2006;40;18
2;OCÉANE;2007;40;13
2;OCÉANE;2008;40;24
2;OCÉANE;2009;40;10
2;OCÉANE;2010;40;9
2;OCÉANE;2011;40;7
2;OCÉANE;2012;40;8
2;OCÉANE;2013;40;7
2;OCÉANE;2014;40;8
2;OCÉANE;2015;40;5
2;OCÉANE;2016;40;9
2;OCÉANE;2017;40;8
2;OCÉANE;2018;40;6
2;OIHANA;2005;40;4
2;OIHANA;2007;40;3
2;OIHANA;2008;40;4
2;OIHANA;2009;40;4
2;OIHANA;2011;40;4
2;OIHANA;2012;40;3
2;OIHANA;2016;40;3
2;OÏHANA;2012;40;4
2;OÏHANA;2020;40;3
2;OLIVIA;2000;40;4
2;OLIVIA;2002;40;3
2;OLIVIA;2004;40;5
2;OLIVIA;2006;40;4
2;OLIVIA;2007;40;3
2;OLIVIA;2009;40;5
2;OLIVIA;2010;40;6
2;OLIVIA;2011;40;5
2;OLIVIA;2013;40;6
2;OLIVIA;2015;40;7
2;OLIVIA;2016;40;3
2;OLIVIA;2019;40;3
2;OLIVIA;2020;40;4
2;OLYMPE;2021;40;4
2;OPHÉLIE;2003;40;3
2;ORANE;2002;40;3
2;ORANE;2004;40;3
2;ORIANE;2000;40;3
2;OYANA;2012;40;3
2;PALOMA;2006;40;3
2;PALOMA;2009;40;4
2;PAOLA;2017;40;5
2;PAULINE;2000;40;22
2;PAULINE;2001;40;11
2;PAULINE;2002;40;12
2;PAULINE;2003;40;9
2;PAULINE;2004;40;12
2;PAULINE;2005;40;14
2;PAULINE;2006;40;6
2;PAULINE;2007;40;7
2;PAULINE;2008;40;9
2;PAULINE;2009;40;7
2;PAULINE;2010;40;7
2;PAULINE;2011;40;4
2;PAULINE;2012;40;9
2;PAULINE;2013;40;4
2;PAULINE;2014;40;6
2;PAULINE;2015;40;3
2;PAULINE;2016;40;4
2;PAULINE;2017;40;3
2;PAULINE;2018;40;4
2;PENELOPE;2009;40;3
2;PERRINE;2001;40;3
2;PERRINE;2005;40;3
2;PERRINE;2007;40;3
2;PERRINE;2008;40;4
2;RACHEL;2006;40;3
2;RACHEL;2009;40;5
2;RACHEL;2010;40;3
2;RAPHAELLE;2003;40;3
2;REBECCA;2001;40;3
2;ROMANE;2000;40;5
2;ROMANE;2001;40;10
2;ROMANE;2002;40;8
2;ROMANE;2003;40;4
2;ROMANE;2004;40;8
2;ROMANE;2005;40;9
2;ROMANE;2006;40;14
2;ROMANE;2007;40;15
2;ROMANE;2008;40;16
2;ROMANE;2009;40;10
2;ROMANE;2010;40;12
2;ROMANE;2011;40;12
2;ROMANE;2012;40;10
2;ROMANE;2013;40;4
2;ROMANE;2014;40;10
2;ROMANE;2015;40;9
2;ROMANE;2016;40;4
2;ROMANE;2017;40;8
2;ROMANE;2018;40;5
2;ROMANE;2019;40;6
2;ROMANE;2020;40;4
2;ROMANE;2021;40;7
2;ROMY;2011;40;3
2;ROMY;2018;40;3
2;ROMY;2019;40;5
2;ROMY;2020;40;7
2;ROMY;2021;40;14
2;ROSE;2001;40;3
2;ROSE;2008;40;4
2;ROSE;2010;40;3
2;ROSE;2011;40;7
2;ROSE;2014;40;9
2;ROSE;2015;40;5
2;ROSE;2016;40;7
2;ROSE;2017;40;10
2;ROSE;2018;40;5
2;ROSE;2019;40;13
2;ROSE;2020;40;18
2;ROSE;2021;40;8
2;ROXANE;2000;40;3
2;ROXANE;2007;40;3
2;ROXANE;2008;40;5
2;ROXANE;2011;40;3
2;ROXANE;2013;40;5
2;ROXANE;2014;40;3
2;ROXANE;2015;40;3
2;ROXANE;2016;40;3
2;ROXANE;2018;40;6
2;SABRINA;2000;40;4
2;SALOMÉ;2000;40;3
2;SALOMÉ;2002;40;3
2;SALOMÉ;2004;40;3
2;SALOMÉ;2005;40;4
2;SALOMÉ;2006;40;4
2;SALOMÉ;2008;40;4
2;SALOMÉ;2011;40;3
2;SALOMÉ;2015;40;5
2;SALOMÉ;2017;40;4
2;SALOMÉ;2019;40;3
2;SALOMÉ;2020;40;3
2;SAMANTHA;2000;40;5
2;SAMANTHA;2001;40;3
2;SAMANTHA;2004;40;3
2;SAMIA;2007;40;3
2;SANDRA;2001;40;3
2;SARA;2000;40;4
2;SARA;2001;40;4
2;SARA;2002;40;3
2;SARA;2003;40;3
2;SARA;2006;40;6
2;SARA;2008;40;5
2;SARA;2009;40;5
2;SARA;2010;40;5
2;SARA;2011;40;4
2;SARA;2013;40;5
2;SARA;2016;40;3
2;SARAH;2000;40;31
2;SARAH;2001;40;23
2;SARAH;2002;40;20
2;SARAH;2003;40;25
2;SARAH;2004;40;17
2;SARAH;2005;40;19
2;SARAH;2006;40;12
2;SARAH;2007;40;19
2;SARAH;2008;40;20
2;SARAH;2009;40;10
2;SARAH;2010;40;16
2;SARAH;2011;40;16
2;SARAH;2012;40;13
2;SARAH;2013;40;7
2;SARAH;2014;40;6
2;SARAH;2015;40;5
2;SARAH;2016;40;6
2;SARAH;2017;40;6
2;SARAH;2018;40;6
2;SARAH;2019;40;3
2;SCARLETT;2015;40;3
2;SHANA;2004;40;4
2;SHANA;2006;40;3
2;SHANA;2007;40;3
2;SHANA;2011;40;3
2;SHANA;2013;40;3
2;SHANA;2014;40;3
2;SHANICE;2007;40;3
2;SHANNA;2013;40;4
2;SHANNA;2014;40;4
2;SHANNA;2015;40;5
2;SHARON;2009;40;3
2;SHAYNA;2019;40;3
2;SOFIA;2002;40;3
2;SOFIA;2011;40;5
2;SOFIA;2013;40;3
2;SOFIA;2014;40;4
2;SOFIA;2015;40;3
2;SOFIA;2017;40;5
2;SOFIA;2018;40;6
2;SOFIA;2019;40;7
2;SOFIA;2020;40;3
2;SOLEN;2005;40;3
2;SOLÈNE;2000;40;4
2;SOLÈNE;2001;40;6
2;SOLÈNE;2002;40;7
2;SOLÈNE;2003;40;4
2;SOLÈNE;2004;40;5
2;SOLÈNE;2005;40;6
2;SOLÈNE;2006;40;6
2;SOLÈNE;2008;40;3
2;SOLÈNE;2015;40;3
2;SOLÈNE;2019;40;3
2;SOLINE;2011;40;3
2;SONIA;2001;40;4
2;SOPHIA;2014;40;3
2;SOPHIA;2020;40;3
2;SOPHIE;2002;40;4
2;SOPHIE;2003;40;4
2;SOPHIE;2005;40;3
2;SOPHIE;2011;40;3
2;SORAYA;2001;40;3
2;STELLA;2000;40;3
2;STELLA;2004;40;3
2;STELLA;2007;40;3
2;STELLA;2011;40;5
2;STELLA;2020;40;3
2;STÉPHANIE;2001;40;3
2;SUZON;2008;40;3
2;TAÏNA;2021;40;3
2;TANIA;2004;40;3
2;TATIANA;2002;40;3
2;TATIANA;2010;40;3
2;TESS;2008;40;4
2;TESSA;2013;40;3
2;TESSA;2014;40;3
2;THAIS;2007;40;3
2;THAÏS;2012;40;6
2;THAÏS;2014;40;6
2;THAÏS;2021;40;3
2;THÉA;2013;40;3
2;THÉA;2016;40;7
2;THÉA;2017;40;6
2;THÉA;2018;40;3
2;THÉA;2019;40;7
2;THÉA;2020;40;6
2;THÉA;2021;40;7
2;TIPHAINE;2000;40;3
2;TIPHAINE;2001;40;3
2;TIPHAINE;2005;40;4
2;TIPHAINE;2006;40;4
2;TYPHAINE;2013;40;3
2;VALENTINA;2017;40;3
2;VALENTINA;2020;40;3
2;VALENTINA;2021;40;3
2;VALENTINE;2000;40;6
2;VALENTINE;2001;40;3
2;VALENTINE;2005;40;3
2;VALENTINE;2006;40;3
2;VALENTINE;2007;40;4
2;VALENTINE;2008;40;5
2;VALENTINE;2010;40;3
2;VALENTINE;2012;40;3
2;VALENTINE;2013;40;9
2;VALENTINE;2014;40;5
2;VALENTINE;2015;40;3
2;VALENTINE;2017;40;3
2;VICTOIRE;2005;40;3
2;VICTOIRE;2006;40;4
2;VICTOIRE;2008;40;3
2;VICTOIRE;2013;40;4
2;VICTOIRE;2017;40;5
2;VICTOIRE;2018;40;5
2;VICTOIRE;2021;40;5
2;VICTORIA;2002;40;4
2;VICTORIA;2004;40;3
2;VICTORIA;2005;40;3
2;VICTORIA;2006;40;4
2;VICTORIA;2009;40;3
2;VICTORIA;2012;40;3
2;VICTORIA;2014;40;3
2;VICTORIA;2015;40;3
2;VICTORIA;2016;40;7
2;VICTORIA;2017;40;6
2;VICTORIA;2018;40;9
2;VICTORIA;2019;40;4
2;VICTORIA;2020;40;8
2;VICTORIA;2021;40;6
2;VIOLETTE;2009;40;3
2;VIOLETTE;2013;40;3
2;WENDY;2003;40;3
2;WENDY;2007;40;3
2;YASMINE;2004;40;3
2;YASMINE;2021;40;3
2;ZELIE;2008;40;3
2;ZELIE;2010;40;3
2;ZÉLIE;2013;40;4
2;ZÉLIE;2015;40;3
2;ZÉLIE;2016;40;3
2;ZÉLIE;2018;40;4
2;ZÉLIE;2019;40;5
2;ZÉLIE;2020;40;7
2;ZOE;2010;40;5
2;ZOE;2011;40;5
2;ZOÉ;2000;40;7
2;ZOÉ;2001;40;6
2;ZOÉ;2002;40;3
2;ZOÉ;2003;40;9
2;ZOÉ;2004;40;9
2;ZOÉ;2005;40;11
2;ZOÉ;2006;40;11
2;ZOÉ;2007;40;9
2;ZOÉ;2008;40;10
2;ZOÉ;2009;40;15
2;ZOÉ;2010;40;15
2;ZOÉ;2011;40;16
2;ZOÉ;2012;40;21
2;ZOÉ;2013;40;13
2;ZOÉ;2014;40;15
2;ZOÉ;2015;40;20
2;ZOÉ;2016;40;15
2;ZOÉ;2017;40;8
2;ZOÉ;2018;40;4
2;ZOÉ;2019;40;8
2;ZOÉ;2020;40;4
2;ZOÉ;2021;40;7
