sexe;preusuel;annais;dpt;nombre
1;_PRENOMS_RARES;2000;46;12
1;_PRENOMS_RARES;2001;46;10
1;_PRENOMS_RARES;2002;46;13
1;_PRENOMS_RARES;2003;46;10
1;_PRENOMS_RARES;2004;46;10
1;_PRENOMS_RARES;2005;46;10
1;_PRENOMS_RARES;2006;46;13
1;_PRENOMS_RARES;2007;46;8
1;_PRENOMS_RARES;2008;46;16
1;_PRENOMS_RARES;2009;46;17
1;_PRENOMS_RARES;2010;46;11
1;_PRENOMS_RARES;2011;46;7
1;_PRENOMS_RARES;2012;46;9
1;_PRENOMS_RARES;2013;46;10
1;_PRENOMS_RARES;2014;46;9
1;_PRENOMS_RARES;2015;46;13
1;_PRENOMS_RARES;2016;46;19
1;_PRENOMS_RARES;2017;46;16
1;_PRENOMS_RARES;2018;46;13
1;_PRENOMS_RARES;2019;46;12
1;_PRENOMS_RARES;2020;46;15
1;_PRENOMS_RARES;2021;46;15
1;AARON;2020;46;3
1;ACHILLE;2011;46;3
1;ADAM;2008;46;3
1;ADAM;2010;46;3
1;ADAM;2013;46;4
1;ADAM;2014;46;5
1;ADAM;2015;46;3
1;ADAM;2018;46;3
1;ADAM;2019;46;3
1;ADAM;2021;46;3
1;ADRIEN;2000;46;8
1;ADRIEN;2001;46;10
1;ADRIEN;2002;46;7
1;ADRIEN;2003;46;6
1;ADRIEN;2004;46;6
1;ADRIEN;2005;46;5
1;ADRIEN;2006;46;7
1;ADRIEN;2007;46;4
1;ALBAN;2015;46;3
1;ALBAN;2016;46;3
1;ALEXANDRE;2000;46;5
1;ALEXANDRE;2001;46;8
1;ALEXANDRE;2002;46;7
1;ALEXANDRE;2003;46;10
1;ALEXANDRE;2004;46;6
1;ALEXANDRE;2005;46;5
1;ALEXANDRE;2006;46;3
1;ALEXANDRE;2007;46;3
1;ALEXANDRE;2009;46;5
1;ALEXANDRE;2010;46;4
1;ALEXANDRE;2018;46;3
1;ALEXIS;2000;46;5
1;ALEXIS;2001;46;5
1;ALEXIS;2002;46;5
1;ALEXIS;2003;46;5
1;ALEXIS;2004;46;7
1;ALEXIS;2006;46;7
1;ALEXIS;2007;46;5
1;ALEXIS;2008;46;4
1;ALEXIS;2009;46;4
1;ALEXIS;2015;46;3
1;ALOIS;2005;46;3
1;AMAURY;2020;46;3
1;AMINE;2008;46;3
1;ANGEL;2006;46;3
1;ANGELO;2007;46;3
1;ANTHONY;2000;46;14
1;ANTHONY;2001;46;13
1;ANTHONY;2002;46;8
1;ANTHONY;2004;46;3
1;ANTHONY;2005;46;4
1;ANTHONY;2006;46;3
1;ANTOINE;2000;46;10
1;ANTOINE;2001;46;5
1;ANTOINE;2002;46;10
1;ANTOINE;2003;46;9
1;ANTOINE;2004;46;7
1;ANTOINE;2006;46;6
1;ANTOINE;2011;46;4
1;ANTOINE;2014;46;4
1;ANTOINE;2016;46;4
1;ANTONIN;2002;46;7
1;ANTONIN;2004;46;4
1;ANTONIN;2005;46;3
1;ANTONIN;2006;46;3
1;ANTONIN;2008;46;3
1;ANTONIN;2011;46;3
1;ANTONIN;2014;46;3
1;ANTONIN;2016;46;4
1;ANTONY;2004;46;3
1;ARNAUD;2000;46;4
1;ARNAUD;2001;46;5
1;ARNAUD;2007;46;3
1;ARTHUR;2001;46;3
1;ARTHUR;2002;46;3
1;ARTHUR;2003;46;5
1;ARTHUR;2004;46;5
1;ARTHUR;2005;46;7
1;ARTHUR;2006;46;7
1;ARTHUR;2007;46;4
1;ARTHUR;2008;46;9
1;ARTHUR;2009;46;6
1;ARTHUR;2010;46;5
1;ARTHUR;2013;46;3
1;ARTHUR;2014;46;6
1;ARTHUR;2015;46;3
1;ARTHUR;2016;46;5
1;ARTHUR;2017;46;5
1;ARTHUR;2018;46;5
1;ARTHUR;2019;46;5
1;ARTHUR;2020;46;3
1;AUBIN;2021;46;3
1;AUGUSTIN;2014;46;3
1;AUGUSTIN;2015;46;3
1;AURÉLIEN;2001;46;4
1;AURÉLIEN;2004;46;4
1;AURÉLIEN;2007;46;3
1;AXEL;2000;46;4
1;AXEL;2001;46;6
1;AXEL;2002;46;8
1;AXEL;2004;46;3
1;AXEL;2005;46;6
1;AXEL;2006;46;5
1;AXEL;2007;46;5
1;AXEL;2008;46;7
1;AXEL;2010;46;7
1;AXEL;2011;46;4
1;AXEL;2012;46;5
1;AXEL;2013;46;5
1;AXEL;2014;46;3
1;AXEL;2017;46;7
1;AXEL;2018;46;3
1;AXEL;2021;46;3
1;BAPTISTE;2000;46;9
1;BAPTISTE;2001;46;11
1;BAPTISTE;2002;46;7
1;BAPTISTE;2003;46;6
1;BAPTISTE;2004;46;4
1;BAPTISTE;2005;46;5
1;BAPTISTE;2006;46;7
1;BAPTISTE;2007;46;6
1;BAPTISTE;2008;46;9
1;BAPTISTE;2009;46;7
1;BAPTISTE;2011;46;3
1;BAPTISTE;2012;46;3
1;BAPTISTE;2015;46;5
1;BAPTISTE;2018;46;3
1;BAPTISTE;2020;46;3
1;BASILE;2012;46;3
1;BASTIEN;2000;46;8
1;BASTIEN;2001;46;9
1;BASTIEN;2002;46;9
1;BASTIEN;2003;46;5
1;BASTIEN;2004;46;6
1;BASTIEN;2008;46;7
1;BASTIEN;2015;46;4
1;BENJAMIN;2000;46;7
1;BENJAMIN;2001;46;10
1;BENJAMIN;2002;46;5
1;BENJAMIN;2003;46;8
1;BENJAMIN;2004;46;4
1;BENJAMIN;2007;46;4
1;BENOÎT;2001;46;5
1;BRYAN;2001;46;6
1;BRYAN;2006;46;4
1;CAMILLE;2013;46;3
1;CAMILLE;2017;46;4
1;CHARLIE;2010;46;3
1;CLEMENT;2010;46;4
1;CLÉMENT;2000;46;12
1;CLÉMENT;2001;46;8
1;CLÉMENT;2002;46;19
1;CLÉMENT;2003;46;18
1;CLÉMENT;2004;46;12
1;CLÉMENT;2005;46;10
1;CLÉMENT;2006;46;6
1;CLÉMENT;2008;46;8
1;CLÉMENT;2009;46;5
1;CLÉMENT;2012;46;4
1;CLÉMENT;2013;46;5
1;CLÉMENT;2015;46;5
1;CLÉMENT;2016;46;5
1;CLÉMENT;2020;46;3
1;COLIN;2000;46;3
1;CORENTIN;2000;46;10
1;CORENTIN;2001;46;5
1;CORENTIN;2002;46;7
1;CORENTIN;2003;46;3
1;CORENTIN;2004;46;4
1;CORENTIN;2005;46;5
1;CORENTIN;2006;46;3
1;CORENTIN;2008;46;4
1;CORENTIN;2014;46;5
1;DAMIEN;2000;46;4
1;DAMIEN;2001;46;4
1;DAMIEN;2002;46;3
1;DAMIEN;2003;46;5
1;DAVID;2000;46;3
1;DAVID;2006;46;3
1;DIEGO;2020;46;4
1;DIMITRI;2004;46;5
1;DIMITRI;2007;46;4
1;DORIAN;2000;46;7
1;DORIAN;2001;46;9
1;DORIAN;2002;46;6
1;DORIAN;2003;46;9
1;DORIAN;2004;46;4
1;DORIAN;2005;46;4
1;DORIAN;2006;46;5
1;DORIAN;2007;46;3
1;DORIAN;2009;46;3
1;DYLAN;2000;46;5
1;DYLAN;2001;46;5
1;DYLAN;2002;46;6
1;DYLAN;2003;46;5
1;DYLAN;2005;46;5
1;DYLAN;2009;46;5
1;DYLAN;2011;46;3
1;EDEN;2016;46;4
1;EDEN;2018;46;4
1;ELIE;2000;46;3
1;ELIE;2001;46;3
1;ELIE;2011;46;3
1;ELIE;2012;46;3
1;ELIE;2017;46;4
1;ELIE;2020;46;3
1;ELIOT;2020;46;3
1;ELIOTT;2016;46;3
1;ELIOTT;2020;46;4
1;EMILE;2000;46;3
1;EMILIEN;2000;46;4
1;EMILIEN;2004;46;4
1;ENZO;2000;46;7
1;ENZO;2001;46;9
1;ENZO;2002;46;13
1;ENZO;2003;46;13
1;ENZO;2004;46;20
1;ENZO;2005;46;16
1;ENZO;2006;46;14
1;ENZO;2007;46;13
1;ENZO;2008;46;8
1;ENZO;2009;46;11
1;ENZO;2010;46;6
1;ENZO;2011;46;4
1;ENZO;2012;46;7
1;ENZO;2013;46;4
1;ENZO;2014;46;9
1;ENZO;2015;46;4
1;ENZO;2017;46;3
1;ENZO;2021;46;4
1;ERWAN;2003;46;3
1;ERWAN;2005;46;3
1;ESTEBAN;2003;46;4
1;ESTEBAN;2006;46;4
1;ESTEBAN;2010;46;3
1;ESTEBAN;2014;46;3
1;ETHAN;2006;46;4
1;ETHAN;2007;46;5
1;ETHAN;2008;46;5
1;ETHAN;2009;46;5
1;ETHAN;2010;46;5
1;ETHAN;2011;46;7
1;ETHAN;2017;46;6
1;ETHAN;2021;46;4
1;ETIENNE;2000;46;4
1;ETIENNE;2003;46;3
1;EVAN;2003;46;3
1;EVAN;2004;46;5
1;EVAN;2005;46;4
1;EVAN;2006;46;4
1;EVAN;2007;46;4
1;EVAN;2009;46;4
1;EVAN;2012;46;5
1;EZIO;2015;46;3
1;FABIEN;2000;46;4
1;FABIEN;2001;46;4
1;FABIEN;2003;46;4
1;FABIEN;2004;46;3
1;FLAVIEN;2002;46;3
1;FLAVIEN;2008;46;3
1;FLORENT;2000;46;4
1;FLORIAN;2000;46;7
1;FLORIAN;2001;46;5
1;FLORIAN;2002;46;8
1;FLORIAN;2005;46;3
1;FLORIAN;2006;46;5
1;GABIN;2005;46;3
1;GABIN;2006;46;4
1;GABIN;2007;46;3
1;GABIN;2010;46;4
1;GABIN;2011;46;4
1;GABIN;2012;46;4
1;GABIN;2013;46;6
1;GABIN;2015;46;7
1;GABIN;2016;46;5
1;GABIN;2017;46;6
1;GABIN;2018;46;5
1;GABIN;2019;46;3
1;GABIN;2021;46;4
1;GABRIEL;2002;46;5
1;GABRIEL;2003;46;4
1;GABRIEL;2004;46;6
1;GABRIEL;2006;46;4
1;GABRIEL;2007;46;3
1;GABRIEL;2008;46;4
1;GABRIEL;2010;46;3
1;GABRIEL;2011;46;5
1;GABRIEL;2012;46;9
1;GABRIEL;2013;46;5
1;GABRIEL;2014;46;9
1;GABRIEL;2015;46;3
1;GABRIEL;2016;46;10
1;GABRIEL;2017;46;3
1;GABRIEL;2018;46;10
1;GABRIEL;2019;46;4
1;GABRIEL;2021;46;4
1;GAEL;2004;46;4
1;GAEL;2008;46;3
1;GAËTAN;2000;46;3
1;GAËTAN;2001;46;3
1;GAËTAN;2002;46;3
1;GAËTAN;2003;46;4
1;GAËTAN;2008;46;4
1;GASPARD;2011;46;3
1;GASPARD;2021;46;3
1;GUILLAUME;2000;46;4
1;GUILLAUME;2001;46;4
1;GUILLAUME;2003;46;3
1;GUILLAUME;2005;46;3
1;HUGO;2000;46;14
1;HUGO;2001;46;7
1;HUGO;2002;46;8
1;HUGO;2003;46;18
1;HUGO;2004;46;8
1;HUGO;2005;46;14
1;HUGO;2006;46;8
1;HUGO;2007;46;6
1;HUGO;2008;46;6
1;HUGO;2010;46;8
1;HUGO;2011;46;11
1;HUGO;2013;46;4
1;HUGO;2014;46;6
1;HUGO;2015;46;5
1;HUGO;2016;46;8
1;HUGO;2017;46;4
1;HUGO;2018;46;9
1;HUGO;2020;46;7
1;HUGO;2021;46;7
1;ILAN;2007;46;6
1;ISAAC;2016;46;3
1;JEAN;2000;46;3
1;JEAN;2002;46;5
1;JEAN;2005;46;3
1;JEAN;2006;46;4
1;JEREMY;2000;46;6
1;JEREMY;2002;46;3
1;JEREMY;2004;46;3
1;JONATHAN;2000;46;3
1;JONATHAN;2003;46;3
1;JONATHAN;2004;46;4
1;JORDAN;2002;46;4
1;JORDAN;2003;46;4
1;JORDAN;2006;46;3
1;JULES;2000;46;4
1;JULES;2001;46;3
1;JULES;2002;46;7
1;JULES;2003;46;5
1;JULES;2004;46;10
1;JULES;2005;46;8
1;JULES;2006;46;8
1;JULES;2007;46;4
1;JULES;2008;46;11
1;JULES;2009;46;8
1;JULES;2010;46;10
1;JULES;2011;46;3
1;JULES;2012;46;13
1;JULES;2013;46;5
1;JULES;2014;46;7
1;JULES;2015;46;7
1;JULES;2016;46;10
1;JULES;2017;46;7
1;JULES;2018;46;4
1;JULES;2020;46;7
1;JULES;2021;46;8
1;JULIAN;2008;46;3
1;JULIAN;2012;46;4
1;JULIEN;2000;46;5
1;JULIEN;2001;46;8
1;JULIEN;2002;46;11
1;JULIEN;2003;46;6
1;JULIEN;2004;46;4
1;JULIEN;2005;46;3
1;JULIEN;2007;46;4
1;JULIEN;2009;46;3
1;JUSTIN;2000;46;3
1;JUSTIN;2003;46;3
1;JUSTIN;2009;46;4
1;KENZO;2010;46;3
1;KENZO;2012;46;5
1;KEVIN;2000;46;10
1;KEVIN;2001;46;6
1;KEVIN;2002;46;9
1;KEVIN;2003;46;4
1;KEVIN;2004;46;3
1;KILIAN;2005;46;3
1;KILLIAN;2002;46;4
1;KILLIAN;2003;46;3
1;KILLIAN;2004;46;3
1;KILLIAN;2005;46;3
1;KYLIAN;2008;46;3
1;KYLIAN;2011;46;3
1;KYLIAN;2015;46;4
1;KYLIAN;2017;46;4
1;LÉANDRE;2015;46;3
1;LÉANDRE;2017;46;4
1;LÉANDRE;2018;46;3
1;LÉANDRE;2021;46;3
1;LENNY;2008;46;4
1;LENNY;2015;46;3
1;LENNY;2017;46;3
1;LENNY;2018;46;3
1;LÉO;2000;46;7
1;LÉO;2001;46;12
1;LÉO;2002;46;14
1;LÉO;2003;46;12
1;LÉO;2004;46;4
1;LÉO;2005;46;3
1;LÉO;2006;46;8
1;LÉO;2007;46;6
1;LÉO;2008;46;10
1;LÉO;2011;46;5
1;LÉO;2012;46;5
1;LÉO;2013;46;6
1;LÉO;2014;46;5
1;LÉO;2015;46;4
1;LÉO;2016;46;4
1;LÉO;2017;46;6
1;LÉO;2018;46;10
1;LÉO;2019;46;6
1;LÉO;2020;46;8
1;LÉON;2011;46;4
1;LÉON;2015;46;3
1;LÉON;2017;46;6
1;LÉON;2018;46;3
1;LÉON;2020;46;6
1;LÉON;2021;46;3
1;LIAM;2010;46;3
1;LIAM;2013;46;3
1;LIAM;2016;46;3
1;LIAM;2017;46;3
1;LIAM;2019;46;8
1;LIAM;2020;46;4
1;LILIAN;2000;46;4
1;LILIAN;2001;46;3
1;LILIAN;2002;46;4
1;LILIAN;2003;46;4
1;LILIAN;2004;46;3
1;LINO;2014;46;3
1;LOGAN;2018;46;3
1;LOGAN;2021;46;3
1;LOÏC;2003;46;4
1;LOÏC;2004;46;6
1;LOÏC;2005;46;5
1;LOÏC;2012;46;3
1;LORENZO;2007;46;3
1;LORENZO;2008;46;3
1;LORENZO;2011;46;5
1;LORENZO;2012;46;4
1;LORENZO;2014;46;5
1;LOUIS;2000;46;12
1;LOUIS;2001;46;10
1;LOUIS;2002;46;14
1;LOUIS;2003;46;4
1;LOUIS;2004;46;7
1;LOUIS;2005;46;5
1;LOUIS;2006;46;12
1;LOUIS;2007;46;7
1;LOUIS;2008;46;6
1;LOUIS;2009;46;13
1;LOUIS;2010;46;9
1;LOUIS;2011;46;8
1;LOUIS;2013;46;8
1;LOUIS;2014;46;8
1;LOUIS;2015;46;8
1;LOUIS;2016;46;9
1;LOUIS;2017;46;6
1;LOUIS;2018;46;6
1;LOUIS;2019;46;6
1;LOUIS;2020;46;5
1;LOUIS;2021;46;11
1;LOUKA;2012;46;3
1;LUCA;2002;46;3
1;LUCAS;2000;46;21
1;LUCAS;2001;46;24
1;LUCAS;2002;46;21
1;LUCAS;2003;46;17
1;LUCAS;2004;46;14
1;LUCAS;2005;46;13
1;LUCAS;2006;46;13
1;LUCAS;2007;46;11
1;LUCAS;2008;46;6
1;LUCAS;2009;46;6
1;LUCAS;2010;46;13
1;LUCAS;2011;46;7
1;LUCAS;2012;46;8
1;LUCAS;2013;46;6
1;LUCAS;2014;46;4
1;LUCAS;2015;46;13
1;LUCAS;2016;46;8
1;LUCAS;2017;46;3
1;LUCAS;2018;46;7
1;LUCAS;2019;46;7
1;LUCAS;2020;46;3
1;LUCAS;2021;46;5
1;LUDOVIC;2000;46;5
1;LUDOVIC;2003;46;3
1;MAEL;2001;46;3
1;MAEL;2002;46;4
1;MAEL;2003;46;3
1;MAEL;2004;46;3
1;MAEL;2006;46;5
1;MAEL;2007;46;6
1;MAEL;2008;46;12
1;MAEL;2009;46;7
1;MAEL;2010;46;6
1;MAËL;2012;46;3
1;MAËL;2014;46;4
1;MAËL;2015;46;3
1;MAËL;2017;46;6
1;MAËL;2018;46;4
1;MAËL;2019;46;3
1;MAËL;2020;46;9
1;MAËL;2021;46;5
1;MAHÉ;2016;46;4
1;MALO;2018;46;3
1;MARIN;2016;46;4
1;MARIUS;2001;46;4
1;MARIUS;2002;46;5
1;MARIUS;2004;46;3
1;MARIUS;2005;46;3
1;MARIUS;2006;46;3
1;MARIUS;2007;46;7
1;MARIUS;2008;46;4
1;MARIUS;2010;46;4
1;MARIUS;2012;46;6
1;MARIUS;2014;46;5
1;MARIUS;2015;46;6
1;MARIUS;2016;46;3
1;MARIUS;2019;46;6
1;MARIUS;2020;46;4
1;MARIUS;2021;46;8
1;MARLEY;2020;46;3
1;MARTIN;2000;46;4
1;MARTIN;2001;46;4
1;MARTIN;2003;46;3
1;MARTIN;2006;46;4
1;MARTIN;2007;46;5
1;MARTIN;2008;46;3
1;MARTIN;2011;46;3
1;MARTIN;2012;46;4
1;MARTIN;2017;46;3
1;MARTIN;2019;46;3
1;MARTIN;2020;46;3
1;MARTIN;2021;46;4
1;MARVIN;2000;46;3
1;MATÉO;2002;46;4
1;MATÉO;2003;46;5
1;MATÉO;2006;46;4
1;MATÉO;2007;46;4
1;MATÉO;2017;46;3
1;MATHEO;2010;46;3
1;MATHÉO;2001;46;4
1;MATHÉO;2003;46;6
1;MATHÉO;2004;46;7
1;MATHÉO;2005;46;3
1;MATHÉO;2006;46;5
1;MATHÉO;2007;46;4
1;MATHÉO;2008;46;6
1;MATHÉO;2009;46;5
1;MATHÉO;2011;46;3
1;MATHÉO;2012;46;4
1;MATHÉO;2014;46;3
1;MATHÉO;2015;46;3
1;MATHIAS;2001;46;3
1;MATHIAS;2002;46;4
1;MATHIAS;2004;46;3
1;MATHIAS;2005;46;3
1;MATHIAS;2006;46;4
1;MATHIEU;2000;46;7
1;MATHIEU;2001;46;10
1;MATHIEU;2002;46;7
1;MATHIEU;2003;46;8
1;MATHIEU;2004;46;4
1;MATHIEU;2005;46;3
1;MATHIEU;2006;46;3
1;MATHIS;2001;46;6
1;MATHIS;2002;46;5
1;MATHIS;2003;46;7
1;MATHIS;2004;46;11
1;MATHIS;2005;46;11
1;MATHIS;2006;46;7
1;MATHIS;2007;46;7
1;MATHIS;2008;46;8
1;MATHIS;2009;46;5
1;MATHIS;2010;46;5
1;MATHIS;2011;46;4
1;MATHIS;2014;46;3
1;MATHIS;2015;46;4
1;MATHIS;2016;46;5
1;MATHIS;2017;46;6
1;MATHIS;2018;46;5
1;MATHIS;2020;46;5
1;MATHIS;2021;46;3
1;MATHYS;2004;46;5
1;MATHYS;2009;46;3
1;MATHYS;2012;46;4
1;MATHYS;2013;46;4
1;MATHYS;2019;46;3
1;MATTÉO;2000;46;3
1;MATTÉO;2004;46;6
1;MATTÉO;2006;46;5
1;MATTÉO;2008;46;5
1;MATTÉO;2009;46;3
1;MATTÉO;2013;46;3
1;MATTÉO;2018;46;3
1;MATTHIAS;2003;46;3
1;MATTHIAS;2006;46;3
1;MATTHIEU;2001;46;4
1;MATTHIEU;2003;46;3
1;MATTHIEU;2007;46;3
1;MAXENCE;2001;46;3
1;MAXENCE;2005;46;5
1;MAXENCE;2006;46;5
1;MAXENCE;2008;46;3
1;MAXENCE;2009;46;5
1;MAXENCE;2010;46;3
1;MAXENCE;2012;46;3
1;MAXENCE;2013;46;5
1;MAXENCE;2017;46;4
1;MAXENCE;2021;46;4
1;MAXIME;2000;46;16
1;MAXIME;2001;46;10
1;MAXIME;2002;46;11
1;MAXIME;2003;46;9
1;MAXIME;2004;46;4
1;MAXIME;2005;46;6
1;MAXIME;2006;46;7
1;MAXIME;2007;46;11
1;MAXIME;2008;46;5
1;MAXIME;2009;46;8
1;MAXIME;2010;46;3
1;MAXIME;2011;46;5
1;MAXIME;2017;46;4
1;MAXIME;2018;46;3
1;MAYLONE;2021;46;4
1;MILAN;2009;46;3
1;MILANN;2021;46;3
1;MILO;2013;46;3
1;MILO;2014;46;4
1;MILO;2018;46;3
1;MILO;2019;46;3
1;MILO;2021;46;4
1;NAEL;2009;46;3
1;NAEL;2010;46;3
1;NAËL;2015;46;3
1;NAËL;2020;46;6
1;NATHAN;2000;46;6
1;NATHAN;2001;46;5
1;NATHAN;2002;46;8
1;NATHAN;2003;46;11
1;NATHAN;2004;46;8
1;NATHAN;2005;46;5
1;NATHAN;2006;46;11
1;NATHAN;2007;46;8
1;NATHAN;2008;46;7
1;NATHAN;2009;46;5
1;NATHAN;2010;46;9
1;NATHAN;2011;46;4
1;NATHAN;2012;46;7
1;NATHAN;2013;46;9
1;NATHAN;2014;46;5
1;NATHAN;2016;46;3
1;NATHAN;2017;46;4
1;NATHAN;2018;46;3
1;NATHAN;2020;46;3
1;NATHAN;2021;46;3
1;NICOLAS;2000;46;15
1;NICOLAS;2001;46;11
1;NICOLAS;2002;46;13
1;NICOLAS;2003;46;7
1;NICOLAS;2004;46;8
1;NICOLAS;2007;46;3
1;NICOLAS;2009;46;3
1;NINO;2003;46;3
1;NINO;2004;46;4
1;NINO;2006;46;3
1;NINO;2008;46;3
1;NINO;2009;46;3
1;NINO;2010;46;3
1;NINO;2011;46;3
1;NINO;2014;46;3
1;NINO;2016;46;4
1;NINO;2017;46;5
1;NINO;2020;46;8
1;NINO;2021;46;6
1;NOA;2004;46;6
1;NOA;2005;46;4
1;NOA;2006;46;4
1;NOA;2007;46;7
1;NOA;2008;46;6
1;NOA;2009;46;5
1;NOA;2010;46;6
1;NOA;2011;46;3
1;NOAH;2005;46;5
1;NOAH;2006;46;3
1;NOAH;2007;46;4
1;NOAH;2008;46;3
1;NOAH;2009;46;4
1;NOAH;2010;46;3
1;NOAH;2014;46;5
1;NOAH;2017;46;4
1;NOAH;2018;46;4
1;NOAH;2019;46;3
1;NOAH;2020;46;6
1;NOAH;2021;46;4
1;NOAM;2011;46;3
1;NOE;2005;46;4
1;NOE;2006;46;3
1;NOE;2007;46;3
1;NOE;2008;46;3
1;NOE;2009;46;4
1;NOE;2010;46;4
1;NOÉ;2011;46;4
1;NOÉ;2014;46;4
1;NOÉ;2015;46;4
1;NOÉ;2018;46;4
1;NOÉ;2021;46;3
1;NOLAN;2004;46;3
1;NOLAN;2006;46;5
1;NOLAN;2007;46;3
1;NOLAN;2009;46;3
1;NOLAN;2010;46;3
1;NOLAN;2011;46;4
1;NOLAN;2013;46;3
1;NOLAN;2015;46;5
1;NOLAN;2019;46;8
1;NOLAN;2020;46;3
1;NOLAN;2021;46;3
1;PABLO;2000;46;3
1;PABLO;2006;46;3
1;PABLO;2018;46;4
1;PAUL;2000;46;9
1;PAUL;2001;46;6
1;PAUL;2002;46;9
1;PAUL;2003;46;17
1;PAUL;2004;46;6
1;PAUL;2005;46;10
1;PAUL;2006;46;4
1;PAUL;2007;46;8
1;PAUL;2008;46;7
1;PAUL;2009;46;4
1;PAUL;2010;46;5
1;PAUL;2011;46;7
1;PAUL;2013;46;6
1;PAUL;2014;46;4
1;PAUL;2017;46;3
1;PAUL;2018;46;5
1;PAUL;2020;46;4
1;PIERRE;2000;46;9
1;PIERRE;2001;46;9
1;PIERRE;2002;46;4
1;PIERRE;2003;46;5
1;PIERRE;2004;46;4
1;PIERRE;2005;46;8
1;PIERRE;2007;46;3
1;PIERRE;2016;46;3
1;QUENTIN;2000;46;10
1;QUENTIN;2001;46;8
1;QUENTIN;2002;46;12
1;QUENTIN;2003;46;6
1;QUENTIN;2004;46;4
1;QUENTIN;2005;46;10
1;QUENTIN;2006;46;7
1;QUENTIN;2007;46;5
1;QUENTIN;2008;46;3
1;QUENTIN;2009;46;3
1;QUENTIN;2010;46;3
1;QUENTIN;2013;46;3
1;RAFAEL;2010;46;3
1;RAFAEL;2012;46;3
1;RAFAËL;2012;46;3
1;RAPHAËL;2000;46;5
1;RAPHAËL;2001;46;3
1;RAPHAËL;2002;46;6
1;RAPHAËL;2003;46;6
1;RAPHAËL;2004;46;6
1;RAPHAËL;2005;46;5
1;RAPHAËL;2006;46;14
1;RAPHAËL;2007;46;9
1;RAPHAËL;2008;46;6
1;RAPHAËL;2009;46;4
1;RAPHAËL;2012;46;7
1;RAPHAËL;2013;46;6
1;RAPHAËL;2014;46;8
1;RAPHAËL;2015;46;3
1;RAPHAËL;2017;46;4
1;RAPHAËL;2018;46;3
1;RAPHAËL;2019;46;9
1;RAPHAËL;2020;46;6
1;RAPHAËL;2021;46;6
1;RAYAN;2003;46;3
1;RAYAN;2014;46;3
1;RÉMI;2000;46;10
1;RÉMI;2001;46;8
1;RÉMI;2002;46;8
1;RÉMI;2003;46;5
1;RÉMI;2004;46;7
1;RÉMI;2007;46;4
1;RÉMI;2008;46;3
1;RÉMY;2000;46;4
1;ROBIN;2000;46;3
1;ROBIN;2003;46;4
1;ROBIN;2004;46;3
1;ROBIN;2005;46;5
1;ROBIN;2007;46;4
1;ROBIN;2008;46;6
1;ROBIN;2009;46;4
1;ROMAIN;2000;46;11
1;ROMAIN;2002;46;8
1;ROMAIN;2003;46;12
1;ROMAIN;2004;46;7
1;ROMAIN;2005;46;4
1;ROMAIN;2006;46;7
1;ROMAIN;2007;46;5
1;ROMAIN;2008;46;3
1;ROMAIN;2009;46;4
1;RYAN;2002;46;3
1;SACHA;2002;46;4
1;SACHA;2003;46;3
1;SACHA;2005;46;6
1;SACHA;2007;46;3
1;SACHA;2008;46;3
1;SACHA;2009;46;3
1;SACHA;2011;46;7
1;SACHA;2012;46;3
1;SACHA;2013;46;3
1;SACHA;2014;46;6
1;SACHA;2015;46;4
1;SACHA;2016;46;4
1;SACHA;2017;46;4
1;SACHA;2020;46;3
1;SACHA;2021;46;5
1;SAM;2008;46;4
1;SAM;2021;46;3
1;SAMI;2013;46;3
1;SAMUEL;2000;46;3
1;SAMUEL;2001;46;11
1;SAMUEL;2002;46;3
1;SAMUEL;2003;46;4
1;SAMUEL;2004;46;4
1;SAMUEL;2005;46;3
1;SAMUEL;2006;46;4
1;SAMUEL;2007;46;4
1;SAMUEL;2008;46;5
1;SAMUEL;2009;46;4
1;SAMUEL;2013;46;3
1;SAMUEL;2014;46;4
1;SÉBASTIEN;2001;46;3
1;SÉBASTIEN;2003;46;4
1;SIMON;2000;46;7
1;SIMON;2001;46;6
1;SIMON;2002;46;7
1;SIMON;2003;46;5
1;SIMON;2004;46;7
1;SIMON;2005;46;5
1;SIMON;2007;46;6
1;SIMON;2008;46;5
1;SIMON;2009;46;5
1;SIMON;2012;46;4
1;SIMON;2021;46;5
1;SOAN;2014;46;3
1;SOAN;2018;46;7
1;SOAN;2020;46;4
1;SOHAN;2013;46;3
1;TEDDY;2007;46;3
1;TÉO;2001;46;3
1;THEO;2010;46;3
1;THÉO;2000;46;15
1;THÉO;2001;46;26
1;THÉO;2002;46;19
1;THÉO;2003;46;14
1;THÉO;2004;46;14
1;THÉO;2005;46;6
1;THÉO;2006;46;7
1;THÉO;2007;46;7
1;THÉO;2008;46;4
1;THÉO;2009;46;6
1;THÉO;2010;46;3
1;THÉO;2012;46;4
1;THÉO;2013;46;4
1;THÉO;2014;46;6
1;THÉO;2017;46;3
1;THÉO;2018;46;3
1;THIBAULT;2000;46;5
1;THIBAULT;2005;46;4
1;THIBAULT;2010;46;3
1;THIBAULT;2011;46;6
1;THIBAUT;2000;46;4
1;THIBAUT;2001;46;4
1;THIBAUT;2002;46;3
1;THIBAUT;2004;46;3
1;THIMÉO;2013;46;3
1;THOMAS;2000;46;19
1;THOMAS;2001;46;11
1;THOMAS;2002;46;14
1;THOMAS;2003;46;15
1;THOMAS;2004;46;6
1;THOMAS;2005;46;8
1;THOMAS;2006;46;7
1;THOMAS;2007;46;8
1;THOMAS;2008;46;3
1;THOMAS;2009;46;4
1;THOMAS;2010;46;6
1;THOMAS;2011;46;5
1;THOMAS;2012;46;3
1;THOMAS;2015;46;3
1;THOMAS;2017;46;3
1;THOMAS;2019;46;3
1;TIAGO;2013;46;3
1;TIAGO;2014;46;5
1;TIAGO;2015;46;3
1;TIAGO;2016;46;3
1;TIAGO;2017;46;3
1;TIAGO;2018;46;3
1;TIAGO;2019;46;7
1;TIAGO;2020;46;4
1;TIAGO;2021;46;3
1;TIMEO;2008;46;5
1;TIMEO;2009;46;5
1;TIMÉO;2011;46;3
1;TIMÉO;2012;46;8
1;TIMÉO;2013;46;5
1;TIMÉO;2014;46;5
1;TIMÉO;2015;46;6
1;TIMÉO;2017;46;4
1;TIMÉO;2018;46;5
1;TIMÉO;2021;46;6
1;TIMOTHÉ;2011;46;3
1;TITOUAN;2003;46;3
1;TITOUAN;2004;46;3
1;TITOUAN;2005;46;3
1;TITOUAN;2006;46;3
1;TITOUAN;2008;46;5
1;TITOUAN;2009;46;3
1;TOM;2000;46;10
1;TOM;2001;46;6
1;TOM;2002;46;7
1;TOM;2003;46;8
1;TOM;2004;46;12
1;TOM;2005;46;7
1;TOM;2006;46;6
1;TOM;2007;46;4
1;TOM;2008;46;4
1;TOM;2009;46;4
1;TOM;2010;46;8
1;TOM;2011;46;8
1;TOM;2012;46;5
1;TOM;2014;46;4
1;TOM;2015;46;3
1;TOM;2016;46;5
1;TOM;2017;46;4
1;TOM;2018;46;3
1;TOM;2019;46;5
1;TRISTAN;2000;46;3
1;TRISTAN;2002;46;3
1;TRISTAN;2005;46;4
1;TRISTAN;2006;46;3
1;TRISTAN;2007;46;3
1;VALENTIN;2000;46;9
1;VALENTIN;2001;46;9
1;VALENTIN;2002;46;14
1;VALENTIN;2003;46;4
1;VALENTIN;2004;46;8
1;VALENTIN;2005;46;4
1;VALENTIN;2006;46;7
1;VALENTIN;2007;46;8
1;VALENTIN;2010;46;5
1;VALENTIN;2011;46;5
1;VALENTIN;2012;46;3
1;VALENTIN;2014;46;3
1;VALENTIN;2015;46;3
1;VALENTIN;2016;46;7
1;VALENTIN;2018;46;4
1;VICTOR;2001;46;5
1;VICTOR;2002;46;5
1;VICTOR;2003;46;4
1;VICTOR;2004;46;4
1;VICTOR;2011;46;3
1;VICTOR;2013;46;4
1;VICTOR;2017;46;3
1;VICTOR;2018;46;3
1;VINCENT;2000;46;4
1;VINCENT;2003;46;4
1;VINCENT;2006;46;3
1;WILLIAM;2001;46;3
1;WILLIAM;2004;46;3
1;YAEL;2006;46;3
1;YANIS;2004;46;4
1;YANIS;2005;46;3
1;YANIS;2006;46;3
1;YANIS;2007;46;9
1;YANIS;2008;46;9
1;YANIS;2011;46;4
1;YANIS;2015;46;3
1;YANIS;2018;46;5
1;YANIS;2019;46;3
1;YOANN;2001;46;3
1;YOHAN;2000;46;5
1;YOUNES;2004;46;3
2;_PRENOMS_RARES;2000;46;11
2;_PRENOMS_RARES;2001;46;7
2;_PRENOMS_RARES;2002;46;12
2;_PRENOMS_RARES;2003;46;13
2;_PRENOMS_RARES;2004;46;14
2;_PRENOMS_RARES;2005;46;16
2;_PRENOMS_RARES;2006;46;11
2;_PRENOMS_RARES;2007;46;10
2;_PRENOMS_RARES;2008;46;10
2;_PRENOMS_RARES;2009;46;13
2;_PRENOMS_RARES;2010;46;12
2;_PRENOMS_RARES;2011;46;14
2;_PRENOMS_RARES;2012;46;11
2;_PRENOMS_RARES;2013;46;12
2;_PRENOMS_RARES;2014;46;10
2;_PRENOMS_RARES;2015;46;20
2;_PRENOMS_RARES;2016;46;14
2;_PRENOMS_RARES;2017;46;15
2;_PRENOMS_RARES;2018;46;15
2;_PRENOMS_RARES;2019;46;18
2;_PRENOMS_RARES;2020;46;17
2;_PRENOMS_RARES;2021;46;7
2;ADÈLE;2002;46;3
2;ADÈLE;2003;46;3
2;ADÈLE;2012;46;3
2;ADÈLE;2017;46;3
2;ADÈLE;2019;46;4
2;ADÈLE;2020;46;3
2;ADÈLE;2021;46;4
2;AGATHE;2000;46;6
2;AGATHE;2003;46;6
2;AGATHE;2005;46;3
2;AGATHE;2009;46;3
2;AGATHE;2016;46;4
2;AGATHE;2017;46;3
2;AGATHE;2018;46;4
2;ALBA;2021;46;5
2;ALBANE;2018;46;3
2;ALEXANDRA;2000;46;4
2;ALEXIA;2000;46;3
2;ALEXIA;2002;46;5
2;ALEXIA;2005;46;3
2;ALEXIA;2008;46;4
2;ALICE;2000;46;3
2;ALICE;2001;46;4
2;ALICE;2002;46;3
2;ALICE;2003;46;6
2;ALICE;2007;46;4
2;ALICE;2011;46;3
2;ALICE;2012;46;3
2;ALICE;2014;46;3
2;ALICE;2015;46;3
2;ALICE;2016;46;3
2;ALICE;2017;46;4
2;ALICE;2019;46;9
2;ALICE;2020;46;7
2;ALICIA;2000;46;3
2;ALICIA;2001;46;5
2;ALICIA;2003;46;4
2;ALICIA;2005;46;4
2;ALICIA;2006;46;5
2;ALICIA;2007;46;4
2;ALICIA;2008;46;3
2;ALICIA;2009;46;5
2;ALICIA;2010;46;4
2;ALICIA;2012;46;5
2;ALICIA;2013;46;4
2;ALICIA;2018;46;3
2;ALIX;2017;46;3
2;ALIZÉE;2001;46;4
2;ALMA;2021;46;4
2;AMANDINE;2000;46;5
2;AMANDINE;2001;46;5
2;AMANDINE;2002;46;4
2;AMANDINE;2007;46;4
2;AMANDINE;2008;46;5
2;AMANDINE;2015;46;3
2;AMBRE;2000;46;5
2;AMBRE;2002;46;4
2;AMBRE;2005;46;5
2;AMBRE;2006;46;3
2;AMBRE;2009;46;3
2;AMBRE;2010;46;3
2;AMBRE;2011;46;5
2;AMBRE;2014;46;4
2;AMBRE;2017;46;3
2;AMBRE;2018;46;4
2;AMBRE;2019;46;3
2;AMBRE;2020;46;4
2;AMBRE;2021;46;3
2;AMÉLIE;2000;46;6
2;AMÉLIE;2001;46;9
2;AMÉLIE;2002;46;5
2;AMÉLIE;2003;46;5
2;AMÉLIE;2005;46;3
2;ANA;2016;46;3
2;ANAELLE;2002;46;4
2;ANAELLE;2003;46;5
2;ANAÏS;2000;46;7
2;ANAÏS;2001;46;6
2;ANAÏS;2003;46;9
2;ANAÏS;2005;46;7
2;ANAÏS;2006;46;8
2;ANAÏS;2007;46;7
2;ANAÏS;2008;46;3
2;ANAÏS;2010;46;3
2;ANAÏS;2014;46;3
2;ANDRÉA;2002;46;3
2;ANDRÉA;2003;46;4
2;ANGÈLE;2002;46;3
2;ANGÈLE;2006;46;4
2;ANGÈLE;2007;46;3
2;ANNA;2002;46;4
2;ANNA;2005;46;3
2;ANNA;2008;46;8
2;ANNA;2011;46;3
2;ANNA;2014;46;4
2;ANNA;2017;46;3
2;ANNA;2019;46;5
2;ANNA;2020;46;3
2;ANNA;2021;46;5
2;ASSYA;2010;46;3
2;AUDREY;2007;46;5
2;AURÉLIE;2004;46;3
2;AURIANE;2000;46;3
2;AURORE;2005;46;3
2;AVA;2020;46;3
2;CAMILLE;2000;46;17
2;CAMILLE;2001;46;8
2;CAMILLE;2002;46;15
2;CAMILLE;2003;46;7
2;CAMILLE;2004;46;11
2;CAMILLE;2005;46;9
2;CAMILLE;2006;46;4
2;CAMILLE;2007;46;11
2;CAMILLE;2008;46;3
2;CAMILLE;2009;46;5
2;CAMILLE;2010;46;4
2;CAMILLE;2012;46;4
2;CAMILLE;2013;46;4
2;CAMILLE;2014;46;3
2;CAMILLE;2015;46;6
2;CAMILLE;2016;46;3
2;CAMILLE;2017;46;3
2;CAMILLE;2019;46;3
2;CANDICE;2000;46;3
2;CANDICE;2007;46;3
2;CANDICE;2016;46;3
2;CAPUCINE;2009;46;3
2;CAPUCINE;2011;46;4
2;CARLA;2001;46;5
2;CARLA;2003;46;4
2;CARLA;2005;46;3
2;CAROLINE;2000;46;4
2;CASSANDRA;2002;46;3
2;CASSANDRA;2004;46;3
2;CASSANDRA;2005;46;3
2;CATALEYA;2020;46;3
2;CÉLIA;2000;46;5
2;CÉLIA;2001;46;4
2;CÉLIA;2002;46;7
2;CÉLIA;2003;46;5
2;CÉLIA;2004;46;3
2;CÉLIA;2005;46;3
2;CÉLIA;2006;46;4
2;CÉLIA;2008;46;4
2;CÉLIA;2009;46;4
2;CÉLIA;2012;46;4
2;CÉLIA;2013;46;3
2;CÉLIA;2014;46;3
2;CHARLÈNE;2003;46;5
2;CHARLINE;2002;46;3
2;CHARLOTTE;2000;46;5
2;CHARLOTTE;2001;46;5
2;CHARLOTTE;2002;46;5
2;CHARLOTTE;2003;46;6
2;CHARLOTTE;2004;46;3
2;CHARLOTTE;2007;46;5
2;CHARLOTTE;2008;46;4
2;CHARLOTTE;2010;46;3
2;CHARLOTTE;2014;46;4
2;CHARLOTTE;2016;46;3
2;CHLOE;2010;46;4
2;CHLOÉ;2000;46;7
2;CHLOÉ;2001;46;13
2;CHLOÉ;2002;46;11
2;CHLOÉ;2003;46;15
2;CHLOÉ;2004;46;8
2;CHLOÉ;2005;46;10
2;CHLOÉ;2006;46;10
2;CHLOÉ;2007;46;9
2;CHLOÉ;2008;46;7
2;CHLOÉ;2009;46;3
2;CHLOÉ;2011;46;5
2;CHLOÉ;2012;46;4
2;CHLOÉ;2013;46;6
2;CHLOÉ;2014;46;6
2;CHLOÉ;2015;46;3
2;CHLOÉ;2016;46;6
2;CHLOÉ;2017;46;5
2;CHLOÉ;2018;46;4
2;CHLOÉ;2019;46;5
2;CLAIRE;2003;46;3
2;CLARA;2001;46;9
2;CLARA;2002;46;12
2;CLARA;2003;46;6
2;CLARA;2004;46;7
2;CLARA;2005;46;10
2;CLARA;2006;46;7
2;CLARA;2007;46;9
2;CLARA;2008;46;5
2;CLARA;2010;46;9
2;CLARA;2011;46;7
2;CLARA;2014;46;5
2;CLEMENCE;2010;46;4
2;CLÉMENCE;2000;46;5
2;CLÉMENCE;2001;46;6
2;CLÉMENCE;2002;46;3
2;CLÉMENCE;2004;46;3
2;CLÉMENCE;2006;46;6
2;CLÉMENCE;2007;46;4
2;CLÉMENCE;2009;46;3
2;CLÉMENCE;2011;46;3
2;CLÉMENCE;2014;46;3
2;CLÉMENCE;2019;46;3
2;CLEO;2004;46;3
2;CLOE;2000;46;3
2;COLINE;2001;46;3
2;COLINE;2004;46;3
2;COLINE;2005;46;3
2;COLINE;2006;46;5
2;CONSTANCE;2004;46;3
2;CORALIE;2000;46;3
2;CORALIE;2001;46;3
2;CORALIE;2002;46;3
2;CORALIE;2003;46;3
2;DIANE;2015;46;3
2;DIANE;2021;46;3
2;ELEA;2000;46;3
2;ELEA;2008;46;3
2;ELENA;2009;46;3
2;ELENA;2015;46;3
2;ELÉNA;2014;46;3
2;ELIA;2003;46;3
2;ELIA;2005;46;3
2;ELINA;2004;46;3
2;ELINA;2008;46;3
2;ELISA;2000;46;5
2;ELISA;2001;46;8
2;ELISA;2002;46;5
2;ELISA;2003;46;8
2;ELISA;2005;46;4
2;ELISA;2007;46;3
2;ELISA;2010;46;3
2;ELISA;2012;46;3
2;ELISA;2021;46;3
2;ELISE;2000;46;9
2;ELISE;2001;46;8
2;ELISE;2002;46;3
2;ELISE;2003;46;3
2;ELISE;2004;46;3
2;ELISE;2005;46;3
2;ELISE;2008;46;4
2;ELISE;2009;46;4
2;ELISE;2010;46;3
2;ELISE;2012;46;7
2;ELISE;2013;46;4
2;ELISE;2015;46;3
2;ELISE;2016;46;3
2;ELODIE;2000;46;6
2;ELODIE;2001;46;3
2;ELODIE;2002;46;3
2;ELODIE;2004;46;3
2;ELODIE;2005;46;3
2;ELODIE;2006;46;4
2;ELOISE;2000;46;3
2;ELOISE;2002;46;5
2;ELOISE;2009;46;3
2;ELOÏSE;2012;46;4
2;ELORA;2001;46;3
2;ELORA;2005;46;3
2;ELSA;2000;46;3
2;ELSA;2002;46;4
2;ELSA;2004;46;3
2;ELSA;2009;46;4
2;ELSA;2010;46;4
2;EMA;2002;46;3
2;EMELINE;2001;46;4
2;EMILIE;2000;46;4
2;EMILIE;2001;46;4
2;EMILIE;2002;46;5
2;EMILIE;2003;46;3
2;EMMA;2000;46;15
2;EMMA;2001;46;18
2;EMMA;2002;46;11
2;EMMA;2003;46;17
2;EMMA;2004;46;16
2;EMMA;2005;46;7
2;EMMA;2006;46;9
2;EMMA;2007;46;11
2;EMMA;2008;46;13
2;EMMA;2009;46;7
2;EMMA;2010;46;8
2;EMMA;2011;46;7
2;EMMA;2012;46;4
2;EMMA;2013;46;5
2;EMMA;2014;46;4
2;EMMA;2015;46;5
2;EMMA;2017;46;6
2;EMMA;2019;46;9
2;EMMA;2020;46;6
2;EMY;2007;46;4
2;EMY;2020;46;5
2;EMY;2021;46;3
2;ENOLA;2008;46;3
2;ENORA;2015;46;3
2;ESTELLE;2000;46;5
2;ESTELLE;2001;46;3
2;ESTELLE;2003;46;4
2;EVA;2000;46;6
2;EVA;2001;46;5
2;EVA;2002;46;8
2;EVA;2003;46;8
2;EVA;2004;46;5
2;EVA;2005;46;7
2;EVA;2006;46;4
2;EVA;2009;46;3
2;EVA;2010;46;6
2;EVA;2011;46;5
2;EVA;2012;46;7
2;EVA;2016;46;4
2;EVA;2017;46;3
2;EVA;2021;46;3
2;EVE;2015;46;3
2;FANNY;2000;46;3
2;FANNY;2003;46;5
2;FANNY;2004;46;3
2;FANNY;2005;46;3
2;FANNY;2006;46;3
2;FANTINE;2002;46;3
2;FAUSTINE;2007;46;3
2;FLAVIE;2002;46;5
2;GABRIELLE;2011;46;3
2;GABRIELLE;2013;46;3
2;HANAÉ;2019;46;3
2;HÉLOÏSE;2002;46;3
2;HÉLOÏSE;2015;46;4
2;HÉLOÏSE;2021;46;3
2;ILONA;2004;46;3
2;ILONA;2006;46;3
2;ILONA;2012;46;3
2;ILONA;2021;46;3
2;INAYA;2016;46;3
2;INAYA;2021;46;3
2;INES;2010;46;4
2;INÈS;2000;46;6
2;INÈS;2001;46;7
2;INÈS;2002;46;5
2;INÈS;2003;46;9
2;INÈS;2004;46;6
2;INÈS;2005;46;5
2;INÈS;2006;46;7
2;INÈS;2007;46;7
2;INÈS;2009;46;6
2;INÈS;2011;46;9
2;INÈS;2012;46;3
2;INÈS;2013;46;4
2;INÈS;2014;46;6
2;INÈS;2015;46;4
2;INÈS;2016;46;5
2;INÈS;2017;46;3
2;INÈS;2018;46;5
2;INÈS;2020;46;4
2;IRIS;2020;46;3
2;JADE;2000;46;3
2;JADE;2001;46;3
2;JADE;2002;46;6
2;JADE;2003;46;6
2;JADE;2004;46;9
2;JADE;2005;46;13
2;JADE;2006;46;7
2;JADE;2007;46;8
2;JADE;2008;46;10
2;JADE;2009;46;7
2;JADE;2010;46;10
2;JADE;2011;46;9
2;JADE;2012;46;4
2;JADE;2014;46;5
2;JADE;2015;46;4
2;JADE;2016;46;7
2;JADE;2018;46;5
2;JADE;2019;46;6
2;JADE;2020;46;3
2;JADE;2021;46;8
2;JEANNE;2000;46;4
2;JEANNE;2001;46;6
2;JEANNE;2002;46;4
2;JEANNE;2003;46;3
2;JEANNE;2004;46;4
2;JEANNE;2005;46;3
2;JEANNE;2007;46;3
2;JEANNE;2008;46;3
2;JEANNE;2010;46;3
2;JEANNE;2011;46;4
2;JEANNE;2012;46;3
2;JEANNE;2014;46;3
2;JEANNE;2016;46;4
2;JEANNE;2017;46;3
2;JEANNE;2019;46;6
2;JESSICA;2002;46;3
2;JOSEPHINE;2008;46;3
2;JULIA;2000;46;3
2;JULIA;2001;46;5
2;JULIA;2002;46;3
2;JULIA;2003;46;3
2;JULIA;2005;46;4
2;JULIA;2006;46;4
2;JULIA;2010;46;5
2;JULIA;2012;46;4
2;JULIA;2013;46;7
2;JULIA;2014;46;3
2;JULIA;2015;46;8
2;JULIA;2016;46;7
2;JULIA;2017;46;4
2;JULIA;2018;46;4
2;JULIA;2020;46;5
2;JULIE;2000;46;9
2;JULIE;2001;46;13
2;JULIE;2002;46;6
2;JULIE;2003;46;5
2;JULIE;2004;46;7
2;JULIE;2005;46;3
2;JULIE;2006;46;6
2;JULIE;2008;46;5
2;JULIETTE;2000;46;9
2;JULIETTE;2002;46;4
2;JULIETTE;2004;46;4
2;JULIETTE;2005;46;5
2;JULIETTE;2006;46;5
2;JULIETTE;2007;46;7
2;JULIETTE;2008;46;6
2;JULIETTE;2010;46;6
2;JULIETTE;2012;46;4
2;JULIETTE;2014;46;3
2;JULIETTE;2015;46;4
2;JULIETTE;2019;46;4
2;JULIETTE;2020;46;3
2;JULIETTE;2021;46;6
2;JUSTINE;2000;46;6
2;JUSTINE;2001;46;4
2;JUSTINE;2002;46;8
2;JUSTINE;2003;46;7
2;JUSTINE;2004;46;3
2;JUSTINE;2008;46;3
2;JUSTINE;2009;46;4
2;JUSTINE;2014;46;3
2;LAETITIA;2000;46;3
2;LANA;2004;46;4
2;LANA;2005;46;3
2;LANA;2006;46;4
2;LANA;2012;46;3
2;LANA;2014;46;3
2;LANA;2018;46;3
2;LAURA;2000;46;11
2;LAURA;2001;46;12
2;LAURA;2002;46;3
2;LAURA;2003;46;6
2;LAURA;2004;46;3
2;LAURA;2005;46;4
2;LAURA;2006;46;4
2;LAURA;2007;46;3
2;LAURA;2009;46;4
2;LAURA;2010;46;3
2;LAURA;2014;46;3
2;LAURIE;2001;46;4
2;LAURINE;2000;46;4
2;LAURINE;2002;46;4
2;LAURINE;2004;46;3
2;LAURINE;2005;46;3
2;LAURYNE;2003;46;4
2;LEA;2010;46;4
2;LÉA;2000;46;23
2;LÉA;2001;46;24
2;LÉA;2002;46;12
2;LÉA;2003;46;23
2;LÉA;2004;46;17
2;LÉA;2005;46;9
2;LÉA;2006;46;10
2;LÉA;2007;46;7
2;LÉA;2008;46;13
2;LÉA;2009;46;5
2;LÉA;2011;46;5
2;LÉA;2012;46;5
2;LÉA;2013;46;6
2;LÉA;2014;46;5
2;LÉA;2015;46;8
2;LÉA;2017;46;4
2;LÉA;2018;46;6
2;LÉA;2020;46;3
2;LÉA;2021;46;3
2;LÉANE;2004;46;3
2;LEILA;2003;46;3
2;LENA;2010;46;3
2;LÉNA;2000;46;3
2;LÉNA;2001;46;4
2;LÉNA;2002;46;4
2;LÉNA;2003;46;6
2;LÉNA;2004;46;5
2;LÉNA;2005;46;4
2;LÉNA;2006;46;6
2;LÉNA;2007;46;4
2;LÉNA;2008;46;4
2;LÉNA;2011;46;5
2;LÉNA;2012;46;4
2;LÉNA;2013;46;6
2;LÉNA;2014;46;3
2;LÉNA;2015;46;4
2;LÉNA;2016;46;3
2;LÉNA;2017;46;3
2;LÉNA;2019;46;4
2;LÉNA;2021;46;4
2;LEONIE;2010;46;3
2;LÉONIE;2003;46;3
2;LÉONIE;2007;46;4
2;LÉONIE;2008;46;4
2;LÉONIE;2009;46;4
2;LÉONIE;2011;46;4
2;LÉONIE;2012;46;4
2;LÉONIE;2013;46;3
2;LÉONIE;2016;46;3
2;LÉONIE;2019;46;3
2;LILA;2013;46;4
2;LILA;2015;46;3
2;LILA;2021;46;3
2;LILI;2007;46;3
2;LILOU;2001;46;4
2;LILOU;2002;46;3
2;LILOU;2003;46;3
2;LILOU;2004;46;3
2;LILOU;2005;46;3
2;LILOU;2006;46;9
2;LILOU;2007;46;9
2;LILOU;2008;46;10
2;LILOU;2009;46;4
2;LILOU;2010;46;6
2;LILOU;2011;46;4
2;LILOU;2012;46;5
2;LILY;2006;46;3
2;LILY;2007;46;6
2;LILY;2008;46;5
2;LILY;2010;46;3
2;LILY;2011;46;3
2;LILY;2014;46;5
2;LILY;2015;46;3
2;LILY;2018;46;3
2;LINA;2004;46;4
2;LINA;2008;46;3
2;LINA;2010;46;3
2;LINA;2011;46;3
2;LINA;2012;46;3
2;LINA;2014;46;3
2;LINA;2016;46;3
2;LINA;2018;46;3
2;LINA;2021;46;4
2;LISA;2000;46;3
2;LISA;2001;46;13
2;LISA;2002;46;13
2;LISA;2003;46;13
2;LISA;2004;46;6
2;LISA;2005;46;6
2;LISA;2006;46;7
2;LISA;2007;46;5
2;LISA;2008;46;4
2;LISA;2009;46;4
2;LISA;2010;46;4
2;LISA;2012;46;3
2;LISA;2013;46;4
2;LISA;2016;46;3
2;LISE;2000;46;3
2;LISE;2001;46;3
2;LISE;2006;46;3
2;LISE;2008;46;4
2;LISE;2013;46;3
2;LISE;2014;46;3
2;LISE;2015;46;3
2;LISE;2018;46;3
2;LISEA;2005;46;3
2;LISON;2006;46;3
2;LISON;2017;46;3
2;LIVIA;2017;46;3
2;LOLA;2000;46;3
2;LOLA;2001;46;4
2;LOLA;2002;46;5
2;LOLA;2003;46;8
2;LOLA;2004;46;7
2;LOLA;2005;46;6
2;LOLA;2006;46;10
2;LOLA;2007;46;7
2;LOLA;2008;46;4
2;LOLA;2009;46;3
2;LOLA;2010;46;5
2;LOLA;2011;46;6
2;LOLA;2012;46;6
2;LOLA;2013;46;3
2;LOLA;2014;46;4
2;LOLA;2015;46;3
2;LOLA;2016;46;6
2;LOLA;2018;46;5
2;LOLA;2019;46;3
2;LOLA;2020;46;4
2;LOLA;2021;46;4
2;LOU;2002;46;4
2;LOU;2003;46;3
2;LOU;2005;46;3
2;LOU;2008;46;3
2;LOU;2009;46;3
2;LOU;2012;46;3
2;LOU;2014;46;4
2;LOU;2015;46;4
2;LOU;2020;46;4
2;LOU;2021;46;6
2;LOU-ANN;2004;46;3
2;LOU-ANN;2006;46;3
2;LOUANE;2006;46;4
2;LOUANE;2007;46;5
2;LOUANE;2012;46;3
2;LOUANE;2013;46;5
2;LOUANE;2021;46;3
2;LOUISE;2000;46;9
2;LOUISE;2001;46;4
2;LOUISE;2002;46;3
2;LOUISE;2003;46;6
2;LOUISE;2004;46;3
2;LOUISE;2005;46;5
2;LOUISE;2006;46;6
2;LOUISE;2007;46;6
2;LOUISE;2008;46;6
2;LOUISE;2009;46;8
2;LOUISE;2010;46;6
2;LOUISE;2011;46;3
2;LOUISE;2012;46;4
2;LOUISE;2013;46;3
2;LOUISE;2014;46;3
2;LOUISE;2015;46;3
2;LOUISE;2016;46;7
2;LOUISE;2017;46;5
2;LOUISE;2020;46;4
2;LOUISE;2021;46;7
2;LOUISON;2013;46;3
2;LOUNA;2001;46;3
2;LOUNA;2002;46;4
2;LOUNA;2003;46;4
2;LOUNA;2005;46;4
2;LOUNA;2006;46;4
2;LOUNA;2007;46;3
2;LOUNA;2009;46;3
2;LOUNA;2010;46;7
2;LOUNA;2012;46;3
2;LOUNA;2014;46;5
2;LOUNA;2015;46;5
2;LOUNA;2016;46;7
2;LOUNA;2017;46;4
2;LOUNA;2018;46;3
2;LOUNA;2019;46;5
2;LOUNA;2021;46;6
2;LUCIE;2000;46;9
2;LUCIE;2001;46;10
2;LUCIE;2002;46;10
2;LUCIE;2003;46;10
2;LUCIE;2004;46;5
2;LUCIE;2005;46;8
2;LUCIE;2006;46;3
2;LUCIE;2007;46;6
2;LUCIE;2008;46;9
2;LUCIE;2010;46;4
2;LUCIE;2011;46;3
2;LUCIE;2012;46;4
2;LUCIE;2015;46;5
2;LUCIE;2021;46;6
2;LUCILE;2003;46;3
2;LUCILE;2004;46;3
2;LUDIVINE;2000;46;3
2;LUDIVINE;2003;46;3
2;LUNA;2014;46;3
2;LUNA;2016;46;4
2;LUNA;2017;46;3
2;LUNA;2021;46;3
2;LYA;2016;46;3
2;LYNA;2011;46;3
2;MAELLE;2003;46;3
2;MAELLE;2004;46;5
2;MAELLE;2006;46;5
2;MAELLE;2007;46;4
2;MAELLE;2009;46;5
2;MAËLLE;2012;46;3
2;MAËLLE;2015;46;3
2;MAELYS;2000;46;3
2;MAELYS;2005;46;8
2;MAELYS;2006;46;4
2;MAELYS;2007;46;6
2;MAELYS;2008;46;5
2;MAELYS;2010;46;7
2;MAËLYS;2011;46;4
2;MAËLYS;2012;46;3
2;MAËLYS;2014;46;3
2;MAËLYS;2017;46;3
2;MAEVA;2000;46;10
2;MAEVA;2001;46;11
2;MAEVA;2002;46;7
2;MAEVA;2003;46;5
2;MAEVA;2004;46;3
2;MAEVA;2005;46;5
2;MAEVA;2006;46;4
2;MAEVA;2007;46;3
2;MAEVA;2008;46;4
2;MAËVA;2014;46;3
2;MAIA;2007;46;3
2;MAILYS;2002;46;3
2;MAÏSSA;2014;46;3
2;MAIWENN;2009;46;3
2;MANON;2000;46;15
2;MANON;2001;46;18
2;MANON;2002;46;19
2;MANON;2003;46;19
2;MANON;2004;46;13
2;MANON;2005;46;10
2;MANON;2006;46;15
2;MANON;2007;46;15
2;MANON;2008;46;8
2;MANON;2009;46;7
2;MANON;2010;46;5
2;MANON;2011;46;7
2;MANON;2012;46;6
2;MANON;2013;46;3
2;MANON;2015;46;6
2;MANON;2016;46;5
2;MANON;2017;46;3
2;MANON;2018;46;4
2;MANON;2019;46;4
2;MARGAUX;2000;46;7
2;MARGAUX;2002;46;6
2;MARGAUX;2003;46;4
2;MARGAUX;2005;46;7
2;MARGAUX;2007;46;3
2;MARGAUX;2012;46;4
2;MARGAUX;2019;46;4
2;MARGOT;2000;46;3
2;MARGOT;2002;46;3
2;MARGOT;2004;46;5
2;MARGOT;2008;46;8
2;MARGOT;2011;46;3
2;MARIE;2000;46;11
2;MARIE;2001;46;13
2;MARIE;2002;46;14
2;MARIE;2003;46;13
2;MARIE;2005;46;5
2;MARIE;2007;46;5
2;MARIE;2010;46;3
2;MARIE;2011;46;3
2;MARINE;2000;46;11
2;MARINE;2001;46;13
2;MARINE;2002;46;5
2;MARINE;2003;46;4
2;MARINE;2008;46;3
2;MARION;2000;46;6
2;MARION;2001;46;7
2;MARION;2002;46;3
2;MARION;2004;46;5
2;MARYAM;2014;46;3
2;MATHILDE;2000;46;9
2;MATHILDE;2001;46;8
2;MATHILDE;2002;46;10
2;MATHILDE;2003;46;7
2;MATHILDE;2004;46;7
2;MATHILDE;2005;46;6
2;MATHILDE;2006;46;6
2;MATHILDE;2007;46;6
2;MATHILDE;2008;46;5
2;MATHILDE;2009;46;4
2;MATHILDE;2010;46;3
2;MATHILDE;2014;46;4
2;MAUD;2000;46;3
2;MÉLANIE;2000;46;3
2;MÉLANIE;2001;46;4
2;MÉLINA;2006;46;3
2;MÉLINA;2008;46;3
2;MÉLINA;2011;46;3
2;MELINE;2003;46;3
2;MELINE;2007;46;5
2;MÉLISSA;2000;46;4
2;MÉLISSA;2001;46;5
2;MÉLISSA;2003;46;4
2;MÉLISSA;2005;46;3
2;MÉLISSA;2006;46;3
2;MÉLISSA;2008;46;5
2;MIA;2014;46;3
2;MIA;2018;46;5
2;MIA;2019;46;4
2;MILA;2014;46;4
2;MILA;2016;46;6
2;MILA;2018;46;6
2;MILA;2019;46;4
2;MILA;2021;46;4
2;MORGANE;2000;46;7
2;MORGANE;2001;46;9
2;MORGANE;2003;46;3
2;MORGANE;2006;46;6
2;MORGANE;2009;46;3
2;MYA;2018;46;3
2;NATACHA;2000;46;3
2;NINA;2003;46;4
2;NINA;2004;46;3
2;NINA;2008;46;3
2;NINA;2009;46;4
2;NINA;2012;46;3
2;NINA;2019;46;6
2;NINA;2020;46;4
2;NINA;2021;46;7
2;NINON;2005;46;3
2;NOELIE;2006;46;3
2;NOEMIE;2000;46;3
2;NOEMIE;2001;46;8
2;NOEMIE;2002;46;4
2;NOEMIE;2004;46;4
2;NOEMIE;2006;46;4
2;NOEMIE;2007;46;3
2;NOEMIE;2008;46;7
2;NOEMIE;2010;46;5
2;NOÉMIE;2011;46;3
2;OCÉANE;2000;46;12
2;OCÉANE;2001;46;12
2;OCÉANE;2002;46;13
2;OCÉANE;2003;46;11
2;OCÉANE;2004;46;12
2;OCÉANE;2005;46;3
2;OCÉANE;2006;46;4
2;OCÉANE;2007;46;5
2;OLIVIA;2016;46;5
2;OPHÉLIE;2000;46;3
2;PALOMA;2007;46;3
2;PAULINE;2000;46;4
2;PAULINE;2002;46;5
2;PAULINE;2003;46;11
2;PAULINE;2004;46;4
2;PAULINE;2005;46;7
2;PAULINE;2006;46;4
2;PAULINE;2007;46;3
2;PAULINE;2012;46;5
2;PAULINE;2013;46;3
2;PAULINE;2015;46;4
2;RACHEL;2001;46;3
2;RACHEL;2007;46;3
2;RAPHAELLE;2004;46;3
2;ROMANE;2000;46;3
2;ROMANE;2003;46;9
2;ROMANE;2004;46;4
2;ROMANE;2006;46;6
2;ROMANE;2007;46;7
2;ROMANE;2008;46;3
2;ROMANE;2009;46;6
2;ROMANE;2010;46;3
2;ROMANE;2011;46;3
2;ROMANE;2016;46;3
2;ROMANE;2017;46;4
2;ROMANE;2018;46;5
2;ROMANE;2020;46;5
2;ROMY;2018;46;3
2;ROMY;2020;46;3
2;ROMY;2021;46;3
2;ROSE;2001;46;3
2;ROSE;2006;46;3
2;ROSE;2015;46;4
2;ROSE;2018;46;3
2;ROSE;2020;46;5
2;ROSE;2021;46;5
2;ROXANE;2007;46;3
2;SALOMÉ;2007;46;4
2;SARA;2003;46;3
2;SARA;2008;46;4
2;SARAH;2000;46;8
2;SARAH;2001;46;6
2;SARAH;2002;46;10
2;SARAH;2003;46;14
2;SARAH;2006;46;6
2;SARAH;2007;46;6
2;SARAH;2008;46;4
2;SARAH;2009;46;5
2;SARAH;2010;46;6
2;SARAH;2011;46;5
2;SARAH;2013;46;3
2;SARAH;2014;46;4
2;SARAH;2016;46;3
2;SÉRÉNA;2010;46;3
2;SHANA;2010;46;3
2;SOFIA;2010;46;3
2;SOFIA;2017;46;3
2;SOFIA;2021;46;4
2;SOLÈNE;2001;46;3
2;SOLÈNE;2005;46;3
2;SOLÈNE;2008;46;3
2;SOLÈNE;2012;46;3
2;SOLINE;2013;46;3
2;SOPHIE;2002;46;3
2;THALIA;2006;46;3
2;THÉA;2019;46;3
2;TIFFANY;2005;46;3
2;VALENTINE;2001;46;4
2;VALENTINE;2015;46;4
2;VALENTINE;2021;46;3
2;VICTOIRE;2020;46;5
2;VICTORIA;2000;46;3
2;VICTORIA;2020;46;3
2;VICTORIA;2021;46;4
2;ZÉLIE;2013;46;3
2;ZOE;2010;46;6
2;ZOÉ;2002;46;3
2;ZOÉ;2003;46;5
2;ZOÉ;2004;46;3
2;ZOÉ;2006;46;4
2;ZOÉ;2007;46;3
2;ZOÉ;2008;46;7
2;ZOÉ;2009;46;4
2;ZOÉ;2012;46;7
2;ZOÉ;2013;46;3
2;ZOÉ;2014;46;5
2;ZOÉ;2015;46;3
2;ZOÉ;2016;46;3
2;ZOÉ;2017;46;3
2;ZOÉ;2018;46;4
