sexe;preusuel;annais;dpt;nombre
1;_PRENOMS_RARES;2000;55;11
1;_PRENOMS_RARES;2001;55;14
1;_PRENOMS_RARES;2002;55;17
1;_PRENOMS_RARES;2003;55;9
1;_PRENOMS_RARES;2004;55;15
1;_PRENOMS_RARES;2005;55;20
1;_PRENOMS_RARES;2006;55;21
1;_PRENOMS_RARES;2007;55;22
1;_PRENOMS_RARES;2008;55;23
1;_PRENOMS_RARES;2009;55;17
1;_PRENOMS_RARES;2010;55;24
1;_PRENOMS_RARES;2011;55;15
1;_PRENOMS_RARES;2012;55;26
1;_PRENOMS_RARES;2013;55;20
1;_PRENOMS_RARES;2014;55;21
1;_PRENOMS_RARES;2015;55;33
1;_PRENOMS_RARES;2016;55;26
1;_PRENOMS_RARES;2017;55;29
1;_PRENOMS_RARES;2018;55;26
1;_PRENOMS_RARES;2019;55;19
1;_PRENOMS_RARES;2020;55;19
1;_PRENOMS_RARES;2021;55;26
1;AARON;2008;55;6
1;AARON;2009;55;3
1;AARON;2010;55;3
1;AARON;2011;55;3
1;AARON;2012;55;6
1;AARON;2013;55;7
1;AARON;2014;55;3
1;AARON;2015;55;4
1;AARON;2016;55;6
1;AARON;2017;55;9
1;AARON;2018;55;5
1;AARON;2020;55;4
1;AARON;2021;55;6
1;ABEL;2015;55;4
1;ABEL;2017;55;3
1;ACHILLE;2006;55;3
1;ADAM;2006;55;4
1;ADAM;2007;55;8
1;ADAM;2008;55;4
1;ADAM;2011;55;4
1;ADAM;2012;55;5
1;ADAM;2013;55;6
1;ADAM;2015;55;3
1;ADAM;2016;55;3
1;ADAM;2017;55;8
1;ADAM;2019;55;4
1;ADAM;2021;55;5
1;ADRIEN;2000;55;8
1;ADRIEN;2001;55;9
1;ADRIEN;2002;55;6
1;ADRIEN;2004;55;4
1;ADRIEN;2005;55;4
1;ADRIEN;2006;55;4
1;ADRIEN;2008;55;3
1;ADRIEN;2009;55;3
1;ADRIEN;2012;55;4
1;ADRIEN;2013;55;4
1;ADRIEN;2015;55;5
1;ADRIEN;2018;55;3
1;ALAN;2000;55;4
1;ALAN;2001;55;3
1;ALAN;2002;55;6
1;ALAN;2006;55;3
1;ALAN;2012;55;3
1;ALBAN;2005;55;3
1;ALBAN;2009;55;4
1;ALBAN;2010;55;3
1;ALEX;2000;55;3
1;ALEX;2001;55;3
1;ALEX;2002;55;5
1;ALEX;2009;55;4
1;ALEX;2011;55;3
1;ALEXANDRE;2000;55;18
1;ALEXANDRE;2001;55;9
1;ALEXANDRE;2002;55;10
1;ALEXANDRE;2003;55;7
1;ALEXANDRE;2004;55;7
1;ALEXANDRE;2005;55;6
1;ALEXANDRE;2006;55;4
1;ALEXANDRE;2007;55;8
1;ALEXANDRE;2008;55;7
1;ALEXANDRE;2010;55;3
1;ALEXANDRE;2011;55;4
1;ALEXANDRE;2013;55;4
1;ALEXANDRE;2015;55;4
1;ALEXANDRE;2018;55;3
1;ALEXIS;2000;55;17
1;ALEXIS;2001;55;22
1;ALEXIS;2002;55;18
1;ALEXIS;2003;55;14
1;ALEXIS;2004;55;6
1;ALEXIS;2005;55;6
1;ALEXIS;2006;55;10
1;ALEXIS;2007;55;4
1;ALEXIS;2009;55;5
1;ALEXIS;2010;55;5
1;ALEXIS;2011;55;7
1;ALEXIS;2015;55;4
1;ALEXIS;2016;55;3
1;ALLAN;2000;55;6
1;ALLAN;2002;55;3
1;ALLAN;2004;55;4
1;ALOIS;2004;55;3
1;ALOIS;2005;55;4
1;ALOIS;2013;55;3
1;ALOÏS;2012;55;3
1;AMAURY;2011;55;4
1;AMAURY;2016;55;3
1;AMAURY;2019;55;3
1;ANDRÉ;2001;55;3
1;ANDY;2000;55;3
1;ANDY;2004;55;4
1;ANGE;2010;55;3
1;ANTHONY;2000;55;12
1;ANTHONY;2001;55;10
1;ANTHONY;2002;55;7
1;ANTHONY;2003;55;6
1;ANTHONY;2004;55;5
1;ANTHONY;2005;55;6
1;ANTHONY;2006;55;3
1;ANTHONY;2008;55;3
1;ANTHONY;2010;55;4
1;ANTHONY;2012;55;3
1;ANTOINE;2000;55;9
1;ANTOINE;2001;55;9
1;ANTOINE;2002;55;12
1;ANTOINE;2003;55;14
1;ANTOINE;2004;55;6
1;ANTOINE;2005;55;13
1;ANTOINE;2006;55;11
1;ANTOINE;2007;55;7
1;ANTOINE;2008;55;5
1;ANTOINE;2009;55;5
1;ANTOINE;2010;55;5
1;ANTOINE;2011;55;6
1;ANTOINE;2012;55;6
1;ANTOINE;2013;55;4
1;ANTOINE;2014;55;3
1;ANTOINE;2016;55;6
1;ANTOINE;2021;55;5
1;ANTONIN;2000;55;6
1;ANTONIN;2001;55;5
1;ANTONIN;2002;55;7
1;ANTONIN;2003;55;5
1;ANTONIN;2004;55;4
1;ANTONIN;2005;55;6
1;ANTONIN;2006;55;8
1;ANTONIN;2007;55;7
1;ANTONIN;2008;55;4
1;ANTONIN;2009;55;4
1;ANTONIN;2011;55;3
1;ANTONIN;2014;55;6
1;ANTONIN;2015;55;4
1;ANTONIN;2016;55;4
1;ANTONIN;2017;55;4
1;ANTONIN;2018;55;5
1;ARNAUD;2001;55;3
1;ARTHUR;2000;55;10
1;ARTHUR;2001;55;4
1;ARTHUR;2002;55;8
1;ARTHUR;2003;55;6
1;ARTHUR;2004;55;12
1;ARTHUR;2005;55;9
1;ARTHUR;2006;55;3
1;ARTHUR;2007;55;6
1;ARTHUR;2008;55;5
1;ARTHUR;2009;55;7
1;ARTHUR;2010;55;9
1;ARTHUR;2011;55;12
1;ARTHUR;2012;55;10
1;ARTHUR;2013;55;10
1;ARTHUR;2014;55;8
1;ARTHUR;2015;55;10
1;ARTHUR;2016;55;14
1;ARTHUR;2017;55;6
1;ARTHUR;2018;55;9
1;ARTHUR;2019;55;8
1;ARTHUR;2020;55;3
1;ARTHUR;2021;55;8
1;AUBIN;2009;55;3
1;AUGUSTIN;2007;55;3
1;AUGUSTIN;2008;55;3
1;AUGUSTIN;2010;55;4
1;AUGUSTIN;2011;55;3
1;AUGUSTIN;2014;55;5
1;AUGUSTIN;2019;55;7
1;AUGUSTIN;2021;55;4
1;AURÉLIEN;2000;55;6
1;AURÉLIEN;2001;55;4
1;AURÉLIEN;2002;55;7
1;AURÉLIEN;2003;55;6
1;AURÉLIEN;2005;55;3
1;AXEL;2000;55;8
1;AXEL;2001;55;7
1;AXEL;2003;55;7
1;AXEL;2004;55;11
1;AXEL;2005;55;3
1;AXEL;2006;55;10
1;AXEL;2009;55;4
1;AXEL;2010;55;7
1;AXEL;2011;55;3
1;AXEL;2012;55;5
1;AXEL;2013;55;4
1;AXEL;2014;55;7
1;AXEL;2015;55;6
1;AXEL;2016;55;3
1;AXEL;2017;55;6
1;AXEL;2018;55;5
1;AXEL;2019;55;3
1;AXEL;2021;55;3
1;AYDEN;2015;55;3
1;AYDEN;2016;55;4
1;AYDEN;2017;55;5
1;AYDEN;2018;55;3
1;AYDEN;2019;55;5
1;AYMERIC;2001;55;3
1;AYMERIC;2003;55;4
1;AYMERIC;2006;55;3
1;AYMERIC;2007;55;3
1;AYMERICK;2003;55;3
1;BAPTISTE;2000;55;15
1;BAPTISTE;2001;55;8
1;BAPTISTE;2002;55;14
1;BAPTISTE;2003;55;10
1;BAPTISTE;2004;55;5
1;BAPTISTE;2005;55;12
1;BAPTISTE;2006;55;12
1;BAPTISTE;2007;55;9
1;BAPTISTE;2008;55;7
1;BAPTISTE;2009;55;11
1;BAPTISTE;2010;55;9
1;BAPTISTE;2011;55;3
1;BAPTISTE;2012;55;9
1;BAPTISTE;2014;55;4
1;BAPTISTE;2015;55;4
1;BAPTISTE;2016;55;6
1;BAPTISTE;2018;55;4
1;BAPTISTE;2019;55;3
1;BASILE;2005;55;3
1;BASILE;2011;55;3
1;BASILE;2018;55;3
1;BASTIEN;2000;55;9
1;BASTIEN;2002;55;4
1;BASTIEN;2005;55;3
1;BASTIEN;2007;55;4
1;BASTIEN;2008;55;3
1;BASTIEN;2013;55;3
1;BASTIEN;2018;55;4
1;BASTIEN;2021;55;4
1;BENJAMIN;2000;55;8
1;BENJAMIN;2001;55;6
1;BENJAMIN;2002;55;17
1;BENJAMIN;2003;55;9
1;BENJAMIN;2004;55;8
1;BENJAMIN;2005;55;6
1;BENJAMIN;2006;55;5
1;BENJAMIN;2007;55;5
1;BENJAMIN;2008;55;5
1;BENJAMIN;2009;55;5
1;BENJAMIN;2010;55;4
1;BENJAMIN;2014;55;3
1;BENJAMIN;2015;55;3
1;BENJAMIN;2016;55;5
1;BENOÎT;2000;55;3
1;BRANDON;2002;55;3
1;BRANDON;2009;55;3
1;BRICE;2000;55;3
1;BRICE;2003;55;3
1;BRYAN;2000;55;14
1;BRYAN;2001;55;3
1;BRYAN;2002;55;7
1;BRYAN;2003;55;3
1;BRYAN;2004;55;5
1;BRYAN;2005;55;5
1;BRYAN;2006;55;3
1;CALVIN;2012;55;3
1;CAMERON;2008;55;3
1;CAMILLE;2014;55;3
1;CAMILLE;2015;55;3
1;CAMILLE;2016;55;3
1;CAMILLE;2017;55;3
1;CAMILLE;2020;55;3
1;CAMILLE;2021;55;3
1;CEDRIC;2001;55;6
1;CHARLES;2000;55;5
1;CHARLES;2001;55;3
1;CHARLES;2005;55;4
1;CHARLES;2006;55;7
1;CHARLES;2007;55;4
1;CHARLES;2009;55;3
1;CHARLES;2011;55;3
1;CHARLES;2014;55;3
1;CHARLES;2015;55;4
1;CHARLES;2017;55;3
1;CHARLES;2020;55;3
1;CHARLIE;2013;55;3
1;CHARLIE;2017;55;3
1;CHARLY;2001;55;5
1;CHARLY;2008;55;3
1;CHARLY;2011;55;3
1;CHARLY;2014;55;3
1;CHARLY;2017;55;3
1;CHRIS;2010;55;3
1;CHRISTOPHE;2000;55;3
1;CHRISTOPHE;2001;55;3
1;CHRISTOPHER;2000;55;3
1;CHRISTOPHER;2004;55;3
1;CLEMENT;2010;55;6
1;CLEMENT;2011;55;11
1;CLEMENT;2012;55;6
1;CLEMENT;2013;55;6
1;CLÉMENT;2000;55;12
1;CLÉMENT;2001;55;21
1;CLÉMENT;2002;55;13
1;CLÉMENT;2003;55;8
1;CLÉMENT;2004;55;13
1;CLÉMENT;2005;55;6
1;CLÉMENT;2006;55;5
1;CLÉMENT;2007;55;14
1;CLÉMENT;2008;55;11
1;CLÉMENT;2009;55;4
1;CLÉMENT;2012;55;5
1;CLÉMENT;2013;55;7
1;CLÉMENT;2014;55;6
1;CLÉMENT;2015;55;8
1;CLÉMENT;2016;55;4
1;CLÉMENT;2017;55;3
1;CLOVIS;2006;55;3
1;CLOVIS;2009;55;3
1;COME;2007;55;4
1;CÔME;2018;55;4
1;CORENTIN;2000;55;18
1;CORENTIN;2001;55;10
1;CORENTIN;2002;55;15
1;CORENTIN;2003;55;8
1;CORENTIN;2004;55;7
1;CORENTIN;2005;55;6
1;CORENTIN;2006;55;5
1;CORENTIN;2007;55;3
1;CORENTIN;2008;55;4
1;CORENTIN;2009;55;4
1;CORENTIN;2012;55;4
1;CYPRIEN;2006;55;3
1;CYPRIEN;2007;55;3
1;CYRIL;2001;55;3
1;DAMIEN;2000;55;4
1;DAMIEN;2001;55;6
1;DAMIEN;2003;55;3
1;DAVID;2000;55;6
1;DAVID;2009;55;3
1;DAVID;2017;55;3
1;DIEGO;2010;55;3
1;DIEGO;2012;55;3
1;DIEGO;2015;55;3
1;DIEGO;2017;55;3
1;DIEGO;2021;55;3
1;DONOVAN;2000;55;3
1;DONOVAN;2008;55;3
1;DONOVAN;2009;55;3
1;DORIAN;2000;55;12
1;DORIAN;2001;55;7
1;DORIAN;2003;55;6
1;DORIAN;2004;55;6
1;DORIAN;2005;55;3
1;DORIAN;2006;55;5
1;DORIAN;2007;55;4
1;DORIAN;2013;55;3
1;DYLAN;2000;55;9
1;DYLAN;2001;55;18
1;DYLAN;2002;55;11
1;DYLAN;2003;55;7
1;DYLAN;2004;55;3
1;DYLAN;2005;55;6
1;DYLAN;2006;55;5
1;DYLAN;2007;55;5
1;DYLAN;2008;55;7
1;DYLAN;2009;55;7
1;DYLAN;2011;55;3
1;DYLAN;2012;55;3
1;EDDY;2000;55;4
1;EDDY;2002;55;3
1;EDEN;2012;55;4
1;EDEN;2013;55;4
1;EDEN;2014;55;5
1;EDEN;2015;55;5
1;EDEN;2016;55;5
1;EDEN;2017;55;3
1;EDEN;2018;55;9
1;EDEN;2019;55;10
1;EDEN;2021;55;4
1;EDOUARD;2011;55;3
1;EDOUARD;2012;55;4
1;ELIAS;2011;55;3
1;ELIAS;2012;55;3
1;ELIAS;2013;55;3
1;ELIAS;2016;55;4
1;ELIO;2017;55;3
1;ELIO;2019;55;4
1;ELIO;2021;55;4
1;ELIOT;2006;55;4
1;ELIOT;2007;55;3
1;ELIOTT;2006;55;3
1;ELIOTT;2007;55;3
1;ELIOTT;2009;55;4
1;ELIOTT;2011;55;4
1;ELIOTT;2013;55;3
1;ELIOTT;2015;55;3
1;ELIOTT;2019;55;5
1;ELIOTT;2021;55;4
1;ELLIOT;2007;55;4
1;ELOUAN;2012;55;3
1;ELYO;2018;55;4
1;EMERIC;2004;55;3
1;EMILE;2017;55;3
1;EMILE;2019;55;3
1;EMILIEN;2000;55;8
1;EMILIEN;2001;55;5
1;EMILIEN;2002;55;4
1;EMILIEN;2003;55;7
1;EMILIEN;2004;55;5
1;EMILIEN;2005;55;3
1;EMILIEN;2006;55;5
1;EMILIEN;2008;55;10
1;EMILIEN;2017;55;3
1;ENZO;2000;55;11
1;ENZO;2001;55;11
1;ENZO;2002;55;18
1;ENZO;2003;55;20
1;ENZO;2004;55;26
1;ENZO;2005;55;17
1;ENZO;2006;55;26
1;ENZO;2007;55;28
1;ENZO;2008;55;17
1;ENZO;2009;55;16
1;ENZO;2010;55;15
1;ENZO;2011;55;13
1;ENZO;2012;55;16
1;ENZO;2013;55;7
1;ENZO;2014;55;16
1;ENZO;2015;55;4
1;ENZO;2016;55;7
1;ENZO;2017;55;10
1;ENZO;2018;55;8
1;ENZO;2019;55;6
1;ERWAN;2001;55;3
1;ERWAN;2002;55;5
1;ERWAN;2003;55;3
1;ERWAN;2004;55;5
1;ERWAN;2006;55;6
1;ERWAN;2007;55;4
1;ERWAN;2008;55;4
1;ERWAN;2009;55;6
1;ERWAN;2010;55;5
1;ERWAN;2012;55;4
1;ERWAN;2013;55;4
1;ERWAN;2014;55;4
1;ERWAN;2016;55;3
1;ERWAN;2017;55;5
1;ESTEBAN;2001;55;3
1;ESTEBAN;2002;55;3
1;ESTEBAN;2003;55;4
1;ESTEBAN;2004;55;5
1;ESTEBAN;2005;55;4
1;ESTEBAN;2006;55;3
1;ESTEBAN;2007;55;4
1;ESTEBAN;2008;55;6
1;ESTEBAN;2009;55;3
1;ESTEBAN;2010;55;4
1;ESTEBAN;2012;55;4
1;ESTEBAN;2013;55;3
1;ESTEBAN;2014;55;5
1;ESTEBAN;2016;55;3
1;ESTEBAN;2017;55;5
1;ETHAN;2001;55;3
1;ETHAN;2002;55;3
1;ETHAN;2004;55;4
1;ETHAN;2005;55;9
1;ETHAN;2006;55;11
1;ETHAN;2007;55;12
1;ETHAN;2008;55;8
1;ETHAN;2009;55;4
1;ETHAN;2010;55;12
1;ETHAN;2011;55;16
1;ETHAN;2012;55;16
1;ETHAN;2013;55;11
1;ETHAN;2014;55;11
1;ETHAN;2015;55;6
1;ETHAN;2016;55;11
1;ETHAN;2017;55;7
1;ETHAN;2018;55;6
1;ETHAN;2019;55;8
1;ETHAN;2020;55;3
1;ETHAN;2021;55;3
1;EVAN;2001;55;3
1;EVAN;2002;55;4
1;EVAN;2003;55;5
1;EVAN;2004;55;3
1;EVAN;2005;55;6
1;EVAN;2006;55;10
1;EVAN;2007;55;9
1;EVAN;2008;55;7
1;EVAN;2009;55;7
1;EVAN;2010;55;9
1;EVAN;2011;55;7
1;EVAN;2012;55;8
1;EVAN;2013;55;13
1;EVAN;2014;55;4
1;EVAN;2015;55;4
1;EVAN;2016;55;8
1;EVAN;2017;55;4
1;EVAN;2018;55;4
1;EWAN;2005;55;5
1;EWAN;2006;55;4
1;EWAN;2007;55;3
1;EWEN;2010;55;3
1;EZIO;2012;55;4
1;EZIO;2013;55;3
1;EZIO;2018;55;3
1;EZIO;2021;55;3
1;FABIEN;2000;55;6
1;FABIEN;2001;55;3
1;FLORIAN;2000;55;16
1;FLORIAN;2001;55;9
1;FLORIAN;2002;55;6
1;FLORIAN;2003;55;9
1;FLORIAN;2004;55;7
1;FLORIAN;2005;55;6
1;FLORIAN;2006;55;6
1;FLORIAN;2007;55;3
1;FLORIAN;2009;55;3
1;FLORIAN;2011;55;3
1;FRANÇOIS;2002;55;3
1;GABIN;2001;55;3
1;GABIN;2003;55;3
1;GABIN;2006;55;5
1;GABIN;2007;55;6
1;GABIN;2008;55;5
1;GABIN;2010;55;3
1;GABIN;2011;55;12
1;GABIN;2012;55;9
1;GABIN;2013;55;8
1;GABIN;2014;55;9
1;GABIN;2015;55;6
1;GABIN;2016;55;8
1;GABIN;2017;55;6
1;GABIN;2018;55;14
1;GABIN;2019;55;9
1;GABIN;2020;55;5
1;GABIN;2021;55;3
1;GABRIEL;2001;55;6
1;GABRIEL;2003;55;3
1;GABRIEL;2004;55;5
1;GABRIEL;2006;55;10
1;GABRIEL;2008;55;6
1;GABRIEL;2009;55;7
1;GABRIEL;2010;55;12
1;GABRIEL;2011;55;10
1;GABRIEL;2012;55;7
1;GABRIEL;2013;55;12
1;GABRIEL;2014;55;9
1;GABRIEL;2015;55;15
1;GABRIEL;2016;55;17
1;GABRIEL;2017;55;10
1;GABRIEL;2018;55;17
1;GABRIEL;2019;55;8
1;GABRIEL;2020;55;3
1;GABRIEL;2021;55;10
1;GAETAN;2011;55;4
1;GAËTAN;2009;55;3
1;GAUTHIER;2001;55;8
1;GAUTHIER;2003;55;3
1;GAUTHIER;2013;55;3
1;GREGORY;2008;55;3
1;GUILLAUME;2000;55;7
1;GUILLAUME;2001;55;11
1;GUILLAUME;2002;55;7
1;GUILLAUME;2003;55;5
1;GUILLAUME;2004;55;3
1;GUILLAUME;2006;55;4
1;GUILLAUME;2007;55;4
1;GUILLAUME;2010;55;4
1;HAYDEN;2008;55;3
1;HUGO;2000;55;21
1;HUGO;2001;55;24
1;HUGO;2002;55;20
1;HUGO;2003;55;27
1;HUGO;2004;55;14
1;HUGO;2005;55;11
1;HUGO;2006;55;10
1;HUGO;2007;55;13
1;HUGO;2008;55;11
1;HUGO;2009;55;11
1;HUGO;2010;55;13
1;HUGO;2011;55;22
1;HUGO;2012;55;21
1;HUGO;2013;55;16
1;HUGO;2014;55;16
1;HUGO;2015;55;12
1;HUGO;2016;55;12
1;HUGO;2017;55;10
1;HUGO;2018;55;12
1;HUGO;2019;55;11
1;HUGO;2020;55;4
1;HUGO;2021;55;7
1;ILAN;2020;55;3
1;ILYES;2011;55;3
1;ISAAC;2021;55;4
1;JAROD;2000;55;3
1;JASON;2001;55;5
1;JASON;2002;55;5
1;JASON;2003;55;3
1;JASON;2005;55;4
1;JEAN;2001;55;4
1;JEAN;2012;55;3
1;JEAN-BAPTISTE;2001;55;4
1;JEREMY;2000;55;10
1;JEREMY;2001;55;3
1;JEREMY;2002;55;4
1;JEREMY;2004;55;5
1;JEROME;2000;55;3
1;JIMMY;2011;55;3
1;JOEY;2001;55;3
1;JOHAN;2004;55;3
1;JONATHAN;2001;55;3
1;JONATHAN;2004;55;3
1;JORDAN;2000;55;6
1;JORDAN;2001;55;9
1;JORDAN;2002;55;4
1;JORDAN;2004;55;5
1;JORDAN;2005;55;3
1;JORDAN;2006;55;4
1;JORDAN;2011;55;3
1;JORIS;2010;55;3
1;JOSHUA;2011;55;3
1;JULES;2000;55;3
1;JULES;2001;55;9
1;JULES;2002;55;4
1;JULES;2003;55;16
1;JULES;2004;55;5
1;JULES;2005;55;10
1;JULES;2006;55;9
1;JULES;2007;55;18
1;JULES;2008;55;14
1;JULES;2009;55;18
1;JULES;2010;55;18
1;JULES;2011;55;18
1;JULES;2012;55;20
1;JULES;2013;55;14
1;JULES;2014;55;16
1;JULES;2015;55;12
1;JULES;2016;55;19
1;JULES;2017;55;16
1;JULES;2018;55;11
1;JULES;2019;55;16
1;JULES;2020;55;8
1;JULES;2021;55;13
1;JULIAN;2000;55;3
1;JULIAN;2001;55;5
1;JULIAN;2002;55;3
1;JULIAN;2003;55;4
1;JULIEN;2000;55;8
1;JULIEN;2001;55;12
1;JULIEN;2002;55;9
1;JULIEN;2003;55;14
1;JULIEN;2004;55;4
1;JULIEN;2005;55;7
1;JULIEN;2006;55;5
1;JULIEN;2007;55;6
1;JULIEN;2008;55;5
1;JULIEN;2009;55;4
1;JULIEN;2012;55;3
1;JUSTIN;2000;55;3
1;JUSTIN;2004;55;3
1;JUSTIN;2013;55;3
1;JUSTIN;2021;55;3
1;KENZO;2010;55;4
1;KENZO;2012;55;3
1;KENZO;2013;55;7
1;KENZO;2015;55;6
1;KENZO;2016;55;3
1;KENZO;2017;55;4
1;KENZO;2019;55;3
1;KEVIN;2000;55;8
1;KEVIN;2001;55;7
1;KEVIN;2002;55;7
1;KEVIN;2003;55;4
1;KEVIN;2005;55;3
1;KEVIN;2007;55;4
1;KEVIN;2010;55;3
1;KILIAN;2000;55;3
1;KILIAN;2002;55;3
1;KILIAN;2007;55;3
1;KILLIAN;2000;55;6
1;KILLIAN;2001;55;3
1;KILLIAN;2002;55;4
1;KILLIAN;2003;55;3
1;KILLIAN;2004;55;3
1;KILLIAN;2005;55;4
1;KYLIAN;2001;55;4
1;KYLIAN;2003;55;4
1;KYLIAN;2005;55;5
1;KYLIAN;2006;55;6
1;KYLIAN;2007;55;6
1;KYLIAN;2008;55;4
1;KYLIAN;2009;55;5
1;KYLIAN;2010;55;11
1;KYLIAN;2011;55;3
1;KYLIAN;2012;55;6
1;KYLIAN;2013;55;4
1;KYLIAN;2014;55;6
1;KYLIAN;2017;55;3
1;KYLLIAN;2005;55;3
1;KYLLIAN;2006;55;3
1;KYLLIAN;2007;55;6
1;KYLLIAN;2009;55;5
1;KYLLIAN;2010;55;4
1;LÉANDRE;2003;55;4
1;LÉANDRE;2017;55;3
1;LENNY;2003;55;7
1;LENNY;2006;55;3
1;LENNY;2008;55;4
1;LENNY;2009;55;5
1;LENNY;2011;55;4
1;LENNY;2015;55;3
1;LENY;2003;55;3
1;LENY;2004;55;3
1;LEO;2010;55;11
1;LEO;2011;55;18
1;LEO;2012;55;6
1;LEO;2013;55;14
1;LÉO;2000;55;9
1;LÉO;2001;55;7
1;LÉO;2002;55;12
1;LÉO;2003;55;14
1;LÉO;2004;55;9
1;LÉO;2005;55;13
1;LÉO;2006;55;12
1;LÉO;2007;55;14
1;LÉO;2008;55;15
1;LÉO;2009;55;16
1;LÉO;2010;55;6
1;LÉO;2012;55;7
1;LÉO;2013;55;6
1;LÉO;2014;55;7
1;LÉO;2015;55;21
1;LÉO;2016;55;7
1;LÉO;2017;55;10
1;LÉO;2018;55;12
1;LÉO;2019;55;15
1;LÉO;2020;55;7
1;LÉO;2021;55;9
1;LEON;2012;55;3
1;LÉON;2010;55;3
1;LÉON;2015;55;3
1;LÉON;2016;55;3
1;LÉON;2017;55;5
1;LÉON;2019;55;4
1;LÉON;2020;55;5
1;LÉOPOLD;2017;55;3
1;LIAM;2011;55;3
1;LIAM;2013;55;4
1;LIAM;2014;55;5
1;LIAM;2015;55;4
1;LIAM;2016;55;12
1;LIAM;2017;55;7
1;LIAM;2018;55;6
1;LIAM;2021;55;5
1;LILIAN;2000;55;6
1;LILIAN;2001;55;6
1;LILIAN;2002;55;3
1;LILIAN;2003;55;3
1;LILIAN;2004;55;7
1;LILIAN;2005;55;4
1;LILIAN;2006;55;4
1;LILIAN;2007;55;8
1;LILIAN;2011;55;5
1;LIVIO;2020;55;3
1;LOAN;2009;55;4
1;LOAN;2012;55;3
1;LOAN;2014;55;3
1;LOGAN;2002;55;3
1;LOGAN;2003;55;4
1;LOGAN;2005;55;5
1;LOGAN;2012;55;3
1;LOGAN;2013;55;6
1;LOGAN;2014;55;3
1;LOGAN;2017;55;5
1;LOGAN;2018;55;4
1;LOGAN;2020;55;3
1;LOHAN;2011;55;3
1;LOHAN;2015;55;3
1;LOÏC;2000;55;4
1;LOÏC;2001;55;8
1;LOÏC;2002;55;5
1;LOÏC;2003;55;4
1;LOÏC;2004;55;5
1;LOÏC;2005;55;5
1;LOÏC;2006;55;3
1;LOÏC;2007;55;3
1;LOICK;2003;55;3
1;LOÏS;2001;55;3
1;LOÏS;2015;55;6
1;LORENZO;2004;55;5
1;LORENZO;2007;55;3
1;LORENZO;2009;55;5
1;LORENZO;2010;55;6
1;LORENZO;2011;55;5
1;LORENZO;2012;55;5
1;LORENZO;2014;55;4
1;LORENZO;2015;55;7
1;LORENZO;2016;55;5
1;LORIS;2001;55;4
1;LORIS;2010;55;6
1;LORIS;2012;55;6
1;LORIS;2014;55;4
1;LORIS;2017;55;3
1;LORIS;2018;55;3
1;LOUAN;2006;55;3
1;LOUIS;2000;55;7
1;LOUIS;2001;55;11
1;LOUIS;2002;55;15
1;LOUIS;2003;55;9
1;LOUIS;2004;55;7
1;LOUIS;2005;55;13
1;LOUIS;2006;55;9
1;LOUIS;2007;55;15
1;LOUIS;2008;55;8
1;LOUIS;2009;55;22
1;LOUIS;2010;55;15
1;LOUIS;2011;55;8
1;LOUIS;2012;55;11
1;LOUIS;2013;55;14
1;LOUIS;2014;55;14
1;LOUIS;2015;55;10
1;LOUIS;2016;55;10
1;LOUIS;2017;55;6
1;LOUIS;2018;55;6
1;LOUIS;2019;55;9
1;LOUIS;2020;55;4
1;LOUIS;2021;55;6
1;LOUISON;2004;55;4
1;LOUISON;2005;55;3
1;LOUKA;2009;55;3
1;LOUKA;2015;55;5
1;LOUKA;2017;55;3
1;LOUKA;2018;55;5
1;LUCA;2002;55;3
1;LUCA;2006;55;3
1;LUCA;2009;55;3
1;LUCA;2020;55;3
1;LUCAS;2000;55;31
1;LUCAS;2001;55;37
1;LUCAS;2002;55;36
1;LUCAS;2003;55;20
1;LUCAS;2004;55;20
1;LUCAS;2005;55;18
1;LUCAS;2006;55;19
1;LUCAS;2007;55;22
1;LUCAS;2008;55;25
1;LUCAS;2009;55;13
1;LUCAS;2010;55;21
1;LUCAS;2011;55;23
1;LUCAS;2012;55;20
1;LUCAS;2013;55;14
1;LUCAS;2014;55;12
1;LUCAS;2015;55;17
1;LUCAS;2016;55;11
1;LUCAS;2017;55;6
1;LUCAS;2018;55;7
1;LUCAS;2019;55;6
1;LUCAS;2020;55;8
1;LUDOVIC;2002;55;4
1;LUKA;2006;55;3
1;LUKA;2010;55;5
1;LUKA;2012;55;5
1;LUKAS;2004;55;7
1;LUKAS;2006;55;4
1;LUKAS;2007;55;3
1;LUKAS;2011;55;3
1;LYAM;2012;55;4
1;LYAM;2014;55;3
1;LYAM;2015;55;6
1;LYAM;2016;55;4
1;LYAM;2017;55;5
1;LYAM;2018;55;3
1;LYAM;2021;55;4
1;MAÉ;2017;55;3
1;MAÉ;2020;55;3
1;MAEL;2003;55;4
1;MAEL;2004;55;4
1;MAEL;2005;55;4
1;MAEL;2007;55;5
1;MAEL;2008;55;6
1;MAEL;2009;55;11
1;MAEL;2010;55;12
1;MAEL;2011;55;4
1;MAEL;2012;55;9
1;MAEL;2013;55;5
1;MAËL;2012;55;3
1;MAËL;2014;55;8
1;MAËL;2015;55;11
1;MAËL;2016;55;6
1;MAËL;2017;55;15
1;MAËL;2018;55;4
1;MAËL;2019;55;12
1;MAËL;2020;55;5
1;MAËL;2021;55;7
1;MAHÉ;2020;55;3
1;MAHÉ;2021;55;5
1;MALCOM;2006;55;3
1;MALO;2007;55;3
1;MALO;2013;55;3
1;MALONE;2017;55;3
1;MALONE;2018;55;5
1;MALONE;2019;55;3
1;MARC;2005;55;3
1;MARCEAU;2014;55;4
1;MARCEAU;2016;55;5
1;MARIN;2012;55;3
1;MARIN;2021;55;3
1;MARIUS;2000;55;4
1;MARIUS;2005;55;3
1;MARIUS;2008;55;3
1;MARIUS;2009;55;4
1;MARIUS;2012;55;4
1;MARIUS;2013;55;5
1;MARIUS;2014;55;3
1;MARIUS;2015;55;3
1;MARIUS;2016;55;3
1;MARIUS;2017;55;6
1;MARIUS;2018;55;3
1;MARIUS;2021;55;3
1;MARTIN;2000;55;5
1;MARTIN;2005;55;3
1;MARTIN;2006;55;3
1;MARTIN;2008;55;4
1;MARTIN;2012;55;4
1;MARTIN;2015;55;3
1;MARTIN;2017;55;3
1;MARTIN;2018;55;4
1;MARTIN;2019;55;4
1;MATEO;2012;55;3
1;MATÉO;2002;55;3
1;MATÉO;2003;55;4
1;MATÉO;2004;55;6
1;MATÉO;2006;55;3
1;MATÉO;2007;55;4
1;MATHEO;2010;55;9
1;MATHEO;2011;55;11
1;MATHEO;2013;55;8
1;MATHÉO;2002;55;4
1;MATHÉO;2003;55;9
1;MATHÉO;2004;55;20
1;MATHÉO;2005;55;12
1;MATHÉO;2006;55;18
1;MATHÉO;2007;55;14
1;MATHÉO;2008;55;13
1;MATHÉO;2009;55;14
1;MATHÉO;2010;55;9
1;MATHÉO;2012;55;4
1;MATHÉO;2013;55;5
1;MATHÉO;2014;55;7
1;MATHÉO;2015;55;9
1;MATHÉO;2016;55;7
1;MATHÉO;2017;55;7
1;MATHIAS;2000;55;6
1;MATHIAS;2002;55;5
1;MATHIAS;2004;55;5
1;MATHIAS;2005;55;3
1;MATHIAS;2006;55;4
1;MATHIAS;2008;55;4
1;MATHIAS;2009;55;3
1;MATHIAS;2010;55;4
1;MATHIAS;2011;55;4
1;MATHIAS;2012;55;3
1;MATHIEU;2000;55;10
1;MATHIEU;2001;55;7
1;MATHIEU;2002;55;4
1;MATHIEU;2003;55;11
1;MATHIEU;2004;55;9
1;MATHIEU;2005;55;4
1;MATHIEU;2006;55;4
1;MATHIEU;2007;55;7
1;MATHIEU;2008;55;5
1;MATHIEU;2009;55;3
1;MATHIEU;2010;55;5
1;MATHIEU;2019;55;3
1;MATHIS;2000;55;6
1;MATHIS;2001;55;12
1;MATHIS;2002;55;7
1;MATHIS;2003;55;12
1;MATHIS;2004;55;14
1;MATHIS;2005;55;15
1;MATHIS;2006;55;21
1;MATHIS;2007;55;14
1;MATHIS;2008;55;13
1;MATHIS;2009;55;19
1;MATHIS;2010;55;12
1;MATHIS;2011;55;13
1;MATHIS;2012;55;18
1;MATHIS;2013;55;8
1;MATHIS;2014;55;5
1;MATHIS;2015;55;9
1;MATHIS;2016;55;5
1;MATHIS;2017;55;8
1;MATHIS;2018;55;5
1;MATHIS;2019;55;5
1;MATHIS;2020;55;4
1;MATHYS;2002;55;3
1;MATHYS;2007;55;3
1;MATHYS;2009;55;4
1;MATHYS;2010;55;5
1;MATHYS;2011;55;6
1;MATHYS;2012;55;8
1;MATHYS;2013;55;4
1;MATHYS;2014;55;7
1;MATHYS;2015;55;4
1;MATHYS;2017;55;3
1;MATHYS;2018;55;4
1;MATHYS;2019;55;5
1;MATHYS;2020;55;3
1;MATIS;2012;55;3
1;MATTEO;2010;55;3
1;MATTÉO;2001;55;7
1;MATTÉO;2002;55;6
1;MATTÉO;2003;55;5
1;MATTÉO;2004;55;8
1;MATTÉO;2005;55;12
1;MATTÉO;2006;55;8
1;MATTÉO;2007;55;7
1;MATTÉO;2008;55;6
1;MATTÉO;2009;55;6
1;MATTÉO;2016;55;4
1;MATTÉO;2019;55;3
1;MATTHÉO;2008;55;4
1;MATTHEW;2005;55;3
1;MATTHEW;2011;55;3
1;MATTHIAS;2004;55;3
1;MATTHIAS;2007;55;3
1;MATTHIAS;2008;55;3
1;MATTHIEU;2001;55;7
1;MATTHIEU;2004;55;3
1;MATTHIEU;2005;55;3
1;MAXENCE;2000;55;8
1;MAXENCE;2001;55;7
1;MAXENCE;2002;55;12
1;MAXENCE;2003;55;11
1;MAXENCE;2004;55;13
1;MAXENCE;2005;55;13
1;MAXENCE;2006;55;9
1;MAXENCE;2007;55;6
1;MAXENCE;2008;55;5
1;MAXENCE;2009;55;10
1;MAXENCE;2010;55;12
1;MAXENCE;2011;55;10
1;MAXENCE;2012;55;7
1;MAXENCE;2013;55;7
1;MAXENCE;2015;55;3
1;MAXENCE;2016;55;3
1;MAXENCE;2017;55;8
1;MAXENCE;2018;55;9
1;MAXENCE;2020;55;4
1;MAXIME;2000;55;20
1;MAXIME;2001;55;19
1;MAXIME;2002;55;15
1;MAXIME;2003;55;9
1;MAXIME;2004;55;11
1;MAXIME;2005;55;18
1;MAXIME;2006;55;7
1;MAXIME;2007;55;6
1;MAXIME;2008;55;13
1;MAXIME;2009;55;5
1;MAXIME;2010;55;5
1;MAXIME;2011;55;10
1;MAXIME;2012;55;8
1;MAXIME;2013;55;3
1;MAXIME;2014;55;4
1;MAXIME;2015;55;4
1;MAXIMILIEN;2012;55;3
1;MAYLONE;2020;55;4
1;MAYRON;2017;55;3
1;MICKAEL;2000;55;5
1;MILAN;2014;55;4
1;MILO;2011;55;4
1;NAËL;2018;55;4
1;NAËL;2021;55;4
1;NASSIM;2007;55;3
1;NATHAEL;2010;55;4
1;NATHAN;2000;55;8
1;NATHAN;2001;55;7
1;NATHAN;2002;55;13
1;NATHAN;2003;55;6
1;NATHAN;2004;55;17
1;NATHAN;2005;55;13
1;NATHAN;2006;55;23
1;NATHAN;2007;55;17
1;NATHAN;2008;55;18
1;NATHAN;2009;55;20
1;NATHAN;2010;55;21
1;NATHAN;2011;55;19
1;NATHAN;2012;55;16
1;NATHAN;2013;55;11
1;NATHAN;2014;55;16
1;NATHAN;2015;55;10
1;NATHAN;2016;55;9
1;NATHAN;2017;55;12
1;NATHAN;2018;55;3
1;NATHAN;2019;55;9
1;NATHAN;2020;55;6
1;NATHAN;2021;55;6
1;NATHANAEL;2010;55;3
1;NATHÉO;2014;55;4
1;NICOLAS;2000;55;22
1;NICOLAS;2001;55;10
1;NICOLAS;2002;55;9
1;NICOLAS;2003;55;10
1;NICOLAS;2004;55;6
1;NICOLAS;2005;55;7
1;NICOLAS;2006;55;3
1;NICOLAS;2007;55;7
1;NICOLAS;2008;55;8
1;NICOLAS;2009;55;4
1;NICOLAS;2010;55;4
1;NICOLAS;2011;55;3
1;NICOLAS;2012;55;4
1;NINO;2007;55;3
1;NINO;2010;55;3
1;NINO;2012;55;3
1;NINO;2017;55;6
1;NINO;2018;55;6
1;NOA;2004;55;5
1;NOA;2005;55;13
1;NOA;2006;55;7
1;NOA;2007;55;8
1;NOA;2008;55;8
1;NOA;2009;55;7
1;NOA;2010;55;9
1;NOA;2011;55;5
1;NOA;2012;55;6
1;NOA;2013;55;5
1;NOA;2014;55;4
1;NOA;2015;55;4
1;NOA;2016;55;3
1;NOA;2017;55;5
1;NOA;2018;55;5
1;NOAH;2003;55;3
1;NOAH;2004;55;3
1;NOAH;2005;55;8
1;NOAH;2006;55;5
1;NOAH;2007;55;7
1;NOAH;2008;55;14
1;NOAH;2009;55;4
1;NOAH;2010;55;9
1;NOAH;2011;55;7
1;NOAH;2012;55;7
1;NOAH;2013;55;7
1;NOAH;2014;55;5
1;NOAH;2015;55;3
1;NOAH;2016;55;4
1;NOAH;2017;55;3
1;NOAH;2019;55;3
1;NOAH;2020;55;4
1;NOAH;2021;55;3
1;NOAM;2003;55;3
1;NOAM;2015;55;3
1;NOAM;2016;55;4
1;NOAM;2017;55;3
1;NOAM;2020;55;3
1;NOE;2004;55;4
1;NOE;2005;55;3
1;NOE;2006;55;10
1;NOE;2007;55;9
1;NOE;2008;55;7
1;NOE;2009;55;7
1;NOE;2010;55;4
1;NOE;2011;55;9
1;NOE;2012;55;9
1;NOE;2013;55;5
1;NOÉ;2012;55;5
1;NOÉ;2013;55;3
1;NOÉ;2014;55;6
1;NOÉ;2015;55;6
1;NOÉ;2016;55;9
1;NOÉ;2018;55;9
1;NOÉ;2019;55;4
1;NOÉ;2020;55;3
1;NOÉ;2021;55;7
1;NOHAM;2012;55;3
1;NOLAN;2004;55;3
1;NOLAN;2005;55;9
1;NOLAN;2006;55;8
1;NOLAN;2007;55;6
1;NOLAN;2008;55;4
1;NOLAN;2009;55;12
1;NOLAN;2010;55;11
1;NOLAN;2011;55;12
1;NOLAN;2012;55;10
1;NOLAN;2013;55;16
1;NOLAN;2014;55;14
1;NOLAN;2015;55;10
1;NOLAN;2016;55;6
1;NOLAN;2017;55;3
1;NOLAN;2018;55;4
1;NOLAN;2019;55;4
1;NOLANN;2009;55;3
1;NOLANN;2012;55;4
1;OSCAR;2007;55;3
1;OSCAR;2008;55;4
1;OSCAR;2010;55;3
1;OSCAR;2015;55;3
1;OWEN;2018;55;3
1;OWEN;2021;55;4
1;PAUL;2000;55;14
1;PAUL;2001;55;15
1;PAUL;2002;55;15
1;PAUL;2003;55;14
1;PAUL;2004;55;9
1;PAUL;2005;55;7
1;PAUL;2006;55;9
1;PAUL;2007;55;9
1;PAUL;2008;55;8
1;PAUL;2009;55;8
1;PAUL;2010;55;8
1;PAUL;2011;55;9
1;PAUL;2012;55;16
1;PAUL;2013;55;10
1;PAUL;2014;55;14
1;PAUL;2015;55;10
1;PAUL;2016;55;5
1;PAUL;2017;55;5
1;PAUL;2018;55;5
1;PAUL;2019;55;9
1;PAUL;2020;55;3
1;PIERRE;2000;55;14
1;PIERRE;2001;55;14
1;PIERRE;2002;55;9
1;PIERRE;2003;55;4
1;PIERRE;2004;55;10
1;PIERRE;2005;55;6
1;PIERRE;2006;55;7
1;PIERRE;2007;55;5
1;PIERRE;2008;55;4
1;PIERRE;2009;55;6
1;PIERRE;2011;55;3
1;PIERRE;2014;55;3
1;PIERRE;2018;55;4
1;POL;2000;55;4
1;QUENTIN;2000;55;14
1;QUENTIN;2001;55;20
1;QUENTIN;2002;55;15
1;QUENTIN;2003;55;11
1;QUENTIN;2004;55;15
1;QUENTIN;2005;55;6
1;QUENTIN;2006;55;8
1;QUENTIN;2007;55;5
1;QUENTIN;2008;55;9
1;QUENTIN;2010;55;6
1;QUENTIN;2011;55;3
1;QUENTIN;2012;55;4
1;RAFAEL;2010;55;3
1;RAPHAEL;2010;55;4
1;RAPHAEL;2011;55;3
1;RAPHAËL;2000;55;8
1;RAPHAËL;2004;55;3
1;RAPHAËL;2005;55;3
1;RAPHAËL;2007;55;4
1;RAPHAËL;2008;55;7
1;RAPHAËL;2009;55;4
1;RAPHAËL;2014;55;4
1;RAPHAËL;2015;55;7
1;RAPHAËL;2016;55;3
1;RAPHAËL;2017;55;6
1;RAPHAËL;2018;55;4
1;RAPHAËL;2021;55;6
1;RAYAN;2005;55;3
1;RAYAN;2009;55;4
1;RÉMI;2000;55;8
1;RÉMI;2001;55;6
1;RÉMI;2002;55;4
1;RÉMI;2003;55;5
1;RÉMI;2005;55;3
1;RÉMI;2006;55;4
1;RÉMI;2007;55;3
1;RÉMI;2010;55;3
1;ROBIN;2004;55;3
1;ROBIN;2005;55;4
1;ROBIN;2006;55;4
1;ROBIN;2010;55;6
1;ROBIN;2011;55;10
1;ROBIN;2012;55;8
1;ROBIN;2013;55;7
1;ROBIN;2014;55;8
1;ROBIN;2015;55;4
1;ROBIN;2016;55;6
1;ROBIN;2017;55;5
1;ROBIN;2018;55;3
1;ROBIN;2020;55;3
1;ROBIN;2021;55;5
1;ROMAIN;2000;55;16
1;ROMAIN;2001;55;8
1;ROMAIN;2002;55;11
1;ROMAIN;2003;55;8
1;ROMAIN;2004;55;7
1;ROMAIN;2005;55;12
1;ROMAIN;2006;55;7
1;ROMAIN;2007;55;5
1;ROMAIN;2008;55;3
1;ROMAIN;2010;55;4
1;ROMAIN;2017;55;4
1;ROMARIC;2005;55;3
1;RONAN;2007;55;3
1;RUBEN;2012;55;4
1;RUBEN;2013;55;3
1;RUBEN;2014;55;3
1;RYAN;2000;55;3
1;RYAN;2001;55;6
1;RYAN;2002;55;3
1;RYAN;2004;55;3
1;RYAN;2006;55;3
1;RYAN;2010;55;4
1;RYAN;2012;55;4
1;RYAN;2014;55;3
1;SACHA;2004;55;5
1;SACHA;2005;55;7
1;SACHA;2006;55;7
1;SACHA;2007;55;9
1;SACHA;2008;55;4
1;SACHA;2009;55;5
1;SACHA;2010;55;7
1;SACHA;2011;55;12
1;SACHA;2012;55;11
1;SACHA;2013;55;10
1;SACHA;2014;55;8
1;SACHA;2015;55;5
1;SACHA;2016;55;10
1;SACHA;2017;55;6
1;SACHA;2018;55;9
1;SACHA;2019;55;5
1;SACHA;2021;55;4
1;SAMUEL;2001;55;4
1;SAMUEL;2002;55;3
1;SAMUEL;2006;55;3
1;SAMUEL;2007;55;4
1;SAMUEL;2008;55;4
1;SAMUEL;2012;55;6
1;SAMUEL;2016;55;3
1;SAMUEL;2017;55;4
1;SAMUEL;2018;55;3
1;SAMUEL;2019;55;4
1;SASHA;2012;55;5
1;SASHA;2015;55;3
1;SASHA;2017;55;4
1;SELIM;2017;55;3
1;SIMON;2000;55;9
1;SIMON;2001;55;3
1;SIMON;2002;55;4
1;SIMON;2003;55;4
1;SIMON;2004;55;9
1;SIMON;2005;55;4
1;SIMON;2009;55;3
1;SIMON;2010;55;3
1;SIMON;2012;55;5
1;SIMON;2013;55;4
1;SIMON;2014;55;4
1;SIMON;2015;55;5
1;SOAN;2009;55;4
1;SOAN;2011;55;3
1;SOAN;2012;55;3
1;SOAN;2013;55;3
1;SOAN;2016;55;3
1;SOAN;2017;55;3
1;SOAN;2018;55;5
1;SOFIAN;2012;55;3
1;SOFIANE;2004;55;3
1;SOHAN;2011;55;3
1;SOHAN;2013;55;5
1;SOHAN;2017;55;4
1;STÉPHANE;2001;55;3
1;STEVEN;2000;55;3
1;STEVEN;2002;55;5
1;SULLIVAN;2000;55;3
1;SULLIVAN;2002;55;3
1;TANGUY;2000;55;6
1;TANGUY;2001;55;6
1;TANGUY;2002;55;4
1;TANGUY;2004;55;3
1;TANGUY;2005;55;4
1;TÉO;2009;55;3
1;THEO;2010;55;6
1;THEO;2011;55;9
1;THEO;2012;55;6
1;THEO;2013;55;5
1;THÉO;2000;55;27
1;THÉO;2001;55;26
1;THÉO;2002;55;33
1;THÉO;2003;55;27
1;THÉO;2004;55;30
1;THÉO;2005;55;25
1;THÉO;2006;55;14
1;THÉO;2007;55;11
1;THÉO;2008;55;13
1;THÉO;2009;55;11
1;THÉO;2010;55;5
1;THÉO;2012;55;5
1;THÉO;2013;55;5
1;THÉO;2014;55;9
1;THÉO;2015;55;6
1;THÉO;2016;55;10
1;THÉO;2017;55;9
1;THÉO;2018;55;3
1;THÉO;2019;55;5
1;THÉO;2020;55;4
1;THIAGO;2019;55;4
1;THIBAUD;2000;55;3
1;THIBAULT;2000;55;4
1;THIBAULT;2003;55;5
1;THIBAULT;2005;55;3
1;THIBAULT;2008;55;3
1;THIBAULT;2010;55;3
1;THIBAULT;2011;55;3
1;THIBAULT;2015;55;4
1;THIBAUT;2000;55;9
1;THIBAUT;2002;55;4
1;THIBAUT;2003;55;7
1;THIBAUT;2004;55;6
1;THIBAUT;2005;55;4
1;THIBAUT;2006;55;4
1;THIBAUT;2007;55;3
1;THOMAS;2000;55;23
1;THOMAS;2001;55;27
1;THOMAS;2002;55;19
1;THOMAS;2003;55;16
1;THOMAS;2004;55;12
1;THOMAS;2005;55;14
1;THOMAS;2006;55;12
1;THOMAS;2007;55;17
1;THOMAS;2008;55;11
1;THOMAS;2009;55;8
1;THOMAS;2010;55;5
1;THOMAS;2011;55;8
1;THOMAS;2013;55;5
1;THOMAS;2014;55;6
1;THOMAS;2016;55;4
1;THOMAS;2017;55;4
1;THOMAS;2018;55;3
1;THOMAS;2019;55;3
1;THYMÉO;2015;55;3
1;THYMÉO;2016;55;3
1;TIAGO;2015;55;5
1;TIAGO;2016;55;3
1;TIAGO;2017;55;5
1;TIAGO;2018;55;5
1;TIAGO;2019;55;9
1;TIAGO;2020;55;6
1;TIAGO;2021;55;7
1;TILIO;2014;55;3
1;TIM;2014;55;3
1;TIMEO;2006;55;3
1;TIMEO;2007;55;5
1;TIMEO;2008;55;10
1;TIMEO;2009;55;14
1;TIMEO;2010;55;19
1;TIMEO;2011;55;18
1;TIMEO;2012;55;3
1;TIMEO;2013;55;7
1;TIMÉO;2012;55;6
1;TIMÉO;2013;55;6
1;TIMÉO;2014;55;15
1;TIMÉO;2015;55;13
1;TIMÉO;2016;55;13
1;TIMÉO;2017;55;21
1;TIMÉO;2018;55;6
1;TIMÉO;2019;55;3
1;TIMÉO;2020;55;8
1;TIMÉO;2021;55;4
1;TIMOTHE;2010;55;4
1;TIMOTHE;2011;55;3
1;TIMOTHÉE;2014;55;3
1;TINO;2015;55;3
1;TITOUAN;2006;55;3
1;TITOUAN;2007;55;3
1;TITOUAN;2008;55;3
1;TITOUAN;2010;55;3
1;TOM;2000;55;10
1;TOM;2001;55;5
1;TOM;2002;55;10
1;TOM;2003;55;10
1;TOM;2004;55;16
1;TOM;2005;55;13
1;TOM;2006;55;8
1;TOM;2007;55;13
1;TOM;2008;55;12
1;TOM;2009;55;16
1;TOM;2010;55;18
1;TOM;2011;55;8
1;TOM;2012;55;13
1;TOM;2013;55;11
1;TOM;2014;55;6
1;TOM;2015;55;10
1;TOM;2016;55;13
1;TOM;2017;55;8
1;TOM;2018;55;8
1;TOM;2019;55;6
1;TOM;2020;55;3
1;TOM;2021;55;3
1;TONY;2005;55;3
1;TONY;2007;55;4
1;TONY;2015;55;3
1;TRISTAN;2000;55;3
1;TRISTAN;2001;55;9
1;TRISTAN;2002;55;5
1;TRISTAN;2003;55;5
1;TRISTAN;2004;55;3
1;TRISTAN;2006;55;4
1;TRISTAN;2007;55;3
1;TRISTAN;2009;55;3
1;TRISTAN;2010;55;3
1;TRISTAN;2011;55;4
1;TRISTAN;2012;55;4
1;TRISTAN;2015;55;3
1;TYMEO;2012;55;3
1;TYMÉO;2018;55;4
1;UGO;2009;55;3
1;VALENTIN;2000;55;18
1;VALENTIN;2001;55;16
1;VALENTIN;2002;55;9
1;VALENTIN;2003;55;8
1;VALENTIN;2004;55;7
1;VALENTIN;2005;55;10
1;VALENTIN;2006;55;3
1;VALENTIN;2007;55;12
1;VALENTIN;2008;55;5
1;VALENTIN;2009;55;8
1;VALENTIN;2010;55;3
1;VALENTIN;2011;55;8
1;VALENTIN;2012;55;5
1;VALENTIN;2013;55;6
1;VALENTIN;2015;55;6
1;VALENTIN;2016;55;6
1;VALENTIN;2017;55;4
1;VALENTIN;2018;55;6
1;VALENTIN;2019;55;4
1;VALENTIN;2020;55;7
1;VALENTIN;2021;55;4
1;VICTOR;2000;55;5
1;VICTOR;2001;55;5
1;VICTOR;2002;55;7
1;VICTOR;2003;55;5
1;VICTOR;2004;55;3
1;VICTOR;2005;55;4
1;VICTOR;2006;55;7
1;VICTOR;2007;55;5
1;VICTOR;2008;55;4
1;VICTOR;2009;55;3
1;VICTOR;2010;55;9
1;VICTOR;2011;55;3
1;VICTOR;2012;55;3
1;VICTOR;2013;55;3
1;VICTOR;2014;55;6
1;VICTOR;2016;55;6
1;VICTOR;2018;55;4
1;VICTORIEN;2000;55;3
1;VICTORIEN;2002;55;3
1;VINCENT;2000;55;4
1;VINCENT;2001;55;6
1;VINCENT;2002;55;4
1;VINCENT;2003;55;4
1;VINCENT;2005;55;5
1;WILLIAM;2001;55;4
1;WILLIAM;2004;55;3
1;WILLIAM;2013;55;3
1;WILLIAM;2020;55;4
1;YANIS;2001;55;3
1;YANIS;2002;55;5
1;YANIS;2003;55;6
1;YANIS;2004;55;3
1;YANIS;2005;55;3
1;YANIS;2006;55;8
1;YANIS;2007;55;10
1;YANIS;2008;55;6
1;YANIS;2009;55;7
1;YANIS;2010;55;9
1;YANIS;2011;55;8
1;YANIS;2012;55;5
1;YANIS;2013;55;9
1;YANIS;2014;55;3
1;YANIS;2015;55;3
1;YANIS;2016;55;5
1;YANIS;2018;55;5
1;YANN;2000;55;3
1;YANN;2001;55;4
1;YANN;2003;55;5
1;YANN;2005;55;3
1;YLAN;2012;55;3
1;YOHANN;2001;55;3
1;YOUNES;2002;55;3
1;ZACK;2012;55;3
2;_PRENOMS_RARES;2000;55;14
2;_PRENOMS_RARES;2001;55;14
2;_PRENOMS_RARES;2002;55;12
2;_PRENOMS_RARES;2003;55;18
2;_PRENOMS_RARES;2004;55;18
2;_PRENOMS_RARES;2005;55;21
2;_PRENOMS_RARES;2006;55;28
2;_PRENOMS_RARES;2007;55;23
2;_PRENOMS_RARES;2008;55;22
2;_PRENOMS_RARES;2009;55;26
2;_PRENOMS_RARES;2010;55;31
2;_PRENOMS_RARES;2011;55;33
2;_PRENOMS_RARES;2012;55;32
2;_PRENOMS_RARES;2013;55;32
2;_PRENOMS_RARES;2014;55;37
2;_PRENOMS_RARES;2015;55;31
2;_PRENOMS_RARES;2016;55;28
2;_PRENOMS_RARES;2017;55;35
2;_PRENOMS_RARES;2018;55;29
2;_PRENOMS_RARES;2019;55;19
2;_PRENOMS_RARES;2020;55;21
2;_PRENOMS_RARES;2021;55;27
2;ABIGAELLE;2011;55;3
2;ADELE;2013;55;3
2;ADÈLE;2003;55;5
2;ADÈLE;2015;55;3
2;ADÈLE;2017;55;4
2;ADÈLE;2018;55;4
2;ADÈLE;2020;55;4
2;ADÈLE;2021;55;3
2;ADELINE;2001;55;3
2;ADELINE;2004;55;3
2;AGATHE;2001;55;7
2;AGATHE;2002;55;4
2;AGATHE;2004;55;4
2;AGATHE;2008;55;4
2;AGATHE;2009;55;8
2;AGATHE;2011;55;3
2;AGATHE;2012;55;6
2;AGATHE;2014;55;6
2;AGATHE;2017;55;6
2;AGATHE;2018;55;4
2;AGATHE;2019;55;6
2;AGATHE;2020;55;7
2;AGATHE;2021;55;6
2;ALANA;2014;55;3
2;ALEXANDRA;2001;55;4
2;ALEXIA;2000;55;3
2;ALEXIA;2001;55;4
2;ALEXIA;2002;55;5
2;ALEXIA;2004;55;5
2;ALEXIA;2005;55;4
2;ALEXIA;2006;55;4
2;ALEXIA;2009;55;3
2;ALEXIA;2011;55;3
2;ALICE;2000;55;9
2;ALICE;2001;55;9
2;ALICE;2002;55;8
2;ALICE;2003;55;3
2;ALICE;2004;55;4
2;ALICE;2005;55;4
2;ALICE;2006;55;4
2;ALICE;2007;55;8
2;ALICE;2008;55;5
2;ALICE;2009;55;3
2;ALICE;2010;55;4
2;ALICE;2011;55;5
2;ALICE;2012;55;7
2;ALICE;2013;55;6
2;ALICE;2014;55;7
2;ALICE;2015;55;9
2;ALICE;2016;55;11
2;ALICE;2017;55;10
2;ALICE;2018;55;8
2;ALICE;2019;55;9
2;ALICE;2021;55;4
2;ALICIA;2000;55;5
2;ALICIA;2002;55;8
2;ALICIA;2003;55;7
2;ALICIA;2004;55;7
2;ALICIA;2005;55;3
2;ALICIA;2006;55;4
2;ALICIA;2007;55;3
2;ALICIA;2008;55;3
2;ALICIA;2009;55;3
2;ALICIA;2010;55;4
2;ALICIA;2011;55;5
2;ALICIA;2013;55;3
2;ALICIA;2015;55;4
2;ALICIA;2017;55;3
2;ALIÉNOR;2018;55;3
2;ALINE;2000;55;6
2;ALINE;2003;55;3
2;ALINE;2007;55;3
2;ALIX;2002;55;3
2;ALIX;2011;55;4
2;ALIX;2013;55;5
2;ALIX;2016;55;4
2;ALIX;2018;55;3
2;ALIZÉE;2000;55;3
2;ALIZÉE;2001;55;4
2;ALIZÉE;2005;55;4
2;ALYCIA;2011;55;3
2;ALYSON;2001;55;4
2;ALYSSA;2001;55;3
2;ALYSSA;2006;55;4
2;ALYSSA;2010;55;3
2;ALYSSA;2012;55;3
2;ALYSSA;2015;55;3
2;AMANDINE;2000;55;10
2;AMANDINE;2001;55;9
2;AMANDINE;2002;55;9
2;AMANDINE;2003;55;5
2;AMANDINE;2004;55;7
2;AMANDINE;2006;55;5
2;AMANDINE;2011;55;3
2;AMANDINE;2014;55;3
2;AMBRE;2002;55;5
2;AMBRE;2003;55;4
2;AMBRE;2004;55;8
2;AMBRE;2006;55;4
2;AMBRE;2007;55;7
2;AMBRE;2008;55;4
2;AMBRE;2009;55;8
2;AMBRE;2010;55;7
2;AMBRE;2011;55;6
2;AMBRE;2012;55;6
2;AMBRE;2013;55;4
2;AMBRE;2014;55;5
2;AMBRE;2015;55;4
2;AMBRE;2016;55;6
2;AMBRE;2017;55;3
2;AMBRE;2018;55;10
2;AMBRE;2019;55;13
2;AMBRE;2021;55;6
2;AMÉLIA;2015;55;3
2;AMÉLIA;2020;55;4
2;AMÉLIE;2000;55;9
2;AMÉLIE;2001;55;6
2;AMÉLIE;2002;55;6
2;AMÉLIE;2003;55;4
2;AMÉLIE;2005;55;4
2;AMÉLIE;2006;55;5
2;AMÉLIE;2008;55;3
2;ANAE;2009;55;5
2;ANAELLE;2000;55;3
2;ANAELLE;2001;55;4
2;ANAELLE;2003;55;3
2;ANAELLE;2004;55;3
2;ANAELLE;2008;55;6
2;ANAELLE;2010;55;6
2;ANAËLLE;2014;55;3
2;ANAËLLE;2015;55;4
2;ANAIS;2010;55;4
2;ANAIS;2012;55;4
2;ANAÏS;2000;55;5
2;ANAÏS;2001;55;4
2;ANAÏS;2002;55;7
2;ANAÏS;2003;55;7
2;ANAÏS;2004;55;12
2;ANAÏS;2005;55;8
2;ANAÏS;2006;55;9
2;ANAÏS;2007;55;8
2;ANAÏS;2008;55;9
2;ANAÏS;2012;55;5
2;ANAÏS;2016;55;4
2;ANDRÉA;2001;55;5
2;ANGELINA;2011;55;4
2;ANNA;2000;55;3
2;ANNA;2002;55;5
2;ANNA;2008;55;3
2;ANNA;2010;55;3
2;ANNA;2015;55;7
2;ANNA;2016;55;3
2;ANNA;2017;55;6
2;ANNA;2018;55;6
2;ANNA;2019;55;7
2;ANNA;2021;55;7
2;ANOUK;2003;55;3
2;APOLLINE;2001;55;3
2;APOLLINE;2010;55;3
2;APOLLINE;2015;55;3
2;APOLLINE;2021;55;3
2;ARIA;2018;55;3
2;AUDREY;2001;55;4
2;AUDREY;2005;55;3
2;AUDREY;2006;55;3
2;AUGUSTINE;2010;55;3
2;AUGUSTINE;2011;55;3
2;AUGUSTINE;2017;55;3
2;AURÉLIE;2000;55;3
2;AURÉLIE;2002;55;3
2;AURORE;2000;55;3
2;AURORE;2007;55;5
2;AURORE;2018;55;3
2;AXELLE;2000;55;5
2;AXELLE;2001;55;4
2;AXELLE;2004;55;4
2;CALIE;2013;55;3
2;CAMILLE;2000;55;20
2;CAMILLE;2001;55;23
2;CAMILLE;2002;55;18
2;CAMILLE;2003;55;19
2;CAMILLE;2004;55;12
2;CAMILLE;2005;55;8
2;CAMILLE;2006;55;8
2;CAMILLE;2007;55;16
2;CAMILLE;2008;55;7
2;CAMILLE;2009;55;10
2;CAMILLE;2010;55;11
2;CAMILLE;2011;55;7
2;CAMILLE;2012;55;8
2;CAMILLE;2013;55;12
2;CAMILLE;2014;55;11
2;CAMILLE;2015;55;12
2;CAMILLE;2016;55;4
2;CAMILLE;2017;55;5
2;CAMILLE;2018;55;3
2;CAMILLE;2019;55;3
2;CAMILLE;2020;55;3
2;CANDICE;2003;55;5
2;CANDICE;2004;55;3
2;CANDICE;2005;55;4
2;CANDICE;2007;55;3
2;CANDICE;2009;55;3
2;CANDICE;2010;55;3
2;CANDICE;2012;55;3
2;CAPUCINE;2006;55;3
2;CAPUCINE;2012;55;3
2;CAPUCINE;2013;55;3
2;CAPUCINE;2014;55;3
2;CAPUCINE;2015;55;4
2;CAPUCINE;2016;55;5
2;CAPUCINE;2017;55;3
2;CAPUCINE;2018;55;3
2;CAPUCINE;2019;55;3
2;CAPUCINE;2020;55;5
2;CARLA;2002;55;5
2;CARLA;2003;55;3
2;CARLA;2004;55;5
2;CARLA;2005;55;3
2;CARLA;2006;55;4
2;CARLA;2007;55;3
2;CARLA;2008;55;3
2;CAROLINE;2002;55;4
2;CAROLINE;2003;55;3
2;CASSANDRA;2001;55;4
2;CASSANDRA;2002;55;4
2;CASSANDRA;2003;55;3
2;CASSANDRA;2004;55;3
2;CASSANDRA;2007;55;5
2;CASSANDRA;2009;55;3
2;CASSY;2007;55;3
2;CÉCILE;2000;55;4
2;CÉCILE;2005;55;3
2;CÉCILE;2007;55;3
2;CELENA;2011;55;3
2;CÉLESTE;2021;55;4
2;CÉLESTINE;2015;55;3
2;CÉLESTINE;2017;55;3
2;CÉLIA;2000;55;7
2;CÉLIA;2001;55;7
2;CÉLIA;2002;55;6
2;CÉLIA;2003;55;4
2;CÉLIA;2004;55;4
2;CÉLIA;2005;55;3
2;CÉLIA;2006;55;8
2;CÉLIA;2007;55;8
2;CÉLIA;2008;55;3
2;CÉLIA;2009;55;4
2;CÉLIA;2010;55;3
2;CÉLIA;2014;55;4
2;CÉLIA;2016;55;4
2;CÉLINE;2000;55;3
2;CÉLINE;2001;55;3
2;CHARLIE;2016;55;3
2;CHARLINE;2001;55;3
2;CHARLINE;2002;55;6
2;CHARLINE;2004;55;3
2;CHARLINE;2012;55;3
2;CHARLINE;2014;55;3
2;CHARLOTTE;2000;55;9
2;CHARLOTTE;2001;55;7
2;CHARLOTTE;2002;55;4
2;CHARLOTTE;2003;55;5
2;CHARLOTTE;2004;55;5
2;CHARLOTTE;2005;55;3
2;CHARLOTTE;2006;55;5
2;CHARLOTTE;2007;55;3
2;CHARLOTTE;2008;55;7
2;CHARLOTTE;2009;55;14
2;CHARLOTTE;2010;55;4
2;CHARLOTTE;2012;55;5
2;CHARLOTTE;2013;55;6
2;CHARLOTTE;2014;55;6
2;CHARLOTTE;2015;55;5
2;CHARLOTTE;2016;55;4
2;CHARLOTTE;2018;55;4
2;CHARLOTTE;2020;55;4
2;CHIARA;2011;55;4
2;CHLOE;2010;55;7
2;CHLOE;2011;55;10
2;CHLOE;2013;55;3
2;CHLOÉ;2000;55;13
2;CHLOÉ;2001;55;16
2;CHLOÉ;2002;55;13
2;CHLOÉ;2003;55;9
2;CHLOÉ;2004;55;14
2;CHLOÉ;2005;55;9
2;CHLOÉ;2006;55;12
2;CHLOÉ;2007;55;17
2;CHLOÉ;2008;55;5
2;CHLOÉ;2009;55;10
2;CHLOÉ;2010;55;4
2;CHLOÉ;2012;55;7
2;CHLOÉ;2013;55;5
2;CHLOÉ;2014;55;8
2;CHLOÉ;2015;55;3
2;CHLOÉ;2016;55;8
2;CHLOÉ;2017;55;6
2;CHLOÉ;2018;55;5
2;CHLOÉ;2019;55;7
2;CHLOÉ;2020;55;5
2;CINDY;2002;55;3
2;CLAIRE;2000;55;8
2;CLAIRE;2001;55;4
2;CLAIRE;2002;55;4
2;CLAIRE;2004;55;4
2;CLAIRE;2006;55;3
2;CLAIRE;2007;55;3
2;CLARA;2000;55;11
2;CLARA;2001;55;17
2;CLARA;2002;55;15
2;CLARA;2003;55;10
2;CLARA;2004;55;22
2;CLARA;2005;55;7
2;CLARA;2006;55;20
2;CLARA;2007;55;15
2;CLARA;2008;55;15
2;CLARA;2009;55;12
2;CLARA;2010;55;7
2;CLARA;2011;55;6
2;CLARA;2012;55;8
2;CLARA;2014;55;4
2;CLARA;2015;55;6
2;CLARA;2017;55;3
2;CLARA;2019;55;3
2;CLARISSE;2002;55;5
2;CLARISSE;2004;55;3
2;CLARISSE;2011;55;4
2;CLÉA;2004;55;3
2;CLÉA;2019;55;3
2;CLEMENCE;2010;55;3
2;CLEMENCE;2011;55;5
2;CLÉMENCE;2000;55;5
2;CLÉMENCE;2001;55;3
2;CLÉMENCE;2002;55;3
2;CLÉMENCE;2003;55;3
2;CLÉMENCE;2004;55;7
2;CLÉMENCE;2005;55;5
2;CLÉMENCE;2006;55;3
2;CLÉMENCE;2007;55;3
2;CLÉMENCE;2008;55;6
2;CLÉMENCE;2009;55;6
2;CLÉMENCE;2015;55;3
2;CLÉMENCE;2016;55;3
2;CLÉMENCE;2017;55;5
2;CLÉMENCE;2018;55;4
2;CLÉMENTINE;2007;55;4
2;CLOE;2000;55;3
2;CLOE;2001;55;4
2;CLOE;2003;55;5
2;CLOE;2004;55;4
2;CLOE;2005;55;4
2;CLOE;2006;55;5
2;CLOE;2007;55;3
2;CLOE;2012;55;3
2;CLOÉ;2016;55;4
2;COLINE;2006;55;3
2;CONSTANCE;2009;55;3
2;CONSTANCE;2016;55;5
2;CONSTANCE;2017;55;3
2;CORALIE;2000;55;4
2;CORALIE;2001;55;6
2;CORALIE;2002;55;5
2;CORALIE;2003;55;6
2;CORALIE;2004;55;4
2;DIANE;2020;55;3
2;DORINE;2003;55;3
2;EDEN;2011;55;3
2;EDEN;2015;55;4
2;EDEN;2016;55;3
2;EDEN;2018;55;3
2;ELEA;2008;55;3
2;ELEA;2010;55;3
2;ELENA;2000;55;3
2;ELENA;2002;55;4
2;ELENA;2006;55;3
2;ELENA;2007;55;3
2;ELENA;2008;55;4
2;ELENA;2010;55;5
2;ELENA;2011;55;3
2;ELENA;2012;55;3
2;ELENA;2013;55;5
2;ELENA;2014;55;3
2;ELENA;2017;55;3
2;ELENA;2018;55;3
2;ELÉNA;2013;55;3
2;ELÉNA;2014;55;4
2;ELÉNA;2019;55;4
2;ELÉNA;2021;55;3
2;ELÉONORE;2018;55;3
2;ELINA;2005;55;3
2;ELINA;2009;55;3
2;ELINA;2015;55;4
2;ELINA;2016;55;3
2;ELINA;2019;55;3
2;ELINE;2014;55;3
2;ELINE;2017;55;3
2;ELISA;2000;55;5
2;ELISA;2001;55;4
2;ELISA;2003;55;5
2;ELISA;2004;55;3
2;ELISA;2006;55;4
2;ELISA;2007;55;5
2;ELISA;2010;55;3
2;ELISA;2011;55;3
2;ELISA;2019;55;3
2;ELISE;2000;55;7
2;ELISE;2001;55;6
2;ELISE;2003;55;4
2;ELISE;2004;55;4
2;ELISE;2006;55;3
2;ELISE;2008;55;5
2;ELISE;2015;55;3
2;ELISE;2016;55;3
2;ELISE;2017;55;4
2;ELISE;2018;55;5
2;ELISE;2021;55;3
2;ELLIE;2016;55;3
2;ELODIE;2000;55;6
2;ELODIE;2001;55;7
2;ELODIE;2002;55;8
2;ELODIE;2006;55;3
2;ELODIE;2007;55;3
2;ELOISE;2002;55;4
2;ELOISE;2005;55;3
2;ELOISE;2006;55;5
2;ELOISE;2008;55;3
2;ELOISE;2011;55;5
2;ELOISE;2012;55;3
2;ELOÏSE;2019;55;3
2;ELSA;2000;55;4
2;ELSA;2001;55;4
2;ELSA;2002;55;4
2;ELSA;2004;55;3
2;ELSA;2009;55;6
2;ELSA;2011;55;6
2;ELSA;2012;55;3
2;ELSA;2013;55;6
2;ELSA;2016;55;4
2;ELSA;2018;55;3
2;ELYA;2018;55;3
2;ELYNA;2010;55;3
2;ELYNA;2014;55;3
2;ELYNA;2016;55;3
2;ELYNA;2017;55;3
2;ELYNA;2021;55;3
2;ELYNE;2014;55;3
2;EMA;2015;55;3
2;EMELINE;2001;55;6
2;EMELINE;2004;55;3
2;EMELINE;2005;55;6
2;EMIE;2021;55;3
2;EMILIE;2000;55;10
2;EMILIE;2001;55;8
2;EMILIE;2002;55;6
2;EMILIE;2003;55;6
2;EMILIE;2004;55;6
2;EMILIE;2005;55;6
2;EMILIE;2006;55;5
2;EMILIE;2007;55;4
2;EMILIE;2008;55;3
2;EMILIE;2009;55;3
2;EMILIE;2014;55;5
2;EMMA;2000;55;17
2;EMMA;2001;55;17
2;EMMA;2002;55;16
2;EMMA;2003;55;15
2;EMMA;2004;55;16
2;EMMA;2005;55;21
2;EMMA;2006;55;11
2;EMMA;2007;55;27
2;EMMA;2008;55;27
2;EMMA;2009;55;11
2;EMMA;2010;55;15
2;EMMA;2011;55;14
2;EMMA;2012;55;20
2;EMMA;2013;55;12
2;EMMA;2014;55;12
2;EMMA;2015;55;7
2;EMMA;2016;55;12
2;EMMA;2017;55;16
2;EMMA;2018;55;8
2;EMMA;2019;55;3
2;EMMA;2020;55;3
2;EMMA;2021;55;3
2;EMMY;2006;55;3
2;EMMY;2011;55;7
2;EMMY;2014;55;4
2;EMMY;2016;55;3
2;EMMY;2017;55;3
2;EMY;2008;55;3
2;EMY;2010;55;4
2;EMY;2011;55;5
2;EMY;2012;55;5
2;EMY;2013;55;5
2;EMY;2014;55;9
2;EMY;2015;55;4
2;EMY;2016;55;4
2;EMY;2017;55;3
2;EMY;2018;55;4
2;EMY;2019;55;5
2;EMY;2021;55;3
2;ENORA;2013;55;5
2;ERIKA;2009;55;3
2;ERINE;2004;55;3
2;ERINE;2008;55;3
2;ESTELLE;2000;55;3
2;ESTELLE;2005;55;3
2;ESTHER;2005;55;3
2;EVA;2000;55;3
2;EVA;2001;55;9
2;EVA;2002;55;12
2;EVA;2003;55;7
2;EVA;2004;55;12
2;EVA;2005;55;8
2;EVA;2006;55;5
2;EVA;2007;55;8
2;EVA;2008;55;6
2;EVA;2009;55;12
2;EVA;2010;55;9
2;EVA;2011;55;6
2;EVA;2012;55;12
2;EVA;2013;55;10
2;EVA;2014;55;7
2;EVA;2015;55;10
2;EVA;2016;55;5
2;EVA;2017;55;5
2;EVA;2019;55;3
2;EVA;2021;55;3
2;EVE;2011;55;4
2;FANNY;2000;55;6
2;FANNY;2001;55;3
2;FANNY;2003;55;3
2;FANNY;2006;55;6
2;FANNY;2007;55;4
2;FAUSTINE;2007;55;6
2;FAUSTINE;2008;55;4
2;FAUSTINE;2009;55;4
2;FAUSTINE;2012;55;5
2;FAUSTINE;2013;55;4
2;FAUSTINE;2015;55;3
2;FAUSTINE;2016;55;4
2;FIONA;2004;55;4
2;FLAVIE;2002;55;11
2;FLAVIE;2003;55;3
2;FLAVIE;2004;55;4
2;FLAVIE;2005;55;4
2;FLORA;2000;55;3
2;FLORA;2008;55;4
2;FLORA;2012;55;3
2;FLORINE;2000;55;6
2;FLORINE;2001;55;3
2;GABRIELLE;2005;55;4
2;GABRIELLE;2007;55;3
2;GABRIELLE;2008;55;5
2;GABRIELLE;2020;55;3
2;GAELLE;2001;55;3
2;GAELLE;2002;55;3
2;GIULIA;2018;55;4
2;GWENAELLE;2001;55;3
2;GWENDOLINE;2004;55;4
2;HÉLÈNE;2001;55;4
2;HÉLOÏSE;2016;55;3
2;HORTENSE;2009;55;4
2;HORTENSE;2015;55;3
2;ILANA;2014;55;3
2;ILONA;2000;55;3
2;ILONA;2002;55;3
2;ILONA;2003;55;3
2;ILONA;2005;55;5
2;ILONA;2013;55;3
2;ILONA;2021;55;3
2;INAYA;2009;55;3
2;INAYA;2010;55;3
2;INAYA;2012;55;3
2;INAYA;2013;55;3
2;INAYA;2015;55;3
2;INAYA;2018;55;4
2;INAYA;2021;55;3
2;INES;2010;55;3
2;INES;2011;55;10
2;INES;2012;55;4
2;INES;2013;55;7
2;INÈS;2000;55;4
2;INÈS;2001;55;6
2;INÈS;2002;55;5
2;INÈS;2003;55;5
2;INÈS;2004;55;9
2;INÈS;2005;55;10
2;INÈS;2006;55;7
2;INÈS;2007;55;7
2;INÈS;2008;55;5
2;INÈS;2009;55;6
2;INÈS;2010;55;4
2;INÈS;2014;55;7
2;INÈS;2015;55;9
2;INÈS;2016;55;5
2;INÈS;2017;55;7
2;INÈS;2018;55;10
2;INÈS;2020;55;4
2;IRIS;2019;55;5
2;IRIS;2020;55;3
2;IRIS;2021;55;4
2;JADE;2000;55;7
2;JADE;2001;55;6
2;JADE;2002;55;5
2;JADE;2003;55;9
2;JADE;2004;55;6
2;JADE;2005;55;7
2;JADE;2006;55;9
2;JADE;2007;55;9
2;JADE;2008;55;10
2;JADE;2009;55;8
2;JADE;2010;55;9
2;JADE;2011;55;6
2;JADE;2012;55;9
2;JADE;2013;55;10
2;JADE;2014;55;9
2;JADE;2015;55;7
2;JADE;2016;55;5
2;JADE;2017;55;14
2;JADE;2018;55;9
2;JADE;2019;55;7
2;JADE;2020;55;3
2;JADE;2021;55;6
2;JEANNE;2000;55;4
2;JEANNE;2001;55;5
2;JEANNE;2002;55;5
2;JEANNE;2003;55;4
2;JEANNE;2006;55;5
2;JEANNE;2007;55;7
2;JEANNE;2008;55;4
2;JEANNE;2009;55;5
2;JEANNE;2010;55;5
2;JEANNE;2011;55;3
2;JEANNE;2012;55;7
2;JEANNE;2013;55;8
2;JEANNE;2014;55;6
2;JEANNE;2015;55;5
2;JEANNE;2016;55;3
2;JEANNE;2017;55;7
2;JEANNE;2018;55;4
2;JEANNE;2020;55;4
2;JEANNE;2021;55;5
2;JENNY;2001;55;3
2;JULIA;2000;55;3
2;JULIA;2002;55;3
2;JULIA;2006;55;4
2;JULIA;2007;55;3
2;JULIA;2008;55;6
2;JULIA;2009;55;3
2;JULIA;2010;55;3
2;JULIA;2011;55;7
2;JULIA;2012;55;7
2;JULIA;2014;55;4
2;JULIA;2015;55;8
2;JULIA;2016;55;5
2;JULIA;2017;55;8
2;JULIA;2018;55;7
2;JULIA;2019;55;5
2;JULIA;2021;55;4
2;JULIE;2000;55;10
2;JULIE;2001;55;10
2;JULIE;2002;55;12
2;JULIE;2003;55;10
2;JULIE;2004;55;12
2;JULIE;2005;55;10
2;JULIE;2006;55;9
2;JULIE;2007;55;7
2;JULIE;2008;55;4
2;JULIE;2009;55;6
2;JULIE;2010;55;5
2;JULIE;2011;55;4
2;JULIE;2013;55;3
2;JULIETTE;2000;55;11
2;JULIETTE;2001;55;6
2;JULIETTE;2002;55;6
2;JULIETTE;2003;55;7
2;JULIETTE;2004;55;3
2;JULIETTE;2005;55;6
2;JULIETTE;2006;55;3
2;JULIETTE;2007;55;6
2;JULIETTE;2009;55;3
2;JULIETTE;2010;55;9
2;JULIETTE;2011;55;7
2;JULIETTE;2012;55;4
2;JULIETTE;2013;55;4
2;JULIETTE;2015;55;6
2;JULIETTE;2016;55;5
2;JULIETTE;2018;55;4
2;JULIETTE;2019;55;4
2;JULIETTE;2021;55;3
2;JULINE;2007;55;4
2;JUSTINE;2000;55;15
2;JUSTINE;2001;55;9
2;JUSTINE;2002;55;6
2;JUSTINE;2003;55;13
2;JUSTINE;2004;55;7
2;JUSTINE;2005;55;6
2;JUSTINE;2006;55;4
2;JUSTINE;2007;55;4
2;JUSTINE;2008;55;5
2;JUSTINE;2009;55;4
2;JUSTINE;2010;55;5
2;JUSTINE;2011;55;5
2;JUSTINE;2015;55;5
2;KELIA;2011;55;3
2;KELLY;2000;55;3
2;KELLY;2001;55;5
2;KELLY;2002;55;4
2;KELLY;2003;55;3
2;KENZA;2009;55;4
2;KENZA;2018;55;3
2;LALIE;2006;55;3
2;LALY;2008;55;3
2;LALY;2009;55;4
2;LALY;2010;55;3
2;LALY;2016;55;3
2;LANA;2005;55;4
2;LANA;2006;55;8
2;LANA;2007;55;6
2;LANA;2008;55;10
2;LANA;2009;55;5
2;LANA;2011;55;4
2;LANA;2012;55;6
2;LANA;2013;55;4
2;LANA;2014;55;4
2;LANA;2015;55;5
2;LANA;2016;55;5
2;LANA;2019;55;4
2;LANA;2021;55;3
2;LAURA;2000;55;11
2;LAURA;2001;55;6
2;LAURA;2002;55;7
2;LAURA;2003;55;9
2;LAURA;2004;55;6
2;LAURA;2005;55;7
2;LAURA;2006;55;9
2;LAURA;2007;55;4
2;LAURA;2008;55;3
2;LAURA;2009;55;6
2;LAURA;2010;55;3
2;LAURA;2011;55;6
2;LAURA;2012;55;5
2;LAURA;2014;55;4
2;LAURA;2017;55;3
2;LAURE;2000;55;5
2;LAURE;2001;55;3
2;LAURINE;2000;55;11
2;LAURINE;2001;55;6
2;LAURINE;2002;55;8
2;LAURINE;2003;55;7
2;LAURINE;2004;55;4
2;LAURINE;2007;55;4
2;LAURINE;2009;55;3
2;LAURYNE;2002;55;4
2;LAURYNE;2004;55;3
2;LEA;2010;55;13
2;LEA;2011;55;12
2;LEA;2012;55;11
2;LEA;2013;55;10
2;LÉA;2000;55;40
2;LÉA;2001;55;33
2;LÉA;2002;55;31
2;LÉA;2003;55;25
2;LÉA;2004;55;34
2;LÉA;2005;55;19
2;LÉA;2006;55;24
2;LÉA;2007;55;14
2;LÉA;2008;55;19
2;LÉA;2009;55;15
2;LÉA;2010;55;5
2;LÉA;2012;55;6
2;LÉA;2013;55;6
2;LÉA;2014;55;14
2;LÉA;2015;55;5
2;LÉA;2016;55;8
2;LÉA;2017;55;9
2;LÉA;2020;55;5
2;LEANA;2010;55;5
2;LEANA;2011;55;9
2;LÉANA;2001;55;3
2;LÉANA;2002;55;3
2;LÉANA;2014;55;4
2;LÉANA;2015;55;5
2;LÉANA;2017;55;5
2;LEANE;2011;55;4
2;LEANE;2012;55;3
2;LÉANE;2001;55;3
2;LÉANE;2005;55;4
2;LÉANE;2006;55;5
2;LÉANE;2007;55;11
2;LÉANE;2008;55;9
2;LÉANE;2009;55;3
2;LÉANE;2016;55;4
2;LÉANE;2017;55;4
2;LEANNE;2007;55;3
2;LENA;2010;55;12
2;LENA;2011;55;9
2;LENA;2012;55;5
2;LENA;2013;55;6
2;LENA;2016;55;3
2;LÉNA;2000;55;6
2;LÉNA;2001;55;4
2;LÉNA;2003;55;4
2;LÉNA;2004;55;7
2;LÉNA;2005;55;5
2;LÉNA;2006;55;9
2;LÉNA;2007;55;11
2;LÉNA;2008;55;9
2;LÉNA;2009;55;6
2;LÉNA;2012;55;7
2;LÉNA;2013;55;7
2;LÉNA;2014;55;12
2;LÉNA;2015;55;7
2;LÉNA;2016;55;4
2;LÉNA;2017;55;6
2;LÉNA;2018;55;9
2;LÉNA;2021;55;4
2;LEONIE;2011;55;3
2;LÉONIE;2000;55;3
2;LÉONIE;2001;55;5
2;LÉONIE;2002;55;5
2;LÉONIE;2003;55;4
2;LÉONIE;2004;55;10
2;LÉONIE;2005;55;4
2;LÉONIE;2006;55;3
2;LÉONIE;2008;55;5
2;LÉONIE;2009;55;5
2;LÉONIE;2015;55;7
2;LÉONIE;2016;55;9
2;LÉONIE;2017;55;4
2;LÉONIE;2018;55;5
2;LÉONIE;2019;55;5
2;LÉONIE;2021;55;5
2;LESLIE;2005;55;3
2;LEYNA;2013;55;4
2;LEYNA;2016;55;4
2;LIA;2018;55;3
2;LILI;2006;55;3
2;LILI;2007;55;3
2;LILI;2009;55;4
2;LILI-ROSE;2010;55;3
2;LILLY;2011;55;3
2;LILOU;2003;55;8
2;LILOU;2004;55;8
2;LILOU;2005;55;8
2;LILOU;2006;55;16
2;LILOU;2007;55;13
2;LILOU;2008;55;11
2;LILOU;2009;55;11
2;LILOU;2010;55;13
2;LILOU;2011;55;12
2;LILOU;2012;55;9
2;LILOU;2013;55;6
2;LILOU;2014;55;8
2;LILOU;2015;55;3
2;LILOU;2016;55;8
2;LILOU;2017;55;7
2;LILOU;2018;55;6
2;LILOU;2021;55;4
2;LILY;2006;55;7
2;LILY;2007;55;6
2;LILY;2008;55;3
2;LILY;2012;55;4
2;LILY;2013;55;3
2;LILY;2014;55;3
2;LILY;2015;55;3
2;LILY-ROSE;2016;55;3
2;LINA;2010;55;3
2;LINA;2011;55;8
2;LINA;2012;55;8
2;LINA;2016;55;3
2;LINA;2017;55;4
2;LINA;2018;55;4
2;LINA;2020;55;6
2;LINA;2021;55;4
2;LINDSAY;2009;55;4
2;LISA;2000;55;10
2;LISA;2001;55;7
2;LISA;2002;55;6
2;LISA;2003;55;10
2;LISA;2004;55;6
2;LISA;2005;55;5
2;LISA;2006;55;6
2;LISA;2007;55;6
2;LISA;2009;55;9
2;LISA;2010;55;6
2;LISA;2011;55;9
2;LISA;2012;55;5
2;LISA;2013;55;5
2;LISA;2017;55;3
2;LISE;2001;55;4
2;LISE;2002;55;3
2;LISE;2004;55;4
2;LISE;2006;55;3
2;LISE;2016;55;3
2;LISE;2018;55;3
2;LISON;2009;55;3
2;LISON;2013;55;5
2;LISON;2018;55;3
2;LIVIA;2014;55;3
2;LOANE;2004;55;3
2;LOANE;2006;55;5
2;LOANE;2011;55;3
2;LOANNE;2007;55;5
2;LOLA;2000;55;3
2;LOLA;2001;55;3
2;LOLA;2002;55;7
2;LOLA;2003;55;6
2;LOLA;2004;55;8
2;LOLA;2005;55;10
2;LOLA;2006;55;11
2;LOLA;2007;55;9
2;LOLA;2008;55;11
2;LOLA;2009;55;19
2;LOLA;2010;55;13
2;LOLA;2011;55;19
2;LOLA;2012;55;21
2;LOLA;2013;55;10
2;LOLA;2014;55;13
2;LOLA;2015;55;7
2;LOLA;2016;55;12
2;LOLA;2017;55;5
2;LOLA;2018;55;9
2;LOLA;2019;55;3
2;LOLA;2020;55;3
2;LORIE;2003;55;3
2;LOU;2001;55;3
2;LOU;2003;55;3
2;LOU;2004;55;4
2;LOU;2005;55;3
2;LOU;2006;55;10
2;LOU;2007;55;5
2;LOU;2009;55;6
2;LOU;2011;55;5
2;LOU;2012;55;3
2;LOU;2013;55;3
2;LOU;2014;55;3
2;LOU;2017;55;9
2;LOU;2021;55;3
2;LOU-ANN;2007;55;5
2;LOU-ANNE;2001;55;3
2;LOU-ANNE;2004;55;4
2;LOU-ANNE;2005;55;4
2;LOU-ANNE;2008;55;3
2;LOU-ANNE;2009;55;3
2;LOUANE;2005;55;4
2;LOUANE;2006;55;5
2;LOUANE;2007;55;3
2;LOUANE;2008;55;6
2;LOUANE;2009;55;12
2;LOUANE;2010;55;5
2;LOUANE;2012;55;4
2;LOUANE;2013;55;6
2;LOUANE;2014;55;3
2;LOUANE;2015;55;9
2;LOUANE;2017;55;5
2;LOUANE;2018;55;4
2;LOUANE;2021;55;3
2;LOUISE;2000;55;4
2;LOUISE;2001;55;5
2;LOUISE;2003;55;5
2;LOUISE;2004;55;4
2;LOUISE;2005;55;5
2;LOUISE;2006;55;3
2;LOUISE;2007;55;9
2;LOUISE;2008;55;10
2;LOUISE;2009;55;8
2;LOUISE;2010;55;8
2;LOUISE;2011;55;6
2;LOUISE;2012;55;9
2;LOUISE;2013;55;10
2;LOUISE;2014;55;7
2;LOUISE;2015;55;10
2;LOUISE;2016;55;11
2;LOUISE;2017;55;7
2;LOUISE;2018;55;11
2;LOUISE;2019;55;5
2;LOUISE;2020;55;8
2;LOUISE;2021;55;10
2;LOUNA;2000;55;4
2;LOUNA;2006;55;3
2;LOUNA;2007;55;7
2;LOUNA;2008;55;7
2;LOUNA;2009;55;8
2;LOUNA;2010;55;6
2;LOUNA;2011;55;5
2;LOUNA;2012;55;7
2;LOUNA;2013;55;9
2;LOUNA;2014;55;8
2;LOUNA;2015;55;11
2;LOUNA;2016;55;7
2;LOUNA;2017;55;5
2;LOUNA;2018;55;4
2;LOUNA;2019;55;4
2;LOUNA;2020;55;3
2;LOUNA;2021;55;3
2;LUCIE;2000;55;9
2;LUCIE;2001;55;15
2;LUCIE;2002;55;17
2;LUCIE;2003;55;10
2;LUCIE;2004;55;9
2;LUCIE;2005;55;12
2;LUCIE;2006;55;21
2;LUCIE;2007;55;9
2;LUCIE;2008;55;8
2;LUCIE;2009;55;9
2;LUCIE;2010;55;7
2;LUCIE;2011;55;8
2;LUCIE;2012;55;4
2;LUCIE;2013;55;10
2;LUCIE;2014;55;11
2;LUCIE;2015;55;10
2;LUCIE;2016;55;10
2;LUCIE;2017;55;4
2;LUCIE;2018;55;7
2;LUCIE;2019;55;5
2;LUCIE;2020;55;3
2;LUCIE;2021;55;5
2;LUCILE;2003;55;3
2;LUCILE;2004;55;3
2;LUCILE;2009;55;5
2;LUCILE;2018;55;3
2;LUCILE;2021;55;3
2;LUCY;2015;55;3
2;LUDIVINE;2000;55;4
2;LUDIVINE;2003;55;3
2;LUNA;2008;55;3
2;LUNA;2009;55;4
2;LUNA;2011;55;5
2;LUNA;2013;55;5
2;LUNA;2015;55;6
2;LUNA;2017;55;4
2;LUNA;2018;55;5
2;LUNA;2019;55;5
2;LUNA;2020;55;3
2;LUNA;2021;55;6
2;LYA;2014;55;3
2;LYA;2017;55;4
2;LYA;2020;55;3
2;LYAH;2020;55;3
2;LYANA;2018;55;7
2;LYANA;2021;55;3
2;LYLOO;2012;55;3
2;LYLOU;2008;55;4
2;LYLOU;2010;55;3
2;LYLOU;2011;55;3
2;LYLOU;2013;55;3
2;LYLOU;2014;55;5
2;LYLOU;2016;55;5
2;LYLOU;2018;55;3
2;LYNA;2012;55;4
2;LYNA;2016;55;4
2;LYNA;2018;55;3
2;LYSIE;2012;55;3
2;MADISON;2006;55;3
2;MADISON;2007;55;3
2;MAELINE;2006;55;3
2;MAELINE;2012;55;3
2;MAELIS;2003;55;3
2;MAELLE;2000;55;4
2;MAELLE;2003;55;4
2;MAELLE;2004;55;5
2;MAELLE;2005;55;8
2;MAELLE;2007;55;4
2;MAELLE;2008;55;5
2;MAELLE;2010;55;3
2;MAELLE;2012;55;3
2;MAELLE;2013;55;4
2;MAËLLE;2014;55;3
2;MAELY;2012;55;3
2;MAËLY;2013;55;3
2;MAËLY;2015;55;3
2;MAËLYA;2016;55;3
2;MAËLYNE;2018;55;3
2;MAELYS;2005;55;4
2;MAELYS;2006;55;4
2;MAELYS;2007;55;8
2;MAELYS;2008;55;4
2;MAELYS;2009;55;10
2;MAELYS;2010;55;10
2;MAELYS;2011;55;11
2;MAELYS;2013;55;5
2;MAËLYS;2012;55;3
2;MAËLYS;2014;55;5
2;MAËLYS;2015;55;7
2;MAËLYS;2016;55;3
2;MAEVA;2000;55;6
2;MAEVA;2001;55;5
2;MAEVA;2002;55;5
2;MAEVA;2003;55;6
2;MAEVA;2004;55;6
2;MAEVA;2005;55;5
2;MAEVA;2006;55;7
2;MAEVA;2009;55;5
2;MAEVA;2010;55;4
2;MAËVA;2014;55;3
2;MAËVA;2015;55;3
2;MANON;2000;55;28
2;MANON;2001;55;29
2;MANON;2002;55;23
2;MANON;2003;55;29
2;MANON;2004;55;19
2;MANON;2005;55;18
2;MANON;2006;55;18
2;MANON;2007;55;12
2;MANON;2008;55;14
2;MANON;2009;55;7
2;MANON;2010;55;13
2;MANON;2011;55;9
2;MANON;2012;55;6
2;MANON;2013;55;12
2;MANON;2014;55;7
2;MANON;2015;55;7
2;MANON;2016;55;5
2;MANON;2017;55;7
2;MANON;2020;55;3
2;MARGAUX;2000;55;9
2;MARGAUX;2001;55;3
2;MARGAUX;2002;55;6
2;MARGAUX;2003;55;7
2;MARGAUX;2005;55;4
2;MARGAUX;2007;55;8
2;MARGAUX;2008;55;6
2;MARGAUX;2011;55;3
2;MARGAUX;2012;55;3
2;MARGAUX;2014;55;7
2;MARGAUX;2015;55;7
2;MARGAUX;2016;55;5
2;MARGAUX;2017;55;4
2;MARGAUX;2019;55;4
2;MARGOT;2000;55;5
2;MARGOT;2001;55;7
2;MARGOT;2002;55;4
2;MARGOT;2003;55;9
2;MARGOT;2004;55;7
2;MARGOT;2005;55;3
2;MARGOT;2006;55;4
2;MARGOT;2008;55;5
2;MARGOT;2010;55;5
2;MARGOT;2011;55;6
2;MARGOT;2012;55;3
2;MARGOT;2013;55;3
2;MARGOT;2014;55;3
2;MARGOT;2016;55;4
2;MARGOT;2019;55;3
2;MARGOT;2020;55;3
2;MARIE;2000;55;12
2;MARIE;2001;55;12
2;MARIE;2002;55;14
2;MARIE;2003;55;10
2;MARIE;2004;55;9
2;MARIE;2005;55;9
2;MARIE;2006;55;12
2;MARIE;2007;55;4
2;MARIE;2008;55;10
2;MARIE;2009;55;3
2;MARIE;2011;55;7
2;MARIE;2013;55;7
2;MARIE;2014;55;3
2;MARIE;2016;55;3
2;MARIE;2021;55;4
2;MARINA;2000;55;4
2;MARINA;2002;55;3
2;MARINA;2008;55;3
2;MARINE;2000;55;8
2;MARINE;2001;55;6
2;MARINE;2002;55;5
2;MARINE;2003;55;4
2;MARINE;2004;55;5
2;MARINE;2005;55;6
2;MARINE;2006;55;10
2;MARINE;2008;55;4
2;MARION;2000;55;5
2;MARION;2001;55;5
2;MARION;2002;55;3
2;MARION;2004;55;3
2;MARION;2005;55;10
2;MARION;2009;55;4
2;MARION;2010;55;5
2;MARION;2011;55;8
2;MATHILDE;2000;55;13
2;MATHILDE;2001;55;14
2;MATHILDE;2002;55;13
2;MATHILDE;2003;55;6
2;MATHILDE;2004;55;9
2;MATHILDE;2006;55;6
2;MATHILDE;2007;55;6
2;MATHILDE;2008;55;7
2;MATHILDE;2009;55;4
2;MATHILDE;2010;55;3
2;MATHILDE;2011;55;7
2;MATHILDE;2012;55;5
2;MATHILDE;2013;55;3
2;MATHILDE;2015;55;4
2;MATHILDE;2016;55;4
2;MATHILDE;2017;55;4
2;MAUDE;2000;55;3
2;MAYA;2008;55;3
2;MÉLANIE;2000;55;4
2;MÉLANIE;2001;55;5
2;MÉLANIE;2003;55;4
2;MÉLINA;2006;55;3
2;MÉLINA;2007;55;5
2;MÉLINA;2014;55;4
2;MELINDA;2008;55;3
2;MÉLINDA;2015;55;3
2;MELINE;2005;55;3
2;MELINE;2008;55;4
2;MÉLINE;2016;55;4
2;MÉLISSA;2000;55;7
2;MÉLISSA;2002;55;7
2;MÉLISSA;2003;55;3
2;MÉLISSA;2008;55;3
2;MIA;2012;55;3
2;MIA;2014;55;3
2;MIA;2015;55;6
2;MIA;2016;55;5
2;MIA;2017;55;6
2;MIA;2018;55;5
2;MIA;2019;55;4
2;MIA;2020;55;3
2;MIA;2021;55;3
2;MILA;2015;55;4
2;MILA;2016;55;8
2;MILA;2017;55;4
2;MILA;2018;55;6
2;MILA;2019;55;5
2;MORGANE;2000;55;13
2;MORGANE;2001;55;7
2;MORGANE;2002;55;6
2;MORGANE;2003;55;6
2;MORGANE;2004;55;9
2;MORGANE;2005;55;11
2;MORGANE;2007;55;3
2;MYA;2012;55;3
2;MYA;2013;55;3
2;MYA;2014;55;3
2;MYA;2015;55;6
2;MYA;2016;55;4
2;MYA;2017;55;5
2;MYA;2018;55;5
2;MYA;2019;55;6
2;MYLA;2017;55;3
2;NAOMIE;2012;55;3
2;NINA;2000;55;3
2;NINA;2001;55;4
2;NINA;2005;55;3
2;NINA;2006;55;3
2;NINA;2007;55;3
2;NINA;2008;55;3
2;NINA;2010;55;4
2;NINA;2012;55;6
2;NINA;2013;55;4
2;NINA;2014;55;5
2;NINA;2015;55;8
2;NINA;2016;55;3
2;NINA;2017;55;3
2;NINA;2018;55;4
2;NINA;2020;55;3
2;NINON;2008;55;4
2;NINON;2010;55;4
2;NINON;2012;55;3
2;NINON;2014;55;4
2;NINON;2018;55;4
2;NOELIE;2007;55;3
2;NOELINE;2010;55;4
2;NOÉLINE;2014;55;3
2;NOEMIE;2000;55;10
2;NOEMIE;2001;55;6
2;NOEMIE;2002;55;7
2;NOEMIE;2003;55;8
2;NOEMIE;2004;55;5
2;NOEMIE;2005;55;9
2;NOEMIE;2006;55;9
2;NOEMIE;2008;55;8
2;NOEMIE;2009;55;4
2;NOEMIE;2011;55;3
2;NOÉMIE;2013;55;3
2;NOÉMIE;2014;55;5
2;NOÉMIE;2015;55;5
2;NOLWENN;2001;55;3
2;NOLWENN;2002;55;3
2;OCEANE;2011;55;3
2;OCEANE;2013;55;3
2;OCÉANE;2000;55;24
2;OCÉANE;2001;55;8
2;OCÉANE;2002;55;13
2;OCÉANE;2003;55;11
2;OCÉANE;2004;55;9
2;OCÉANE;2005;55;11
2;OCÉANE;2006;55;10
2;OCÉANE;2007;55;7
2;OCÉANE;2008;55;6
2;OCÉANE;2009;55;5
2;OCÉANE;2010;55;3
2;OCÉANE;2013;55;4
2;OCÉANE;2014;55;5
2;OCÉANE;2015;55;5
2;OCÉANE;2017;55;6
2;OLIVIA;2004;55;6
2;OLIVIA;2008;55;3
2;OLIVIA;2012;55;4
2;OLIVIA;2013;55;5
2;OLIVIA;2014;55;3
2;OLIVIA;2015;55;3
2;OLIVIA;2018;55;5
2;OLIVIA;2020;55;5
2;OPHELIE;2011;55;3
2;OPHÉLIE;2000;55;5
2;OPHÉLIE;2001;55;6
2;OPHÉLIE;2002;55;5
2;OPHÉLIE;2005;55;4
2;OPHÉLIE;2006;55;3
2;ORLANE;2003;55;3
2;ORLANE;2004;55;3
2;ORLANE;2005;55;3
2;PAULINE;2000;55;13
2;PAULINE;2001;55;10
2;PAULINE;2002;55;9
2;PAULINE;2003;55;3
2;PAULINE;2004;55;7
2;PAULINE;2005;55;8
2;PAULINE;2006;55;6
2;PAULINE;2007;55;7
2;PAULINE;2008;55;8
2;PAULINE;2009;55;4
2;PAULINE;2010;55;3
2;PAULINE;2011;55;4
2;PAULINE;2012;55;3
2;PAULINE;2013;55;3
2;PAULINE;2014;55;3
2;PAULINE;2015;55;3
2;PERRINE;2001;55;4
2;PERRINE;2003;55;3
2;PERRINE;2004;55;4
2;PERRINE;2005;55;3
2;PERRINE;2009;55;3
2;ROMANE;2000;55;4
2;ROMANE;2001;55;4
2;ROMANE;2002;55;4
2;ROMANE;2003;55;4
2;ROMANE;2004;55;4
2;ROMANE;2005;55;7
2;ROMANE;2006;55;7
2;ROMANE;2007;55;12
2;ROMANE;2008;55;15
2;ROMANE;2009;55;7
2;ROMANE;2010;55;8
2;ROMANE;2011;55;10
2;ROMANE;2012;55;4
2;ROMANE;2013;55;3
2;ROMANE;2015;55;3
2;ROMANE;2016;55;7
2;ROMANE;2017;55;6
2;ROMANE;2018;55;5
2;ROMANE;2019;55;6
2;ROMY;2018;55;3
2;ROMY;2019;55;3
2;ROMY;2020;55;3
2;ROMY;2021;55;3
2;ROSE;2007;55;3
2;ROSE;2009;55;9
2;ROSE;2010;55;4
2;ROSE;2012;55;3
2;ROSE;2013;55;6
2;ROSE;2014;55;3
2;ROSE;2015;55;3
2;ROSE;2016;55;9
2;ROSE;2017;55;9
2;ROSE;2018;55;7
2;ROSE;2019;55;4
2;ROSE;2020;55;5
2;ROXANE;2007;55;3
2;ROXANE;2012;55;3
2;SABRINA;2000;55;3
2;SACHA;2006;55;3
2;SALOMÉ;2015;55;3
2;SALOMÉ;2018;55;4
2;SALOMÉ;2019;55;3
2;SALOMÉ;2020;55;4
2;SANDRA;2000;55;4
2;SARA;2008;55;4
2;SARA;2009;55;3
2;SARAH;2000;55;12
2;SARAH;2001;55;12
2;SARAH;2002;55;5
2;SARAH;2003;55;8
2;SARAH;2004;55;6
2;SARAH;2005;55;8
2;SARAH;2006;55;7
2;SARAH;2007;55;8
2;SARAH;2008;55;6
2;SARAH;2009;55;3
2;SARAH;2010;55;7
2;SARAH;2011;55;3
2;SARAH;2012;55;7
2;SARAH;2013;55;4
2;SELENA;2010;55;3
2;SELENA;2011;55;3
2;SHANA;2010;55;3
2;SHANNA;2011;55;3
2;SHANNA;2014;55;3
2;SHANNA;2015;55;7
2;SHANNA;2016;55;3
2;SHAYNA;2015;55;3
2;SHELBY;2021;55;4
2;SIDNEY;2005;55;3
2;SOFIA;2015;55;4
2;SOFIA;2017;55;3
2;SOLÈNE;2000;55;8
2;SOLÈNE;2001;55;4
2;SOLÈNE;2002;55;4
2;SOLÈNE;2003;55;4
2;SOLÈNE;2005;55;3
2;SOLÈNE;2007;55;3
2;SOLÈNE;2009;55;4
2;SOLINE;2013;55;3
2;SOLINE;2014;55;6
2;SOLINE;2017;55;4
2;SOPHIE;2000;55;4
2;SOPHIE;2003;55;7
2;SOPHIE;2007;55;3
2;SOPHIE;2009;55;3
2;SOPHIE;2011;55;3
2;STACY;2008;55;3
2;TATIANA;2002;55;3
2;TESSA;2020;55;3
2;THAIS;2013;55;3
2;THÉA;2017;55;5
2;THÉA;2018;55;3
2;TIFFANY;2003;55;4
2;TIPHAINE;2007;55;3
2;VALENTINE;2000;55;3
2;VALENTINE;2001;55;3
2;VALENTINE;2002;55;3
2;VALENTINE;2003;55;3
2;VALENTINE;2004;55;3
2;VALENTINE;2006;55;4
2;VALENTINE;2007;55;3
2;VALENTINE;2008;55;4
2;VALENTINE;2009;55;3
2;VALENTINE;2011;55;6
2;VALENTINE;2012;55;4
2;VALENTINE;2021;55;3
2;VICTOIRE;2011;55;3
2;VICTOIRE;2012;55;3
2;VICTOIRE;2013;55;3
2;VICTOIRE;2016;55;3
2;VICTOIRE;2017;55;3
2;VICTOIRE;2018;55;6
2;VICTORIA;2006;55;3
2;VICTORIA;2008;55;4
2;VICTORIA;2013;55;3
2;VICTORIA;2018;55;3
2;VIOLETTE;2006;55;3
2;WENDY;2004;55;3
2;ZELIE;2002;55;3
2;ZELIE;2009;55;3
2;ZELIE;2010;55;3
2;ZOE;2010;55;4
2;ZOE;2011;55;9
2;ZOE;2013;55;4
2;ZOÉ;2000;55;6
2;ZOÉ;2001;55;5
2;ZOÉ;2002;55;4
2;ZOÉ;2003;55;5
2;ZOÉ;2004;55;7
2;ZOÉ;2005;55;5
2;ZOÉ;2006;55;7
2;ZOÉ;2007;55;5
2;ZOÉ;2008;55;9
2;ZOÉ;2009;55;12
2;ZOÉ;2010;55;3
2;ZOÉ;2011;55;3
2;ZOÉ;2012;55;8
2;ZOÉ;2013;55;3
2;ZOÉ;2014;55;8
2;ZOÉ;2016;55;9
2;ZOÉ;2017;55;5
2;ZOÉ;2019;55;3
2;ZOÉ;2020;55;3
2;ZOÉ;2021;55;5
