sexe;preusuel;annais;dpt;nombre
1;_PRENOMS_RARES;2000;52;14
1;_PRENOMS_RARES;2001;52;18
1;_PRENOMS_RARES;2002;52;18
1;_PRENOMS_RARES;2003;52;18
1;_PRENOMS_RARES;2004;52;15
1;_PRENOMS_RARES;2005;52;15
1;_PRENOMS_RARES;2006;52;29
1;_PRENOMS_RARES;2007;52;27
1;_PRENOMS_RARES;2008;52;31
1;_PRENOMS_RARES;2009;52;34
1;_PRENOMS_RARES;2010;52;23
1;_PRENOMS_RARES;2011;52;28
1;_PRENOMS_RARES;2012;52;30
1;_PRENOMS_RARES;2013;52;36
1;_PRENOMS_RARES;2014;52;36
1;_PRENOMS_RARES;2015;52;38
1;_PRENOMS_RARES;2016;52;45
1;_PRENOMS_RARES;2017;52;26
1;_PRENOMS_RARES;2018;52;31
1;_PRENOMS_RARES;2019;52;46
1;_PRENOMS_RARES;2020;52;39
1;_PRENOMS_RARES;2021;52;48
1;AARON;2009;52;3
1;AARON;2010;52;4
1;AARON;2011;52;5
1;AARON;2013;52;7
1;AARON;2014;52;4
1;AARON;2015;52;6
1;AARON;2016;52;7
1;AARON;2017;52;6
1;AARON;2018;52;6
1;AARON;2019;52;5
1;AARON;2020;52;7
1;AARON;2021;52;9
1;ABEL;2014;52;4
1;ADAM;2002;52;3
1;ADAM;2003;52;4
1;ADAM;2005;52;3
1;ADAM;2008;52;4
1;ADAM;2009;52;3
1;ADAM;2010;52;5
1;ADAM;2011;52;3
1;ADAM;2013;52;3
1;ADAM;2014;52;10
1;ADAM;2015;52;6
1;ADAM;2016;52;4
1;ADAM;2018;52;8
1;ADAM;2019;52;4
1;ADAM;2020;52;6
1;ADAM;2021;52;8
1;ADEM;2017;52;3
1;ADEM;2019;52;4
1;ADEM;2021;52;3
1;ADRIEN;2000;52;12
1;ADRIEN;2001;52;10
1;ADRIEN;2002;52;8
1;ADRIEN;2003;52;4
1;ADRIEN;2004;52;8
1;ADRIEN;2005;52;6
1;ADRIEN;2006;52;5
1;ADRIEN;2007;52;5
1;ADRIEN;2008;52;3
1;ADRIEN;2009;52;4
1;ADRIEN;2010;52;3
1;ADRIEN;2016;52;4
1;AHMED;2013;52;3
1;ALAN;2000;52;3
1;ALAN;2001;52;3
1;ALAN;2003;52;3
1;ALAN;2007;52;3
1;ALAN;2008;52;5
1;ALBAN;2001;52;3
1;ALBAN;2007;52;3
1;ALBAN;2009;52;3
1;ALBAN;2015;52;3
1;ALBIN;2009;52;3
1;ALESSIO;2021;52;3
1;ALEX;2001;52;3
1;ALEX;2002;52;3
1;ALEX;2004;52;3
1;ALEX;2006;52;3
1;ALEX;2009;52;3
1;ALEX;2010;52;3
1;ALEX;2012;52;3
1;ALEXANDRE;2000;52;15
1;ALEXANDRE;2001;52;13
1;ALEXANDRE;2002;52;5
1;ALEXANDRE;2003;52;4
1;ALEXANDRE;2004;52;7
1;ALEXANDRE;2006;52;10
1;ALEXANDRE;2007;52;8
1;ALEXANDRE;2010;52;3
1;ALEXANDRE;2011;52;6
1;ALEXANDRE;2012;52;5
1;ALEXANDRE;2013;52;4
1;ALEXANDRE;2018;52;3
1;ALEXIS;2000;52;22
1;ALEXIS;2001;52;23
1;ALEXIS;2002;52;13
1;ALEXIS;2003;52;25
1;ALEXIS;2004;52;15
1;ALEXIS;2005;52;20
1;ALEXIS;2006;52;9
1;ALEXIS;2008;52;4
1;ALEXIS;2009;52;4
1;ALEXIS;2010;52;6
1;ALEXIS;2011;52;8
1;ALEXIS;2012;52;5
1;ALEXIS;2013;52;3
1;ALEXIS;2014;52;11
1;ALEXY;2005;52;3
1;ALIX;2006;52;3
1;ALLAN;2000;52;8
1;ALLAN;2001;52;4
1;ALLAN;2002;52;5
1;ALLAN;2005;52;5
1;ALOIS;2008;52;4
1;ALOIS;2009;52;3
1;ALOIS;2010;52;3
1;AMAURY;2009;52;3
1;AMAURY;2019;52;3
1;AMINE;2002;52;3
1;AMINE;2006;52;3
1;AMINE;2007;52;3
1;AMINE;2008;52;3
1;AMINE;2009;52;4
1;AMINE;2015;52;3
1;AMIR;2007;52;3
1;AMIR;2018;52;3
1;ANDREW;2008;52;3
1;ANDY;2009;52;3
1;ANGELO;2013;52;3
1;ANGELO;2020;52;3
1;ANTHONY;2000;52;5
1;ANTHONY;2001;52;16
1;ANTHONY;2002;52;7
1;ANTHONY;2003;52;6
1;ANTHONY;2004;52;3
1;ANTHONY;2007;52;6
1;ANTHONY;2008;52;3
1;ANTHONY;2010;52;3
1;ANTOINE;2000;52;20
1;ANTOINE;2001;52;13
1;ANTOINE;2002;52;18
1;ANTOINE;2003;52;14
1;ANTOINE;2004;52;5
1;ANTOINE;2005;52;12
1;ANTOINE;2006;52;8
1;ANTOINE;2007;52;14
1;ANTOINE;2008;52;6
1;ANTOINE;2009;52;8
1;ANTOINE;2010;52;12
1;ANTOINE;2011;52;4
1;ANTOINE;2012;52;4
1;ANTOINE;2013;52;9
1;ANTOINE;2014;52;10
1;ANTOINE;2015;52;4
1;ANTOINE;2016;52;7
1;ANTOINE;2017;52;4
1;ANTOINE;2018;52;3
1;ANTOINE;2020;52;4
1;ANTOINE;2021;52;3
1;ANTONIN;2000;52;3
1;ANTONIN;2002;52;6
1;ANTONIN;2003;52;8
1;ANTONIN;2004;52;7
1;ANTONIN;2005;52;3
1;ANTONIN;2006;52;3
1;ANTONIN;2007;52;10
1;ANTONIN;2008;52;5
1;ANTONIN;2009;52;4
1;ANTONIN;2010;52;3
1;ANTONIN;2011;52;4
1;ANTONIN;2013;52;3
1;ANTONIN;2014;52;3
1;ANTONIN;2015;52;6
1;ANTONIN;2018;52;3
1;ANTONIN;2021;52;4
1;ANTONY;2002;52;3
1;ARNAUD;2000;52;4
1;ARNAUD;2001;52;4
1;ARSÈNE;2019;52;3
1;ARTHUR;2000;52;8
1;ARTHUR;2001;52;14
1;ARTHUR;2002;52;9
1;ARTHUR;2003;52;9
1;ARTHUR;2004;52;9
1;ARTHUR;2005;52;5
1;ARTHUR;2006;52;10
1;ARTHUR;2007;52;9
1;ARTHUR;2008;52;7
1;ARTHUR;2009;52;8
1;ARTHUR;2010;52;9
1;ARTHUR;2011;52;10
1;ARTHUR;2012;52;12
1;ARTHUR;2013;52;10
1;ARTHUR;2014;52;12
1;ARTHUR;2015;52;8
1;ARTHUR;2016;52;9
1;ARTHUR;2017;52;7
1;ARTHUR;2018;52;7
1;ARTHUR;2019;52;13
1;ARTHUR;2021;52;11
1;AUGUSTE;2018;52;3
1;AUGUSTE;2019;52;3
1;AUGUSTIN;2000;52;3
1;AUGUSTIN;2012;52;3
1;AUGUSTIN;2013;52;5
1;AUGUSTIN;2015;52;4
1;AUGUSTIN;2018;52;3
1;AURÉLIEN;2000;52;7
1;AURÉLIEN;2001;52;5
1;AURÉLIEN;2003;52;5
1;AURÉLIEN;2004;52;3
1;AURÉLIEN;2012;52;3
1;AXEL;2000;52;9
1;AXEL;2001;52;13
1;AXEL;2002;52;8
1;AXEL;2003;52;13
1;AXEL;2004;52;13
1;AXEL;2005;52;8
1;AXEL;2006;52;7
1;AXEL;2007;52;7
1;AXEL;2008;52;10
1;AXEL;2009;52;11
1;AXEL;2010;52;8
1;AXEL;2011;52;13
1;AXEL;2012;52;5
1;AXEL;2013;52;11
1;AXEL;2014;52;5
1;AXEL;2015;52;6
1;AXEL;2016;52;9
1;AXEL;2017;52;6
1;AXEL;2020;52;3
1;AYDEN;2015;52;3
1;AYDEN;2017;52;4
1;AYDEN;2020;52;4
1;AYDEN;2021;52;11
1;AYMERIC;2000;52;4
1;AYMERIC;2001;52;4
1;AYMERIC;2004;52;3
1;AYMERIC;2005;52;3
1;AYMERIC;2008;52;4
1;AYOUB;2016;52;3
1;BAPTISTE;2000;52;16
1;BAPTISTE;2001;52;10
1;BAPTISTE;2002;52;12
1;BAPTISTE;2003;52;18
1;BAPTISTE;2004;52;4
1;BAPTISTE;2005;52;12
1;BAPTISTE;2006;52;7
1;BAPTISTE;2007;52;8
1;BAPTISTE;2008;52;6
1;BAPTISTE;2009;52;4
1;BAPTISTE;2010;52;6
1;BAPTISTE;2011;52;5
1;BAPTISTE;2012;52;3
1;BAPTISTE;2013;52;6
1;BAPTISTE;2014;52;3
1;BAPTISTE;2015;52;8
1;BAPTISTE;2016;52;4
1;BAPTISTE;2017;52;4
1;BAPTISTE;2020;52;4
1;BASTIEN;2000;52;9
1;BASTIEN;2001;52;7
1;BASTIEN;2002;52;8
1;BASTIEN;2003;52;4
1;BASTIEN;2004;52;4
1;BASTIEN;2006;52;5
1;BASTIEN;2008;52;3
1;BASTIEN;2012;52;3
1;BENJAMIN;2000;52;20
1;BENJAMIN;2001;52;17
1;BENJAMIN;2002;52;7
1;BENJAMIN;2003;52;13
1;BENJAMIN;2004;52;9
1;BENJAMIN;2005;52;9
1;BENJAMIN;2006;52;4
1;BENJAMIN;2007;52;5
1;BENJAMIN;2009;52;3
1;BENJAMIN;2010;52;6
1;BENJAMIN;2011;52;6
1;BENOÎT;2001;52;3
1;BENOÎT;2006;52;3
1;BILAL;2007;52;4
1;BRANDON;2000;52;8
1;BRANDON;2003;52;4
1;BRANDON;2008;52;4
1;BRAYAN;2004;52;3
1;BRICE;2001;52;3
1;BRICE;2002;52;4
1;BRICE;2004;52;3
1;BRYAN;2000;52;6
1;BRYAN;2001;52;5
1;BRYAN;2003;52;4
1;BRYAN;2004;52;5
1;BRYAN;2005;52;8
1;BRYAN;2007;52;4
1;BRYAN;2009;52;3
1;BRYAN;2010;52;3
1;CALVIN;2009;52;3
1;CAMERON;2003;52;3
1;CAMILLE;2014;52;4
1;CAMILLE;2017;52;3
1;CAMILLE;2020;52;5
1;CEDRIC;2000;52;3
1;CEDRIC;2001;52;4
1;CEDRIC;2004;52;3
1;CÉLIAN;2011;52;3
1;CÉLIAN;2013;52;3
1;CÉLIAN;2019;52;3
1;CHARLES;2000;52;3
1;CHARLES;2002;52;3
1;CHARLES;2003;52;3
1;CHARLES;2008;52;3
1;CHARLES;2017;52;3
1;CHARLES;2021;52;3
1;CHARLIE;2014;52;3
1;CHARLIE;2020;52;4
1;CHARLY;2002;52;4
1;CHARLY;2003;52;4
1;CHARLY;2004;52;3
1;CHARLY;2009;52;3
1;CHARLY;2012;52;5
1;CHARLY;2013;52;4
1;CHARLY;2016;52;3
1;CHARLY;2017;52;4
1;CHARLY;2021;52;3
1;CHRISTOPHE;2000;52;3
1;CHRISTOPHER;2000;52;3
1;CHRISTOPHER;2001;52;3
1;CHRISTOPHER;2002;52;3
1;CHRISTOPHER;2004;52;3
1;CLAYTON;2015;52;3
1;CLEMENT;2010;52;6
1;CLEMENT;2011;52;6
1;CLÉMENT;2000;52;14
1;CLÉMENT;2001;52;13
1;CLÉMENT;2002;52;11
1;CLÉMENT;2003;52;11
1;CLÉMENT;2004;52;12
1;CLÉMENT;2005;52;10
1;CLÉMENT;2006;52;8
1;CLÉMENT;2007;52;12
1;CLÉMENT;2008;52;7
1;CLÉMENT;2009;52;4
1;CLÉMENT;2010;52;4
1;CLÉMENT;2012;52;3
1;CLÉMENT;2013;52;5
1;CLÉMENT;2014;52;4
1;CLÉMENT;2015;52;8
1;CLÉMENT;2016;52;6
1;CÔME;2016;52;6
1;CÔME;2017;52;3
1;CÔME;2019;52;3
1;CÔME;2020;52;3
1;CÔME;2021;52;8
1;CONSTANT;2005;52;3
1;CORENTIN;2000;52;13
1;CORENTIN;2001;52;11
1;CORENTIN;2002;52;18
1;CORENTIN;2003;52;5
1;CORENTIN;2004;52;9
1;CORENTIN;2005;52;6
1;CORENTIN;2006;52;3
1;CORENTIN;2008;52;7
1;CORENTIN;2009;52;3
1;CORENTIN;2010;52;5
1;CORENTIN;2011;52;4
1;CORENTIN;2013;52;7
1;CYPRIEN;2006;52;3
1;CYPRIEN;2009;52;4
1;CYRIL;2004;52;3
1;DAMIEN;2000;52;3
1;DAMIEN;2002;52;4
1;DANY;2015;52;3
1;DAVID;2001;52;4
1;DAVID;2002;52;3
1;DAVID;2006;52;4
1;DAVY;2000;52;3
1;DIEGO;2004;52;3
1;DIEGO;2005;52;3
1;DIEGO;2008;52;4
1;DIEGO;2009;52;3
1;DIEGO;2011;52;5
1;DIEGO;2012;52;3
1;DIEGO;2013;52;3
1;DIEGO;2014;52;3
1;DIEGO;2015;52;3
1;DIEGO;2016;52;4
1;DIEGO;2020;52;6
1;DIEGO;2021;52;3
1;DIMITRI;2000;52;3
1;DIMITRI;2001;52;3
1;DIMITRI;2002;52;6
1;DIMITRI;2007;52;5
1;DIMITRI;2010;52;3
1;DONOVAN;2000;52;3
1;DONOVAN;2003;52;3
1;DORIAN;2000;52;8
1;DORIAN;2001;52;6
1;DORIAN;2002;52;4
1;DORIAN;2003;52;3
1;DORIAN;2004;52;6
1;DORIAN;2005;52;3
1;DORIAN;2006;52;6
1;DORIAN;2007;52;4
1;DORIAN;2008;52;4
1;DRISS;2005;52;4
1;DYLAN;2000;52;13
1;DYLAN;2001;52;11
1;DYLAN;2002;52;10
1;DYLAN;2003;52;9
1;DYLAN;2004;52;9
1;DYLAN;2005;52;11
1;DYLAN;2006;52;12
1;DYLAN;2007;52;4
1;DYLAN;2008;52;6
1;DYLAN;2009;52;3
1;DYLAN;2010;52;3
1;DYLAN;2011;52;4
1;DYLAN;2012;52;3
1;DYLAN;2014;52;3
1;DYLAN;2018;52;3
1;EDEN;2013;52;3
1;EDEN;2015;52;8
1;EDEN;2016;52;11
1;EDEN;2017;52;5
1;EDEN;2018;52;6
1;EDEN;2019;52;7
1;EDEN;2020;52;14
1;EDEN;2021;52;5
1;ELIAS;2016;52;3
1;ELIAS;2018;52;4
1;ELIO;2015;52;3
1;ELIO;2016;52;3
1;ELIO;2017;52;3
1;ELIO;2018;52;4
1;ELIO;2019;52;6
1;ELIO;2020;52;5
1;ELIO;2021;52;10
1;ELIOT;2005;52;4
1;ELIOT;2009;52;3
1;ELIOT;2017;52;3
1;ELIOTT;2005;52;3
1;ELIOTT;2009;52;4
1;ELIOTT;2012;52;4
1;ELIOTT;2013;52;4
1;ELIOTT;2015;52;4
1;ELIOTT;2017;52;3
1;ELIOTT;2018;52;6
1;ELIOTT;2019;52;4
1;ELIOTT;2020;52;5
1;ELLIOT;2015;52;4
1;ELYAS;2020;52;3
1;ELYO;2017;52;3
1;EMILE;2000;52;3
1;EMILE;2020;52;3
1;EMILIEN;2000;52;4
1;EMILIEN;2001;52;4
1;EMILIEN;2002;52;4
1;EMILIEN;2003;52;4
1;EMILIEN;2004;52;5
1;EMILIEN;2005;52;4
1;EMILIEN;2008;52;3
1;ENZO;2000;52;14
1;ENZO;2001;52;11
1;ENZO;2002;52;28
1;ENZO;2003;52;22
1;ENZO;2004;52;19
1;ENZO;2005;52;25
1;ENZO;2006;52;25
1;ENZO;2007;52;24
1;ENZO;2008;52;27
1;ENZO;2009;52;27
1;ENZO;2010;52;23
1;ENZO;2011;52;23
1;ENZO;2012;52;18
1;ENZO;2013;52;14
1;ENZO;2014;52;11
1;ENZO;2015;52;14
1;ENZO;2016;52;9
1;ENZO;2017;52;8
1;ENZO;2018;52;3
1;ENZO;2019;52;4
1;ENZO;2020;52;8
1;ENZO;2021;52;6
1;ERWAN;2000;52;4
1;ERWAN;2001;52;3
1;ERWAN;2002;52;3
1;ERWAN;2003;52;4
1;ERWAN;2004;52;3
1;ERWAN;2006;52;4
1;ERWAN;2007;52;4
1;ERWAN;2008;52;3
1;ERWAN;2009;52;4
1;ERWAN;2010;52;4
1;ERWAN;2018;52;3
1;ERWANN;2001;52;3
1;ESTEBAN;2001;52;3
1;ESTEBAN;2002;52;6
1;ESTEBAN;2004;52;3
1;ESTEBAN;2005;52;5
1;ESTEBAN;2007;52;5
1;ESTEBAN;2008;52;8
1;ESTEBAN;2009;52;6
1;ESTEBAN;2010;52;3
1;ESTEBAN;2012;52;7
1;ESTEBAN;2013;52;4
1;ESTEBAN;2021;52;5
1;ETHAN;2003;52;4
1;ETHAN;2004;52;5
1;ETHAN;2005;52;8
1;ETHAN;2006;52;6
1;ETHAN;2007;52;7
1;ETHAN;2008;52;10
1;ETHAN;2009;52;11
1;ETHAN;2010;52;7
1;ETHAN;2011;52;11
1;ETHAN;2012;52;10
1;ETHAN;2013;52;8
1;ETHAN;2014;52;13
1;ETHAN;2015;52;16
1;ETHAN;2016;52;12
1;ETHAN;2017;52;6
1;ETHAN;2018;52;11
1;ETHAN;2019;52;6
1;ETHAN;2020;52;7
1;ETHAN;2021;52;4
1;ÉTHAN;2013;52;3
1;ETHANN;2010;52;3
1;ETIENNE;2011;52;3
1;EVAN;2002;52;5
1;EVAN;2003;52;4
1;EVAN;2004;52;8
1;EVAN;2005;52;5
1;EVAN;2006;52;6
1;EVAN;2007;52;8
1;EVAN;2008;52;13
1;EVAN;2009;52;10
1;EVAN;2010;52;6
1;EVAN;2011;52;10
1;EVAN;2012;52;6
1;EVAN;2014;52;8
1;EVAN;2015;52;5
1;EVAN;2016;52;5
1;EVAN;2017;52;3
1;EVAN;2018;52;3
1;EVAN;2019;52;4
1;EVAN;2020;52;4
1;EVAN;2021;52;3
1;EVANN;2008;52;3
1;EVANN;2009;52;3
1;EWAN;2011;52;3
1;EZIO;2012;52;3
1;EZIO;2015;52;4
1;EZIO;2017;52;3
1;EZIO;2018;52;3
1;FABIAN;2007;52;3
1;FABIO;2009;52;3
1;FLAVIEN;2002;52;4
1;FLAVIEN;2004;52;3
1;FLAVIEN;2008;52;3
1;FLORENT;2000;52;5
1;FLORENT;2004;52;4
1;FLORENT;2005;52;4
1;FLORIAN;2000;52;14
1;FLORIAN;2001;52;11
1;FLORIAN;2002;52;8
1;FLORIAN;2003;52;5
1;FLORIAN;2004;52;10
1;FLORIAN;2005;52;7
1;FLORIAN;2006;52;8
1;FLORIAN;2014;52;3
1;FRANÇOIS;2000;52;3
1;FRÉDÉRIC;2001;52;3
1;GABIN;2004;52;8
1;GABIN;2005;52;4
1;GABIN;2008;52;5
1;GABIN;2009;52;6
1;GABIN;2010;52;3
1;GABIN;2011;52;12
1;GABIN;2012;52;8
1;GABIN;2013;52;5
1;GABIN;2014;52;4
1;GABIN;2015;52;4
1;GABIN;2016;52;11
1;GABIN;2017;52;9
1;GABIN;2018;52;7
1;GABIN;2019;52;7
1;GABIN;2020;52;9
1;GABIN;2021;52;12
1;GABRIEL;2000;52;3
1;GABRIEL;2001;52;4
1;GABRIEL;2002;52;4
1;GABRIEL;2003;52;4
1;GABRIEL;2004;52;6
1;GABRIEL;2005;52;6
1;GABRIEL;2006;52;6
1;GABRIEL;2007;52;5
1;GABRIEL;2008;52;5
1;GABRIEL;2009;52;11
1;GABRIEL;2010;52;7
1;GABRIEL;2011;52;15
1;GABRIEL;2012;52;14
1;GABRIEL;2013;52;10
1;GABRIEL;2014;52;8
1;GABRIEL;2015;52;16
1;GABRIEL;2016;52;12
1;GABRIEL;2017;52;13
1;GABRIEL;2018;52;9
1;GABRIEL;2019;52;7
1;GABRIEL;2020;52;7
1;GABRIEL;2021;52;13
1;GAEL;2003;52;3
1;GAEL;2006;52;4
1;GAETAN;2010;52;3
1;GAËTAN;2000;52;4
1;GAËTAN;2002;52;3
1;GAËTAN;2007;52;3
1;GAËTAN;2009;52;3
1;GAËTAN;2015;52;3
1;GASPARD;2020;52;3
1;GAUTHIER;2001;52;3
1;GAUTHIER;2004;52;3
1;GAUTHIER;2006;52;5
1;GAUTHIER;2015;52;3
1;GAUTHIER;2016;52;3
1;GAUTHIER;2017;52;3
1;GEOFFREY;2000;52;4
1;GEOFFREY;2001;52;3
1;GEOFFREY;2003;52;3
1;GEOFFREY;2004;52;3
1;GINO;2010;52;3
1;GIOVANNI;2002;52;3
1;GRÉGOIRE;2000;52;3
1;GRÉGOIRE;2002;52;3
1;GRÉGOIRE;2008;52;3
1;GREGORY;2000;52;3
1;GREGORY;2003;52;5
1;GREGORY;2005;52;5
1;GUILLAUME;2000;52;12
1;GUILLAUME;2001;52;11
1;GUILLAUME;2002;52;7
1;GUILLAUME;2003;52;3
1;GUILLAUME;2004;52;7
1;GUILLAUME;2005;52;6
1;GUILLAUME;2008;52;3
1;HAMZA;2003;52;3
1;HAMZA;2011;52;3
1;HAMZA;2015;52;3
1;HARRY;2020;52;3
1;HATIM;2004;52;3
1;HAYDEN;2018;52;3
1;HÉLIOS;2016;52;3
1;HUGO;2000;52;13
1;HUGO;2001;52;27
1;HUGO;2002;52;19
1;HUGO;2003;52;24
1;HUGO;2004;52;16
1;HUGO;2005;52;15
1;HUGO;2006;52;12
1;HUGO;2007;52;11
1;HUGO;2008;52;12
1;HUGO;2009;52;13
1;HUGO;2010;52;13
1;HUGO;2011;52;11
1;HUGO;2012;52;9
1;HUGO;2013;52;11
1;HUGO;2014;52;15
1;HUGO;2015;52;13
1;HUGO;2016;52;17
1;HUGO;2017;52;14
1;HUGO;2018;52;11
1;HUGO;2019;52;9
1;HUGO;2020;52;13
1;HUGO;2021;52;12
1;IBRAHIM;2009;52;3
1;ILAN;2007;52;3
1;ILAN;2008;52;3
1;ILAN;2009;52;3
1;ILAN;2012;52;3
1;ILLAN;2009;52;3
1;ILYES;2008;52;4
1;ILYES;2009;52;4
1;ILYES;2013;52;3
1;ILYES;2016;52;4
1;ILYES;2019;52;3
1;IMRAN;2021;52;4
1;ISAAC;2015;52;3
1;ISAAC;2016;52;5
1;ISAAC;2018;52;4
1;ISAAC;2020;52;7
1;ISAAC;2021;52;7
1;ISSA;2017;52;3
1;JAMES;2021;52;4
1;JASON;2000;52;6
1;JASON;2003;52;5
1;JASON;2004;52;3
1;JASON;2007;52;4
1;JEAN;2013;52;4
1;JEREMY;2000;52;7
1;JEREMY;2002;52;4
1;JEREMY;2003;52;7
1;JEREMY;2004;52;8
1;JEREMY;2006;52;5
1;JESSY;2001;52;4
1;JESSY;2008;52;3
1;JIMMY;2000;52;3
1;JIMMY;2001;52;5
1;JIMMY;2002;52;4
1;JIMMY;2006;52;4
1;JOFFREY;2000;52;3
1;JOHAN;2002;52;3
1;JOHAN;2013;52;3
1;JONAS;2020;52;3
1;JONATHAN;2000;52;5
1;JONATHAN;2001;52;4
1;JONATHAN;2002;52;4
1;JONATHAN;2007;52;3
1;JORDAN;2000;52;11
1;JORDAN;2001;52;6
1;JORDAN;2003;52;5
1;JORDAN;2004;52;4
1;JORDAN;2005;52;6
1;JORDAN;2006;52;3
1;JORIS;2012;52;3
1;JOSEPH;2006;52;3
1;JOSEPH;2015;52;3
1;JOSHUA;2001;52;4
1;JOSHUA;2010;52;3
1;JULES;2000;52;8
1;JULES;2001;52;3
1;JULES;2002;52;7
1;JULES;2003;52;7
1;JULES;2004;52;6
1;JULES;2005;52;6
1;JULES;2006;52;6
1;JULES;2007;52;11
1;JULES;2008;52;13
1;JULES;2009;52;11
1;JULES;2010;52;12
1;JULES;2011;52;20
1;JULES;2012;52;12
1;JULES;2013;52;18
1;JULES;2014;52;16
1;JULES;2015;52;19
1;JULES;2016;52;16
1;JULES;2017;52;14
1;JULES;2018;52;11
1;JULES;2019;52;13
1;JULES;2020;52;8
1;JULES;2021;52;16
1;JULIAN;2000;52;3
1;JULIAN;2001;52;7
1;JULIAN;2002;52;3
1;JULIAN;2005;52;6
1;JULIAN;2007;52;6
1;JULIAN;2014;52;4
1;JULIAN;2017;52;3
1;JULIEN;2000;52;8
1;JULIEN;2001;52;12
1;JULIEN;2002;52;13
1;JULIEN;2003;52;12
1;JULIEN;2004;52;8
1;JULIEN;2005;52;5
1;JULIEN;2006;52;7
1;JULIEN;2007;52;5
1;JULIEN;2008;52;7
1;JULIEN;2009;52;6
1;JULIEN;2010;52;3
1;JULIEN;2013;52;4
1;KAÏS;2012;52;3
1;KAÏS;2016;52;6
1;KAÏS;2018;52;5
1;KAÏS;2019;52;3
1;KAÏS;2020;52;3
1;KALVIN;2018;52;3
1;KAYDEN;2020;52;3
1;KELVIN;2017;52;3
1;KENJY;2014;52;4
1;KENZO;2011;52;3
1;KENZO;2012;52;3
1;KENZO;2013;52;4
1;KENZO;2014;52;9
1;KENZO;2015;52;4
1;KENZO;2016;52;6
1;KENZO;2017;52;4
1;KENZO;2018;52;5
1;KENZO;2020;52;5
1;KENZO;2021;52;4
1;KEVIN;2000;52;11
1;KEVIN;2001;52;7
1;KEVIN;2002;52;9
1;KEVIN;2003;52;10
1;KEVIN;2004;52;11
1;KEVIN;2005;52;6
1;KEVIN;2006;52;3
1;KEVIN;2007;52;4
1;KEVIN;2008;52;3
1;KEVIN;2009;52;3
1;KHALIL;2006;52;3
1;KILIAN;2000;52;4
1;KILIAN;2002;52;3
1;KILIAN;2006;52;3
1;KILIAN;2009;52;4
1;KILLIAN;2001;52;3
1;KILLIAN;2002;52;7
1;KILLIAN;2003;52;5
1;KILLIAN;2005;52;5
1;KYLIAN;2000;52;3
1;KYLIAN;2002;52;3
1;KYLIAN;2003;52;6
1;KYLIAN;2004;52;9
1;KYLIAN;2005;52;4
1;KYLIAN;2006;52;6
1;KYLIAN;2007;52;11
1;KYLIAN;2008;52;9
1;KYLIAN;2009;52;6
1;KYLIAN;2010;52;8
1;KYLIAN;2011;52;6
1;KYLIAN;2012;52;6
1;KYLIAN;2013;52;8
1;KYLIAN;2014;52;4
1;KYLIAN;2015;52;5
1;KYLIAN;2018;52;5
1;KYLIAN;2020;52;6
1;KYLLIAN;2004;52;4
1;KYLLIAN;2005;52;5
1;KYLLIAN;2007;52;3
1;KYLLIAN;2009;52;5
1;KYLLIAN;2011;52;3
1;LÉANDRE;2016;52;8
1;LÉANDRE;2017;52;4
1;LÉANDRE;2021;52;8
1;LÉANDRO;2015;52;3
1;LÉANDRO;2021;52;3
1;LENI;2009;52;3
1;LENNY;2003;52;4
1;LENNY;2004;52;5
1;LENNY;2005;52;4
1;LENNY;2006;52;6
1;LENNY;2009;52;9
1;LENNY;2010;52;5
1;LENNY;2011;52;3
1;LENNY;2012;52;3
1;LENNY;2014;52;7
1;LENNY;2016;52;7
1;LENNY;2017;52;4
1;LENNY;2018;52;3
1;LENY;2005;52;3
1;LENY;2006;52;5
1;LENY;2017;52;3
1;LEO;2010;52;9
1;LEO;2011;52;12
1;LÉO;2000;52;11
1;LÉO;2001;52;13
1;LÉO;2002;52;13
1;LÉO;2003;52;16
1;LÉO;2004;52;9
1;LÉO;2005;52;14
1;LÉO;2006;52;11
1;LÉO;2007;52;12
1;LÉO;2008;52;16
1;LÉO;2009;52;11
1;LÉO;2010;52;9
1;LÉO;2011;52;5
1;LÉO;2012;52;21
1;LÉO;2013;52;17
1;LÉO;2014;52;25
1;LÉO;2015;52;15
1;LÉO;2016;52;17
1;LÉO;2017;52;10
1;LÉO;2018;52;9
1;LÉO;2019;52;14
1;LÉO;2020;52;19
1;LÉO;2021;52;12
1;LÉON;2014;52;4
1;LÉON;2018;52;4
1;LÉON;2019;52;3
1;LÉON;2020;52;3
1;LÉON;2021;52;6
1;LIAM;2013;52;3
1;LIAM;2014;52;5
1;LIAM;2015;52;9
1;LIAM;2016;52;11
1;LIAM;2017;52;7
1;LIAM;2018;52;5
1;LIAM;2019;52;9
1;LIAM;2020;52;8
1;LIAM;2021;52;6
1;LILIAN;2002;52;7
1;LILIAN;2004;52;4
1;LILIAN;2005;52;6
1;LILIAN;2006;52;4
1;LILIAN;2008;52;5
1;LIVIO;2019;52;3
1;LIVIO;2020;52;6
1;LIVIO;2021;52;4
1;LOAN;2004;52;3
1;LOAN;2007;52;3
1;LOAN;2010;52;4
1;LOAN;2012;52;3
1;LOAN;2013;52;3
1;LOAN;2015;52;3
1;LOAN;2021;52;3
1;LOGAN;2002;52;6
1;LOGAN;2005;52;4
1;LOGAN;2011;52;4
1;LOGAN;2012;52;4
1;LOGAN;2015;52;3
1;LOGAN;2017;52;3
1;LOGAN;2019;52;4
1;LOHAN;2007;52;4
1;LOHAN;2015;52;6
1;LOÏC;2000;52;11
1;LOÏC;2002;52;3
1;LOÏC;2003;52;4
1;LOÏC;2007;52;3
1;LOÏC;2008;52;3
1;LOÏC;2016;52;3
1;LOÏS;2004;52;3
1;LORENZO;2003;52;4
1;LORENZO;2004;52;4
1;LORENZO;2005;52;6
1;LORENZO;2006;52;8
1;LORENZO;2007;52;3
1;LORENZO;2009;52;4
1;LORENZO;2010;52;7
1;LORENZO;2012;52;4
1;LORENZO;2013;52;7
1;LORENZO;2014;52;5
1;LORENZO;2015;52;6
1;LORENZO;2016;52;3
1;LORENZO;2017;52;4
1;LORENZO;2018;52;3
1;LORENZO;2019;52;3
1;LORENZO;2020;52;4
1;LORIS;2009;52;3
1;LORIS;2011;52;6
1;LORIS;2012;52;3
1;LORIS;2013;52;3
1;LORIS;2017;52;3
1;LOUIS;2000;52;7
1;LOUIS;2001;52;14
1;LOUIS;2002;52;16
1;LOUIS;2003;52;10
1;LOUIS;2004;52;17
1;LOUIS;2005;52;12
1;LOUIS;2006;52;7
1;LOUIS;2007;52;16
1;LOUIS;2008;52;10
1;LOUIS;2009;52;16
1;LOUIS;2010;52;14
1;LOUIS;2011;52;13
1;LOUIS;2012;52;20
1;LOUIS;2013;52;17
1;LOUIS;2014;52;15
1;LOUIS;2015;52;11
1;LOUIS;2016;52;12
1;LOUIS;2017;52;7
1;LOUIS;2018;52;11
1;LOUIS;2019;52;12
1;LOUIS;2020;52;4
1;LOUIS;2021;52;11
1;LOUKA;2005;52;3
1;LOUKA;2008;52;5
1;LOUKA;2009;52;5
1;LOUKA;2014;52;7
1;LOUKA;2015;52;7
1;LOUKA;2016;52;5
1;LUCA;2008;52;3
1;LUCA;2012;52;3
1;LUCAS;2000;52;35
1;LUCAS;2001;52;32
1;LUCAS;2002;52;31
1;LUCAS;2003;52;31
1;LUCAS;2004;52;25
1;LUCAS;2005;52;23
1;LUCAS;2006;52;32
1;LUCAS;2007;52;26
1;LUCAS;2008;52;32
1;LUCAS;2009;52;19
1;LUCAS;2010;52;15
1;LUCAS;2011;52;9
1;LUCAS;2012;52;15
1;LUCAS;2013;52;11
1;LUCAS;2014;52;30
1;LUCAS;2015;52;20
1;LUCAS;2016;52;15
1;LUCAS;2017;52;11
1;LUCAS;2018;52;12
1;LUCAS;2019;52;7
1;LUCAS;2020;52;12
1;LUCAS;2021;52;8
1;LUCIAN;2010;52;3
1;LUCIEN;2011;52;3
1;LUIS;2009;52;3
1;LUIS;2011;52;4
1;LUIS;2019;52;4
1;LUKA;2008;52;3
1;LUKA;2009;52;3
1;LUKA;2010;52;4
1;LUKA;2013;52;4
1;LUKA;2018;52;3
1;LUKAS;2003;52;3
1;LUKAS;2004;52;9
1;LYAM;2013;52;6
1;LYAM;2016;52;4
1;LYAM;2020;52;5
1;LYAM;2021;52;11
1;MAE;2010;52;3
1;MAÉ;2013;52;3
1;MAÉ;2019;52;3
1;MAÉ;2021;52;8
1;MAEL;2002;52;3
1;MAEL;2004;52;3
1;MAEL;2005;52;6
1;MAEL;2006;52;5
1;MAEL;2007;52;5
1;MAEL;2008;52;9
1;MAEL;2009;52;4
1;MAEL;2010;52;11
1;MAEL;2011;52;5
1;MAËL;2011;52;4
1;MAËL;2012;52;12
1;MAËL;2013;52;6
1;MAËL;2014;52;12
1;MAËL;2015;52;11
1;MAËL;2016;52;9
1;MAËL;2017;52;6
1;MAËL;2018;52;6
1;MAËL;2019;52;4
1;MAËL;2020;52;13
1;MAËL;2021;52;15
1;MAHÉ;2009;52;3
1;MAHÉ;2015;52;3
1;MAHÉ;2016;52;6
1;MAHÉ;2018;52;4
1;MALO;2003;52;4
1;MALO;2011;52;3
1;MALO;2012;52;5
1;MALO;2014;52;3
1;MALO;2015;52;3
1;MALO;2016;52;3
1;MALO;2017;52;5
1;MALO;2019;52;3
1;MALO;2020;52;5
1;MALO;2021;52;4
1;MALONE;2016;52;4
1;MALONE;2018;52;4
1;MARC;2000;52;3
1;MARCEAU;2005;52;3
1;MARCEAU;2006;52;3
1;MARCEAU;2010;52;3
1;MARCEAU;2012;52;3
1;MARCEAU;2014;52;4
1;MARCEAU;2015;52;4
1;MARCEAU;2016;52;4
1;MARCEAU;2017;52;4
1;MARCEAU;2019;52;4
1;MARCEAU;2020;52;6
1;MARCEAU;2021;52;5
1;MARIN;2018;52;3
1;MARIUS;2001;52;4
1;MARIUS;2008;52;3
1;MARIUS;2011;52;4
1;MARIUS;2015;52;4
1;MARIUS;2016;52;4
1;MARIUS;2017;52;3
1;MARIUS;2019;52;6
1;MARIUS;2021;52;7
1;MARLON;2006;52;3
1;MARLON;2014;52;3
1;MARTIN;2000;52;5
1;MARTIN;2007;52;4
1;MARTIN;2010;52;3
1;MARTIN;2011;52;3
1;MARTIN;2015;52;3
1;MARTIN;2018;52;3
1;MATEO;2010;52;4
1;MATÉO;2002;52;3
1;MATÉO;2003;52;3
1;MATÉO;2004;52;6
1;MATÉO;2006;52;3
1;MATÉO;2008;52;3
1;MATÉO;2011;52;3
1;MATÉO;2017;52;4
1;MATHEO;2010;52;8
1;MATHEO;2011;52;8
1;MATHÉO;2001;52;4
1;MATHÉO;2002;52;5
1;MATHÉO;2003;52;12
1;MATHÉO;2004;52;15
1;MATHÉO;2005;52;17
1;MATHÉO;2006;52;20
1;MATHÉO;2007;52;17
1;MATHÉO;2008;52;17
1;MATHÉO;2009;52;11
1;MATHÉO;2010;52;5
1;MATHÉO;2011;52;6
1;MATHÉO;2012;52;12
1;MATHÉO;2013;52;7
1;MATHÉO;2014;52;9
1;MATHÉO;2015;52;10
1;MATHÉO;2016;52;7
1;MATHÉO;2017;52;4
1;MATHÉO;2018;52;5
1;MATHÉO;2019;52;3
1;MATHÉO;2020;52;3
1;MATHÉO;2021;52;5
1;MATHIAS;2000;52;4
1;MATHIAS;2002;52;6
1;MATHIAS;2003;52;4
1;MATHIAS;2004;52;5
1;MATHIAS;2005;52;4
1;MATHIAS;2006;52;3
1;MATHIAS;2007;52;9
1;MATHIAS;2008;52;3
1;MATHIAS;2009;52;4
1;MATHIAS;2011;52;4
1;MATHIAS;2012;52;4
1;MATHIAS;2014;52;4
1;MATHIEU;2000;52;11
1;MATHIEU;2001;52;6
1;MATHIEU;2002;52;18
1;MATHIEU;2003;52;6
1;MATHIEU;2004;52;6
1;MATHIEU;2005;52;8
1;MATHIEU;2006;52;6
1;MATHIEU;2008;52;5
1;MATHIEU;2010;52;5
1;MATHIEU;2012;52;4
1;MATHIEU;2013;52;3
1;MATHIS;2001;52;6
1;MATHIS;2002;52;10
1;MATHIS;2003;52;12
1;MATHIS;2004;52;18
1;MATHIS;2005;52;14
1;MATHIS;2006;52;22
1;MATHIS;2007;52;19
1;MATHIS;2008;52;25
1;MATHIS;2009;52;15
1;MATHIS;2010;52;11
1;MATHIS;2011;52;12
1;MATHIS;2012;52;15
1;MATHIS;2013;52;10
1;MATHIS;2014;52;10
1;MATHIS;2015;52;12
1;MATHIS;2016;52;6
1;MATHIS;2017;52;8
1;MATHIS;2018;52;8
1;MATHIS;2021;52;6
1;MATHYS;2003;52;5
1;MATHYS;2004;52;3
1;MATHYS;2005;52;3
1;MATHYS;2006;52;9
1;MATHYS;2007;52;7
1;MATHYS;2008;52;9
1;MATHYS;2009;52;8
1;MATHYS;2010;52;3
1;MATHYS;2011;52;4
1;MATHYS;2012;52;10
1;MATHYS;2013;52;5
1;MATHYS;2014;52;6
1;MATHYS;2015;52;6
1;MATHYS;2016;52;5
1;MATHYS;2017;52;5
1;MATHYS;2018;52;7
1;MATHYS;2021;52;5
1;MATTÉO;2000;52;5
1;MATTÉO;2001;52;7
1;MATTÉO;2002;52;7
1;MATTÉO;2003;52;11
1;MATTÉO;2004;52;18
1;MATTÉO;2005;52;7
1;MATTÉO;2006;52;8
1;MATTÉO;2007;52;3
1;MATTÉO;2008;52;4
1;MATTÉO;2009;52;5
1;MATTÉO;2012;52;3
1;MATTÉO;2017;52;4
1;MATTÉO;2019;52;4
1;MATTHÉO;2002;52;4
1;MATTHÉO;2004;52;4
1;MATTHÉO;2005;52;3
1;MATTHIEU;2002;52;6
1;MATTHIEU;2003;52;3
1;MATTHIEU;2005;52;4
1;MATYS;2006;52;3
1;MAXENCE;2000;52;10
1;MAXENCE;2001;52;14
1;MAXENCE;2002;52;6
1;MAXENCE;2003;52;8
1;MAXENCE;2004;52;8
1;MAXENCE;2005;52;10
1;MAXENCE;2006;52;12
1;MAXENCE;2007;52;12
1;MAXENCE;2008;52;6
1;MAXENCE;2009;52;4
1;MAXENCE;2010;52;8
1;MAXENCE;2011;52;8
1;MAXENCE;2012;52;3
1;MAXENCE;2013;52;9
1;MAXENCE;2014;52;3
1;MAXENCE;2015;52;6
1;MAXENCE;2016;52;7
1;MAXENCE;2018;52;3
1;MAXENCE;2021;52;3
1;MAXIME;2000;52;22
1;MAXIME;2001;52;15
1;MAXIME;2002;52;23
1;MAXIME;2003;52;13
1;MAXIME;2004;52;9
1;MAXIME;2005;52;15
1;MAXIME;2006;52;13
1;MAXIME;2007;52;7
1;MAXIME;2008;52;13
1;MAXIME;2009;52;7
1;MAXIME;2010;52;13
1;MAXIME;2011;52;10
1;MAXIME;2012;52;7
1;MAXIME;2013;52;5
1;MAXIME;2014;52;6
1;MAXIME;2016;52;5
1;MAXIME;2017;52;3
1;MAXIME;2018;52;3
1;MAXIME;2021;52;3
1;MAYLONE;2020;52;5
1;MAYRON;2011;52;4
1;MAYRON;2012;52;3
1;MAYRON;2015;52;3
1;MAYRON;2016;52;4
1;MAYRON;2020;52;4
1;MAYRON;2021;52;3
1;MEHDI;2000;52;3
1;MEHDI;2003;52;4
1;MEHDI;2004;52;4
1;MEHDI;2006;52;3
1;MEHDI;2012;52;3
1;MEHDI;2017;52;3
1;MELVIN;2009;52;3
1;MELVYN;2016;52;4
1;MICKAEL;2001;52;3
1;MICKAEL;2002;52;3
1;MICKAEL;2003;52;6
1;MILAN;2014;52;3
1;MILAN;2015;52;3
1;MILAN;2019;52;4
1;MILAN;2020;52;8
1;MILANN;2021;52;4
1;MILO;2011;52;3
1;MILO;2020;52;3
1;MOHAMED;2004;52;3
1;MOHAMED;2007;52;3
1;MOHAMED;2013;52;5
1;MOHAMED;2014;52;3
1;MOHAMED;2016;52;5
1;MOHAMED;2018;52;3
1;MORGAN;2001;52;3
1;MORGAN;2007;52;3
1;MORGAN;2008;52;3
1;MYLAN;2021;52;3
1;NAEL;2009;52;3
1;NAËL;2014;52;4
1;NAËL;2015;52;5
1;NAËL;2016;52;7
1;NAËL;2017;52;6
1;NAËL;2018;52;8
1;NAËL;2019;52;3
1;NAËL;2020;52;4
1;NAËL;2021;52;8
1;NASSIM;2004;52;4
1;NASSIM;2009;52;4
1;NATHAEL;2009;52;6
1;NATHAEL;2010;52;5
1;NATHAËL;2013;52;3
1;NATHAN;2000;52;7
1;NATHAN;2001;52;10
1;NATHAN;2002;52;22
1;NATHAN;2003;52;16
1;NATHAN;2004;52;10
1;NATHAN;2005;52;18
1;NATHAN;2006;52;21
1;NATHAN;2007;52;23
1;NATHAN;2008;52;19
1;NATHAN;2009;52;19
1;NATHAN;2010;52;19
1;NATHAN;2011;52;18
1;NATHAN;2012;52;14
1;NATHAN;2013;52;19
1;NATHAN;2014;52;15
1;NATHAN;2015;52;12
1;NATHAN;2016;52;7
1;NATHAN;2017;52;9
1;NATHAN;2018;52;6
1;NATHAN;2019;52;9
1;NATHAN;2020;52;6
1;NATHAN;2021;52;13
1;NATHANAEL;2006;52;3
1;NATHANAËL;2014;52;3
1;NATHANAËL;2017;52;3
1;NATHANAËL;2020;52;3
1;NATHÉO;2016;52;3
1;NICOLAS;2000;52;15
1;NICOLAS;2001;52;11
1;NICOLAS;2002;52;11
1;NICOLAS;2003;52;11
1;NICOLAS;2004;52;11
1;NICOLAS;2005;52;7
1;NICOLAS;2006;52;4
1;NICOLAS;2007;52;6
1;NICOLAS;2008;52;3
1;NICOLAS;2009;52;3
1;NICOLAS;2011;52;4
1;NICOLAS;2016;52;4
1;NINO;2003;52;3
1;NINO;2006;52;3
1;NINO;2011;52;3
1;NINO;2012;52;5
1;NINO;2013;52;3
1;NINO;2014;52;4
1;NINO;2015;52;6
1;NINO;2016;52;4
1;NINO;2017;52;9
1;NINO;2019;52;7
1;NINO;2020;52;4
1;NINO;2021;52;3
1;NOA;2002;52;7
1;NOA;2004;52;6
1;NOA;2005;52;7
1;NOA;2006;52;8
1;NOA;2007;52;11
1;NOA;2008;52;7
1;NOA;2009;52;9
1;NOA;2010;52;6
1;NOA;2011;52;8
1;NOA;2012;52;5
1;NOA;2013;52;7
1;NOA;2015;52;3
1;NOA;2016;52;6
1;NOA;2017;52;4
1;NOA;2019;52;4
1;NOA;2020;52;4
1;NOA;2021;52;3
1;NOAH;2001;52;4
1;NOAH;2002;52;4
1;NOAH;2003;52;5
1;NOAH;2004;52;6
1;NOAH;2005;52;5
1;NOAH;2006;52;6
1;NOAH;2007;52;10
1;NOAH;2008;52;5
1;NOAH;2009;52;5
1;NOAH;2010;52;8
1;NOAH;2011;52;12
1;NOAH;2012;52;6
1;NOAH;2013;52;5
1;NOAH;2014;52;8
1;NOAH;2015;52;7
1;NOAH;2016;52;8
1;NOAH;2019;52;3
1;NOAH;2020;52;8
1;NOAH;2021;52;6
1;NOAM;2008;52;5
1;NOAM;2010;52;3
1;NOAM;2011;52;3
1;NOAM;2013;52;3
1;NOAM;2016;52;4
1;NOAM;2018;52;5
1;NOAM;2020;52;3
1;NOE;2002;52;4
1;NOE;2003;52;4
1;NOE;2005;52;5
1;NOE;2006;52;3
1;NOE;2008;52;7
1;NOE;2009;52;3
1;NOE;2010;52;9
1;NOE;2011;52;6
1;NOÉ;2011;52;4
1;NOÉ;2012;52;11
1;NOÉ;2013;52;3
1;NOÉ;2014;52;7
1;NOÉ;2015;52;8
1;NOÉ;2016;52;11
1;NOÉ;2017;52;9
1;NOÉ;2018;52;7
1;NOÉ;2019;52;7
1;NOÉ;2020;52;6
1;NOÉ;2021;52;4
1;NOHAM;2011;52;3
1;NOHAM;2012;52;3
1;NOLAN;2005;52;6
1;NOLAN;2006;52;5
1;NOLAN;2008;52;7
1;NOLAN;2009;52;7
1;NOLAN;2010;52;6
1;NOLAN;2011;52;12
1;NOLAN;2012;52;13
1;NOLAN;2013;52;13
1;NOLAN;2014;52;16
1;NOLAN;2015;52;11
1;NOLAN;2016;52;7
1;NOLAN;2017;52;6
1;NOLAN;2018;52;8
1;NOLAN;2019;52;9
1;NOLAN;2020;52;4
1;NOLAN;2021;52;4
1;NOLANN;2008;52;5
1;NOLANN;2009;52;4
1;NOLANN;2013;52;3
1;NOLHAN;2010;52;3
1;NOLHAN;2011;52;3
1;NOLHAN;2012;52;5
1;NOLHAN;2013;52;5
1;NOLHAN;2019;52;3
1;OSCAR;2015;52;3
1;OWEN;2018;52;5
1;OWEN;2020;52;7
1;PABLO;2020;52;5
1;PABLO;2021;52;4
1;PAOLO;2009;52;3
1;PAUL;2000;52;17
1;PAUL;2001;52;9
1;PAUL;2002;52;16
1;PAUL;2003;52;6
1;PAUL;2004;52;10
1;PAUL;2005;52;11
1;PAUL;2006;52;11
1;PAUL;2007;52;15
1;PAUL;2008;52;15
1;PAUL;2009;52;8
1;PAUL;2010;52;7
1;PAUL;2011;52;8
1;PAUL;2012;52;10
1;PAUL;2013;52;4
1;PAUL;2014;52;21
1;PAUL;2015;52;15
1;PAUL;2016;52;11
1;PAUL;2017;52;13
1;PAUL;2018;52;5
1;PAUL;2019;52;5
1;PAUL;2020;52;4
1;PAUL;2021;52;7
1;PIERRE;2000;52;9
1;PIERRE;2001;52;10
1;PIERRE;2002;52;10
1;PIERRE;2003;52;9
1;PIERRE;2004;52;8
1;PIERRE;2005;52;6
1;PIERRE;2006;52;8
1;PIERRE;2007;52;7
1;PIERRE;2008;52;7
1;PIERRE;2009;52;5
1;PIERRE;2010;52;6
1;PIERRE;2013;52;7
1;PIERRE;2014;52;4
1;PIERRE;2015;52;3
1;PIERRE;2021;52;3
1;QUENTIN;2000;52;26
1;QUENTIN;2001;52;19
1;QUENTIN;2002;52;15
1;QUENTIN;2003;52;16
1;QUENTIN;2004;52;12
1;QUENTIN;2005;52;10
1;QUENTIN;2006;52;10
1;QUENTIN;2007;52;8
1;QUENTIN;2008;52;7
1;QUENTIN;2009;52;10
1;QUENTIN;2011;52;4
1;QUENTIN;2012;52;4
1;QUENTIN;2014;52;5
1;RAFAEL;2006;52;3
1;RAFAËL;2015;52;3
1;RAPHAEL;2010;52;4
1;RAPHAEL;2011;52;5
1;RAPHAËL;2000;52;6
1;RAPHAËL;2001;52;3
1;RAPHAËL;2002;52;5
1;RAPHAËL;2004;52;3
1;RAPHAËL;2006;52;7
1;RAPHAËL;2007;52;6
1;RAPHAËL;2008;52;3
1;RAPHAËL;2009;52;3
1;RAPHAËL;2012;52;7
1;RAPHAËL;2013;52;4
1;RAPHAËL;2014;52;7
1;RAPHAËL;2015;52;5
1;RAPHAËL;2016;52;8
1;RAPHAËL;2017;52;6
1;RAPHAËL;2018;52;8
1;RAPHAËL;2019;52;6
1;RAPHAËL;2021;52;8
1;RAYAN;2005;52;3
1;RAYAN;2007;52;4
1;RAYAN;2009;52;3
1;RAYAN;2010;52;4
1;RAYAN;2012;52;3
1;RAYAN;2015;52;6
1;RAYAN;2016;52;6
1;RAYAN;2017;52;4
1;RAYAN;2018;52;4
1;RAYAN;2019;52;3
1;RÉMI;2000;52;9
1;RÉMI;2001;52;10
1;RÉMI;2002;52;8
1;RÉMI;2003;52;6
1;RÉMI;2004;52;6
1;RÉMY;2000;52;6
1;RÉMY;2001;52;9
1;RÉMY;2002;52;5
1;RÉMY;2003;52;5
1;ROBIN;2001;52;7
1;ROBIN;2003;52;4
1;ROBIN;2004;52;3
1;ROBIN;2005;52;5
1;ROBIN;2006;52;3
1;ROBIN;2007;52;5
1;ROBIN;2011;52;3
1;ROBIN;2012;52;6
1;ROBIN;2013;52;6
1;ROBIN;2014;52;4
1;ROBIN;2016;52;5
1;ROBIN;2017;52;3
1;ROBIN;2018;52;3
1;ROBIN;2021;52;9
1;ROMAIN;2000;52;16
1;ROMAIN;2001;52;11
1;ROMAIN;2002;52;19
1;ROMAIN;2003;52;14
1;ROMAIN;2004;52;6
1;ROMAIN;2008;52;4
1;ROMAIN;2009;52;6
1;ROMAIN;2011;52;5
1;ROMAN;2006;52;4
1;ROMÉO;2013;52;3
1;RUBEN;2009;52;3
1;RUBEN;2013;52;4
1;RUDY;2004;52;4
1;RYAN;2000;52;5
1;RYAN;2002;52;6
1;RYAN;2004;52;8
1;RYAN;2005;52;6
1;RYAN;2006;52;4
1;RYAN;2007;52;7
1;RYAN;2009;52;3
1;RYAN;2011;52;4
1;RYAN;2015;52;3
1;RYAN;2016;52;3
1;SACHA;2003;52;3
1;SACHA;2005;52;3
1;SACHA;2006;52;7
1;SACHA;2007;52;7
1;SACHA;2008;52;6
1;SACHA;2009;52;5
1;SACHA;2010;52;6
1;SACHA;2011;52;6
1;SACHA;2012;52;7
1;SACHA;2013;52;10
1;SACHA;2015;52;7
1;SACHA;2016;52;11
1;SACHA;2017;52;7
1;SACHA;2018;52;11
1;SACHA;2019;52;6
1;SACHA;2020;52;4
1;SACHA;2021;52;9
1;SAMI;2018;52;3
1;SAMUEL;2000;52;8
1;SAMUEL;2001;52;4
1;SAMUEL;2003;52;4
1;SAMUEL;2005;52;3
1;SAMUEL;2006;52;4
1;SAMUEL;2016;52;4
1;SAMUEL;2019;52;4
1;SAMUEL;2020;52;3
1;SAMY;2005;52;3
1;SANDRO;2007;52;3
1;SASHA;2014;52;3
1;SASHA;2021;52;3
1;SÉBASTIEN;2000;52;5
1;SÉBASTIEN;2004;52;3
1;SIMON;2000;52;6
1;SIMON;2001;52;3
1;SIMON;2004;52;4
1;SIMON;2005;52;3
1;SIMON;2007;52;3
1;SIMON;2009;52;5
1;SIMON;2014;52;4
1;SIMON;2016;52;3
1;SIMON;2019;52;3
1;SOAN;2016;52;3
1;SOAN;2017;52;5
1;SOAN;2018;52;4
1;SOAN;2020;52;4
1;SOAN;2021;52;5
1;SOFIANE;2002;52;3
1;SOFIANE;2004;52;4
1;SOFIANE;2005;52;3
1;SOFIANE;2009;52;3
1;SOFIANE;2012;52;3
1;SOFIANE;2013;52;3
1;SOFIANE;2015;52;3
1;SOHAN;2017;52;3
1;SOHAN;2020;52;3
1;SOREN;2006;52;3
1;STAN;2014;52;4
1;STANISLAS;2001;52;3
1;STEVEN;2000;52;7
1;STEVEN;2001;52;7
1;STEVEN;2003;52;5
1;SULLIVAN;2003;52;3
1;SULLYVAN;2004;52;3
1;SWAN;2020;52;4
1;SYLVAIN;2000;52;3
1;SYLVAIN;2004;52;3
1;TANGUY;2000;52;7
1;TANGUY;2001;52;5
1;TANGUY;2002;52;3
1;TANGUY;2003;52;3
1;TEDDY;2001;52;3
1;TEDDY;2003;52;3
1;TÉO;2008;52;3
1;TÉO;2014;52;3
1;THEO;2010;52;4
1;THEO;2011;52;8
1;THÉO;2000;52;28
1;THÉO;2001;52;33
1;THÉO;2002;52;31
1;THÉO;2003;52;29
1;THÉO;2004;52;23
1;THÉO;2005;52;22
1;THÉO;2006;52;14
1;THÉO;2007;52;15
1;THÉO;2008;52;18
1;THÉO;2009;52;15
1;THÉO;2010;52;6
1;THÉO;2011;52;8
1;THÉO;2012;52;16
1;THÉO;2013;52;12
1;THÉO;2014;52;12
1;THÉO;2015;52;7
1;THÉO;2016;52;6
1;THÉO;2018;52;8
1;THÉO;2019;52;3
1;THÉO;2021;52;3
1;THIAGO;2013;52;3
1;THIAGO;2017;52;3
1;THIAGO;2018;52;4
1;THIAGO;2019;52;4
1;THIAGO;2020;52;5
1;THIBAULT;2000;52;4
1;THIBAULT;2001;52;6
1;THIBAULT;2002;52;3
1;THIBAULT;2004;52;4
1;THIBAULT;2005;52;6
1;THIBAULT;2006;52;3
1;THIBAULT;2016;52;4
1;THIBAUT;2000;52;4
1;THIBAUT;2001;52;4
1;THIBAUT;2002;52;3
1;THIBAUT;2004;52;8
1;THIBAUT;2005;52;6
1;THIBAUT;2008;52;4
1;THIBAUT;2010;52;5
1;THIBAUT;2013;52;3
1;THOMAS;2000;52;16
1;THOMAS;2001;52;33
1;THOMAS;2002;52;26
1;THOMAS;2003;52;22
1;THOMAS;2004;52;24
1;THOMAS;2005;52;14
1;THOMAS;2006;52;15
1;THOMAS;2007;52;9
1;THOMAS;2008;52;3
1;THOMAS;2009;52;8
1;THOMAS;2010;52;9
1;THOMAS;2011;52;5
1;THOMAS;2012;52;5
1;THOMAS;2013;52;4
1;THOMAS;2014;52;5
1;THOMAS;2015;52;6
1;THOMAS;2017;52;4
1;THYAGO;2019;52;3
1;THYMÉO;2013;52;3
1;THYMÉO;2014;52;5
1;THYMÉO;2015;52;3
1;TIAGO;2012;52;3
1;TIAGO;2016;52;6
1;TIAGO;2017;52;3
1;TIAGO;2018;52;5
1;TIAGO;2019;52;14
1;TIAGO;2020;52;8
1;TIAGO;2021;52;8
1;TIM;2009;52;3
1;TIM;2010;52;3
1;TIM;2017;52;4
1;TIM;2018;52;4
1;TIMEO;2006;52;7
1;TIMEO;2007;52;10
1;TIMEO;2008;52;9
1;TIMEO;2009;52;6
1;TIMEO;2010;52;22
1;TIMEO;2011;52;12
1;TIMÉO;2011;52;7
1;TIMÉO;2012;52;16
1;TIMÉO;2013;52;12
1;TIMÉO;2014;52;12
1;TIMÉO;2015;52;17
1;TIMÉO;2016;52;9
1;TIMÉO;2017;52;7
1;TIMÉO;2018;52;10
1;TIMÉO;2019;52;11
1;TIMÉO;2020;52;5
1;TIMÉO;2021;52;5
1;TIMOTHE;2008;52;3
1;TIMOTHÉE;2009;52;3
1;TINO;2007;52;3
1;TITOUAN;2014;52;3
1;TOBIAS;2017;52;3
1;TOM;2000;52;8
1;TOM;2001;52;7
1;TOM;2002;52;19
1;TOM;2003;52;6
1;TOM;2004;52;13
1;TOM;2005;52;16
1;TOM;2006;52;10
1;TOM;2007;52;15
1;TOM;2008;52;15
1;TOM;2009;52;10
1;TOM;2010;52;17
1;TOM;2011;52;8
1;TOM;2012;52;13
1;TOM;2013;52;8
1;TOM;2014;52;13
1;TOM;2015;52;13
1;TOM;2016;52;12
1;TOM;2018;52;13
1;TOM;2019;52;14
1;TOM;2020;52;10
1;TOM;2021;52;8
1;TONY;2000;52;3
1;TONY;2001;52;3
1;TONY;2005;52;3
1;TONY;2007;52;3
1;TONY;2015;52;3
1;TRISTAN;2000;52;8
1;TRISTAN;2001;52;11
1;TRISTAN;2002;52;5
1;TRISTAN;2003;52;7
1;TRISTAN;2004;52;6
1;TRISTAN;2005;52;5
1;TRISTAN;2006;52;3
1;TRISTAN;2007;52;3
1;TRISTAN;2009;52;4
1;TRISTAN;2011;52;3
1;TRISTAN;2012;52;4
1;TRISTAN;2019;52;3
1;TYLER;2016;52;3
1;TYMÉO;2013;52;3
1;TYMÉO;2014;52;3
1;TYMÉO;2015;52;3
1;UGO;2004;52;3
1;VALENTIN;2000;52;20
1;VALENTIN;2001;52;18
1;VALENTIN;2002;52;13
1;VALENTIN;2003;52;12
1;VALENTIN;2004;52;9
1;VALENTIN;2005;52;7
1;VALENTIN;2006;52;5
1;VALENTIN;2007;52;6
1;VALENTIN;2008;52;4
1;VALENTIN;2009;52;4
1;VALENTIN;2011;52;5
1;VALENTIN;2012;52;7
1;VALENTIN;2014;52;6
1;VALENTIN;2015;52;6
1;VALENTIN;2016;52;4
1;VALENTIN;2017;52;4
1;VALENTIN;2018;52;5
1;VALENTIN;2019;52;4
1;VALENTIN;2020;52;7
1;VALENTIN;2021;52;4
1;VICTOR;2000;52;6
1;VICTOR;2001;52;3
1;VICTOR;2002;52;3
1;VICTOR;2003;52;6
1;VICTOR;2004;52;6
1;VICTOR;2005;52;3
1;VICTOR;2006;52;9
1;VICTOR;2008;52;4
1;VICTOR;2009;52;4
1;VICTOR;2010;52;5
1;VICTOR;2011;52;4
1;VICTOR;2014;52;3
1;VICTOR;2015;52;3
1;VICTOR;2016;52;3
1;VICTOR;2017;52;7
1;VICTOR;2019;52;3
1;VICTOR;2020;52;5
1;VICTOR;2021;52;4
1;VINCENT;2000;52;6
1;VINCENT;2001;52;5
1;VINCENT;2005;52;3
1;VINCENT;2006;52;5
1;WILLIAM;2016;52;3
1;WILLIAM;2017;52;4
1;WYATT;2020;52;3
1;YACINE;2002;52;4
1;YACINE;2005;52;3
1;YAEL;2007;52;4
1;YANIS;2000;52;6
1;YANIS;2002;52;4
1;YANIS;2003;52;8
1;YANIS;2004;52;9
1;YANIS;2005;52;15
1;YANIS;2006;52;5
1;YANIS;2007;52;16
1;YANIS;2008;52;10
1;YANIS;2009;52;13
1;YANIS;2010;52;10
1;YANIS;2011;52;12
1;YANIS;2012;52;9
1;YANIS;2013;52;7
1;YANIS;2014;52;7
1;YANIS;2015;52;5
1;YANIS;2016;52;4
1;YANIS;2017;52;4
1;YANIS;2018;52;3
1;YANN;2001;52;5
1;YANN;2003;52;5
1;YANN;2004;52;3
1;YANN;2005;52;4
1;YANN;2011;52;5
1;YANN;2014;52;3
1;YANNIS;2001;52;5
1;YANNIS;2006;52;3
1;YASSINE;2020;52;3
1;YLAN;2010;52;3
1;YLAN;2013;52;3
1;YLAN;2016;52;3
1;YOANN;2003;52;4
1;YOHAN;2004;52;3
1;YOUSSEF;2021;52;3
2;_PRENOMS_RARES;2000;52;14
2;_PRENOMS_RARES;2001;52;20
2;_PRENOMS_RARES;2002;52;34
2;_PRENOMS_RARES;2003;52;21
2;_PRENOMS_RARES;2004;52;26
2;_PRENOMS_RARES;2005;52;29
2;_PRENOMS_RARES;2006;52;26
2;_PRENOMS_RARES;2007;52;23
2;_PRENOMS_RARES;2008;52;30
2;_PRENOMS_RARES;2009;52;43
2;_PRENOMS_RARES;2010;52;32
2;_PRENOMS_RARES;2011;52;38
2;_PRENOMS_RARES;2012;52;38
2;_PRENOMS_RARES;2013;52;42
2;_PRENOMS_RARES;2014;52;53
2;_PRENOMS_RARES;2015;52;48
2;_PRENOMS_RARES;2016;52;24
2;_PRENOMS_RARES;2017;52;46
2;_PRENOMS_RARES;2018;52;43
2;_PRENOMS_RARES;2019;52;50
2;_PRENOMS_RARES;2020;52;47
2;_PRENOMS_RARES;2021;52;49
2;ADÈLE;2000;52;3
2;ADÈLE;2006;52;4
2;ADÈLE;2014;52;4
2;ADÈLE;2015;52;4
2;ADÈLE;2017;52;5
2;ADÈLE;2019;52;3
2;ADÈLE;2020;52;3
2;ADELINE;2001;52;3
2;ADELINE;2002;52;4
2;ADELINE;2003;52;4
2;AGATHE;2000;52;3
2;AGATHE;2007;52;6
2;AGATHE;2009;52;3
2;AGATHE;2010;52;3
2;AGATHE;2011;52;3
2;AGATHE;2012;52;4
2;AGATHE;2014;52;4
2;AGATHE;2016;52;6
2;AGATHE;2017;52;3
2;AGATHE;2018;52;3
2;AGATHE;2020;52;11
2;AGATHE;2021;52;4
2;ALBA;2021;52;4
2;ALEXANDRA;2000;52;6
2;ALEXANDRA;2002;52;3
2;ALEXIA;2000;52;9
2;ALEXIA;2001;52;5
2;ALEXIA;2002;52;7
2;ALEXIA;2003;52;5
2;ALEXIA;2005;52;3
2;ALEXIA;2007;52;3
2;ALEXIA;2008;52;4
2;ALICE;2000;52;4
2;ALICE;2001;52;6
2;ALICE;2002;52;4
2;ALICE;2003;52;7
2;ALICE;2004;52;6
2;ALICE;2006;52;3
2;ALICE;2007;52;5
2;ALICE;2009;52;4
2;ALICE;2010;52;4
2;ALICE;2011;52;4
2;ALICE;2012;52;3
2;ALICE;2013;52;8
2;ALICE;2014;52;12
2;ALICE;2015;52;7
2;ALICE;2016;52;7
2;ALICE;2017;52;8
2;ALICE;2018;52;10
2;ALICE;2019;52;11
2;ALICE;2020;52;8
2;ALICE;2021;52;10
2;ALICIA;2000;52;9
2;ALICIA;2001;52;7
2;ALICIA;2002;52;9
2;ALICIA;2003;52;6
2;ALICIA;2004;52;8
2;ALICIA;2005;52;8
2;ALICIA;2006;52;5
2;ALICIA;2007;52;4
2;ALICIA;2008;52;6
2;ALICIA;2010;52;4
2;ALICIA;2011;52;4
2;ALICIA;2013;52;4
2;ALICIA;2014;52;4
2;ALICIA;2015;52;4
2;ALINE;2000;52;3
2;ALISON;2000;52;5
2;ALISON;2004;52;3
2;ALIX;2012;52;4
2;ALIX;2014;52;4
2;ALIX;2017;52;4
2;ALIX;2018;52;5
2;ALIX;2019;52;6
2;ALIX;2020;52;7
2;ALIX;2021;52;3
2;ALIZÉE;2000;52;4
2;ALIZÉE;2001;52;4
2;ALIZÉE;2004;52;3
2;ALIZÉE;2005;52;3
2;ALIZÉE;2006;52;4
2;ALIZÉE;2007;52;3
2;ALIZÉE;2008;52;3
2;ALYA;2017;52;3
2;ALYA;2020;52;4
2;ALYCIA;2003;52;3
2;ALYCIA;2005;52;3
2;ALYSON;2006;52;3
2;ALYSSA;2011;52;4
2;AMANDINE;2000;52;9
2;AMANDINE;2001;52;9
2;AMANDINE;2002;52;5
2;AMANDINE;2003;52;4
2;AMANDINE;2004;52;6
2;AMANDINE;2005;52;4
2;AMANDINE;2006;52;5
2;AMANDINE;2012;52;3
2;AMBRE;2002;52;6
2;AMBRE;2003;52;8
2;AMBRE;2004;52;4
2;AMBRE;2005;52;8
2;AMBRE;2006;52;5
2;AMBRE;2007;52;3
2;AMBRE;2008;52;4
2;AMBRE;2009;52;5
2;AMBRE;2010;52;4
2;AMBRE;2011;52;4
2;AMBRE;2012;52;11
2;AMBRE;2013;52;8
2;AMBRE;2014;52;11
2;AMBRE;2015;52;8
2;AMBRE;2017;52;9
2;AMBRE;2018;52;5
2;AMBRE;2019;52;7
2;AMBRE;2020;52;9
2;AMBRE;2021;52;12
2;AMÉLIA;2000;52;3
2;AMÉLIA;2004;52;3
2;AMÉLIE;2000;52;5
2;AMÉLIE;2001;52;8
2;AMÉLIE;2002;52;5
2;AMÉLIE;2003;52;7
2;AMÉLIE;2004;52;3
2;AMINA;2012;52;3
2;ANAE;2008;52;3
2;ANAE;2011;52;3
2;ANAÉ;2011;52;3
2;ANAÉ;2016;52;3
2;ANAÉ;2020;52;4
2;ANAELLE;2003;52;3
2;ANAELLE;2004;52;3
2;ANAELLE;2005;52;4
2;ANAELLE;2008;52;3
2;ANAELLE;2009;52;7
2;ANAELLE;2011;52;4
2;ANAIS;2010;52;3
2;ANAÏS;2000;52;14
2;ANAÏS;2001;52;18
2;ANAÏS;2002;52;7
2;ANAÏS;2003;52;12
2;ANAÏS;2004;52;13
2;ANAÏS;2005;52;9
2;ANAÏS;2006;52;8
2;ANAÏS;2007;52;9
2;ANAÏS;2008;52;5
2;ANAÏS;2009;52;5
2;ANAÏS;2010;52;4
2;ANAÏS;2011;52;4
2;ANAÏS;2012;52;4
2;ANAÏS;2014;52;5
2;ANAÏS;2017;52;3
2;ANAÏS;2019;52;3
2;ANDRÉA;2000;52;3
2;ANDRÉA;2001;52;3
2;ANDRÉA;2003;52;3
2;ANDRÉA;2012;52;3
2;ANDRÉA;2016;52;3
2;ANGELINA;2003;52;3
2;ANGELINA;2006;52;5
2;ANGELINA;2007;52;4
2;ANGELINA;2010;52;3
2;ANGELINE;2001;52;3
2;ANISSA;2004;52;5
2;ANNA;2003;52;4
2;ANNA;2006;52;4
2;ANNA;2008;52;5
2;ANNA;2010;52;6
2;ANNA;2011;52;3
2;ANNA;2012;52;4
2;ANNA;2013;52;3
2;ANNA;2014;52;3
2;ANNA;2015;52;6
2;ANNA;2016;52;5
2;ANNA;2017;52;3
2;ANNA;2018;52;5
2;ANNA;2019;52;7
2;ANNA;2020;52;5
2;ANNA;2021;52;3
2;APOLLINE;2006;52;4
2;APOLLINE;2007;52;4
2;APOLLINE;2020;52;4
2;ARIA;2018;52;3
2;ARYA;2018;52;3
2;ASHLEY;2015;52;3
2;ASHLEY;2017;52;3
2;AUDREY;2000;52;5
2;AUDREY;2001;52;4
2;AUDREY;2002;52;3
2;AUGUSTINE;2016;52;3
2;AURELIA;2001;52;3
2;AURÉLIE;2003;52;3
2;AURORE;2000;52;4
2;AURORE;2001;52;3
2;AVA;2021;52;5
2;AXELLE;2000;52;3
2;AXELLE;2002;52;5
2;AXELLE;2003;52;7
2;AXELLE;2004;52;3
2;AYA;2015;52;5
2;AYA;2017;52;3
2;AYA;2020;52;5
2;BÉRÉNICE;2003;52;3
2;BÉRÉNICE;2008;52;3
2;CALIE;2013;52;4
2;CALIE;2018;52;3
2;CAMILLE;2000;52;21
2;CAMILLE;2001;52;27
2;CAMILLE;2002;52;18
2;CAMILLE;2003;52;15
2;CAMILLE;2004;52;18
2;CAMILLE;2005;52;17
2;CAMILLE;2006;52;17
2;CAMILLE;2007;52;21
2;CAMILLE;2008;52;10
2;CAMILLE;2009;52;14
2;CAMILLE;2010;52;10
2;CAMILLE;2011;52;9
2;CAMILLE;2012;52;5
2;CAMILLE;2013;52;14
2;CAMILLE;2014;52;10
2;CAMILLE;2015;52;7
2;CAMILLE;2016;52;5
2;CAMILLE;2017;52;7
2;CAMILLE;2018;52;13
2;CAMILLE;2019;52;3
2;CAMILLE;2020;52;3
2;CAMILLE;2021;52;4
2;CANDICE;2001;52;4
2;CANDICE;2002;52;3
2;CANDICE;2003;52;4
2;CANDICE;2004;52;6
2;CANDICE;2006;52;3
2;CANDICE;2007;52;3
2;CANDICE;2014;52;3
2;CANDICE;2015;52;5
2;CANDICE;2019;52;3
2;CANDICE;2021;52;3
2;CAPUCINE;2003;52;3
2;CAPUCINE;2010;52;3
2;CAPUCINE;2012;52;3
2;CAPUCINE;2013;52;4
2;CAPUCINE;2014;52;3
2;CAPUCINE;2015;52;5
2;CAPUCINE;2017;52;6
2;CAPUCINE;2018;52;4
2;CAPUCINE;2019;52;4
2;CAPUCINE;2020;52;6
2;CAPUCINE;2021;52;5
2;CARLA;2002;52;3
2;CARLA;2004;52;4
2;CARLA;2007;52;3
2;CAROLINE;2002;52;3
2;CAROLINE;2003;52;4
2;CASSANDRA;2000;52;4
2;CASSANDRA;2001;52;4
2;CASSANDRA;2002;52;3
2;CASSANDRA;2004;52;7
2;CASSANDRA;2005;52;3
2;CASSANDRA;2006;52;3
2;CASSANDRA;2007;52;3
2;CASSANDRA;2013;52;3
2;CASSANDRE;2003;52;4
2;CASSANDRE;2011;52;3
2;CÉCILE;2001;52;5
2;CÉCILIA;2001;52;4
2;CÉCILIA;2002;52;4
2;CÉCILIA;2008;52;3
2;CÉLESTE;2019;52;3
2;CELIA;2010;52;4
2;CELIA;2011;52;6
2;CÉLIA;2000;52;9
2;CÉLIA;2001;52;8
2;CÉLIA;2002;52;9
2;CÉLIA;2003;52;10
2;CÉLIA;2004;52;9
2;CÉLIA;2005;52;8
2;CÉLIA;2006;52;10
2;CÉLIA;2007;52;7
2;CÉLIA;2008;52;4
2;CÉLIA;2009;52;5
2;CÉLIA;2010;52;4
2;CÉLIA;2012;52;5
2;CÉLIA;2013;52;3
2;CÉLIA;2014;52;4
2;CÉLIA;2015;52;4
2;CÉLIA;2016;52;5
2;CÉLIA;2017;52;6
2;CÉLIA;2020;52;4
2;CÉLINE;2000;52;4
2;CÉLINE;2002;52;4
2;CÉLYA;2014;52;3
2;CHARLÈNE;2003;52;3
2;CHARLIE;2015;52;4
2;CHARLIE;2016;52;3
2;CHARLIE;2017;52;3
2;CHARLIE;2019;52;5
2;CHARLIE;2020;52;4
2;CHARLINE;2001;52;3
2;CHARLINE;2011;52;6
2;CHARLOTTE;2000;52;7
2;CHARLOTTE;2001;52;8
2;CHARLOTTE;2002;52;7
2;CHARLOTTE;2003;52;5
2;CHARLOTTE;2004;52;4
2;CHARLOTTE;2005;52;6
2;CHARLOTTE;2006;52;6
2;CHARLOTTE;2007;52;4
2;CHARLOTTE;2008;52;10
2;CHARLOTTE;2009;52;3
2;CHARLOTTE;2010;52;4
2;CHARLOTTE;2011;52;7
2;CHARLOTTE;2012;52;4
2;CHARLOTTE;2014;52;5
2;CHARLOTTE;2015;52;4
2;CHARLOTTE;2016;52;5
2;CHARLOTTE;2017;52;4
2;CHARLOTTE;2018;52;6
2;CHARLOTTE;2021;52;6
2;CHEYENNE;2006;52;3
2;CHIARA;2004;52;3
2;CHIARA;2011;52;3
2;CHLOE;2010;52;9
2;CHLOE;2011;52;7
2;CHLOÉ;2000;52;17
2;CHLOÉ;2001;52;21
2;CHLOÉ;2002;52;25
2;CHLOÉ;2003;52;21
2;CHLOÉ;2004;52;22
2;CHLOÉ;2005;52;16
2;CHLOÉ;2006;52;9
2;CHLOÉ;2007;52;21
2;CHLOÉ;2008;52;12
2;CHLOÉ;2009;52;12
2;CHLOÉ;2010;52;8
2;CHLOÉ;2011;52;10
2;CHLOÉ;2012;52;15
2;CHLOÉ;2013;52;15
2;CHLOÉ;2014;52;12
2;CHLOÉ;2015;52;19
2;CHLOÉ;2016;52;10
2;CHLOÉ;2017;52;9
2;CHLOÉ;2018;52;8
2;CHLOÉ;2019;52;8
2;CHLOÉ;2020;52;7
2;CHLOÉ;2021;52;12
2;CINDY;2002;52;3
2;CLAIRE;2000;52;4
2;CLAIRE;2001;52;7
2;CLAIRE;2002;52;8
2;CLAIRE;2003;52;5
2;CLAIRE;2006;52;4
2;CLAIRE;2008;52;3
2;CLAIRE;2013;52;3
2;CLARA;2000;52;11
2;CLARA;2001;52;14
2;CLARA;2002;52;17
2;CLARA;2003;52;3
2;CLARA;2004;52;16
2;CLARA;2005;52;17
2;CLARA;2006;52;11
2;CLARA;2007;52;18
2;CLARA;2008;52;13
2;CLARA;2009;52;7
2;CLARA;2010;52;16
2;CLARA;2011;52;6
2;CLARA;2012;52;11
2;CLARA;2013;52;8
2;CLARA;2014;52;8
2;CLARA;2016;52;5
2;CLARA;2017;52;4
2;CLARA;2018;52;4
2;CLARISSE;2000;52;3
2;CLARISSE;2002;52;5
2;CLARISSE;2006;52;3
2;CLARISSE;2007;52;3
2;CLARISSE;2008;52;5
2;CLARISSE;2009;52;5
2;CLARISSE;2014;52;4
2;CLÉA;2006;52;4
2;CLÉA;2008;52;3
2;CLÉA;2009;52;4
2;CLÉA;2012;52;3
2;CLÉA;2013;52;3
2;CLÉA;2014;52;6
2;CLÉA;2017;52;4
2;CLÉA;2018;52;3
2;CLÉA;2020;52;4
2;CLELIA;2001;52;3
2;CLÉMENCE;2000;52;8
2;CLÉMENCE;2001;52;5
2;CLÉMENCE;2002;52;7
2;CLÉMENCE;2003;52;3
2;CLÉMENCE;2004;52;5
2;CLÉMENCE;2005;52;3
2;CLÉMENCE;2006;52;5
2;CLÉMENCE;2007;52;10
2;CLÉMENCE;2008;52;9
2;CLÉMENCE;2009;52;6
2;CLÉMENCE;2010;52;4
2;CLÉMENCE;2011;52;4
2;CLÉMENCE;2012;52;3
2;CLÉMENCE;2013;52;4
2;CLÉMENCE;2014;52;5
2;CLÉMENCE;2015;52;5
2;CLÉMENCE;2016;52;3
2;CLÉMENCE;2018;52;6
2;CLÉMENCE;2019;52;4
2;CLÉMENCE;2020;52;5
2;CLÉMENCE;2021;52;6
2;CLÉMENTINE;2000;52;5
2;CLÉMENTINE;2005;52;3
2;CLÉMENTINE;2016;52;4
2;CLOE;2000;52;3
2;CLOE;2001;52;4
2;CLOE;2002;52;4
2;CLOE;2003;52;5
2;CLOE;2005;52;3
2;CLOE;2006;52;4
2;CLOE;2007;52;4
2;CLOÉ;2013;52;3
2;COLINE;2002;52;4
2;COLINE;2011;52;3
2;CONSTANCE;2020;52;4
2;CORALIE;2000;52;8
2;CORALIE;2001;52;5
2;CORALIE;2002;52;5
2;CORALIE;2003;52;8
2;CORALIE;2004;52;3
2;CORALIE;2006;52;3
2;CORALIE;2007;52;4
2;DEBORAH;2000;52;3
2;DONIA;2003;52;3
2;DORIANE;2000;52;3
2;EDEN;2016;52;4
2;EDEN;2017;52;3
2;ELEA;2000;52;3
2;ELEA;2010;52;3
2;ELÉA;2018;52;3
2;ELENA;2003;52;5
2;ELENA;2004;52;4
2;ELENA;2009;52;5
2;ELENA;2010;52;5
2;ELENA;2011;52;4
2;ELENA;2013;52;3
2;ELENA;2016;52;4
2;ELÉNA;2012;52;5
2;ELÉNA;2013;52;8
2;ELÉNA;2014;52;4
2;ELÉNA;2015;52;3
2;ELÉNA;2018;52;4
2;ELÉNA;2019;52;4
2;ELÉNA;2021;52;4
2;ÉLÉNA;2018;52;3
2;ELEONORE;2006;52;4
2;ELÉONORE;2012;52;4
2;ÉLÉONORE;2020;52;3
2;ELINA;2003;52;3
2;ELINA;2006;52;3
2;ELINA;2009;52;4
2;ELINA;2010;52;3
2;ELINA;2011;52;6
2;ELINA;2012;52;3
2;ELINA;2013;52;6
2;ELINA;2014;52;4
2;ELINA;2019;52;3
2;ELINE;2000;52;3
2;ELINE;2014;52;3
2;ELINE;2016;52;3
2;ELISA;2000;52;3
2;ELISA;2001;52;9
2;ELISA;2002;52;3
2;ELISA;2003;52;4
2;ELISA;2004;52;5
2;ELISA;2005;52;6
2;ELISA;2006;52;5
2;ELISA;2007;52;4
2;ELISA;2009;52;3
2;ELISA;2010;52;5
2;ELISA;2011;52;3
2;ELISA;2014;52;3
2;ELISA;2015;52;3
2;ELISA;2017;52;4
2;ELISE;2001;52;9
2;ELISE;2002;52;4
2;ELISE;2004;52;3
2;ELISE;2010;52;4
2;ELISE;2011;52;3
2;ELISE;2013;52;3
2;ELISE;2015;52;4
2;ELISE;2016;52;4
2;ELISE;2020;52;3
2;ELODIE;2000;52;9
2;ELODIE;2001;52;5
2;ELODIE;2003;52;3
2;ELODIE;2010;52;3
2;ELOISE;2000;52;4
2;ELOISE;2003;52;7
2;ELOISE;2006;52;3
2;ELOISE;2008;52;4
2;ELOISE;2009;52;4
2;ELOISE;2010;52;4
2;ELOÏSE;2017;52;8
2;ELSA;2000;52;5
2;ELSA;2001;52;10
2;ELSA;2002;52;3
2;ELSA;2003;52;7
2;ELSA;2004;52;3
2;ELSA;2006;52;3
2;ELSA;2008;52;8
2;ELSA;2009;52;6
2;ELSA;2010;52;3
2;ELSA;2012;52;3
2;ELSA;2013;52;4
2;ELSA;2014;52;5
2;ELSA;2015;52;3
2;ELSA;2016;52;6
2;ELSA;2017;52;5
2;ELYA;2018;52;3
2;ELYA;2019;52;3
2;ELYA;2021;52;3
2;ELYNE;2009;52;3
2;EMELINE;2000;52;4
2;EMELINE;2001;52;3
2;EMELINE;2002;52;4
2;EMELINE;2004;52;3
2;EMELINE;2005;52;3
2;EMIE;2012;52;3
2;EMILIE;2000;52;14
2;EMILIE;2001;52;5
2;EMILIE;2002;52;7
2;EMILIE;2003;52;9
2;EMILIE;2004;52;5
2;EMILIE;2005;52;5
2;EMILIE;2006;52;4
2;EMILIE;2007;52;6
2;EMILIE;2009;52;3
2;EMILIE;2010;52;3
2;EMILIE;2011;52;4
2;EMMA;2000;52;20
2;EMMA;2001;52;13
2;EMMA;2002;52;12
2;EMMA;2003;52;16
2;EMMA;2004;52;10
2;EMMA;2005;52;20
2;EMMA;2006;52;20
2;EMMA;2007;52;19
2;EMMA;2008;52;13
2;EMMA;2009;52;18
2;EMMA;2010;52;20
2;EMMA;2011;52;23
2;EMMA;2012;52;10
2;EMMA;2013;52;11
2;EMMA;2014;52;12
2;EMMA;2015;52;12
2;EMMA;2016;52;14
2;EMMA;2017;52;9
2;EMMA;2018;52;7
2;EMMA;2019;52;20
2;EMMA;2020;52;5
2;EMMA;2021;52;10
2;EMMIE;2012;52;3
2;EMMY;2008;52;3
2;EMMY;2009;52;3
2;EMMY;2010;52;3
2;EMMY;2011;52;3
2;EMMY;2014;52;10
2;EMMY;2015;52;4
2;EMMY;2017;52;4
2;EMMY;2020;52;3
2;EMY;2005;52;4
2;EMY;2006;52;4
2;EMY;2010;52;5
2;EMY;2011;52;4
2;EMY;2014;52;4
2;EMY;2015;52;3
2;EMY;2017;52;4
2;EMY;2018;52;4
2;EMY;2019;52;3
2;EMY;2020;52;5
2;EMY;2021;52;3
2;ENOLA;2005;52;5
2;ENOLA;2007;52;4
2;ENOLA;2010;52;4
2;ENOLA;2014;52;4
2;ENORA;2015;52;5
2;ÉNORA;2014;52;3
2;ESTELLE;2000;52;3
2;ESTHER;2003;52;3
2;EVA;2000;52;17
2;EVA;2001;52;9
2;EVA;2002;52;10
2;EVA;2003;52;7
2;EVA;2004;52;12
2;EVA;2005;52;11
2;EVA;2006;52;11
2;EVA;2007;52;7
2;EVA;2008;52;6
2;EVA;2009;52;8
2;EVA;2010;52;9
2;EVA;2011;52;4
2;EVA;2012;52;8
2;EVA;2013;52;8
2;EVA;2014;52;4
2;EVA;2015;52;5
2;EVA;2016;52;7
2;EVA;2018;52;3
2;EVA;2019;52;3
2;EVA;2021;52;7
2;EVE;2000;52;3
2;EVE;2005;52;3
2;EVE;2012;52;3
2;FANNY;2000;52;4
2;FANNY;2001;52;5
2;FANNY;2003;52;3
2;FANNY;2005;52;6
2;FANNY;2011;52;3
2;FAUSTINE;2007;52;3
2;FAUSTINE;2009;52;3
2;FAUSTINE;2010;52;3
2;FAUSTINE;2011;52;3
2;FAUSTINE;2014;52;5
2;FAUSTINE;2016;52;4
2;FIONA;2001;52;4
2;FIONA;2005;52;3
2;FIONA;2007;52;5
2;FLAVIE;2000;52;3
2;FLAVIE;2001;52;3
2;FLAVIE;2003;52;4
2;FLAVIE;2004;52;7
2;FLAVIE;2005;52;4
2;FLAVIE;2007;52;3
2;FLORA;2001;52;4
2;FLORA;2003;52;4
2;FLORA;2006;52;5
2;FLORINE;2001;52;3
2;FLORINE;2004;52;3
2;FLORINE;2006;52;4
2;GABRIELLE;2000;52;3
2;GABRIELLE;2003;52;3
2;GABRIELLE;2006;52;3
2;GABRIELLE;2010;52;3
2;GABRIELLE;2013;52;4
2;GABRIELLE;2020;52;5
2;GAELLE;2001;52;3
2;GIULIA;2016;52;4
2;GIULIA;2017;52;3
2;GWENAELLE;2007;52;3
2;GWENDOLINE;2000;52;5
2;GWENDOLINE;2001;52;3
2;GWENDOLINE;2003;52;3
2;HANNA;2017;52;3
2;HELENA;2009;52;3
2;HÉLOÏSE;2006;52;3
2;HÉLOÏSE;2020;52;3
2;ILIANA;2009;52;3
2;ILIANA;2013;52;3
2;ILONA;2000;52;3
2;ILONA;2002;52;3
2;ILONA;2004;52;4
2;ILONA;2005;52;6
2;ILONA;2006;52;4
2;ILYANA;2012;52;3
2;INAYA;2008;52;3
2;INAYA;2012;52;6
2;INAYA;2013;52;3
2;INAYA;2015;52;6
2;INAYA;2016;52;5
2;INAYA;2017;52;7
2;INAYA;2018;52;5
2;INAYA;2020;52;4
2;INAYA;2021;52;3
2;INES;2010;52;5
2;INES;2011;52;3
2;INES;2014;52;3
2;INÈS;2000;52;10
2;INÈS;2001;52;7
2;INÈS;2002;52;4
2;INÈS;2003;52;7
2;INÈS;2004;52;5
2;INÈS;2005;52;10
2;INÈS;2006;52;9
2;INÈS;2007;52;9
2;INÈS;2008;52;15
2;INÈS;2009;52;10
2;INÈS;2010;52;3
2;INÈS;2012;52;4
2;INÈS;2013;52;4
2;INÈS;2014;52;4
2;INÈS;2015;52;5
2;INÈS;2016;52;6
2;INÈS;2017;52;6
2;INÈS;2018;52;5
2;INÈS;2019;52;8
2;INÈS;2020;52;7
2;IRIS;2018;52;3
2;IRIS;2019;52;7
2;IRIS;2021;52;4
2;ISAURE;2005;52;3
2;JADE;2000;52;3
2;JADE;2001;52;6
2;JADE;2002;52;6
2;JADE;2003;52;3
2;JADE;2004;52;6
2;JADE;2005;52;15
2;JADE;2006;52;16
2;JADE;2007;52;6
2;JADE;2008;52;26
2;JADE;2009;52;6
2;JADE;2010;52;14
2;JADE;2011;52;9
2;JADE;2012;52;8
2;JADE;2013;52;16
2;JADE;2014;52;12
2;JADE;2015;52;10
2;JADE;2016;52;9
2;JADE;2017;52;10
2;JADE;2018;52;9
2;JADE;2019;52;12
2;JADE;2020;52;11
2;JADE;2021;52;6
2;JANA;2015;52;3
2;JANNAH;2021;52;5
2;JEANNE;2000;52;3
2;JEANNE;2003;52;6
2;JEANNE;2004;52;4
2;JEANNE;2006;52;6
2;JEANNE;2007;52;4
2;JEANNE;2008;52;5
2;JEANNE;2010;52;3
2;JEANNE;2011;52;6
2;JEANNE;2012;52;5
2;JEANNE;2013;52;8
2;JEANNE;2014;52;3
2;JEANNE;2015;52;4
2;JEANNE;2017;52;3
2;JEANNE;2018;52;5
2;JEANNE;2020;52;6
2;JEANNE;2021;52;5
2;JENNIFER;2002;52;3
2;JENNIFER;2004;52;4
2;JESSICA;2002;52;3
2;JOHANNA;2014;52;3
2;JOY;2012;52;4
2;JOY;2018;52;3
2;JULIA;2001;52;5
2;JULIA;2002;52;4
2;JULIA;2003;52;3
2;JULIA;2007;52;5
2;JULIA;2010;52;8
2;JULIA;2011;52;4
2;JULIA;2012;52;7
2;JULIA;2013;52;9
2;JULIA;2014;52;10
2;JULIA;2015;52;7
2;JULIA;2016;52;5
2;JULIA;2017;52;9
2;JULIA;2018;52;6
2;JULIA;2019;52;5
2;JULIA;2020;52;5
2;JULIA;2021;52;10
2;JULIANA;2020;52;3
2;JULIE;2000;52;10
2;JULIE;2001;52;17
2;JULIE;2002;52;12
2;JULIE;2003;52;12
2;JULIE;2004;52;8
2;JULIE;2005;52;11
2;JULIE;2006;52;7
2;JULIE;2007;52;5
2;JULIE;2008;52;7
2;JULIE;2009;52;7
2;JULIE;2010;52;4
2;JULIE;2011;52;8
2;JULIE;2012;52;5
2;JULIETTE;2000;52;5
2;JULIETTE;2001;52;5
2;JULIETTE;2002;52;9
2;JULIETTE;2003;52;5
2;JULIETTE;2004;52;3
2;JULIETTE;2005;52;6
2;JULIETTE;2006;52;4
2;JULIETTE;2007;52;8
2;JULIETTE;2008;52;4
2;JULIETTE;2009;52;3
2;JULIETTE;2010;52;5
2;JULIETTE;2011;52;5
2;JULIETTE;2012;52;3
2;JULIETTE;2013;52;8
2;JULIETTE;2014;52;10
2;JULIETTE;2015;52;7
2;JULIETTE;2016;52;3
2;JULIETTE;2017;52;3
2;JULIETTE;2018;52;7
2;JULIETTE;2019;52;4
2;JULIETTE;2020;52;6
2;JULINE;2008;52;3
2;JUSTINE;2000;52;4
2;JUSTINE;2001;52;12
2;JUSTINE;2002;52;10
2;JUSTINE;2003;52;13
2;JUSTINE;2004;52;7
2;JUSTINE;2005;52;4
2;JUSTINE;2006;52;11
2;JUSTINE;2007;52;6
2;JUSTINE;2008;52;5
2;JUSTINE;2010;52;3
2;JUSTINE;2011;52;5
2;JUSTINE;2012;52;3
2;JUSTINE;2013;52;4
2;KAYLA;2021;52;3
2;KELLY;2000;52;4
2;KELLY;2002;52;3
2;KELLY;2006;52;3
2;KELLY;2010;52;3
2;KELLY;2014;52;3
2;KELLYA;2014;52;3
2;KÉLYA;2018;52;3
2;KÉLYA;2021;52;3
2;KENZA;2004;52;4
2;KENZA;2005;52;3
2;KENZA;2008;52;4
2;KENZA;2009;52;3
2;KIARA;2013;52;3
2;KIMBERLEY;2003;52;5
2;KIMBERLEY;2008;52;3
2;LAETITIA;2001;52;3
2;LAETITIA;2004;52;3
2;LALY;2009;52;3
2;LALY;2011;52;3
2;LALY;2013;52;3
2;LALY;2014;52;3
2;LANA;2003;52;4
2;LANA;2004;52;3
2;LANA;2006;52;9
2;LANA;2007;52;6
2;LANA;2008;52;6
2;LANA;2009;52;11
2;LANA;2010;52;3
2;LANA;2011;52;4
2;LANA;2012;52;6
2;LANA;2014;52;5
2;LANA;2015;52;5
2;LANA;2016;52;6
2;LANA;2017;52;3
2;LANA;2020;52;4
2;LARA;2001;52;3
2;LARA;2003;52;3
2;LARA;2005;52;3
2;LAURA;2000;52;18
2;LAURA;2001;52;13
2;LAURA;2002;52;13
2;LAURA;2003;52;11
2;LAURA;2004;52;11
2;LAURA;2005;52;17
2;LAURA;2006;52;13
2;LAURA;2007;52;7
2;LAURA;2008;52;4
2;LAURA;2009;52;4
2;LAURA;2010;52;3
2;LAURA;2012;52;3
2;LAURA;2015;52;3
2;LAURE;2001;52;3
2;LAUREEN;2002;52;3
2;LAURIE;2000;52;5
2;LAURIE;2002;52;4
2;LAURIE;2003;52;4
2;LAURINE;2000;52;9
2;LAURINE;2001;52;9
2;LAURINE;2002;52;4
2;LAURINE;2003;52;8
2;LAURINE;2005;52;4
2;LAURINE;2006;52;3
2;LAURINE;2009;52;3
2;LAURINE;2013;52;3
2;LAURYN;2000;52;3
2;LAURYNE;2000;52;4
2;LAYANA;2021;52;3
2;LEA;2010;52;10
2;LEA;2011;52;6
2;LÉA;2000;52;37
2;LÉA;2001;52;42
2;LÉA;2002;52;40
2;LÉA;2003;52;29
2;LÉA;2004;52;23
2;LÉA;2005;52;19
2;LÉA;2006;52;27
2;LÉA;2007;52;18
2;LÉA;2008;52;16
2;LÉA;2009;52;8
2;LÉA;2010;52;6
2;LÉA;2011;52;8
2;LÉA;2012;52;10
2;LÉA;2013;52;19
2;LÉA;2014;52;15
2;LÉA;2015;52;5
2;LÉA;2016;52;11
2;LÉA;2017;52;7
2;LÉA;2018;52;4
2;LÉA;2019;52;8
2;LÉA;2020;52;7
2;LÉA;2021;52;3
2;LÉANA;2005;52;3
2;LÉANA;2006;52;3
2;LÉANA;2008;52;3
2;LÉANA;2010;52;3
2;LÉANA;2011;52;3
2;LÉANA;2012;52;3
2;LÉANA;2014;52;7
2;LÉANA;2016;52;7
2;LÉANA;2017;52;5
2;LÉANA;2018;52;5
2;LÉANA;2019;52;3
2;LÉANE;2004;52;5
2;LÉANE;2005;52;4
2;LÉANE;2006;52;3
2;LÉANE;2007;52;3
2;LÉANE;2008;52;6
2;LÉANE;2009;52;5
2;LÉANE;2013;52;4
2;LÉANE;2014;52;4
2;LÉANE;2015;52;3
2;LÉANE;2019;52;3
2;LEANNE;2003;52;3
2;LEÏLA;2019;52;3
2;LENA;2010;52;6
2;LENA;2011;52;7
2;LÉNA;2001;52;5
2;LÉNA;2002;52;6
2;LÉNA;2003;52;6
2;LÉNA;2004;52;9
2;LÉNA;2005;52;10
2;LÉNA;2006;52;11
2;LÉNA;2007;52;13
2;LÉNA;2008;52;12
2;LÉNA;2009;52;9
2;LÉNA;2010;52;8
2;LÉNA;2012;52;9
2;LÉNA;2013;52;11
2;LÉNA;2014;52;7
2;LÉNA;2015;52;9
2;LÉNA;2016;52;17
2;LÉNA;2017;52;6
2;LÉNA;2018;52;6
2;LÉNA;2019;52;6
2;LÉNA;2020;52;3
2;LÉNA;2021;52;9
2;LÉONIE;2000;52;3
2;LÉONIE;2001;52;7
2;LÉONIE;2002;52;7
2;LÉONIE;2003;52;5
2;LÉONIE;2004;52;5
2;LÉONIE;2006;52;6
2;LÉONIE;2008;52;3
2;LÉONIE;2009;52;8
2;LÉONIE;2011;52;3
2;LÉONIE;2012;52;5
2;LÉONIE;2013;52;5
2;LÉONIE;2014;52;4
2;LÉONIE;2015;52;10
2;LÉONIE;2016;52;5
2;LÉONIE;2017;52;6
2;LÉONIE;2018;52;4
2;LÉONIE;2019;52;7
2;LÉONIE;2020;52;5
2;LÉONIE;2021;52;4
2;LESLIE;2001;52;3
2;LEYLA;2016;52;3
2;LIA;2017;52;4
2;LILIA;2012;52;3
2;LILIA;2013;52;5
2;LILLY;2012;52;3
2;LILOU;2001;52;3
2;LILOU;2002;52;5
2;LILOU;2003;52;6
2;LILOU;2004;52;7
2;LILOU;2005;52;9
2;LILOU;2006;52;12
2;LILOU;2007;52;13
2;LILOU;2008;52;10
2;LILOU;2009;52;6
2;LILOU;2010;52;14
2;LILOU;2011;52;16
2;LILOU;2012;52;9
2;LILOU;2013;52;11
2;LILOU;2014;52;13
2;LILOU;2015;52;9
2;LILOU;2016;52;4
2;LILOU;2017;52;6
2;LILOU;2018;52;5
2;LILY;2004;52;3
2;LILY;2005;52;4
2;LILY;2006;52;3
2;LILY;2007;52;3
2;LILY;2009;52;5
2;LILY;2010;52;5
2;LILY;2015;52;3
2;LILY;2016;52;5
2;LILY;2021;52;3
2;LILY-ROSE;2009;52;4
2;LINA;2007;52;4
2;LINA;2008;52;3
2;LINA;2009;52;7
2;LINA;2011;52;7
2;LINA;2012;52;11
2;LINA;2013;52;6
2;LINA;2014;52;7
2;LINA;2015;52;15
2;LINA;2016;52;4
2;LINA;2017;52;5
2;LINA;2018;52;9
2;LINA;2019;52;6
2;LINA;2020;52;9
2;LINA;2021;52;3
2;LINDSAY;2009;52;3
2;LISA;2000;52;9
2;LISA;2001;52;13
2;LISA;2002;52;7
2;LISA;2003;52;6
2;LISA;2004;52;9
2;LISA;2005;52;8
2;LISA;2006;52;11
2;LISA;2007;52;3
2;LISA;2008;52;6
2;LISA;2009;52;5
2;LISA;2010;52;9
2;LISA;2011;52;8
2;LISA;2013;52;3
2;LISA;2014;52;6
2;LISA;2015;52;4
2;LISE;2006;52;5
2;LISE;2007;52;5
2;LISE;2008;52;3
2;LISE;2021;52;3
2;LISON;2006;52;4
2;LISON;2010;52;3
2;LIYA;2017;52;3
2;LIZA;2006;52;3
2;LOANE;2003;52;3
2;LOANE;2006;52;3
2;LOANE;2008;52;3
2;LOLA;2000;52;4
2;LOLA;2001;52;13
2;LOLA;2002;52;9
2;LOLA;2003;52;12
2;LOLA;2004;52;17
2;LOLA;2005;52;12
2;LOLA;2006;52;22
2;LOLA;2007;52;15
2;LOLA;2008;52;17
2;LOLA;2009;52;13
2;LOLA;2010;52;19
2;LOLA;2011;52;11
2;LOLA;2012;52;10
2;LOLA;2013;52;8
2;LOLA;2014;52;20
2;LOLA;2015;52;11
2;LOLA;2016;52;6
2;LOLA;2017;52;7
2;LOLA;2018;52;10
2;LOLA;2019;52;6
2;LOLA;2020;52;4
2;LOLA;2021;52;8
2;LOLITA;2001;52;4
2;LOONA;2014;52;3
2;LORIE;2002;52;4
2;LORIE;2003;52;4
2;LORNA;2009;52;3
2;LOU;2001;52;3
2;LOU;2003;52;4
2;LOU;2004;52;4
2;LOU;2005;52;6
2;LOU;2006;52;4
2;LOU;2007;52;4
2;LOU;2008;52;3
2;LOU;2009;52;4
2;LOU;2010;52;4
2;LOU;2011;52;3
2;LOU;2012;52;4
2;LOU;2013;52;5
2;LOU;2014;52;3
2;LOU;2015;52;7
2;LOU;2017;52;4
2;LOU;2018;52;7
2;LOU;2019;52;6
2;LOU;2020;52;10
2;LOU;2021;52;12
2;LOU-ANNE;2010;52;4
2;LOUANE;2003;52;4
2;LOUANE;2005;52;5
2;LOUANE;2006;52;6
2;LOUANE;2007;52;8
2;LOUANE;2008;52;3
2;LOUANE;2009;52;9
2;LOUANE;2010;52;5
2;LOUANE;2011;52;6
2;LOUANE;2012;52;9
2;LOUANE;2013;52;14
2;LOUANE;2015;52;10
2;LOUANE;2016;52;8
2;LOUANE;2017;52;6
2;LOUANE;2018;52;9
2;LOUANE;2019;52;3
2;LOUISA;2012;52;3
2;LOUISA;2013;52;3
2;LOUISE;2000;52;4
2;LOUISE;2001;52;3
2;LOUISE;2003;52;7
2;LOUISE;2004;52;3
2;LOUISE;2006;52;3
2;LOUISE;2007;52;4
2;LOUISE;2008;52;6
2;LOUISE;2009;52;6
2;LOUISE;2010;52;6
2;LOUISE;2011;52;7
2;LOUISE;2012;52;8
2;LOUISE;2013;52;8
2;LOUISE;2014;52;7
2;LOUISE;2015;52;3
2;LOUISE;2016;52;9
2;LOUISE;2017;52;16
2;LOUISE;2018;52;7
2;LOUISE;2019;52;10
2;LOUISE;2020;52;10
2;LOUISE;2021;52;10
2;LOUISON;2021;52;4
2;LOUNA;2004;52;7
2;LOUNA;2005;52;6
2;LOUNA;2006;52;9
2;LOUNA;2007;52;6
2;LOUNA;2008;52;10
2;LOUNA;2009;52;10
2;LOUNA;2010;52;8
2;LOUNA;2011;52;12
2;LOUNA;2012;52;9
2;LOUNA;2013;52;12
2;LOUNA;2014;52;8
2;LOUNA;2015;52;15
2;LOUNA;2016;52;10
2;LOUNA;2017;52;4
2;LOUNA;2018;52;4
2;LOUNA;2019;52;11
2;LOUNA;2020;52;7
2;LOUNA;2021;52;4
2;LUCIE;2000;52;19
2;LUCIE;2001;52;11
2;LUCIE;2002;52;11
2;LUCIE;2003;52;14
2;LUCIE;2004;52;16
2;LUCIE;2005;52;6
2;LUCIE;2006;52;8
2;LUCIE;2007;52;11
2;LUCIE;2008;52;13
2;LUCIE;2009;52;4
2;LUCIE;2010;52;6
2;LUCIE;2011;52;5
2;LUCIE;2012;52;8
2;LUCIE;2013;52;8
2;LUCIE;2014;52;7
2;LUCIE;2015;52;6
2;LUCIE;2016;52;5
2;LUCIE;2017;52;6
2;LUCIE;2018;52;4
2;LUCIE;2019;52;7
2;LUCIE;2021;52;4
2;LUCILE;2005;52;3
2;LUCILLE;2002;52;3
2;LUCY;2001;52;3
2;LUCY;2015;52;4
2;LUCY;2019;52;3
2;LUCY;2020;52;3
2;LUDIVINE;2000;52;6
2;LUDIVINE;2006;52;4
2;LUNA;2007;52;3
2;LUNA;2008;52;7
2;LUNA;2009;52;4
2;LUNA;2013;52;3
2;LUNA;2015;52;3
2;LUNA;2016;52;3
2;LUNA;2018;52;7
2;LUNA;2019;52;3
2;LUNA;2020;52;9
2;LUNA;2021;52;3
2;LYA;2015;52;4
2;LYA;2018;52;4
2;LYA;2019;52;4
2;LYA;2020;52;6
2;LYA;2021;52;6
2;LYANA;2019;52;4
2;LYANA;2020;52;7
2;LYANA;2021;52;5
2;LYANNA;2021;52;3
2;LYLOU;2009;52;4
2;LYLOU;2010;52;6
2;LYLOU;2011;52;4
2;LYLOU;2012;52;3
2;LYLOU;2013;52;3
2;LYLOU;2014;52;3
2;LYLOU;2015;52;3
2;LYLOU;2018;52;3
2;LYNA;2010;52;3
2;LYNA;2014;52;5
2;LYNA;2015;52;3
2;LYNA;2016;52;3
2;LYNA;2017;52;6
2;LYNA;2021;52;8
2;MADELINE;2020;52;3
2;MADISON;2006;52;5
2;MADISON;2009;52;3
2;MAELIE;2008;52;5
2;MAELINE;2007;52;3
2;MAELLE;2000;52;5
2;MAELLE;2001;52;5
2;MAELLE;2002;52;5
2;MAELLE;2003;52;4
2;MAELLE;2004;52;7
2;MAELLE;2005;52;3
2;MAELLE;2006;52;3
2;MAELLE;2008;52;4
2;MAELLE;2009;52;3
2;MAELLE;2010;52;3
2;MAËLLE;2017;52;3
2;MAËLLE;2019;52;4
2;MAËLLE;2020;52;3
2;MAELY;2004;52;3
2;MAËLY;2014;52;4
2;MAËLYA;2019;52;3
2;MAËLYA;2020;52;4
2;MAËLYNE;2014;52;3
2;MAËLYNE;2015;52;3
2;MAELYS;2004;52;3
2;MAELYS;2005;52;5
2;MAELYS;2006;52;6
2;MAELYS;2007;52;10
2;MAELYS;2008;52;12
2;MAELYS;2009;52;9
2;MAELYS;2010;52;11
2;MAELYS;2011;52;6
2;MAËLYS;2012;52;12
2;MAËLYS;2013;52;7
2;MAËLYS;2014;52;6
2;MAËLYS;2015;52;4
2;MAËLYS;2016;52;6
2;MAËLYS;2017;52;3
2;MAËLYS;2019;52;9
2;MAËLYS;2021;52;5
2;MAEVA;2000;52;10
2;MAEVA;2001;52;12
2;MAEVA;2002;52;9
2;MAEVA;2003;52;8
2;MAEVA;2004;52;11
2;MAEVA;2006;52;5
2;MAEVA;2007;52;7
2;MAEVA;2008;52;5
2;MAEVA;2009;52;3
2;MAEVA;2010;52;5
2;MAËVA;2012;52;3
2;MAËVA;2015;52;5
2;MAILYS;2007;52;3
2;MAISSA;2010;52;3
2;MAÏWENN;2013;52;3
2;MALIA;2019;52;3
2;MALLAURY;2004;52;3
2;MANDY;2001;52;3
2;MANON;2000;52;24
2;MANON;2001;52;28
2;MANON;2002;52;33
2;MANON;2003;52;20
2;MANON;2004;52;26
2;MANON;2005;52;17
2;MANON;2006;52;16
2;MANON;2007;52;13
2;MANON;2008;52;17
2;MANON;2009;52;15
2;MANON;2010;52;6
2;MANON;2011;52;16
2;MANON;2012;52;11
2;MANON;2013;52;12
2;MANON;2014;52;9
2;MANON;2015;52;11
2;MANON;2016;52;7
2;MANON;2017;52;8
2;MANON;2019;52;6
2;MANON;2020;52;8
2;MANON;2021;52;3
2;MARGAUX;2000;52;15
2;MARGAUX;2001;52;6
2;MARGAUX;2002;52;7
2;MARGAUX;2003;52;7
2;MARGAUX;2005;52;4
2;MARGAUX;2007;52;5
2;MARGAUX;2010;52;3
2;MARGAUX;2012;52;4
2;MARGAUX;2014;52;5
2;MARGAUX;2015;52;3
2;MARGAUX;2016;52;3
2;MARGAUX;2019;52;3
2;MARGAUX;2020;52;3
2;MARGAUX;2021;52;3
2;MARGOT;2000;52;5
2;MARGOT;2002;52;6
2;MARGOT;2003;52;4
2;MARGOT;2004;52;8
2;MARGOT;2005;52;5
2;MARGOT;2006;52;3
2;MARGOT;2007;52;5
2;MARGOT;2008;52;6
2;MARGOT;2013;52;5
2;MARGOT;2014;52;5
2;MARGOT;2015;52;5
2;MARGOT;2016;52;3
2;MARGOT;2017;52;4
2;MARGOT;2018;52;3
2;MARIAM;2020;52;3
2;MARIE;2000;52;20
2;MARIE;2001;52;15
2;MARIE;2002;52;11
2;MARIE;2003;52;10
2;MARIE;2004;52;13
2;MARIE;2005;52;15
2;MARIE;2006;52;9
2;MARIE;2007;52;4
2;MARIE;2008;52;7
2;MARIE;2009;52;13
2;MARIE;2010;52;5
2;MARIE;2011;52;4
2;MARIE;2015;52;6
2;MARIE;2016;52;3
2;MARIE;2019;52;4
2;MARILOU;2003;52;3
2;MARINA;2000;52;4
2;MARINA;2001;52;3
2;MARINA;2002;52;3
2;MARINA;2005;52;4
2;MARINE;2000;52;11
2;MARINE;2001;52;6
2;MARINE;2002;52;9
2;MARINE;2003;52;7
2;MARINE;2004;52;6
2;MARINE;2005;52;6
2;MARINE;2006;52;4
2;MARION;2000;52;11
2;MARION;2001;52;9
2;MARION;2002;52;9
2;MARION;2003;52;6
2;MARION;2007;52;3
2;MARION;2009;52;5
2;MARION;2010;52;3
2;MARION;2011;52;3
2;MARION;2013;52;4
2;MARJORIE;2000;52;3
2;MARJORIE;2004;52;3
2;MARWA;2012;52;3
2;MARYAM;2019;52;3
2;MATHILDE;2000;52;17
2;MATHILDE;2001;52;9
2;MATHILDE;2002;52;13
2;MATHILDE;2003;52;7
2;MATHILDE;2004;52;12
2;MATHILDE;2005;52;12
2;MATHILDE;2006;52;5
2;MATHILDE;2008;52;7
2;MATHILDE;2009;52;5
2;MATHILDE;2010;52;3
2;MATHILDE;2011;52;5
2;MATHILDE;2012;52;7
2;MATHILDE;2014;52;6
2;MATHILDE;2015;52;3
2;MATHILDE;2020;52;3
2;MAUD;2000;52;3
2;MAYA;2011;52;3
2;MAYA;2013;52;4
2;MAYLIS;2004;52;3
2;MÉLANIE;2000;52;4
2;MÉLANIE;2001;52;3
2;MÉLANIE;2003;52;3
2;MÉLANIE;2004;52;4
2;MÉLANIE;2008;52;3
2;MÉLINA;2000;52;3
2;MÉLINA;2002;52;3
2;MÉLINA;2004;52;3
2;MÉLINA;2006;52;3
2;MÉLINA;2007;52;3
2;MÉLINA;2008;52;3
2;MÉLINA;2009;52;3
2;MÉLINA;2012;52;3
2;MÉLINA;2013;52;3
2;MÉLINA;2014;52;9
2;MÉLINA;2018;52;4
2;MELINE;2003;52;3
2;MELINE;2006;52;4
2;MELINE;2007;52;4
2;MELINE;2009;52;3
2;MÉLINE;2012;52;6
2;MÉLINE;2013;52;3
2;MÉLINE;2015;52;6
2;MÉLINE;2017;52;3
2;MÉLINE;2018;52;3
2;MELISSA;2010;52;3
2;MÉLISSA;2000;52;12
2;MÉLISSA;2001;52;6
2;MÉLISSA;2003;52;6
2;MÉLISSA;2004;52;9
2;MÉLISSA;2005;52;4
2;MÉLISSA;2006;52;4
2;MÉLISSA;2009;52;5
2;MÉLISSA;2010;52;3
2;MÉLISSA;2013;52;3
2;MELODIE;2000;52;4
2;MELODIE;2003;52;3
2;MÉLYA;2021;52;3
2;MÉLYNE;2015;52;4
2;MIA;2014;52;5
2;MIA;2016;52;3
2;MIA;2017;52;5
2;MIA;2018;52;7
2;MIA;2019;52;9
2;MIA;2021;52;10
2;MILA;2015;52;4
2;MILA;2016;52;11
2;MILA;2017;52;8
2;MILA;2018;52;4
2;MILA;2019;52;4
2;MILA;2020;52;5
2;MILA;2021;52;5
2;MORGANE;2000;52;10
2;MORGANE;2001;52;8
2;MORGANE;2002;52;16
2;MORGANE;2003;52;6
2;MORGANE;2004;52;9
2;MORGANE;2005;52;3
2;MORGANE;2006;52;4
2;MORGANE;2008;52;4
2;MYA;2015;52;3
2;MYA;2016;52;7
2;MYA;2017;52;5
2;MYA;2018;52;10
2;MYA;2019;52;6
2;MYA;2020;52;9
2;MYA;2021;52;6
2;MYLA;2018;52;3
2;MYLA;2019;52;3
2;MYLÈNE;2003;52;4
2;MYRIAM;2003;52;3
2;MYRIAM;2004;52;4
2;NAOMIE;2014;52;3
2;NATACHA;2007;52;3
2;NAYA;2021;52;3
2;NAYLA;2015;52;3
2;NEÏLA;2019;52;3
2;NÉLYA;2020;52;3
2;NINA;2000;52;3
2;NINA;2001;52;5
2;NINA;2004;52;3
2;NINA;2005;52;4
2;NINA;2006;52;3
2;NINA;2007;52;4
2;NINA;2008;52;6
2;NINA;2009;52;3
2;NINA;2010;52;5
2;NINA;2011;52;5
2;NINA;2012;52;3
2;NINA;2013;52;4
2;NINA;2015;52;4
2;NINA;2016;52;8
2;NINA;2017;52;7
2;NINA;2019;52;5
2;NINA;2020;52;5
2;NINA;2021;52;7
2;NINON;2000;52;3
2;NINON;2006;52;3
2;NINON;2007;52;5
2;NINON;2012;52;4
2;NISA;2006;52;3
2;NOA;2003;52;3
2;NOELINE;2008;52;3
2;NOÉLINE;2013;52;3
2;NOÉLYNE;2015;52;3
2;NOEMIE;2000;52;9
2;NOEMIE;2001;52;10
2;NOEMIE;2002;52;11
2;NOEMIE;2003;52;10
2;NOEMIE;2004;52;8
2;NOEMIE;2006;52;8
2;NOEMIE;2007;52;6
2;NOEMIE;2008;52;4
2;NOEMIE;2009;52;7
2;NOEMIE;2010;52;5
2;NOEMIE;2011;52;7
2;NOÉMIE;2012;52;9
2;NOÉMIE;2014;52;3
2;NOLWENN;2003;52;5
2;OCEANE;2011;52;4
2;OCÉANE;2000;52;24
2;OCÉANE;2001;52;25
2;OCÉANE;2002;52;20
2;OCÉANE;2003;52;24
2;OCÉANE;2004;52;17
2;OCÉANE;2005;52;14
2;OCÉANE;2006;52;12
2;OCÉANE;2007;52;14
2;OCÉANE;2008;52;7
2;OCÉANE;2009;52;9
2;OCÉANE;2012;52;3
2;OCÉANE;2014;52;8
2;OCÉANE;2016;52;4
2;OCÉANE;2020;52;4
2;OHANA;2021;52;3
2;OLIVIA;2013;52;4
2;OLIVIA;2016;52;4
2;OLIVIA;2018;52;3
2;OLIVIA;2021;52;3
2;OPHÉLIE;2000;52;12
2;OPHÉLIE;2001;52;4
2;OPHÉLIE;2005;52;3
2;OPHÉLIE;2007;52;8
2;OPHÉLIE;2009;52;3
2;ORIANE;2012;52;3
2;ORLANE;2002;52;3
2;PAULINE;2000;52;12
2;PAULINE;2001;52;19
2;PAULINE;2002;52;10
2;PAULINE;2003;52;6
2;PAULINE;2004;52;10
2;PAULINE;2005;52;7
2;PAULINE;2006;52;9
2;PAULINE;2007;52;6
2;PAULINE;2009;52;4
2;PAULINE;2010;52;4
2;PAULINE;2011;52;4
2;PAULINE;2012;52;3
2;PAULINE;2015;52;4
2;PAULINE;2017;52;5
2;PERRINE;2005;52;3
2;ROMANE;2000;52;4
2;ROMANE;2002;52;5
2;ROMANE;2003;52;7
2;ROMANE;2004;52;8
2;ROMANE;2005;52;10
2;ROMANE;2006;52;8
2;ROMANE;2007;52;5
2;ROMANE;2008;52;10
2;ROMANE;2009;52;4
2;ROMANE;2010;52;5
2;ROMANE;2011;52;4
2;ROMANE;2013;52;5
2;ROMANE;2014;52;3
2;ROMANE;2015;52;5
2;ROMANE;2016;52;6
2;ROMANE;2017;52;6
2;ROMANE;2018;52;6
2;ROMANE;2019;52;5
2;ROMANE;2020;52;6
2;ROMANE;2021;52;4
2;ROMY;2020;52;5
2;ROSE;2008;52;4
2;ROSE;2009;52;4
2;ROSE;2010;52;3
2;ROSE;2011;52;7
2;ROSE;2012;52;5
2;ROSE;2014;52;8
2;ROSE;2015;52;9
2;ROSE;2016;52;9
2;ROSE;2017;52;9
2;ROSE;2018;52;7
2;ROSE;2019;52;5
2;ROSE;2020;52;8
2;ROSE;2021;52;8
2;ROXANE;2015;52;3
2;ROXANE;2017;52;3
2;SABRINA;2002;52;3
2;SAFIA;2000;52;3
2;SALMA;2009;52;3
2;SALOMÉ;2001;52;4
2;SALOMÉ;2002;52;3
2;SALOMÉ;2007;52;3
2;SALOMÉ;2015;52;4
2;SALOMÉ;2017;52;3
2;SALOMÉ;2021;52;4
2;SANA;2021;52;3
2;SANDRA;2000;52;3
2;SARA;2000;52;3
2;SARAH;2000;52;20
2;SARAH;2001;52;18
2;SARAH;2002;52;13
2;SARAH;2003;52;15
2;SARAH;2004;52;13
2;SARAH;2005;52;11
2;SARAH;2006;52;7
2;SARAH;2007;52;11
2;SARAH;2008;52;10
2;SARAH;2009;52;6
2;SARAH;2010;52;12
2;SARAH;2012;52;3
2;SARAH;2013;52;7
2;SARAH;2014;52;3
2;SARAH;2015;52;4
2;SARAH;2016;52;5
2;SARAH;2017;52;3
2;SARAH;2018;52;4
2;SASHA;2015;52;3
2;SELENA;2010;52;3
2;SÉLÉNA;2015;52;3
2;SELMA;2004;52;3
2;SHANA;2012;52;5
2;SHANA;2014;52;6
2;SHANA;2015;52;4
2;SHANNA;2007;52;3
2;SHANNA;2012;52;4
2;SHANNA;2014;52;8
2;SHANNA;2015;52;4
2;SHANNA;2016;52;4
2;SHANNA;2017;52;4
2;SHANNA;2020;52;3
2;SHANNA;2021;52;5
2;SHAYNA;2016;52;3
2;SIANA;2019;52;3
2;SOFIA;2005;52;3
2;SOFIA;2006;52;3
2;SOFIA;2013;52;3
2;SOFIA;2014;52;3
2;SOFIA;2020;52;3
2;SOLÈNE;2000;52;4
2;SOLÈNE;2001;52;9
2;SOLÈNE;2002;52;3
2;SOLÈNE;2003;52;3
2;SOLÈNE;2004;52;3
2;SOLÈNE;2006;52;3
2;SOLÈNE;2008;52;4
2;SOLÈNE;2009;52;4
2;SOLINE;2015;52;5
2;SOLINE;2020;52;5
2;SOPHIA;2012;52;3
2;SOPHIA;2014;52;3
2;SOPHIE;2000;52;4
2;SUZY;2001;52;3
2;THAÏS;2013;52;3
2;THAÏS;2017;52;4
2;THAÏS;2018;52;3
2;THÉA;2016;52;4
2;THÉA;2019;52;4
2;THÉA;2021;52;3
2;TIFFANY;2000;52;7
2;TIFFANY;2002;52;4
2;TIFFANY;2004;52;5
2;TIPHAINE;2012;52;3
2;TYPHAINE;2010;52;5
2;VALENTINE;2000;52;3
2;VALENTINE;2001;52;4
2;VALENTINE;2003;52;3
2;VALENTINE;2004;52;3
2;VALENTINE;2006;52;4
2;VALENTINE;2007;52;3
2;VALENTINE;2008;52;3
2;VALENTINE;2010;52;3
2;VALENTINE;2015;52;4
2;VALENTINE;2021;52;3
2;VICTOIRE;2014;52;5
2;VICTOIRE;2015;52;5
2;VICTOIRE;2016;52;7
2;VICTOIRE;2017;52;4
2;VICTOIRE;2018;52;3
2;VICTOIRE;2020;52;3
2;VICTORIA;2001;52;3
2;VICTORIA;2003;52;3
2;VICTORIA;2019;52;4
2;VICTORIA;2021;52;3
2;VIOLAINE;2000;52;3
2;WENDY;2003;52;3
2;WENDY;2004;52;3
2;YASMINE;2003;52;3
2;YASMINE;2005;52;5
2;YASMINE;2006;52;3
2;YASMINE;2012;52;3
2;ZELIE;2008;52;4
2;ZELIE;2011;52;4
2;ZÉLIE;2014;52;4
2;ZÉLIE;2016;52;3
2;ZÉLIE;2019;52;4
2;ZÉLIE;2020;52;4
2;ZÉLIE;2021;52;4
2;ZOE;2010;52;5
2;ZOE;2011;52;3
2;ZOÉ;2000;52;3
2;ZOÉ;2001;52;4
2;ZOÉ;2002;52;6
2;ZOÉ;2003;52;4
2;ZOÉ;2004;52;10
2;ZOÉ;2005;52;11
2;ZOÉ;2006;52;8
2;ZOÉ;2007;52;4
2;ZOÉ;2008;52;4
2;ZOÉ;2009;52;8
2;ZOÉ;2011;52;9
2;ZOÉ;2012;52;5
2;ZOÉ;2013;52;14
2;ZOÉ;2014;52;9
2;ZOÉ;2015;52;17
2;ZOÉ;2016;52;10
2;ZOÉ;2017;52;9
2;ZOÉ;2018;52;5
2;ZOÉ;2019;52;8
2;ZOÉ;2020;52;3
2;ZOÉ;2021;52;4
