sexe;preusuel;annais;dpt;nombre
1;_PRENOMS_RARES;2000;58;19
1;_PRENOMS_RARES;2001;58;13
1;_PRENOMS_RARES;2002;58;18
1;_PRENOMS_RARES;2003;58;24
1;_PRENOMS_RARES;2004;58;16
1;_PRENOMS_RARES;2005;58;23
1;_PRENOMS_RARES;2006;58;26
1;_PRENOMS_RARES;2007;58;30
1;_PRENOMS_RARES;2008;58;28
1;_PRENOMS_RARES;2009;58;31
1;_PRENOMS_RARES;2010;58;25
1;_PRENOMS_RARES;2011;58;32
1;_PRENOMS_RARES;2012;58;37
1;_PRENOMS_RARES;2013;58;32
1;_PRENOMS_RARES;2014;58;38
1;_PRENOMS_RARES;2015;58;41
1;_PRENOMS_RARES;2016;58;38
1;_PRENOMS_RARES;2017;58;28
1;_PRENOMS_RARES;2018;58;28
1;_PRENOMS_RARES;2019;58;40
1;_PRENOMS_RARES;2020;58;38
1;_PRENOMS_RARES;2021;58;48
1;AARON;2004;58;3
1;AARON;2008;58;4
1;AARON;2010;58;5
1;AARON;2011;58;10
1;AARON;2012;58;8
1;AARON;2013;58;4
1;AARON;2015;58;8
1;AARON;2016;58;4
1;AARON;2017;58;7
1;AARON;2018;58;9
1;AARON;2019;58;6
1;AARON;2020;58;10
1;ABEL;2010;58;3
1;ABEL;2016;58;3
1;ABEL;2021;58;5
1;ADAM;2007;58;6
1;ADAM;2008;58;7
1;ADAM;2009;58;8
1;ADAM;2010;58;4
1;ADAM;2011;58;7
1;ADAM;2012;58;6
1;ADAM;2014;58;8
1;ADAM;2015;58;8
1;ADAM;2016;58;5
1;ADAM;2017;58;5
1;ADAM;2018;58;6
1;ADAM;2021;58;5
1;ADRIEN;2000;58;9
1;ADRIEN;2001;58;13
1;ADRIEN;2002;58;7
1;ADRIEN;2003;58;15
1;ADRIEN;2004;58;12
1;ADRIEN;2005;58;4
1;ADRIEN;2006;58;5
1;ADRIEN;2007;58;5
1;ADRIEN;2008;58;4
1;ADRIEN;2009;58;4
1;ADRIEN;2010;58;8
1;ADRIEN;2011;58;4
1;ADRIEN;2014;58;4
1;ADRIEN;2017;58;3
1;ALAN;2000;58;4
1;ALAN;2002;58;4
1;ALAN;2003;58;4
1;ALAN;2012;58;3
1;ALBAN;2001;58;3
1;ALBAN;2005;58;5
1;ALBAN;2006;58;5
1;ALBAN;2007;58;3
1;ALBAN;2008;58;4
1;ALBAN;2009;58;3
1;ALESSIO;2021;58;3
1;ALEX;2000;58;5
1;ALEX;2002;58;3
1;ALEX;2005;58;3
1;ALEX;2011;58;3
1;ALEXANDRE;2000;58;17
1;ALEXANDRE;2001;58;16
1;ALEXANDRE;2002;58;17
1;ALEXANDRE;2003;58;16
1;ALEXANDRE;2004;58;6
1;ALEXANDRE;2005;58;11
1;ALEXANDRE;2006;58;10
1;ALEXANDRE;2007;58;12
1;ALEXANDRE;2008;58;8
1;ALEXANDRE;2009;58;8
1;ALEXANDRE;2010;58;7
1;ALEXANDRE;2011;58;5
1;ALEXANDRE;2013;58;4
1;ALEXANDRE;2016;58;5
1;ALEXANDRE;2018;58;4
1;ALEXANDRE;2021;58;3
1;ALEXIS;2000;58;23
1;ALEXIS;2001;58;30
1;ALEXIS;2002;58;14
1;ALEXIS;2003;58;19
1;ALEXIS;2004;58;19
1;ALEXIS;2005;58;18
1;ALEXIS;2006;58;14
1;ALEXIS;2007;58;11
1;ALEXIS;2008;58;9
1;ALEXIS;2009;58;8
1;ALEXIS;2010;58;3
1;ALEXIS;2011;58;14
1;ALEXIS;2012;58;3
1;ALEXIS;2013;58;5
1;ALEXIS;2014;58;3
1;ALEXIS;2017;58;4
1;ALI;2015;58;3
1;ALIX;2009;58;3
1;ALIX;2012;58;3
1;ALLAN;2001;58;5
1;ALLAN;2005;58;3
1;AMAURY;2005;58;3
1;AMAURY;2011;58;3
1;AMINE;2008;58;4
1;AMINE;2010;58;3
1;AMINE;2013;58;3
1;AMIR;2015;58;3
1;AMIR;2016;58;3
1;ANATOLE;2012;58;3
1;ANDY;2005;58;4
1;ANTHONY;2000;58;8
1;ANTHONY;2001;58;14
1;ANTHONY;2002;58;10
1;ANTHONY;2003;58;11
1;ANTHONY;2004;58;12
1;ANTHONY;2005;58;6
1;ANTHONY;2006;58;3
1;ANTHONY;2007;58;4
1;ANTHONY;2011;58;3
1;ANTOINE;2000;58;25
1;ANTOINE;2001;58;24
1;ANTOINE;2002;58;18
1;ANTOINE;2003;58;19
1;ANTOINE;2004;58;16
1;ANTOINE;2005;58;11
1;ANTOINE;2006;58;18
1;ANTOINE;2007;58;10
1;ANTOINE;2008;58;5
1;ANTOINE;2009;58;7
1;ANTOINE;2010;58;7
1;ANTOINE;2011;58;7
1;ANTOINE;2012;58;4
1;ANTOINE;2013;58;8
1;ANTOINE;2014;58;5
1;ANTOINE;2015;58;8
1;ANTOINE;2016;58;9
1;ANTOINE;2017;58;8
1;ANTOINE;2018;58;5
1;ANTOINE;2020;58;6
1;ANTONIN;2000;58;5
1;ANTONIN;2001;58;3
1;ANTONIN;2002;58;5
1;ANTONIN;2003;58;5
1;ANTONIN;2004;58;6
1;ANTONIN;2006;58;8
1;ANTONIN;2007;58;9
1;ANTONIN;2008;58;6
1;ANTONIN;2009;58;4
1;ANTONIN;2010;58;3
1;ANTONIN;2011;58;6
1;ANTONIN;2012;58;4
1;ANTONIN;2016;58;3
1;ANTONIN;2017;58;4
1;ARMAND;2010;58;3
1;ARMAND;2019;58;3
1;ARNAUD;2000;58;6
1;ARNAUD;2006;58;3
1;ARSENE;2009;58;3
1;ARSÈNE;2016;58;3
1;ARTHUR;2000;58;15
1;ARTHUR;2001;58;6
1;ARTHUR;2002;58;8
1;ARTHUR;2003;58;13
1;ARTHUR;2004;58;12
1;ARTHUR;2005;58;12
1;ARTHUR;2006;58;13
1;ARTHUR;2007;58;15
1;ARTHUR;2008;58;13
1;ARTHUR;2009;58;4
1;ARTHUR;2010;58;9
1;ARTHUR;2011;58;12
1;ARTHUR;2012;58;11
1;ARTHUR;2013;58;9
1;ARTHUR;2014;58;13
1;ARTHUR;2015;58;10
1;ARTHUR;2016;58;9
1;ARTHUR;2017;58;5
1;ARTHUR;2018;58;3
1;ARTHUR;2019;58;10
1;ARTHUR;2020;58;6
1;ARTHUR;2021;58;11
1;AUGUSTIN;2008;58;4
1;AUGUSTIN;2009;58;3
1;AUGUSTIN;2016;58;6
1;AUGUSTIN;2018;58;5
1;AURÉLIEN;2000;58;6
1;AURÉLIEN;2001;58;4
1;AURÉLIEN;2003;58;8
1;AURÉLIEN;2004;58;4
1;AURÉLIEN;2005;58;4
1;AURÉLIEN;2007;58;5
1;AXEL;2000;58;11
1;AXEL;2001;58;13
1;AXEL;2002;58;9
1;AXEL;2003;58;14
1;AXEL;2004;58;19
1;AXEL;2005;58;9
1;AXEL;2006;58;9
1;AXEL;2007;58;14
1;AXEL;2008;58;11
1;AXEL;2009;58;6
1;AXEL;2010;58;7
1;AXEL;2011;58;6
1;AXEL;2012;58;4
1;AXEL;2013;58;9
1;AXEL;2016;58;6
1;AXEL;2017;58;6
1;AXEL;2019;58;5
1;AXEL;2021;58;4
1;AYDEN;2015;58;4
1;AYDEN;2021;58;5
1;AYMERIC;2001;58;3
1;AYMERIC;2004;58;5
1;AYMERIC;2009;58;3
1;BAPTISTE;2000;58;13
1;BAPTISTE;2001;58;17
1;BAPTISTE;2002;58;14
1;BAPTISTE;2003;58;9
1;BAPTISTE;2004;58;19
1;BAPTISTE;2005;58;4
1;BAPTISTE;2006;58;14
1;BAPTISTE;2007;58;16
1;BAPTISTE;2008;58;14
1;BAPTISTE;2009;58;5
1;BAPTISTE;2010;58;7
1;BAPTISTE;2011;58;7
1;BAPTISTE;2012;58;9
1;BAPTISTE;2013;58;4
1;BAPTISTE;2014;58;6
1;BAPTISTE;2015;58;7
1;BAPTISTE;2016;58;3
1;BAPTISTE;2017;58;4
1;BAPTISTE;2019;58;3
1;BAPTISTE;2020;58;3
1;BAPTISTE;2021;58;3
1;BASTIEN;2000;58;8
1;BASTIEN;2001;58;5
1;BASTIEN;2002;58;6
1;BASTIEN;2003;58;6
1;BASTIEN;2005;58;11
1;BASTIEN;2006;58;3
1;BASTIEN;2007;58;8
1;BASTIEN;2008;58;3
1;BASTIEN;2009;58;5
1;BASTIEN;2011;58;4
1;BASTIEN;2012;58;4
1;BASTIEN;2014;58;3
1;BASTIEN;2019;58;3
1;BENJAMIN;2000;58;17
1;BENJAMIN;2001;58;18
1;BENJAMIN;2002;58;6
1;BENJAMIN;2003;58;13
1;BENJAMIN;2004;58;15
1;BENJAMIN;2005;58;10
1;BENJAMIN;2006;58;8
1;BENJAMIN;2007;58;3
1;BENJAMIN;2008;58;3
1;BENJAMIN;2009;58;4
1;BENJAMIN;2010;58;3
1;BENJAMIN;2012;58;3
1;BENJAMIN;2013;58;3
1;BENJAMIN;2015;58;3
1;BENJAMIN;2016;58;3
1;BENOÎT;2000;58;3
1;BENOÎT;2001;58;5
1;BENOÎT;2002;58;3
1;BENOÎT;2003;58;5
1;BENOÎT;2004;58;4
1;BILAL;2005;58;3
1;BRICE;2001;58;5
1;BRICE;2002;58;4
1;BRYAN;2000;58;4
1;BRYAN;2001;58;9
1;BRYAN;2002;58;4
1;BRYAN;2003;58;5
1;BRYAN;2004;58;8
1;BRYAN;2005;58;6
1;BRYAN;2006;58;4
1;BRYAN;2009;58;4
1;BRYAN;2010;58;3
1;BRYAN;2011;58;4
1;CAMERON;2009;58;3
1;CAMERON;2013;58;3
1;CAMILLE;2000;58;3
1;CAMILLE;2001;58;3
1;CAMILLE;2004;58;3
1;CAMILLE;2005;58;3
1;CAMILLE;2008;58;4
1;CAMILLE;2014;58;3
1;CAMILLE;2016;58;5
1;CAMILLE;2017;58;3
1;CEDRIC;2000;58;3
1;CÉLIAN;2011;58;3
1;CHARLES;2000;58;4
1;CHARLES;2001;58;6
1;CHARLES;2004;58;4
1;CHARLES;2006;58;4
1;CHARLES;2013;58;3
1;CHARLIE;2013;58;3
1;CHARLIE;2014;58;4
1;CHARLY;2006;58;3
1;CHARLY;2009;58;4
1;CHARLY;2010;58;3
1;CHARLY;2011;58;3
1;CHARLY;2014;58;3
1;CHRIS;2005;58;3
1;CHRISTOPHE;2001;58;5
1;CHRISTOPHER;2000;58;5
1;CHRISTOPHER;2001;58;4
1;CHRISTOPHER;2003;58;4
1;CHRISTOPHER;2009;58;3
1;CLÉMENT;2000;58;21
1;CLÉMENT;2001;58;29
1;CLÉMENT;2002;58;17
1;CLÉMENT;2003;58;18
1;CLÉMENT;2004;58;23
1;CLÉMENT;2005;58;16
1;CLÉMENT;2006;58;9
1;CLÉMENT;2007;58;9
1;CLÉMENT;2008;58;10
1;CLÉMENT;2009;58;13
1;CLÉMENT;2010;58;8
1;CLÉMENT;2011;58;7
1;CLÉMENT;2012;58;7
1;CLÉMENT;2013;58;7
1;CLÉMENT;2014;58;6
1;CLÉMENT;2015;58;8
1;CLÉMENT;2016;58;5
1;CLÉMENT;2017;58;5
1;CLÉMENT;2019;58;6
1;CLOVIS;2005;58;3
1;COLIN;2003;58;3
1;CÔME;2018;58;4
1;CÔME;2020;58;5
1;CORENTIN;2000;58;19
1;CORENTIN;2001;58;13
1;CORENTIN;2002;58;13
1;CORENTIN;2003;58;8
1;CORENTIN;2004;58;13
1;CORENTIN;2005;58;8
1;CORENTIN;2006;58;5
1;CORENTIN;2007;58;3
1;CORENTIN;2008;58;3
1;CORENTIN;2009;58;5
1;CORENTIN;2010;58;4
1;CORENTIN;2011;58;4
1;CORENTIN;2012;58;3
1;CORENTIN;2014;58;3
1;CYPRIEN;2003;58;3
1;CYPRIEN;2005;58;3
1;CYRIL;2001;58;3
1;CYRIL;2006;58;3
1;DAMIEN;2000;58;10
1;DAMIEN;2001;58;11
1;DAMIEN;2002;58;7
1;DAMIEN;2003;58;5
1;DAMIEN;2004;58;7
1;DAMIEN;2005;58;4
1;DAMIEN;2006;58;7
1;DAMIEN;2008;58;4
1;DAMIEN;2010;58;3
1;DAVID;2003;58;3
1;DAVID;2007;58;3
1;DAVID;2013;58;5
1;DAVID;2017;58;3
1;DENIS;2006;58;3
1;DIEGO;2004;58;4
1;DIEGO;2006;58;4
1;DIEGO;2007;58;5
1;DIEGO;2009;58;3
1;DIEGO;2010;58;3
1;DIEGO;2012;58;3
1;DIEGO;2015;58;3
1;DIEGO;2018;58;3
1;DIEGO;2019;58;3
1;DIEGO;2021;58;3
1;DIMITRI;2003;58;3
1;DONOVAN;2008;58;4
1;DORIAN;2000;58;3
1;DORIAN;2001;58;3
1;DORIAN;2002;58;8
1;DORIAN;2003;58;6
1;DORIAN;2004;58;9
1;DORIAN;2005;58;5
1;DORIAN;2006;58;6
1;DORIAN;2008;58;3
1;DYLAN;2000;58;11
1;DYLAN;2001;58;16
1;DYLAN;2002;58;22
1;DYLAN;2003;58;11
1;DYLAN;2004;58;10
1;DYLAN;2005;58;12
1;DYLAN;2006;58;12
1;DYLAN;2007;58;12
1;DYLAN;2008;58;9
1;DYLAN;2009;58;5
1;DYLAN;2010;58;5
1;DYLAN;2012;58;4
1;EDEN;2015;58;4
1;EDEN;2016;58;7
1;EDEN;2017;58;7
1;EDEN;2018;58;10
1;EDEN;2019;58;6
1;EDEN;2020;58;3
1;EDEN;2021;58;5
1;EDOUARD;2000;58;3
1;EDOUARD;2011;58;4
1;EDOUARD;2013;58;4
1;ELIO;2014;58;3
1;ELIO;2020;58;4
1;ELIOT;2005;58;4
1;ELIOT;2008;58;4
1;ELIOTT;2011;58;6
1;ELIOTT;2012;58;5
1;ELIOTT;2014;58;3
1;ELIOTT;2018;58;5
1;ELIOTT;2019;58;4
1;ELIOTT;2021;58;3
1;ELLIOT;2000;58;3
1;ELOI;2009;58;3
1;ELYO;2021;58;4
1;EMILIEN;2001;58;4
1;EMILIEN;2003;58;9
1;ENZO;2000;58;8
1;ENZO;2001;58;13
1;ENZO;2002;58;11
1;ENZO;2003;58;17
1;ENZO;2004;58;28
1;ENZO;2005;58;35
1;ENZO;2006;58;30
1;ENZO;2007;58;34
1;ENZO;2008;58;29
1;ENZO;2009;58;24
1;ENZO;2010;58;25
1;ENZO;2011;58;20
1;ENZO;2012;58;10
1;ENZO;2013;58;15
1;ENZO;2014;58;15
1;ENZO;2015;58;6
1;ENZO;2016;58;10
1;ENZO;2017;58;7
1;ENZO;2018;58;4
1;ENZO;2019;58;8
1;ENZO;2020;58;6
1;ENZO;2021;58;5
1;ERWAN;2001;58;4
1;ERWAN;2002;58;4
1;ERWAN;2003;58;6
1;ERWAN;2004;58;7
1;ERWAN;2005;58;7
1;ERWAN;2006;58;7
1;ERWAN;2007;58;5
1;ERWAN;2008;58;5
1;ERWAN;2009;58;3
1;ERWAN;2010;58;5
1;ERWAN;2014;58;3
1;ERWAN;2016;58;3
1;ERWANN;2004;58;3
1;ESTEBAN;2001;58;4
1;ESTEBAN;2003;58;5
1;ESTEBAN;2004;58;10
1;ESTEBAN;2005;58;4
1;ESTEBAN;2006;58;5
1;ESTEBAN;2007;58;5
1;ESTEBAN;2008;58;3
1;ESTEBAN;2009;58;5
1;ESTEBAN;2010;58;7
1;ESTEBAN;2011;58;7
1;ESTEBAN;2013;58;3
1;ESTEBAN;2016;58;4
1;ESTEBAN;2017;58;5
1;ESTEBAN;2018;58;3
1;ESTEBAN;2020;58;3
1;ETHAN;2004;58;5
1;ETHAN;2005;58;5
1;ETHAN;2006;58;10
1;ETHAN;2007;58;7
1;ETHAN;2008;58;12
1;ETHAN;2009;58;14
1;ETHAN;2010;58;19
1;ETHAN;2011;58;14
1;ETHAN;2012;58;18
1;ETHAN;2013;58;13
1;ETHAN;2014;58;10
1;ETHAN;2015;58;8
1;ETHAN;2016;58;4
1;ETHAN;2017;58;11
1;ETHAN;2018;58;6
1;ETHAN;2019;58;3
1;ETHAN;2021;58;5
1;ETIENNE;2001;58;3
1;ETIENNE;2003;58;3
1;EVAN;2002;58;5
1;EVAN;2003;58;3
1;EVAN;2004;58;4
1;EVAN;2005;58;5
1;EVAN;2006;58;12
1;EVAN;2007;58;13
1;EVAN;2008;58;7
1;EVAN;2009;58;19
1;EVAN;2010;58;15
1;EVAN;2011;58;5
1;EVAN;2012;58;12
1;EVAN;2013;58;3
1;EVAN;2014;58;5
1;EVAN;2015;58;5
1;EVAN;2016;58;3
1;EVAN;2017;58;4
1;EVAN;2018;58;6
1;EVAN;2021;58;3
1;EWAN;2005;58;3
1;EWAN;2007;58;4
1;EWAN;2008;58;3
1;EWAN;2010;58;4
1;EWEN;2009;58;3
1;EYDEN;2021;58;3
1;EZRA;2021;58;3
1;FABIEN;2012;58;3
1;FABIO;2014;58;3
1;FÉLIX;2000;58;3
1;FÉLIX;2006;58;3
1;FÉLIX;2010;58;3
1;FLAVIEN;2000;58;4
1;FLAVIEN;2002;58;4
1;FLAVIEN;2013;58;3
1;FLORENT;2000;58;3
1;FLORENT;2001;58;6
1;FLORENTIN;2001;58;3
1;FLORIAN;2000;58;14
1;FLORIAN;2001;58;16
1;FLORIAN;2002;58;10
1;FLORIAN;2003;58;4
1;FLORIAN;2004;58;7
1;FLORIAN;2005;58;8
1;FLORIAN;2006;58;5
1;FLORIAN;2007;58;3
1;FLORIAN;2008;58;7
1;FLORIAN;2009;58;3
1;FRANÇOIS;2002;58;3
1;GABIN;2003;58;3
1;GABIN;2004;58;5
1;GABIN;2006;58;5
1;GABIN;2007;58;9
1;GABIN;2008;58;6
1;GABIN;2009;58;3
1;GABIN;2010;58;4
1;GABIN;2011;58;6
1;GABIN;2012;58;6
1;GABIN;2013;58;6
1;GABIN;2014;58;10
1;GABIN;2015;58;8
1;GABIN;2016;58;5
1;GABIN;2017;58;7
1;GABIN;2018;58;8
1;GABIN;2019;58;8
1;GABIN;2020;58;9
1;GABIN;2021;58;8
1;GABRIEL;2000;58;5
1;GABRIEL;2001;58;3
1;GABRIEL;2002;58;7
1;GABRIEL;2003;58;3
1;GABRIEL;2004;58;3
1;GABRIEL;2005;58;6
1;GABRIEL;2006;58;6
1;GABRIEL;2007;58;12
1;GABRIEL;2008;58;13
1;GABRIEL;2009;58;9
1;GABRIEL;2010;58;10
1;GABRIEL;2011;58;15
1;GABRIEL;2012;58;12
1;GABRIEL;2013;58;11
1;GABRIEL;2014;58;6
1;GABRIEL;2015;58;20
1;GABRIEL;2016;58;6
1;GABRIEL;2017;58;12
1;GABRIEL;2018;58;4
1;GABRIEL;2019;58;13
1;GABRIEL;2020;58;11
1;GABRIEL;2021;58;10
1;GAEL;2002;58;3
1;GAEL;2008;58;3
1;GAEL;2009;58;4
1;GAËL;2011;58;3
1;GAËL;2017;58;3
1;GAËTAN;2000;58;7
1;GAËTAN;2001;58;3
1;GAËTAN;2005;58;4
1;GAËTAN;2006;58;3
1;GASPARD;2008;58;4
1;GASPARD;2016;58;3
1;GASPARD;2018;58;3
1;GASPARD;2020;58;3
1;GEOFFREY;2001;58;3
1;GRÉGOIRE;2002;58;3
1;GREGORY;2001;58;4
1;GREGORY;2006;58;4
1;GUILLAUME;2000;58;9
1;GUILLAUME;2001;58;9
1;GUILLAUME;2002;58;7
1;GUILLAUME;2003;58;5
1;GUILLAUME;2004;58;7
1;GUILLAUME;2006;58;3
1;GWENAEL;2003;58;3
1;HUGO;2000;58;19
1;HUGO;2001;58;25
1;HUGO;2002;58;21
1;HUGO;2003;58;35
1;HUGO;2004;58;26
1;HUGO;2005;58;24
1;HUGO;2006;58;17
1;HUGO;2007;58;16
1;HUGO;2008;58;19
1;HUGO;2009;58;14
1;HUGO;2010;58;10
1;HUGO;2011;58;12
1;HUGO;2012;58;10
1;HUGO;2013;58;15
1;HUGO;2014;58;9
1;HUGO;2015;58;11
1;HUGO;2016;58;9
1;HUGO;2017;58;10
1;HUGO;2018;58;5
1;HUGO;2019;58;3
1;HUGO;2020;58;7
1;HUGO;2021;58;4
1;IBRAHIM;2010;58;3
1;IBRAHIM;2014;58;3
1;IBRAHIM;2021;58;4
1;ILAN;2009;58;3
1;ILAN;2010;58;4
1;ILANN;2008;58;3
1;ILYES;2009;58;3
1;ILYES;2016;58;3
1;IMRAN;2015;58;3
1;IMRANE;2014;58;3
1;ISAAC;2020;58;4
1;ISMAEL;2004;58;3
1;JAMES;2000;58;3
1;JASON;2000;58;3
1;JASON;2001;58;5
1;JASON;2002;58;3
1;JASON;2003;58;3
1;JEAN;2008;58;3
1;JEAN;2015;58;3
1;JEAN;2016;58;3
1;JEAN-BAPTISTE;2001;58;4
1;JEREMY;2000;58;8
1;JEREMY;2001;58;8
1;JEREMY;2002;58;6
1;JEREMY;2003;58;6
1;JEREMY;2004;58;3
1;JEREMY;2006;58;4
1;JEREMY;2007;58;3
1;JEROME;2007;58;4
1;JIMMY;2000;58;4
1;JIMMY;2002;58;3
1;JOHAN;2002;58;3
1;JOHAN;2005;58;4
1;JOHAN;2007;58;4
1;JOHAN;2011;58;3
1;JOHANN;2008;58;3
1;JOHNNY;2004;58;3
1;JONAS;2013;58;3
1;JONATHAN;2000;58;4
1;JONATHAN;2001;58;4
1;JONATHAN;2002;58;7
1;JONATHAN;2003;58;3
1;JONATHAN;2004;58;4
1;JONATHAN;2008;58;3
1;JORDAN;2000;58;8
1;JORDAN;2001;58;8
1;JORDAN;2002;58;5
1;JORDAN;2003;58;10
1;JORDAN;2004;58;13
1;JORDAN;2006;58;4
1;JORDAN;2008;58;4
1;JORIS;2001;58;3
1;JORIS;2002;58;3
1;JORIS;2007;58;3
1;JOSHUA;2015;58;3
1;JULES;2000;58;3
1;JULES;2001;58;9
1;JULES;2002;58;5
1;JULES;2003;58;6
1;JULES;2004;58;7
1;JULES;2005;58;12
1;JULES;2006;58;11
1;JULES;2007;58;9
1;JULES;2008;58;9
1;JULES;2009;58;14
1;JULES;2010;58;12
1;JULES;2011;58;20
1;JULES;2012;58;18
1;JULES;2013;58;11
1;JULES;2014;58;13
1;JULES;2015;58;12
1;JULES;2016;58;11
1;JULES;2017;58;20
1;JULES;2018;58;8
1;JULES;2019;58;13
1;JULES;2020;58;4
1;JULES;2021;58;9
1;JULIAN;2009;58;3
1;JULIAN;2011;58;3
1;JULIAN;2016;58;3
1;JULIEN;2000;58;16
1;JULIEN;2001;58;17
1;JULIEN;2002;58;11
1;JULIEN;2003;58;11
1;JULIEN;2004;58;14
1;JULIEN;2005;58;11
1;JULIEN;2006;58;6
1;JULIEN;2007;58;5
1;JULIEN;2009;58;4
1;JUSTIN;2003;58;3
1;JUSTIN;2006;58;3
1;JUSTIN;2007;58;4
1;JUSTIN;2009;58;3
1;KAÏS;2012;58;3
1;KAÏS;2015;58;5
1;KAÏS;2017;58;3
1;KAYDEN;2021;58;4
1;KÉLYAN;2013;58;3
1;KENZO;2008;58;4
1;KENZO;2011;58;6
1;KENZO;2013;58;4
1;KENZO;2014;58;5
1;KENZO;2015;58;3
1;KENZO;2016;58;4
1;KENZO;2018;58;5
1;KENZO;2019;58;4
1;KENZO;2020;58;3
1;KEVIN;2000;58;20
1;KEVIN;2001;58;7
1;KEVIN;2002;58;9
1;KEVIN;2003;58;7
1;KEVIN;2004;58;4
1;KEVIN;2005;58;5
1;KEVIN;2006;58;10
1;KEVIN;2007;58;4
1;KEVIN;2008;58;4
1;KILIAN;2001;58;3
1;KILIAN;2005;58;3
1;KILIAN;2006;58;3
1;KILIAN;2007;58;4
1;KILIAN;2008;58;3
1;KILLIAN;2001;58;7
1;KILLIAN;2002;58;6
1;KILLIAN;2003;58;6
1;KILLIAN;2004;58;10
1;KILLIAN;2005;58;5
1;KILLIAN;2006;58;4
1;KILLIAN;2007;58;4
1;KILLIAN;2009;58;3
1;KILYAN;2006;58;3
1;KYLIAN;2002;58;6
1;KYLIAN;2003;58;8
1;KYLIAN;2004;58;12
1;KYLIAN;2005;58;8
1;KYLIAN;2006;58;7
1;KYLIAN;2007;58;8
1;KYLIAN;2008;58;9
1;KYLIAN;2009;58;4
1;KYLIAN;2010;58;4
1;KYLIAN;2011;58;3
1;KYLIAN;2012;58;4
1;KYLIAN;2013;58;5
1;KYLIAN;2014;58;6
1;KYLIAN;2015;58;4
1;KYLIAN;2017;58;3
1;KYLIAN;2018;58;4
1;KYLLIAN;2008;58;4
1;LÉANDRE;2007;58;3
1;LÉANDRE;2011;58;6
1;LÉANDRE;2016;58;3
1;LÉANDRE;2018;58;3
1;LENNY;2004;58;5
1;LENNY;2005;58;3
1;LENNY;2006;58;4
1;LENNY;2007;58;3
1;LENNY;2009;58;4
1;LENNY;2010;58;6
1;LENNY;2011;58;4
1;LENNY;2012;58;3
1;LENNY;2013;58;3
1;LENNY;2014;58;3
1;LENNY;2015;58;3
1;LENNY;2016;58;3
1;LENNY;2019;58;3
1;LENNY;2021;58;3
1;LÉNY;2012;58;4
1;LÉO;2000;58;10
1;LÉO;2001;58;15
1;LÉO;2002;58;12
1;LÉO;2003;58;8
1;LÉO;2004;58;13
1;LÉO;2005;58;16
1;LÉO;2006;58;12
1;LÉO;2007;58;12
1;LÉO;2008;58;14
1;LÉO;2009;58;8
1;LÉO;2010;58;22
1;LÉO;2011;58;12
1;LÉO;2012;58;13
1;LÉO;2013;58;7
1;LÉO;2014;58;11
1;LÉO;2015;58;8
1;LÉO;2016;58;6
1;LÉO;2017;58;10
1;LÉO;2018;58;7
1;LÉO;2019;58;10
1;LÉO;2020;58;9
1;LÉO;2021;58;6
1;LÉON;2009;58;3
1;LÉON;2014;58;4
1;LÉON;2015;58;3
1;LÉON;2018;58;4
1;LÉON;2020;58;4
1;LÉON;2021;58;8
1;LEWIS;2012;58;3
1;LIAM;2004;58;3
1;LIAM;2008;58;4
1;LIAM;2013;58;3
1;LIAM;2014;58;6
1;LIAM;2015;58;6
1;LIAM;2016;58;6
1;LIAM;2017;58;4
1;LIAM;2018;58;7
1;LIAM;2019;58;9
1;LIAM;2020;58;6
1;LIAM;2021;58;8
1;LILIAN;2001;58;3
1;LILIAN;2002;58;4
1;LILIAN;2003;58;4
1;LILIAN;2004;58;8
1;LILIAN;2006;58;5
1;LILIAN;2007;58;7
1;LILIAN;2008;58;3
1;LILIAN;2010;58;4
1;LILIAN;2012;58;3
1;LISANDRO;2021;58;3
1;LOAN;2006;58;3
1;LOAN;2008;58;3
1;LOGAN;2020;58;3
1;LOHAN;2015;58;3
1;LOÏC;2001;58;7
1;LOÏC;2002;58;4
1;LOÏC;2004;58;4
1;LOÏC;2006;58;3
1;LOÏC;2009;58;3
1;LOÏS;2008;58;3
1;LORENZO;2002;58;4
1;LORENZO;2005;58;3
1;LORENZO;2007;58;3
1;LORENZO;2009;58;3
1;LORENZO;2010;58;6
1;LORENZO;2011;58;7
1;LORENZO;2012;58;5
1;LORENZO;2013;58;3
1;LORENZO;2014;58;6
1;LORENZO;2016;58;3
1;LORENZO;2017;58;3
1;LORENZO;2018;58;3
1;LORIS;2007;58;5
1;LORIS;2010;58;3
1;LORIS;2019;58;3
1;LOUIS;2000;58;14
1;LOUIS;2001;58;16
1;LOUIS;2002;58;7
1;LOUIS;2003;58;12
1;LOUIS;2004;58;14
1;LOUIS;2005;58;9
1;LOUIS;2006;58;11
1;LOUIS;2007;58;30
1;LOUIS;2008;58;17
1;LOUIS;2009;58;7
1;LOUIS;2010;58;17
1;LOUIS;2011;58;13
1;LOUIS;2012;58;15
1;LOUIS;2013;58;16
1;LOUIS;2014;58;5
1;LOUIS;2015;58;15
1;LOUIS;2016;58;9
1;LOUIS;2017;58;9
1;LOUIS;2018;58;4
1;LOUIS;2019;58;10
1;LOUIS;2020;58;4
1;LOUIS;2021;58;4
1;LOUISON;2011;58;3
1;LOUKA;2006;58;4
1;LOUKA;2008;58;6
1;LOUKA;2009;58;3
1;LOUKA;2012;58;3
1;LOUKA;2014;58;4
1;LOUKA;2015;58;3
1;LOUKA;2018;58;4
1;LUBIN;2008;58;3
1;LUBIN;2009;58;3
1;LUCA;2002;58;3
1;LUCA;2005;58;3
1;LUCAS;2000;58;25
1;LUCAS;2001;58;34
1;LUCAS;2002;58;41
1;LUCAS;2003;58;31
1;LUCAS;2004;58;28
1;LUCAS;2005;58;22
1;LUCAS;2006;58;26
1;LUCAS;2007;58;25
1;LUCAS;2008;58;23
1;LUCAS;2009;58;16
1;LUCAS;2010;58;22
1;LUCAS;2011;58;19
1;LUCAS;2012;58;17
1;LUCAS;2013;58;24
1;LUCAS;2014;58;7
1;LUCAS;2015;58;8
1;LUCAS;2016;58;11
1;LUCAS;2017;58;11
1;LUCAS;2018;58;4
1;LUCAS;2019;58;4
1;LUCAS;2020;58;4
1;LUCAS;2021;58;4
1;LUCIEN;2011;58;3
1;LUCIEN;2016;58;3
1;LUDOVIC;2000;58;3
1;LUKA;2007;58;3
1;LUKA;2015;58;5
1;LUKA;2021;58;4
1;LUKAS;2004;58;4
1;LUKAS;2005;58;3
1;LUKAS;2006;58;4
1;LUKAS;2007;58;4
1;LUKAS;2010;58;3
1;LUKAS;2013;58;6
1;LYAM;2015;58;3
1;LYAM;2016;58;3
1;LYAM;2019;58;4
1;LYAM;2020;58;3
1;LYAM;2021;58;3
1;MAÉ;2011;58;5
1;MAÉ;2017;58;4
1;MAÉ;2018;58;3
1;MAEL;2002;58;6
1;MAEL;2003;58;5
1;MAEL;2004;58;3
1;MAEL;2005;58;5
1;MAEL;2006;58;3
1;MAEL;2007;58;9
1;MAEL;2008;58;5
1;MAEL;2009;58;6
1;MAEL;2010;58;4
1;MAËL;2010;58;9
1;MAËL;2012;58;5
1;MAËL;2013;58;7
1;MAËL;2014;58;8
1;MAËL;2015;58;5
1;MAËL;2016;58;5
1;MAËL;2017;58;9
1;MAËL;2018;58;4
1;MAËL;2019;58;5
1;MAËL;2020;58;9
1;MAËL;2021;58;6
1;MAHÉ;2007;58;3
1;MAHÉ;2015;58;3
1;MAHÉ;2016;58;5
1;MAHÉ;2018;58;3
1;MALIK;2002;58;4
1;MALO;2005;58;3
1;MALO;2011;58;4
1;MALO;2019;58;3
1;MALO;2021;58;4
1;MALONE;2016;58;4
1;MALONE;2018;58;4
1;MALONE;2019;58;3
1;MALONE;2021;58;3
1;MARCEAU;2020;58;4
1;MARIN;2018;58;3
1;MARIUS;2001;58;5
1;MARIUS;2002;58;6
1;MARIUS;2003;58;3
1;MARIUS;2004;58;4
1;MARIUS;2006;58;4
1;MARIUS;2007;58;6
1;MARIUS;2008;58;6
1;MARIUS;2009;58;5
1;MARIUS;2010;58;3
1;MARIUS;2012;58;3
1;MARIUS;2014;58;3
1;MARIUS;2016;58;6
1;MARIUS;2018;58;4
1;MARIUS;2019;58;3
1;MARTIN;2000;58;3
1;MARTIN;2002;58;3
1;MARTIN;2003;58;5
1;MARTIN;2005;58;3
1;MARTIN;2008;58;4
1;MARTIN;2011;58;3
1;MARTIN;2012;58;3
1;MARTIN;2015;58;4
1;MARTIN;2018;58;6
1;MARTIN;2019;58;3
1;MARTIN;2020;58;3
1;MATÉO;2003;58;7
1;MATÉO;2004;58;6
1;MATÉO;2006;58;3
1;MATÉO;2007;58;5
1;MATÉO;2009;58;4
1;MATÉO;2011;58;3
1;MATÉO;2020;58;3
1;MATHÉO;2002;58;7
1;MATHÉO;2003;58;5
1;MATHÉO;2004;58;15
1;MATHÉO;2005;58;14
1;MATHÉO;2006;58;18
1;MATHÉO;2007;58;18
1;MATHÉO;2008;58;11
1;MATHÉO;2009;58;12
1;MATHÉO;2010;58;15
1;MATHÉO;2011;58;14
1;MATHÉO;2012;58;10
1;MATHÉO;2013;58;6
1;MATHÉO;2014;58;9
1;MATHÉO;2015;58;12
1;MATHÉO;2016;58;5
1;MATHÉO;2017;58;7
1;MATHÉO;2018;58;6
1;MATHÉO;2020;58;3
1;MATHIAS;2000;58;5
1;MATHIAS;2001;58;5
1;MATHIAS;2002;58;5
1;MATHIAS;2003;58;8
1;MATHIAS;2004;58;5
1;MATHIAS;2005;58;4
1;MATHIAS;2006;58;4
1;MATHIAS;2007;58;8
1;MATHIAS;2008;58;3
1;MATHIAS;2009;58;7
1;MATHIAS;2010;58;3
1;MATHIAS;2011;58;5
1;MATHIAS;2012;58;4
1;MATHIAS;2014;58;3
1;MATHIAS;2016;58;4
1;MATHIAS;2017;58;4
1;MATHIEU;2000;58;8
1;MATHIEU;2001;58;11
1;MATHIEU;2002;58;5
1;MATHIEU;2003;58;7
1;MATHIEU;2004;58;6
1;MATHIEU;2005;58;4
1;MATHIEU;2006;58;5
1;MATHIEU;2007;58;3
1;MATHIEU;2008;58;3
1;MATHIEU;2009;58;4
1;MATHIEU;2010;58;5
1;MATHIEU;2011;58;3
1;MATHIS;2000;58;3
1;MATHIS;2001;58;4
1;MATHIS;2002;58;8
1;MATHIS;2003;58;22
1;MATHIS;2004;58;29
1;MATHIS;2005;58;22
1;MATHIS;2006;58;35
1;MATHIS;2007;58;22
1;MATHIS;2008;58;16
1;MATHIS;2009;58;30
1;MATHIS;2010;58;14
1;MATHIS;2011;58;16
1;MATHIS;2012;58;12
1;MATHIS;2013;58;5
1;MATHIS;2014;58;11
1;MATHIS;2015;58;6
1;MATHIS;2016;58;6
1;MATHIS;2017;58;6
1;MATHYS;2003;58;5
1;MATHYS;2006;58;6
1;MATHYS;2007;58;5
1;MATHYS;2008;58;5
1;MATHYS;2009;58;4
1;MATHYS;2011;58;6
1;MATHYS;2012;58;3
1;MATHYS;2013;58;5
1;MATHYS;2015;58;7
1;MATHYS;2016;58;3
1;MATIS;2005;58;3
1;MATTÉO;2000;58;5
1;MATTÉO;2001;58;4
1;MATTÉO;2002;58;5
1;MATTÉO;2003;58;3
1;MATTÉO;2004;58;12
1;MATTÉO;2005;58;7
1;MATTÉO;2006;58;4
1;MATTÉO;2007;58;9
1;MATTÉO;2008;58;5
1;MATTÉO;2010;58;3
1;MATTÉO;2014;58;3
1;MATTÉO;2017;58;4
1;MATTHÉO;2006;58;5
1;MATTHIAS;2002;58;4
1;MATTHIAS;2003;58;3
1;MATTHIAS;2004;58;4
1;MATTHIAS;2008;58;3
1;MATTHIAS;2010;58;3
1;MATTHIEU;2000;58;6
1;MATTHIEU;2002;58;3
1;MATTHIEU;2004;58;5
1;MATTHIEU;2005;58;4
1;MAX;2019;58;3
1;MAXENCE;2000;58;7
1;MAXENCE;2001;58;8
1;MAXENCE;2002;58;10
1;MAXENCE;2003;58;9
1;MAXENCE;2004;58;13
1;MAXENCE;2005;58;13
1;MAXENCE;2006;58;11
1;MAXENCE;2007;58;9
1;MAXENCE;2008;58;12
1;MAXENCE;2009;58;10
1;MAXENCE;2010;58;7
1;MAXENCE;2011;58;10
1;MAXENCE;2012;58;7
1;MAXENCE;2013;58;7
1;MAXENCE;2014;58;8
1;MAXENCE;2015;58;10
1;MAXENCE;2017;58;5
1;MAXENCE;2018;58;6
1;MAXIME;2000;58;19
1;MAXIME;2001;58;28
1;MAXIME;2002;58;19
1;MAXIME;2003;58;18
1;MAXIME;2004;58;18
1;MAXIME;2005;58;17
1;MAXIME;2006;58;17
1;MAXIME;2007;58;13
1;MAXIME;2008;58;13
1;MAXIME;2009;58;12
1;MAXIME;2010;58;12
1;MAXIME;2011;58;12
1;MAXIME;2012;58;10
1;MAXIME;2013;58;4
1;MAXIME;2014;58;7
1;MAXIME;2015;58;7
1;MAXIME;2016;58;8
1;MAXIME;2017;58;4
1;MAXIME;2018;58;6
1;MAXIMILIEN;2003;58;3
1;MEHDI;2001;58;3
1;MEHDI;2002;58;4
1;MEHDI;2003;58;3
1;MEHDI;2005;58;3
1;MEHDI;2006;58;3
1;MELVIN;2002;58;3
1;MELVIN;2004;58;3
1;MELVIN;2007;58;6
1;MELVIN;2008;58;3
1;MELVIN;2013;58;3
1;MICKAEL;2000;58;3
1;MILAN;2013;58;3
1;MILAN;2021;58;4
1;MILO;2015;58;4
1;MILO;2020;58;3
1;MILO;2021;58;3
1;MOHAMED;2010;58;4
1;MOHAMED;2013;58;7
1;MORGAN;2000;58;4
1;MORGAN;2005;58;3
1;MORGAN;2007;58;3
1;NAEL;2008;58;3
1;NAËL;2011;58;4
1;NAËL;2016;58;3
1;NAËL;2020;58;4
1;NAÏM;2019;58;6
1;NATHAEL;2008;58;3
1;NATHAN;2000;58;7
1;NATHAN;2001;58;11
1;NATHAN;2002;58;10
1;NATHAN;2003;58;14
1;NATHAN;2004;58;19
1;NATHAN;2005;58;8
1;NATHAN;2006;58;26
1;NATHAN;2007;58;25
1;NATHAN;2008;58;36
1;NATHAN;2009;58;21
1;NATHAN;2010;58;21
1;NATHAN;2011;58;23
1;NATHAN;2012;58;20
1;NATHAN;2013;58;12
1;NATHAN;2014;58;12
1;NATHAN;2015;58;7
1;NATHAN;2016;58;11
1;NATHAN;2017;58;9
1;NATHAN;2018;58;10
1;NATHAN;2019;58;7
1;NATHAN;2020;58;4
1;NATHAN;2021;58;3
1;NATHANAEL;2001;58;3
1;NATHANAEL;2004;58;3
1;NATHANAEL;2007;58;4
1;NATHANAEL;2008;58;4
1;NELSON;2007;58;3
1;NICOLAS;2000;58;27
1;NICOLAS;2001;58;17
1;NICOLAS;2002;58;17
1;NICOLAS;2003;58;13
1;NICOLAS;2004;58;11
1;NICOLAS;2005;58;12
1;NICOLAS;2006;58;5
1;NICOLAS;2007;58;4
1;NICOLAS;2008;58;7
1;NICOLAS;2011;58;5
1;NINO;2008;58;5
1;NINO;2009;58;4
1;NINO;2010;58;4
1;NINO;2013;58;3
1;NINO;2015;58;4
1;NINO;2017;58;4
1;NINO;2018;58;4
1;NINO;2019;58;3
1;NINO;2020;58;6
1;NINO;2021;58;11
1;NOA;2002;58;4
1;NOA;2003;58;3
1;NOA;2004;58;3
1;NOA;2005;58;3
1;NOA;2006;58;9
1;NOA;2007;58;11
1;NOA;2008;58;7
1;NOA;2009;58;5
1;NOA;2010;58;5
1;NOA;2011;58;10
1;NOA;2012;58;5
1;NOA;2013;58;4
1;NOA;2014;58;4
1;NOA;2016;58;4
1;NOA;2021;58;3
1;NOAH;2003;58;4
1;NOAH;2004;58;4
1;NOAH;2005;58;5
1;NOAH;2006;58;14
1;NOAH;2007;58;7
1;NOAH;2008;58;18
1;NOAH;2009;58;11
1;NOAH;2010;58;15
1;NOAH;2011;58;12
1;NOAH;2012;58;6
1;NOAH;2013;58;5
1;NOAH;2014;58;8
1;NOAH;2015;58;6
1;NOAH;2016;58;6
1;NOAH;2017;58;10
1;NOAH;2018;58;3
1;NOAH;2019;58;11
1;NOAH;2020;58;6
1;NOAH;2021;58;6
1;NOAM;2013;58;5
1;NOE;2001;58;4
1;NOE;2005;58;8
1;NOE;2007;58;5
1;NOE;2008;58;7
1;NOE;2009;58;13
1;NOE;2010;58;4
1;NOÉ;2010;58;3
1;NOÉ;2011;58;12
1;NOÉ;2012;58;5
1;NOÉ;2013;58;8
1;NOÉ;2014;58;4
1;NOÉ;2015;58;6
1;NOÉ;2016;58;5
1;NOÉ;2017;58;6
1;NOÉ;2018;58;7
1;NOÉ;2019;58;5
1;NOÉ;2020;58;6
1;NOÉ;2021;58;5
1;NOHAM;2013;58;3
1;NOHAM;2014;58;3
1;NOLAN;2005;58;3
1;NOLAN;2006;58;10
1;NOLAN;2007;58;6
1;NOLAN;2008;58;6
1;NOLAN;2009;58;7
1;NOLAN;2010;58;10
1;NOLAN;2011;58;6
1;NOLAN;2012;58;12
1;NOLAN;2013;58;23
1;NOLAN;2014;58;13
1;NOLAN;2015;58;6
1;NOLAN;2016;58;10
1;NOLAN;2017;58;5
1;NOLAN;2018;58;5
1;NOLAN;2019;58;4
1;NOLAN;2020;58;6
1;NOLAN;2021;58;5
1;NOLANN;2011;58;3
1;NOLHAN;2009;58;3
1;NOLHAN;2012;58;3
1;NOLHAN;2013;58;3
1;OSCAR;2007;58;3
1;OSCAR;2009;58;4
1;OSCAR;2013;58;4
1;OSCAR;2017;58;3
1;OWEN;2008;58;3
1;OWEN;2013;58;3
1;OWEN;2021;58;3
1;PAOLO;2005;58;3
1;PAOLO;2010;58;3
1;PAUL;2000;58;15
1;PAUL;2001;58;9
1;PAUL;2002;58;9
1;PAUL;2003;58;11
1;PAUL;2004;58;5
1;PAUL;2005;58;5
1;PAUL;2006;58;7
1;PAUL;2007;58;9
1;PAUL;2008;58;7
1;PAUL;2009;58;10
1;PAUL;2010;58;12
1;PAUL;2011;58;6
1;PAUL;2012;58;5
1;PAUL;2013;58;9
1;PAUL;2014;58;15
1;PAUL;2015;58;7
1;PAUL;2016;58;7
1;PAUL;2017;58;8
1;PAUL;2018;58;7
1;PAUL;2019;58;8
1;PAUL;2020;58;10
1;PAUL;2021;58;5
1;PIERRE;2000;58;16
1;PIERRE;2001;58;13
1;PIERRE;2002;58;13
1;PIERRE;2003;58;12
1;PIERRE;2004;58;8
1;PIERRE;2005;58;5
1;PIERRE;2006;58;5
1;PIERRE;2007;58;6
1;PIERRE;2009;58;3
1;PIERRE;2010;58;3
1;PIERRE;2011;58;3
1;PIERRE;2012;58;4
1;PIERRE;2013;58;5
1;PIERRE;2014;58;5
1;PIERRE;2015;58;4
1;PIERRE;2019;58;5
1;QUENTIN;2000;58;22
1;QUENTIN;2001;58;29
1;QUENTIN;2002;58;31
1;QUENTIN;2003;58;9
1;QUENTIN;2004;58;23
1;QUENTIN;2005;58;21
1;QUENTIN;2006;58;11
1;QUENTIN;2007;58;18
1;QUENTIN;2008;58;8
1;QUENTIN;2009;58;9
1;QUENTIN;2011;58;6
1;QUENTIN;2013;58;7
1;RAFAEL;2017;58;3
1;RAFAEL;2021;58;3
1;RAFAËL;2012;58;3
1;RAFAËL;2017;58;3
1;RAPHAËL;2000;58;5
1;RAPHAËL;2001;58;8
1;RAPHAËL;2002;58;5
1;RAPHAËL;2003;58;6
1;RAPHAËL;2004;58;7
1;RAPHAËL;2005;58;5
1;RAPHAËL;2006;58;11
1;RAPHAËL;2007;58;6
1;RAPHAËL;2008;58;3
1;RAPHAËL;2009;58;10
1;RAPHAËL;2010;58;10
1;RAPHAËL;2011;58;5
1;RAPHAËL;2012;58;7
1;RAPHAËL;2013;58;5
1;RAPHAËL;2014;58;8
1;RAPHAËL;2015;58;4
1;RAPHAËL;2016;58;5
1;RAPHAËL;2017;58;8
1;RAPHAËL;2018;58;7
1;RAPHAËL;2019;58;9
1;RAPHAËL;2020;58;6
1;RAPHAËL;2021;58;5
1;RAYAN;2006;58;4
1;RAYAN;2007;58;7
1;RAYAN;2009;58;5
1;RAYAN;2010;58;5
1;RAYAN;2011;58;7
1;RAYAN;2012;58;3
1;RAYAN;2013;58;4
1;RAYAN;2014;58;4
1;RAYAN;2015;58;3
1;RÉMI;2000;58;6
1;RÉMI;2001;58;3
1;RÉMI;2003;58;4
1;RÉMI;2005;58;6
1;RÉMI;2018;58;3
1;RÉMY;2000;58;4
1;RENAUD;2003;58;3
1;RICHARD;2000;58;3
1;ROBIN;2001;58;3
1;ROBIN;2003;58;4
1;ROBIN;2004;58;3
1;ROBIN;2005;58;3
1;ROBIN;2006;58;4
1;ROBIN;2007;58;5
1;ROBIN;2009;58;4
1;ROBIN;2011;58;3
1;ROBIN;2012;58;3
1;ROBIN;2014;58;4
1;ROBIN;2017;58;8
1;ROBIN;2018;58;3
1;ROBIN;2019;58;3
1;ROBIN;2021;58;5
1;ROMAIN;2000;58;15
1;ROMAIN;2001;58;12
1;ROMAIN;2002;58;19
1;ROMAIN;2003;58;17
1;ROMAIN;2004;58;10
1;ROMAIN;2005;58;16
1;ROMAIN;2006;58;6
1;ROMAIN;2007;58;5
1;ROMAIN;2008;58;3
1;ROMAIN;2009;58;4
1;ROMAIN;2011;58;7
1;ROMAN;2009;58;3
1;ROMÉO;2010;58;4
1;ROMÉO;2020;58;3
1;ROMÉO;2021;58;3
1;RONAN;2008;58;4
1;RUBEN;2011;58;3
1;RYAN;2001;58;5
1;RYAN;2002;58;3
1;RYAN;2005;58;3
1;RYAN;2006;58;6
1;RYAN;2007;58;3
1;RYAN;2008;58;4
1;RYAN;2009;58;3
1;RYAN;2011;58;4
1;RYAN;2014;58;3
1;SACHA;2000;58;3
1;SACHA;2003;58;5
1;SACHA;2004;58;4
1;SACHA;2005;58;6
1;SACHA;2006;58;6
1;SACHA;2007;58;9
1;SACHA;2008;58;9
1;SACHA;2009;58;7
1;SACHA;2010;58;9
1;SACHA;2011;58;10
1;SACHA;2012;58;8
1;SACHA;2013;58;11
1;SACHA;2014;58;9
1;SACHA;2015;58;7
1;SACHA;2016;58;7
1;SACHA;2017;58;6
1;SACHA;2018;58;5
1;SACHA;2019;58;4
1;SACHA;2020;58;6
1;SACHA;2021;58;4
1;SAMUEL;2000;58;6
1;SAMUEL;2001;58;6
1;SAMUEL;2003;58;4
1;SAMUEL;2004;58;6
1;SAMUEL;2005;58;7
1;SAMUEL;2006;58;5
1;SAMUEL;2007;58;3
1;SAMUEL;2008;58;9
1;SAMUEL;2009;58;6
1;SAMUEL;2010;58;5
1;SAMUEL;2011;58;5
1;SAMUEL;2012;58;3
1;SAMUEL;2013;58;4
1;SAMUEL;2015;58;7
1;SAMUEL;2017;58;3
1;SASHA;2008;58;3
1;SASHA;2011;58;3
1;SASHA;2012;58;5
1;SASHA;2013;58;3
1;SÉBASTIEN;2000;58;4
1;SÉBASTIEN;2001;58;6
1;SÉBASTIEN;2002;58;3
1;SÉBASTIEN;2004;58;4
1;SIMON;2000;58;9
1;SIMON;2001;58;7
1;SIMON;2002;58;7
1;SIMON;2003;58;8
1;SIMON;2004;58;15
1;SIMON;2005;58;4
1;SIMON;2006;58;5
1;SIMON;2007;58;3
1;SIMON;2008;58;3
1;SIMON;2009;58;7
1;SIMON;2010;58;3
1;SIMON;2011;58;3
1;SIMON;2012;58;7
1;SIMON;2014;58;4
1;SIMON;2015;58;7
1;SIMON;2016;58;3
1;SIMON;2017;58;3
1;SIMON;2019;58;4
1;SIMON;2020;58;3
1;SOAN;2009;58;4
1;SOAN;2010;58;4
1;SOAN;2011;58;4
1;SOAN;2012;58;3
1;SOAN;2014;58;3
1;SOAN;2021;58;3
1;STANISLAS;2002;58;3
1;STANISLAS;2008;58;3
1;STEVEN;2001;58;5
1;STEVEN;2003;58;4
1;STEVEN;2005;58;3
1;SYLVAIN;2001;58;3
1;TANGUY;2000;58;4
1;TANGUY;2001;58;3
1;TEDDY;2005;58;3
1;TÉO;2004;58;5
1;TÉO;2006;58;4
1;TÉO;2007;58;3
1;TÉO;2008;58;3
1;TÉO;2013;58;3
1;THÉO;2000;58;25
1;THÉO;2001;58;29
1;THÉO;2002;58;27
1;THÉO;2003;58;31
1;THÉO;2004;58;35
1;THÉO;2005;58;35
1;THÉO;2006;58;22
1;THÉO;2007;58;23
1;THÉO;2008;58;11
1;THÉO;2009;58;15
1;THÉO;2010;58;18
1;THÉO;2011;58;17
1;THÉO;2012;58;11
1;THÉO;2013;58;10
1;THÉO;2014;58;14
1;THÉO;2015;58;10
1;THÉO;2016;58;7
1;THÉO;2017;58;5
1;THÉO;2018;58;5
1;THÉO;2019;58;7
1;THÉO;2020;58;3
1;THÉO;2021;58;3
1;THEOPHILE;2000;58;3
1;THEOPHILE;2001;58;3
1;THIAGO;2016;58;3
1;THIAGO;2017;58;3
1;THIAGO;2019;58;3
1;THIBAULT;2000;58;11
1;THIBAULT;2001;58;9
1;THIBAULT;2002;58;6
1;THIBAULT;2003;58;7
1;THIBAULT;2004;58;4
1;THIBAULT;2005;58;3
1;THIBAULT;2006;58;5
1;THIBAULT;2007;58;3
1;THIBAULT;2008;58;3
1;THIBAULT;2009;58;5
1;THIBAULT;2010;58;3
1;THIBAULT;2011;58;3
1;THIBAULT;2013;58;3
1;THIBAULT;2014;58;3
1;THIBAUT;2000;58;5
1;THIBAUT;2001;58;4
1;THIBAUT;2002;58;4
1;THIBAUT;2004;58;3
1;THIBAUT;2005;58;4
1;THIBAUT;2013;58;3
1;THIMÉO;2014;58;3
1;THOMAS;2000;58;27
1;THOMAS;2001;58;29
1;THOMAS;2002;58;20
1;THOMAS;2003;58;26
1;THOMAS;2004;58;15
1;THOMAS;2005;58;28
1;THOMAS;2006;58;16
1;THOMAS;2007;58;20
1;THOMAS;2008;58;15
1;THOMAS;2009;58;11
1;THOMAS;2011;58;9
1;THOMAS;2012;58;5
1;THOMAS;2013;58;4
1;THOMAS;2015;58;3
1;THYMÉO;2016;58;3
1;TIAGO;2013;58;4
1;TIAGO;2016;58;3
1;TIAGO;2017;58;5
1;TIAGO;2018;58;3
1;TIAGO;2019;58;9
1;TIAGO;2021;58;4
1;TIM;2012;58;3
1;TIMEO;2004;58;3
1;TIMEO;2006;58;3
1;TIMEO;2007;58;6
1;TIMEO;2008;58;4
1;TIMEO;2009;58;12
1;TIMEO;2010;58;5
1;TIMÉO;2010;58;4
1;TIMÉO;2011;58;13
1;TIMÉO;2012;58;12
1;TIMÉO;2013;58;6
1;TIMÉO;2014;58;15
1;TIMÉO;2015;58;14
1;TIMÉO;2016;58;6
1;TIMÉO;2017;58;10
1;TIMÉO;2018;58;5
1;TIMÉO;2019;58;5
1;TIMÉO;2020;58;8
1;TIMÉO;2021;58;13
1;TIMOTHE;2007;58;4
1;TIMOTHE;2009;58;4
1;TIMOTHÉ;2010;58;3
1;TIMOTHÉ;2012;58;4
1;TIMOTHÉ;2018;58;4
1;TITOUAN;2004;58;6
1;TITOUAN;2006;58;3
1;TITOUAN;2007;58;5
1;TITOUAN;2009;58;3
1;TITOUAN;2011;58;5
1;TOM;2000;58;12
1;TOM;2001;58;11
1;TOM;2002;58;19
1;TOM;2003;58;8
1;TOM;2004;58;13
1;TOM;2005;58;11
1;TOM;2006;58;18
1;TOM;2007;58;14
1;TOM;2008;58;16
1;TOM;2009;58;10
1;TOM;2010;58;15
1;TOM;2011;58;13
1;TOM;2012;58;10
1;TOM;2013;58;3
1;TOM;2014;58;8
1;TOM;2015;58;7
1;TOM;2016;58;9
1;TOM;2017;58;11
1;TOM;2018;58;3
1;TOM;2019;58;7
1;TOM;2020;58;5
1;TOM;2021;58;7
1;TONY;2000;58;5
1;TONY;2001;58;5
1;TONY;2002;58;4
1;TONY;2003;58;4
1;TONY;2005;58;5
1;TONY;2006;58;4
1;TONY;2007;58;5
1;TONY;2010;58;4
1;TONY;2011;58;4
1;TRISTAN;2000;58;3
1;TRISTAN;2001;58;7
1;TRISTAN;2002;58;8
1;TRISTAN;2003;58;3
1;TRISTAN;2004;58;9
1;TRISTAN;2005;58;7
1;TRISTAN;2006;58;5
1;TRISTAN;2007;58;7
1;TRISTAN;2008;58;3
1;TRISTAN;2009;58;4
1;TRISTAN;2010;58;6
1;TRISTAN;2011;58;5
1;TRISTAN;2015;58;3
1;TYLER;2015;58;3
1;TYMÉO;2014;58;3
1;TYMÉO;2017;58;7
1;ULYSSE;2005;58;3
1;VALENTIN;2000;58;22
1;VALENTIN;2001;58;20
1;VALENTIN;2002;58;25
1;VALENTIN;2003;58;18
1;VALENTIN;2004;58;12
1;VALENTIN;2005;58;19
1;VALENTIN;2006;58;7
1;VALENTIN;2007;58;8
1;VALENTIN;2008;58;6
1;VALENTIN;2010;58;3
1;VALENTIN;2011;58;8
1;VALENTIN;2012;58;6
1;VALENTIN;2013;58;4
1;VALENTIN;2014;58;6
1;VALENTIN;2015;58;7
1;VALENTIN;2016;58;8
1;VALENTIN;2017;58;6
1;VALENTIN;2019;58;4
1;VICTOR;2000;58;9
1;VICTOR;2001;58;7
1;VICTOR;2002;58;6
1;VICTOR;2003;58;9
1;VICTOR;2004;58;4
1;VICTOR;2006;58;5
1;VICTOR;2007;58;5
1;VICTOR;2008;58;3
1;VICTOR;2009;58;3
1;VICTOR;2011;58;4
1;VICTOR;2014;58;3
1;VICTOR;2015;58;8
1;VICTOR;2021;58;3
1;VINCENT;2000;58;7
1;VINCENT;2001;58;10
1;VINCENT;2002;58;7
1;VINCENT;2003;58;7
1;VINCENT;2004;58;5
1;VINCENT;2005;58;4
1;VINCENT;2008;58;3
1;VIRGILE;2002;58;3
1;WALID;2007;58;3
1;WARREN;2014;58;3
1;WASSIM;2019;58;3
1;WILFRIED;2010;58;3
1;WILLIAM;2000;58;5
1;WILLIAM;2001;58;4
1;WILLIAM;2002;58;7
1;WILLIAM;2003;58;7
1;WILLIAM;2004;58;5
1;WILLIAM;2012;58;4
1;WYATT;2020;58;3
1;XAVIER;2000;58;4
1;XAVIER;2002;58;3
1;YANIS;2000;58;3
1;YANIS;2002;58;5
1;YANIS;2003;58;10
1;YANIS;2004;58;3
1;YANIS;2005;58;10
1;YANIS;2006;58;10
1;YANIS;2007;58;13
1;YANIS;2008;58;11
1;YANIS;2009;58;11
1;YANIS;2010;58;13
1;YANIS;2011;58;9
1;YANIS;2012;58;11
1;YANIS;2013;58;5
1;YANIS;2014;58;6
1;YANIS;2015;58;5
1;YANIS;2016;58;3
1;YANIS;2017;58;4
1;YANIS;2021;58;3
1;YANN;2000;58;3
1;YANN;2001;58;4
1;YANN;2002;58;3
1;YANN;2003;58;3
1;YANN;2005;58;4
1;YANN;2007;58;6
1;YANN;2008;58;5
1;YANN;2009;58;3
1;YANN;2010;58;3
1;YANN;2011;58;3
1;YANNIS;2000;58;3
1;YANNIS;2001;58;3
1;YANNIS;2004;58;4
1;YANNIS;2005;58;3
1;YANNIS;2007;58;3
1;YANNIS;2008;58;4
1;YANNIS;2009;58;3
1;YANNIS;2010;58;3
1;YANNIS;2011;58;3
1;YLAN;2007;58;3
1;YOAN;2000;58;3
1;YOAN;2004;58;5
1;YOAN;2009;58;3
1;YOHAN;2002;58;5
1;YOHAN;2006;58;4
2;_PRENOMS_RARES;2000;58;23
2;_PRENOMS_RARES;2001;58;20
2;_PRENOMS_RARES;2002;58;22
2;_PRENOMS_RARES;2003;58;24
2;_PRENOMS_RARES;2004;58;31
2;_PRENOMS_RARES;2005;58;30
2;_PRENOMS_RARES;2006;58;32
2;_PRENOMS_RARES;2007;58;33
2;_PRENOMS_RARES;2008;58;36
2;_PRENOMS_RARES;2009;58;29
2;_PRENOMS_RARES;2010;58;28
2;_PRENOMS_RARES;2011;58;40
2;_PRENOMS_RARES;2012;58;32
2;_PRENOMS_RARES;2013;58;61
2;_PRENOMS_RARES;2014;58;37
2;_PRENOMS_RARES;2015;58;44
2;_PRENOMS_RARES;2016;58;45
2;_PRENOMS_RARES;2017;58;34
2;_PRENOMS_RARES;2018;58;39
2;_PRENOMS_RARES;2019;58;33
2;_PRENOMS_RARES;2020;58;38
2;_PRENOMS_RARES;2021;58;44
2;ADÈLE;2001;58;4
2;ADÈLE;2007;58;3
2;ADÈLE;2008;58;3
2;ADÈLE;2009;58;4
2;ADÈLE;2011;58;5
2;ADÈLE;2012;58;3
2;ADÈLE;2016;58;5
2;ADÈLE;2020;58;3
2;AGATHE;2000;58;3
2;AGATHE;2002;58;6
2;AGATHE;2004;58;5
2;AGATHE;2005;58;5
2;AGATHE;2006;58;6
2;AGATHE;2007;58;6
2;AGATHE;2008;58;5
2;AGATHE;2009;58;5
2;AGATHE;2010;58;4
2;AGATHE;2011;58;4
2;AGATHE;2012;58;3
2;AGATHE;2013;58;3
2;AGATHE;2014;58;7
2;AGATHE;2017;58;3
2;AGATHE;2018;58;10
2;AGATHE;2019;58;5
2;AGATHE;2020;58;4
2;ALANA;2013;58;3
2;ALBA;2021;58;5
2;ALBANE;2009;58;3
2;ALEXANDRA;2001;58;3
2;ALEXANDRA;2002;58;3
2;ALEXIA;2000;58;4
2;ALEXIA;2001;58;5
2;ALEXIA;2002;58;8
2;ALEXIA;2003;58;6
2;ALEXIA;2004;58;5
2;ALEXIA;2006;58;3
2;ALEXIA;2007;58;4
2;ALEXIANE;2001;58;3
2;ALEYNA;2009;58;3
2;ALICE;2000;58;5
2;ALICE;2001;58;4
2;ALICE;2002;58;6
2;ALICE;2003;58;4
2;ALICE;2004;58;6
2;ALICE;2005;58;5
2;ALICE;2006;58;7
2;ALICE;2007;58;4
2;ALICE;2008;58;3
2;ALICE;2009;58;7
2;ALICE;2010;58;4
2;ALICE;2011;58;9
2;ALICE;2012;58;4
2;ALICE;2013;58;7
2;ALICE;2014;58;9
2;ALICE;2015;58;12
2;ALICE;2016;58;11
2;ALICE;2017;58;6
2;ALICE;2018;58;8
2;ALICE;2019;58;9
2;ALICE;2020;58;9
2;ALICE;2021;58;7
2;ALICIA;2000;58;3
2;ALICIA;2001;58;6
2;ALICIA;2002;58;9
2;ALICIA;2003;58;6
2;ALICIA;2004;58;5
2;ALICIA;2005;58;7
2;ALICIA;2006;58;3
2;ALICIA;2007;58;8
2;ALICIA;2008;58;7
2;ALICIA;2009;58;6
2;ALICIA;2011;58;6
2;ALICIA;2012;58;4
2;ALICIA;2013;58;10
2;ALINE;2000;58;5
2;ALINE;2008;58;3
2;ALISON;2001;58;3
2;ALISON;2007;58;3
2;ALIX;2000;58;3
2;ALIX;2002;58;3
2;ALIX;2011;58;3
2;ALIX;2020;58;3
2;ALIX;2021;58;3
2;ALIYAH;2017;58;3
2;ALIZÉE;2001;58;4
2;ALIZÉE;2002;58;4
2;ALYA;2020;58;3
2;ALYCIA;2007;58;3
2;ALYCIA;2012;58;3
2;ALYSSA;2005;58;4
2;ALYSSA;2011;58;3
2;ALYSSA;2013;58;3
2;ALYSSIA;2004;58;3
2;AMANDINE;2000;58;7
2;AMANDINE;2001;58;7
2;AMANDINE;2002;58;7
2;AMANDINE;2003;58;12
2;AMANDINE;2004;58;10
2;AMANDINE;2005;58;6
2;AMANDINE;2006;58;8
2;AMANDINE;2007;58;3
2;AMANDINE;2008;58;5
2;AMANDINE;2010;58;3
2;AMBRE;2000;58;3
2;AMBRE;2001;58;3
2;AMBRE;2003;58;3
2;AMBRE;2005;58;15
2;AMBRE;2006;58;10
2;AMBRE;2007;58;13
2;AMBRE;2008;58;8
2;AMBRE;2009;58;5
2;AMBRE;2010;58;5
2;AMBRE;2011;58;7
2;AMBRE;2012;58;7
2;AMBRE;2013;58;4
2;AMBRE;2014;58;4
2;AMBRE;2015;58;6
2;AMBRE;2016;58;6
2;AMBRE;2017;58;9
2;AMBRE;2018;58;7
2;AMBRE;2020;58;3
2;AMBRE;2021;58;7
2;AMÉLIA;2021;58;3
2;AMÉLIE;2000;58;7
2;AMÉLIE;2001;58;9
2;AMÉLIE;2002;58;4
2;AMÉLIE;2003;58;4
2;AMÉLIE;2004;58;5
2;AMÉLIE;2005;58;4
2;AMÉLIE;2006;58;3
2;AMÉLIE;2007;58;3
2;AMÉLIE;2008;58;3
2;AMÉLIE;2009;58;4
2;AMÉLIE;2010;58;3
2;AMÉLIE;2011;58;4
2;AMÉLIE;2012;58;3
2;AMÉLIE;2013;58;5
2;AMINA;2016;58;4
2;ANA;2018;58;3
2;ANAELLE;2002;58;5
2;ANAELLE;2003;58;3
2;ANAELLE;2004;58;5
2;ANAELLE;2005;58;3
2;ANAELLE;2006;58;7
2;ANAELLE;2007;58;6
2;ANAELLE;2008;58;3
2;ANAËLLE;2010;58;3
2;ANAÏS;2000;58;21
2;ANAÏS;2001;58;16
2;ANAÏS;2002;58;14
2;ANAÏS;2003;58;16
2;ANAÏS;2004;58;12
2;ANAÏS;2005;58;8
2;ANAÏS;2006;58;12
2;ANAÏS;2007;58;11
2;ANAÏS;2008;58;11
2;ANAÏS;2009;58;11
2;ANAÏS;2010;58;5
2;ANAÏS;2011;58;8
2;ANAÏS;2012;58;4
2;ANAÏS;2013;58;4
2;ANAÏS;2014;58;6
2;ANAÏS;2015;58;6
2;ANAÏS;2018;58;3
2;ANDRÉA;2000;58;5
2;ANDRÉA;2001;58;5
2;ANDRÉA;2002;58;4
2;ANDRÉA;2005;58;5
2;ANDRÉA;2006;58;4
2;ANDRÉA;2007;58;5
2;ANDRÉA;2008;58;3
2;ANGÈLE;2000;58;3
2;ANGELINA;2002;58;4
2;ANGELINA;2006;58;3
2;ANGELINA;2009;58;3
2;ANISSA;2000;58;3
2;ANNA;2006;58;4
2;ANNA;2007;58;5
2;ANNA;2008;58;4
2;ANNA;2009;58;5
2;ANNA;2011;58;8
2;ANNA;2014;58;4
2;ANNA;2015;58;7
2;ANNA;2016;58;3
2;ANNA;2017;58;3
2;ANNA;2018;58;4
2;ANNA;2019;58;6
2;ANNA;2021;58;3
2;ANNAËLLE;2012;58;3
2;ANNE;2000;58;3
2;ANOUK;2014;58;3
2;APOLLINE;2000;58;4
2;APOLLINE;2001;58;4
2;APOLLINE;2014;58;3
2;APOLLINE;2015;58;3
2;APOLLINE;2016;58;3
2;ARYA;2019;58;3
2;ASSIA;2010;58;4
2;ASSIA;2011;58;3
2;ASSIA;2015;58;3
2;ASTRID;2001;58;3
2;AUDREY;2000;58;5
2;AUDREY;2001;58;5
2;AUDREY;2002;58;6
2;AURÉLIE;2000;58;4
2;AURÉLIE;2001;58;3
2;AURORE;2000;58;4
2;AURORE;2001;58;5
2;AURORE;2002;58;3
2;AXELLE;2001;58;5
2;AXELLE;2003;58;6
2;AXELLE;2006;58;5
2;AXELLE;2013;58;4
2;AYA;2019;58;4
2;CAMILA;2018;58;3
2;CAMILLE;2000;58;31
2;CAMILLE;2001;58;25
2;CAMILLE;2002;58;11
2;CAMILLE;2003;58;13
2;CAMILLE;2004;58;27
2;CAMILLE;2005;58;23
2;CAMILLE;2006;58;17
2;CAMILLE;2007;58;9
2;CAMILLE;2008;58;17
2;CAMILLE;2009;58;13
2;CAMILLE;2010;58;11
2;CAMILLE;2011;58;8
2;CAMILLE;2012;58;11
2;CAMILLE;2013;58;13
2;CAMILLE;2014;58;7
2;CAMILLE;2015;58;11
2;CAMILLE;2016;58;7
2;CAMILLE;2017;58;8
2;CAMILLE;2018;58;6
2;CAMILLE;2019;58;7
2;CAMILLE;2020;58;5
2;CAMILLE;2021;58;4
2;CANDICE;2004;58;4
2;CANDICE;2005;58;4
2;CANDICE;2007;58;3
2;CANDICE;2008;58;3
2;CANDICE;2010;58;4
2;CANDICE;2011;58;3
2;CANDICE;2013;58;5
2;CANDICE;2015;58;3
2;CANDICE;2017;58;3
2;CAPUCINE;2006;58;3
2;CAPUCINE;2010;58;3
2;CAPUCINE;2013;58;3
2;CAPUCINE;2015;58;4
2;CAPUCINE;2018;58;4
2;CAPUCINE;2020;58;4
2;CARLA;2002;58;3
2;CARLA;2003;58;5
2;CARLA;2006;58;4
2;CARLA;2007;58;3
2;CAROLINE;2000;58;5
2;CAROLINE;2002;58;3
2;CAROLINE;2004;58;3
2;CASSANDRA;2000;58;3
2;CASSANDRA;2001;58;5
2;CASSANDRA;2002;58;8
2;CASSANDRA;2003;58;3
2;CASSANDRA;2004;58;4
2;CASSANDRA;2006;58;5
2;CASSANDRA;2007;58;5
2;CASSANDRA;2009;58;4
2;CASSANDRE;2005;58;3
2;CASSIE;2003;58;3
2;CÉCILE;2006;58;4
2;CÉCILIA;2000;58;3
2;CÉCILIA;2001;58;4
2;CELESTINE;2003;58;3
2;CÉLIA;2000;58;4
2;CÉLIA;2001;58;7
2;CÉLIA;2002;58;11
2;CÉLIA;2003;58;4
2;CÉLIA;2004;58;7
2;CÉLIA;2005;58;8
2;CÉLIA;2006;58;6
2;CÉLIA;2007;58;6
2;CÉLIA;2008;58;8
2;CÉLIA;2010;58;5
2;CÉLIA;2011;58;5
2;CÉLIA;2013;58;3
2;CÉLIA;2014;58;3
2;CÉLIA;2015;58;4
2;CÉLINE;2000;58;3
2;CHARLÈNE;2001;58;9
2;CHARLÈNE;2004;58;3
2;CHARLÈNE;2007;58;3
2;CHARLIE;2011;58;4
2;CHARLIE;2020;58;4
2;CHARLIE;2021;58;3
2;CHARLINE;2001;58;7
2;CHARLINE;2002;58;4
2;CHARLINE;2005;58;4
2;CHARLINE;2009;58;5
2;CHARLOTTE;2000;58;6
2;CHARLOTTE;2001;58;13
2;CHARLOTTE;2002;58;8
2;CHARLOTTE;2003;58;8
2;CHARLOTTE;2004;58;7
2;CHARLOTTE;2005;58;8
2;CHARLOTTE;2006;58;11
2;CHARLOTTE;2007;58;10
2;CHARLOTTE;2008;58;5
2;CHARLOTTE;2009;58;4
2;CHARLOTTE;2010;58;4
2;CHARLOTTE;2011;58;6
2;CHARLOTTE;2012;58;6
2;CHARLOTTE;2014;58;6
2;CHARLOTTE;2016;58;6
2;CHARLOTTE;2017;58;5
2;CHARLOTTE;2018;58;5
2;CHARLOTTE;2020;58;5
2;CHARLOTTE;2021;58;4
2;CHLOÉ;2000;58;36
2;CHLOÉ;2001;58;26
2;CHLOÉ;2002;58;26
2;CHLOÉ;2003;58;26
2;CHLOÉ;2004;58;27
2;CHLOÉ;2005;58;17
2;CHLOÉ;2006;58;26
2;CHLOÉ;2007;58;22
2;CHLOÉ;2008;58;12
2;CHLOÉ;2009;58;14
2;CHLOÉ;2010;58;14
2;CHLOÉ;2011;58;8
2;CHLOÉ;2012;58;20
2;CHLOÉ;2013;58;7
2;CHLOÉ;2014;58;10
2;CHLOÉ;2015;58;9
2;CHLOÉ;2016;58;17
2;CHLOÉ;2017;58;11
2;CHLOÉ;2018;58;9
2;CHLOÉ;2019;58;4
2;CHLOÉ;2020;58;8
2;CHLOÉ;2021;58;5
2;CINDY;2000;58;3
2;CINDY;2001;58;3
2;CLAIRE;2000;58;3
2;CLAIRE;2001;58;3
2;CLAIRE;2002;58;3
2;CLAIRE;2006;58;3
2;CLARA;2000;58;6
2;CLARA;2001;58;11
2;CLARA;2002;58;6
2;CLARA;2003;58;13
2;CLARA;2004;58;17
2;CLARA;2005;58;30
2;CLARA;2006;58;21
2;CLARA;2007;58;25
2;CLARA;2008;58;18
2;CLARA;2009;58;15
2;CLARA;2010;58;10
2;CLARA;2011;58;12
2;CLARA;2012;58;5
2;CLARA;2013;58;5
2;CLARA;2014;58;4
2;CLARA;2016;58;5
2;CLARA;2017;58;3
2;CLARA;2018;58;5
2;CLARA;2020;58;3
2;CLARISSE;2000;58;3
2;CLARISSE;2001;58;3
2;CLARISSE;2002;58;3
2;CLARISSE;2006;58;5
2;CLARISSE;2007;58;3
2;CLARISSE;2009;58;4
2;CLARISSE;2011;58;4
2;CLÉA;2002;58;4
2;CLÉA;2006;58;7
2;CLÉA;2010;58;5
2;CLÉA;2013;58;3
2;CLÉMENCE;2000;58;8
2;CLÉMENCE;2001;58;13
2;CLÉMENCE;2002;58;9
2;CLÉMENCE;2003;58;5
2;CLÉMENCE;2004;58;11
2;CLÉMENCE;2005;58;7
2;CLÉMENCE;2006;58;9
2;CLÉMENCE;2007;58;10
2;CLÉMENCE;2008;58;4
2;CLÉMENCE;2009;58;9
2;CLÉMENCE;2010;58;7
2;CLÉMENCE;2011;58;6
2;CLÉMENCE;2012;58;7
2;CLÉMENCE;2013;58;6
2;CLÉMENCE;2014;58;8
2;CLÉMENCE;2015;58;7
2;CLÉMENCE;2017;58;6
2;CLÉMENCE;2018;58;3
2;CLÉMENTINE;2000;58;5
2;CLÉMENTINE;2001;58;6
2;CLÉMENTINE;2002;58;3
2;CLÉMENTINE;2015;58;3
2;CLOE;2001;58;4
2;CLOE;2002;58;4
2;CLOE;2003;58;6
2;CLOE;2006;58;3
2;CLOE;2007;58;8
2;CLOE;2010;58;3
2;CLOÉ;2013;58;3
2;CLOÉ;2015;58;3
2;COLINE;2002;58;4
2;COLINE;2004;58;3
2;COLINE;2005;58;4
2;COLINE;2007;58;3
2;COLINE;2012;58;3
2;COLLEEN;2008;58;3
2;CONSTANCE;2011;58;5
2;CONSTANCE;2018;58;3
2;CORALIE;2000;58;7
2;CORALIE;2001;58;4
2;CORALIE;2002;58;8
2;CORALIE;2003;58;3
2;CORALIE;2004;58;5
2;CORALIE;2005;58;5
2;CORALINE;2000;58;3
2;CORALINE;2003;58;3
2;CYBELIA;2002;58;3
2;CYNTHIA;2003;58;4
2;DAPHNÉ;2004;58;3
2;DEBORAH;2001;58;3
2;DELPHINE;2000;58;3
2;DIANE;2015;58;3
2;DIANE;2018;58;3
2;DORINE;2003;58;4
2;EDEN;2013;58;3
2;EDEN;2017;58;3
2;ELEA;2001;58;4
2;ELEA;2003;58;3
2;ELÉANORE;2015;58;3
2;ELENA;2006;58;4
2;ELENA;2007;58;6
2;ELENA;2009;58;4
2;ELENA;2012;58;3
2;ELENA;2014;58;4
2;ELENA;2021;58;4
2;ELÉNA;2013;58;4
2;ELÉNA;2014;58;7
2;ELÉNA;2016;58;3
2;ELÉNA;2021;58;4
2;ELEONORE;2007;58;3
2;ELÉONORE;2021;58;3
2;ELINA;2009;58;4
2;ELINA;2012;58;4
2;ELINE;2007;58;4
2;ELISA;2000;58;5
2;ELISA;2001;58;4
2;ELISA;2002;58;5
2;ELISA;2003;58;11
2;ELISA;2004;58;8
2;ELISA;2005;58;4
2;ELISA;2006;58;6
2;ELISA;2007;58;5
2;ELISA;2008;58;5
2;ELISA;2010;58;4
2;ELISA;2015;58;4
2;ELISA;2016;58;3
2;ELISE;2000;58;8
2;ELISE;2001;58;7
2;ELISE;2002;58;6
2;ELISE;2003;58;6
2;ELISE;2004;58;6
2;ELISE;2005;58;3
2;ELISE;2006;58;4
2;ELISE;2007;58;5
2;ELISE;2008;58;3
2;ELISE;2009;58;5
2;ELISE;2010;58;3
2;ELISE;2013;58;4
2;ELISE;2014;58;3
2;ELISE;2016;58;3
2;ELISE;2017;58;5
2;ELISE;2021;58;3
2;ELODIE;2000;58;7
2;ELODIE;2001;58;4
2;ELODIE;2002;58;5
2;ELODIE;2003;58;5
2;ELODIE;2004;58;3
2;ELODIE;2007;58;3
2;ELOISE;2001;58;3
2;ELOISE;2002;58;3
2;ELOISE;2003;58;6
2;ELOISE;2004;58;5
2;ELOISE;2005;58;5
2;ELOISE;2007;58;4
2;ELOISE;2008;58;3
2;ELOISE;2009;58;5
2;ELOÏSE;2012;58;4
2;ELOÏSE;2013;58;6
2;ELOÏSE;2017;58;3
2;ELOÏSE;2019;58;3
2;ELSA;2000;58;3
2;ELSA;2002;58;3
2;ELSA;2003;58;4
2;ELSA;2004;58;5
2;ELSA;2007;58;5
2;ELSA;2011;58;3
2;ELSA;2015;58;5
2;ELYA;2012;58;4
2;ELYNA;2018;58;3
2;ELYNE;2012;58;3
2;EMA;2012;58;3
2;EMELINE;2000;58;5
2;EMELINE;2001;58;10
2;EMELINE;2003;58;3
2;EMELINE;2004;58;4
2;EMELINE;2005;58;5
2;EMELINE;2006;58;3
2;EMELINE;2007;58;5
2;EMELINE;2011;58;3
2;EMILIE;2000;58;9
2;EMILIE;2001;58;11
2;EMILIE;2002;58;7
2;EMILIE;2004;58;9
2;EMILIE;2005;58;4
2;EMILIE;2006;58;6
2;EMILIE;2007;58;4
2;EMILIE;2008;58;3
2;EMILIE;2009;58;3
2;EMILIE;2011;58;4
2;EMMA;2000;58;15
2;EMMA;2001;58;17
2;EMMA;2002;58;21
2;EMMA;2003;58;12
2;EMMA;2004;58;11
2;EMMA;2005;58;25
2;EMMA;2006;58;36
2;EMMA;2007;58;16
2;EMMA;2008;58;24
2;EMMA;2009;58;14
2;EMMA;2010;58;19
2;EMMA;2011;58;16
2;EMMA;2012;58;11
2;EMMA;2013;58;9
2;EMMA;2014;58;10
2;EMMA;2015;58;13
2;EMMA;2016;58;13
2;EMMA;2017;58;6
2;EMMA;2018;58;9
2;EMMA;2019;58;10
2;EMMA;2020;58;7
2;EMMA;2021;58;5
2;EMMY;2002;58;3
2;EMMY;2007;58;3
2;EMMY;2008;58;4
2;EMMY;2009;58;5
2;EMMY;2010;58;5
2;EMMY;2011;58;6
2;EMMY;2013;58;4
2;EMMY;2016;58;3
2;EMY;2012;58;3
2;EMY;2016;58;7
2;EMY;2018;58;6
2;EMY;2019;58;3
2;EMY;2020;58;3
2;EMY;2021;58;4
2;ENOLA;2002;58;3
2;ENOLA;2005;58;3
2;ENOLA;2011;58;4
2;ENOLA;2014;58;3
2;ENORA;2007;58;4
2;ENORA;2013;58;4
2;ENORA;2014;58;3
2;ENORA;2015;58;3
2;ENORA;2016;58;3
2;ESTELLE;2000;58;5
2;ESTELLE;2003;58;4
2;ESTELLE;2004;58;3
2;ESTELLE;2008;58;3
2;ESTHER;2015;58;3
2;EVA;2000;58;9
2;EVA;2001;58;4
2;EVA;2002;58;9
2;EVA;2003;58;9
2;EVA;2004;58;11
2;EVA;2006;58;15
2;EVA;2007;58;9
2;EVA;2008;58;9
2;EVA;2009;58;10
2;EVA;2010;58;6
2;EVA;2011;58;5
2;EVA;2013;58;3
2;EVA;2014;58;4
2;EVA;2015;58;3
2;EVA;2017;58;3
2;FANNY;2000;58;7
2;FANNY;2001;58;7
2;FANNY;2002;58;6
2;FANNY;2003;58;3
2;FANNY;2004;58;9
2;FANNY;2005;58;4
2;FANNY;2007;58;5
2;FANNY;2009;58;5
2;FANTINE;2007;58;3
2;FAUSTINE;2007;58;3
2;FAUSTINE;2008;58;7
2;FAUSTINE;2010;58;3
2;FAUSTINE;2011;58;3
2;FAUSTINE;2012;58;3
2;FAUSTINE;2013;58;4
2;FAUSTINE;2014;58;3
2;FAUSTINE;2019;58;3
2;FIONA;2001;58;3
2;FLAVIE;2000;58;4
2;FLAVIE;2001;58;5
2;FLAVIE;2002;58;4
2;FLAVIE;2003;58;5
2;FLAVIE;2004;58;6
2;FLAVIE;2005;58;3
2;FLEUR;2010;58;3
2;FLORA;2000;58;3
2;FLORIANE;2002;58;3
2;FLORIANE;2003;58;3
2;FLORINE;2000;58;3
2;FLORINE;2001;58;3
2;FLORINE;2002;58;3
2;GABRIELLE;2002;58;3
2;GABRIELLE;2004;58;4
2;GABRIELLE;2005;58;3
2;GABRIELLE;2006;58;3
2;GABRIELLE;2007;58;4
2;GABRIELLE;2012;58;3
2;GABRIELLE;2013;58;3
2;GABRIELLE;2015;58;3
2;GAELLE;2003;58;4
2;GAÏA;2020;58;3
2;GARANCE;2007;58;4
2;GARANCE;2008;58;3
2;GIULIA;2019;58;3
2;GWENAELLE;2003;58;4
2;GWENAELLE;2004;58;3
2;GWENDOLINE;2000;58;3
2;GWENDOLINE;2001;58;4
2;GWENDOLINE;2002;58;3
2;GWENDOLINE;2003;58;4
2;GWENDOLINE;2006;58;4
2;GWENDOLINE;2007;58;3
2;HANAÉ;2012;58;3
2;HANAÉ;2016;58;3
2;HÉLÈNE;2001;58;3
2;HÉLÈNE;2004;58;3
2;HÉLOÏSE;2001;58;3
2;HÉLOÏSE;2002;58;3
2;HÉLOÏSE;2006;58;4
2;HÉLOÏSE;2009;58;3
2;HÉLOÏSE;2012;58;3
2;HONORINE;2002;58;4
2;HONORINE;2005;58;3
2;HONORINE;2019;58;3
2;ILONA;2001;58;3
2;ILONA;2003;58;4
2;ILONA;2004;58;3
2;ILONA;2005;58;4
2;ILONA;2011;58;3
2;ILYANA;2019;58;3
2;ILYANA;2021;58;3
2;INAYA;2009;58;4
2;INAYA;2013;58;3
2;INAYA;2014;58;4
2;INAYA;2015;58;3
2;INAYA;2016;58;5
2;INAYA;2017;58;5
2;INAYA;2020;58;4
2;INAYA;2021;58;5
2;INÈS;2000;58;5
2;INÈS;2001;58;9
2;INÈS;2002;58;7
2;INÈS;2003;58;8
2;INÈS;2004;58;7
2;INÈS;2005;58;13
2;INÈS;2006;58;8
2;INÈS;2007;58;14
2;INÈS;2008;58;12
2;INÈS;2009;58;8
2;INÈS;2010;58;9
2;INÈS;2011;58;8
2;INÈS;2012;58;11
2;INÈS;2013;58;13
2;INÈS;2014;58;5
2;INÈS;2015;58;6
2;INÈS;2016;58;5
2;INÈS;2017;58;4
2;INÈS;2018;58;6
2;INÈS;2019;58;6
2;INÈS;2021;58;4
2;IRIS;2019;58;3
2;IRIS;2020;58;4
2;ISIS;2010;58;3
2;JADE;2000;58;3
2;JADE;2001;58;6
2;JADE;2002;58;6
2;JADE;2003;58;8
2;JADE;2004;58;10
2;JADE;2005;58;9
2;JADE;2006;58;14
2;JADE;2007;58;16
2;JADE;2008;58;20
2;JADE;2009;58;19
2;JADE;2010;58;10
2;JADE;2011;58;7
2;JADE;2012;58;14
2;JADE;2013;58;9
2;JADE;2014;58;11
2;JADE;2015;58;20
2;JADE;2016;58;12
2;JADE;2017;58;9
2;JADE;2018;58;7
2;JADE;2019;58;10
2;JADE;2020;58;3
2;JADE;2021;58;7
2;JEANNE;2000;58;4
2;JEANNE;2001;58;3
2;JEANNE;2002;58;7
2;JEANNE;2003;58;5
2;JEANNE;2004;58;11
2;JEANNE;2005;58;9
2;JEANNE;2006;58;7
2;JEANNE;2007;58;7
2;JEANNE;2008;58;3
2;JEANNE;2009;58;11
2;JEANNE;2010;58;5
2;JEANNE;2012;58;4
2;JEANNE;2013;58;8
2;JEANNE;2014;58;4
2;JEANNE;2015;58;4
2;JEANNE;2016;58;3
2;JEANNE;2017;58;6
2;JEANNE;2019;58;3
2;JEANNE;2020;58;4
2;JENNIFER;2000;58;3
2;JENNIFER;2002;58;3
2;JENNIFER;2003;58;3
2;JESSICA;2002;58;3
2;JESSICA;2004;58;4
2;JOHANNA;2017;58;3
2;JOY;2018;58;4
2;JUDITH;2009;58;3
2;JULIA;2001;58;4
2;JULIA;2004;58;3
2;JULIA;2005;58;3
2;JULIA;2008;58;6
2;JULIA;2009;58;4
2;JULIA;2012;58;3
2;JULIA;2013;58;3
2;JULIA;2014;58;5
2;JULIA;2015;58;4
2;JULIA;2016;58;9
2;JULIA;2017;58;5
2;JULIA;2018;58;5
2;JULIA;2020;58;4
2;JULIA;2021;58;4
2;JULIE;2000;58;19
2;JULIE;2001;58;17
2;JULIE;2002;58;12
2;JULIE;2003;58;14
2;JULIE;2004;58;12
2;JULIE;2005;58;15
2;JULIE;2006;58;6
2;JULIE;2007;58;10
2;JULIE;2008;58;16
2;JULIE;2009;58;6
2;JULIE;2011;58;6
2;JULIE;2012;58;4
2;JULIE;2013;58;4
2;JULIETTE;2000;58;4
2;JULIETTE;2001;58;3
2;JULIETTE;2002;58;8
2;JULIETTE;2003;58;7
2;JULIETTE;2004;58;5
2;JULIETTE;2005;58;7
2;JULIETTE;2006;58;8
2;JULIETTE;2007;58;9
2;JULIETTE;2008;58;8
2;JULIETTE;2009;58;5
2;JULIETTE;2010;58;8
2;JULIETTE;2011;58;5
2;JULIETTE;2013;58;5
2;JULIETTE;2014;58;3
2;JULIETTE;2017;58;7
2;JULIETTE;2020;58;3
2;JULINE;2003;58;5
2;JUSTINE;2000;58;11
2;JUSTINE;2001;58;6
2;JUSTINE;2002;58;9
2;JUSTINE;2003;58;14
2;JUSTINE;2004;58;18
2;JUSTINE;2005;58;5
2;JUSTINE;2006;58;11
2;JUSTINE;2007;58;7
2;JUSTINE;2008;58;5
2;JUSTINE;2009;58;3
2;JUSTINE;2010;58;4
2;JUSTINE;2011;58;4
2;JUSTINE;2012;58;4
2;JUSTINE;2013;58;3
2;JUSTINE;2020;58;3
2;KELLY;2007;58;4
2;KENZA;2007;58;3
2;KENZA;2014;58;3
2;KENZA;2016;58;3
2;KESSY;2014;58;3
2;KIMBERLEY;2001;58;3
2;KIMBERLEY;2006;58;3
2;KIMBERLEY;2007;58;3
2;LAETITIA;2004;58;3
2;LALIE;2007;58;3
2;LALY;2004;58;4
2;LALY;2006;58;3
2;LALY;2011;58;3
2;LALY;2012;58;4
2;LALY;2013;58;3
2;LALY;2014;58;3
2;LANA;2004;58;4
2;LANA;2006;58;5
2;LANA;2008;58;3
2;LANA;2009;58;3
2;LANA;2010;58;3
2;LANA;2012;58;8
2;LANA;2013;58;4
2;LANA;2014;58;8
2;LANA;2015;58;4
2;LANA;2016;58;6
2;LANA;2017;58;6
2;LANA;2018;58;5
2;LANA;2019;58;4
2;LARA;2005;58;3
2;LARA;2006;58;3
2;LARA;2007;58;4
2;LARA;2016;58;3
2;LARA;2020;58;3
2;LAURA;2000;58;23
2;LAURA;2001;58;15
2;LAURA;2002;58;14
2;LAURA;2003;58;4
2;LAURA;2004;58;12
2;LAURA;2005;58;16
2;LAURA;2006;58;6
2;LAURA;2007;58;10
2;LAURA;2008;58;6
2;LAURA;2009;58;8
2;LAURA;2010;58;3
2;LAURA;2012;58;4
2;LAURE;2000;58;3
2;LAURE;2002;58;3
2;LAURE;2007;58;4
2;LAURIE;2000;58;4
2;LAURINE;2000;58;3
2;LAURINE;2001;58;6
2;LAURINE;2002;58;6
2;LAURINE;2004;58;5
2;LAURINE;2005;58;3
2;LAURINE;2006;58;3
2;LAURINE;2007;58;4
2;LAURINE;2009;58;3
2;LAURYNE;2002;58;3
2;LAURYNE;2003;58;5
2;LAYANA;2019;58;4
2;LÉA;2000;58;35
2;LÉA;2001;58;38
2;LÉA;2002;58;46
2;LÉA;2003;58;37
2;LÉA;2004;58;23
2;LÉA;2005;58;25
2;LÉA;2006;58;25
2;LÉA;2007;58;25
2;LÉA;2008;58;28
2;LÉA;2009;58;24
2;LÉA;2010;58;8
2;LÉA;2011;58;11
2;LÉA;2012;58;15
2;LÉA;2013;58;11
2;LÉA;2014;58;5
2;LÉA;2015;58;9
2;LÉA;2016;58;5
2;LÉA;2017;58;7
2;LÉA;2019;58;8
2;LÉA;2020;58;10
2;LÉA;2021;58;3
2;LÉANA;2009;58;3
2;LÉANA;2010;58;3
2;LÉANA;2014;58;3
2;LÉANA;2015;58;4
2;LÉANA;2016;58;5
2;LÉANA;2017;58;4
2;LÉANA;2018;58;5
2;LÉANA;2019;58;3
2;LÉANA;2020;58;3
2;LÉANE;2003;58;5
2;LÉANE;2004;58;8
2;LÉANE;2006;58;6
2;LÉANE;2007;58;7
2;LÉANE;2008;58;8
2;LÉANE;2009;58;3
2;LÉANE;2011;58;3
2;LÉANE;2013;58;4
2;LEELOU;2006;58;3
2;LEILA;2004;58;3
2;LÉNA;2000;58;4
2;LÉNA;2001;58;3
2;LÉNA;2002;58;6
2;LÉNA;2003;58;9
2;LÉNA;2004;58;9
2;LÉNA;2005;58;8
2;LÉNA;2006;58;7
2;LÉNA;2007;58;8
2;LÉNA;2008;58;9
2;LÉNA;2009;58;9
2;LÉNA;2010;58;8
2;LÉNA;2011;58;8
2;LÉNA;2012;58;10
2;LÉNA;2013;58;7
2;LÉNA;2014;58;10
2;LÉNA;2015;58;9
2;LÉNA;2016;58;12
2;LÉNA;2017;58;6
2;LÉNA;2018;58;4
2;LÉNA;2019;58;8
2;LÉNA;2020;58;5
2;LÉNA;2021;58;9
2;LÉONA;2011;58;4
2;LÉONIE;2000;58;3
2;LÉONIE;2002;58;3
2;LÉONIE;2003;58;3
2;LÉONIE;2005;58;4
2;LÉONIE;2008;58;3
2;LÉONIE;2009;58;3
2;LÉONIE;2010;58;3
2;LÉONIE;2011;58;3
2;LÉONIE;2012;58;3
2;LÉONIE;2013;58;4
2;LÉONIE;2014;58;4
2;LÉONIE;2015;58;4
2;LÉONIE;2016;58;5
2;LÉONIE;2017;58;8
2;LÉONIE;2019;58;4
2;LESLIE;2001;58;3
2;LEYNA;2012;58;3
2;LILA;2005;58;3
2;LILA;2019;58;3
2;LILIE;2005;58;3
2;LILOU;2002;58;4
2;LILOU;2003;58;5
2;LILOU;2005;58;5
2;LILOU;2006;58;9
2;LILOU;2007;58;9
2;LILOU;2008;58;10
2;LILOU;2009;58;18
2;LILOU;2010;58;21
2;LILOU;2011;58;14
2;LILOU;2012;58;6
2;LILOU;2013;58;8
2;LILOU;2014;58;8
2;LILOU;2015;58;4
2;LILOU;2016;58;3
2;LILOU;2017;58;11
2;LILOU;2018;58;3
2;LILOU;2020;58;3
2;LILY;2006;58;3
2;LILY;2007;58;3
2;LILY;2008;58;7
2;LILY;2009;58;7
2;LILY;2010;58;4
2;LILY;2011;58;5
2;LILY;2013;58;4
2;LILY;2015;58;4
2;LILY;2016;58;4
2;LILY;2017;58;3
2;LILY;2021;58;4
2;LILY-ROSE;2017;58;4
2;LINA;2005;58;3
2;LINA;2006;58;3
2;LINA;2009;58;4
2;LINA;2011;58;7
2;LINA;2012;58;7
2;LINA;2013;58;7
2;LINA;2014;58;8
2;LINA;2015;58;8
2;LINA;2016;58;4
2;LINA;2017;58;5
2;LINA;2018;58;4
2;LINA;2019;58;6
2;LINA;2020;58;3
2;LINA;2021;58;7
2;LISA;2000;58;4
2;LISA;2001;58;8
2;LISA;2002;58;6
2;LISA;2003;58;14
2;LISA;2004;58;10
2;LISA;2005;58;5
2;LISA;2006;58;9
2;LISA;2007;58;6
2;LISA;2008;58;3
2;LISA;2009;58;3
2;LISA;2010;58;3
2;LISA;2012;58;5
2;LISA;2013;58;3
2;LISA;2015;58;3
2;LISA;2016;58;3
2;LISE;2001;58;3
2;LISE;2004;58;5
2;LISE;2005;58;3
2;LISE;2007;58;3
2;LISE;2008;58;3
2;LISE;2009;58;6
2;LISE;2012;58;3
2;LISE;2013;58;8
2;LISE;2016;58;3
2;LISE;2018;58;7
2;LISE;2021;58;3
2;LISON;2006;58;3
2;LOANE;2000;58;3
2;LOANE;2004;58;3
2;LOANE;2005;58;4
2;LOANE;2008;58;5
2;LOANE;2009;58;3
2;LOLA;2000;58;4
2;LOLA;2001;58;4
2;LOLA;2002;58;8
2;LOLA;2003;58;13
2;LOLA;2004;58;9
2;LOLA;2005;58;13
2;LOLA;2006;58;8
2;LOLA;2007;58;20
2;LOLA;2008;58;10
2;LOLA;2009;58;16
2;LOLA;2010;58;22
2;LOLA;2011;58;13
2;LOLA;2012;58;16
2;LOLA;2013;58;13
2;LOLA;2014;58;16
2;LOLA;2015;58;8
2;LOLA;2016;58;5
2;LOLA;2017;58;8
2;LOLA;2018;58;7
2;LOLA;2019;58;7
2;LOLA;2020;58;6
2;LOLA;2021;58;4
2;LOLITA;2000;58;4
2;LORA;2004;58;3
2;LORINE;2002;58;3
2;LOU;2003;58;7
2;LOU;2004;58;4
2;LOU;2005;58;5
2;LOU;2006;58;4
2;LOU;2007;58;11
2;LOU;2008;58;4
2;LOU;2009;58;5
2;LOU;2010;58;5
2;LOU;2011;58;4
2;LOU;2012;58;7
2;LOU;2013;58;4
2;LOU;2014;58;4
2;LOU;2016;58;3
2;LOU;2017;58;3
2;LOU;2020;58;7
2;LOU;2021;58;11
2;LOU-ANN;2000;58;3
2;LOU-ANN;2005;58;3
2;LOU-ANNE;2003;58;4
2;LOU-ANNE;2004;58;5
2;LOU-ANNE;2005;58;4
2;LOU-ANNE;2006;58;4
2;LOU-ANNE;2008;58;4
2;LOUANE;2003;58;3
2;LOUANE;2005;58;5
2;LOUANE;2006;58;4
2;LOUANE;2007;58;5
2;LOUANE;2008;58;5
2;LOUANE;2009;58;3
2;LOUANE;2010;58;4
2;LOUANE;2011;58;3
2;LOUANE;2012;58;4
2;LOUANE;2013;58;5
2;LOUANE;2014;58;3
2;LOUANE;2015;58;10
2;LOUANE;2016;58;5
2;LOUANE;2017;58;5
2;LOUANE;2019;58;3
2;LOUANN;2004;58;3
2;LOUANNE;2004;58;3
2;LOUANNE;2010;58;3
2;LOUISA;2011;58;4
2;LOUISA;2016;58;4
2;LOUISA;2017;58;3
2;LOUISE;2000;58;6
2;LOUISE;2002;58;3
2;LOUISE;2003;58;8
2;LOUISE;2004;58;5
2;LOUISE;2005;58;6
2;LOUISE;2006;58;4
2;LOUISE;2007;58;12
2;LOUISE;2008;58;9
2;LOUISE;2009;58;9
2;LOUISE;2010;58;9
2;LOUISE;2011;58;9
2;LOUISE;2012;58;12
2;LOUISE;2013;58;10
2;LOUISE;2014;58;9
2;LOUISE;2015;58;13
2;LOUISE;2016;58;14
2;LOUISE;2017;58;4
2;LOUISE;2018;58;8
2;LOUISE;2019;58;7
2;LOUISE;2020;58;12
2;LOUISE;2021;58;8
2;LOUNA;2000;58;3
2;LOUNA;2005;58;5
2;LOUNA;2006;58;7
2;LOUNA;2007;58;9
2;LOUNA;2008;58;12
2;LOUNA;2009;58;6
2;LOUNA;2010;58;9
2;LOUNA;2011;58;10
2;LOUNA;2012;58;5
2;LOUNA;2013;58;6
2;LOUNA;2014;58;6
2;LOUNA;2015;58;11
2;LOUNA;2016;58;5
2;LOUNA;2017;58;7
2;LOUNA;2018;58;9
2;LOUNA;2020;58;5
2;LUCIE;2000;58;13
2;LUCIE;2001;58;13
2;LUCIE;2002;58;16
2;LUCIE;2003;58;12
2;LUCIE;2004;58;18
2;LUCIE;2005;58;24
2;LUCIE;2006;58;12
2;LUCIE;2007;58;16
2;LUCIE;2008;58;5
2;LUCIE;2009;58;4
2;LUCIE;2010;58;7
2;LUCIE;2011;58;9
2;LUCIE;2012;58;7
2;LUCIE;2013;58;7
2;LUCIE;2014;58;9
2;LUCIE;2015;58;4
2;LUCIE;2016;58;7
2;LUCIE;2017;58;11
2;LUCIE;2018;58;8
2;LUCIE;2019;58;4
2;LUCIE;2020;58;3
2;LUCILE;2000;58;3
2;LUCILE;2003;58;4
2;LUCILE;2005;58;4
2;LUCILE;2008;58;3
2;LUCILLE;2016;58;3
2;LUCY;2004;58;3
2;LUDIVINE;2000;58;6
2;LUDIVINE;2001;58;3
2;LUDIVINE;2002;58;4
2;LUDIVINE;2003;58;3
2;LUDIVINE;2004;58;3
2;LUDIVINE;2016;58;3
2;LUNA;2006;58;4
2;LUNA;2007;58;9
2;LUNA;2009;58;7
2;LUNA;2011;58;8
2;LUNA;2012;58;5
2;LUNA;2013;58;3
2;LUNA;2014;58;6
2;LUNA;2015;58;3
2;LUNA;2016;58;4
2;LUNA;2017;58;7
2;LUNA;2018;58;4
2;LUNA;2019;58;3
2;LUNA;2020;58;5
2;LYA;2015;58;7
2;LYANA;2019;58;3
2;LYLOO;2013;58;3
2;LYLOU;2007;58;4
2;LYLOU;2009;58;3
2;LYLOU;2013;58;5
2;LYLOU;2016;58;3
2;LYNA;2009;58;3
2;LYNA;2011;58;4
2;LYNA;2016;58;4
2;LYNA;2017;58;4
2;LYNA;2020;58;3
2;MADISON;2007;58;4
2;MAELIE;2009;58;3
2;MAELLE;2000;58;9
2;MAELLE;2001;58;7
2;MAELLE;2002;58;5
2;MAELLE;2003;58;6
2;MAELLE;2004;58;8
2;MAELLE;2005;58;7
2;MAELLE;2006;58;6
2;MAELLE;2007;58;10
2;MAELLE;2008;58;9
2;MAELLE;2009;58;4
2;MAËLLE;2010;58;6
2;MAËLLE;2013;58;6
2;MAËLLE;2016;58;3
2;MAELYS;2003;58;4
2;MAELYS;2004;58;7
2;MAELYS;2005;58;4
2;MAELYS;2006;58;8
2;MAELYS;2007;58;12
2;MAELYS;2008;58;4
2;MAELYS;2009;58;16
2;MAELYS;2010;58;8
2;MAËLYS;2010;58;12
2;MAËLYS;2011;58;9
2;MAËLYS;2012;58;9
2;MAËLYS;2013;58;8
2;MAËLYS;2014;58;10
2;MAËLYS;2015;58;3
2;MAËLYS;2016;58;5
2;MAËLYS;2017;58;4
2;MAEVA;2000;58;9
2;MAEVA;2001;58;11
2;MAEVA;2002;58;9
2;MAEVA;2003;58;9
2;MAEVA;2004;58;7
2;MAEVA;2005;58;7
2;MAEVA;2006;58;9
2;MAEVA;2007;58;5
2;MAEVA;2008;58;8
2;MAEVA;2009;58;7
2;MAEVA;2010;58;3
2;MAËVA;2011;58;4
2;MAËVA;2013;58;4
2;MAILY;2008;58;3
2;MAILYS;2006;58;3
2;MAILYS;2007;58;3
2;MALLORY;2000;58;3
2;MANON;2000;58;30
2;MANON;2001;58;29
2;MANON;2002;58;30
2;MANON;2003;58;24
2;MANON;2004;58;25
2;MANON;2005;58;20
2;MANON;2006;58;25
2;MANON;2007;58;20
2;MANON;2008;58;10
2;MANON;2009;58;24
2;MANON;2010;58;18
2;MANON;2011;58;6
2;MANON;2012;58;13
2;MANON;2013;58;12
2;MANON;2014;58;9
2;MANON;2015;58;8
2;MANON;2016;58;6
2;MANON;2017;58;11
2;MANON;2018;58;5
2;MANON;2019;58;6
2;MANON;2020;58;3
2;MANON;2021;58;3
2;MARGAUX;2000;58;5
2;MARGAUX;2001;58;11
2;MARGAUX;2003;58;6
2;MARGAUX;2004;58;6
2;MARGAUX;2005;58;7
2;MARGAUX;2006;58;4
2;MARGAUX;2007;58;6
2;MARGAUX;2008;58;4
2;MARGAUX;2009;58;4
2;MARGAUX;2010;58;5
2;MARGAUX;2011;58;5
2;MARGAUX;2013;58;6
2;MARGAUX;2014;58;4
2;MARGAUX;2016;58;4
2;MARGAUX;2018;58;7
2;MARGAUX;2020;58;5
2;MARGAUX;2021;58;7
2;MARGOT;2000;58;5
2;MARGOT;2001;58;4
2;MARGOT;2002;58;3
2;MARGOT;2003;58;7
2;MARGOT;2004;58;9
2;MARGOT;2005;58;8
2;MARGOT;2006;58;6
2;MARGOT;2007;58;5
2;MARGOT;2008;58;8
2;MARGOT;2010;58;7
2;MARGOT;2011;58;5
2;MARGOT;2013;58;4
2;MARGOT;2014;58;4
2;MARGOT;2018;58;3
2;MARGOT;2019;58;5
2;MARGOT;2020;58;3
2;MARIE;2000;58;18
2;MARIE;2001;58;20
2;MARIE;2002;58;14
2;MARIE;2003;58;24
2;MARIE;2004;58;13
2;MARIE;2005;58;12
2;MARIE;2006;58;14
2;MARIE;2007;58;9
2;MARIE;2008;58;8
2;MARIE;2009;58;8
2;MARIE;2010;58;9
2;MARIE;2014;58;3
2;MARIE;2015;58;3
2;MARIE;2017;58;3
2;MARIE-LOU;2004;58;3
2;MARILOU;2005;58;3
2;MARINA;2000;58;7
2;MARINA;2001;58;3
2;MARINA;2002;58;3
2;MARINA;2006;58;4
2;MARINE;2000;58;11
2;MARINE;2001;58;13
2;MARINE;2002;58;14
2;MARINE;2003;58;10
2;MARINE;2004;58;15
2;MARINE;2005;58;8
2;MARINE;2006;58;8
2;MARINE;2007;58;7
2;MARINE;2008;58;8
2;MARINE;2009;58;3
2;MARION;2000;58;10
2;MARION;2001;58;11
2;MARION;2002;58;9
2;MARION;2003;58;4
2;MARION;2004;58;8
2;MARION;2005;58;4
2;MARION;2006;58;5
2;MARION;2007;58;8
2;MARION;2008;58;12
2;MARION;2009;58;5
2;MARION;2010;58;3
2;MARION;2011;58;3
2;MARION;2012;58;3
2;MARION;2013;58;3
2;MARION;2014;58;4
2;MATHILDE;2000;58;8
2;MATHILDE;2001;58;12
2;MATHILDE;2002;58;9
2;MATHILDE;2003;58;9
2;MATHILDE;2004;58;7
2;MATHILDE;2005;58;11
2;MATHILDE;2006;58;9
2;MATHILDE;2007;58;10
2;MATHILDE;2008;58;9
2;MATHILDE;2009;58;5
2;MATHILDE;2010;58;3
2;MATHILDE;2011;58;6
2;MATHILDE;2012;58;3
2;MATHILDE;2014;58;6
2;MATHILDE;2015;58;3
2;MATHILDE;2017;58;4
2;MAUD;2001;58;3
2;MAUD;2007;58;6
2;MAYA;2011;58;3
2;MAYA;2018;58;4
2;MAYLINE;2015;58;3
2;MÉLANIE;2000;58;10
2;MÉLANIE;2002;58;8
2;MÉLANIE;2004;58;5
2;MÉLINA;2002;58;4
2;MÉLINA;2003;58;3
2;MÉLINA;2005;58;4
2;MÉLINA;2006;58;3
2;MÉLINA;2009;58;4
2;MÉLINA;2010;58;8
2;MÉLINA;2012;58;5
2;MÉLINA;2013;58;3
2;MÉLINA;2014;58;4
2;MÉLINA;2015;58;5
2;MÉLINA;2016;58;5
2;MELINE;2001;58;6
2;MELINE;2004;58;4
2;MELINE;2005;58;6
2;MELINE;2006;58;5
2;MELINE;2007;58;3
2;MELINE;2008;58;3
2;MELINE;2010;58;4
2;MÉLINE;2015;58;6
2;MÉLISSA;2000;58;10
2;MÉLISSA;2001;58;4
2;MÉLISSA;2002;58;8
2;MÉLISSA;2003;58;5
2;MÉLISSA;2004;58;9
2;MÉLISSA;2005;58;4
2;MÉLISSA;2006;58;5
2;MÉLISSA;2007;58;3
2;MÉLISSA;2008;58;4
2;MÉLISSA;2011;58;6
2;MÉLISSA;2012;58;5
2;MÉLISSA;2013;58;5
2;MÉLISSA;2014;58;5
2;MÉLISSA;2016;58;3
2;MIA;2015;58;6
2;MIA;2016;58;3
2;MIA;2017;58;3
2;MIA;2018;58;4
2;MIA;2019;58;10
2;MIA;2020;58;4
2;MIA;2021;58;6
2;MILA;2011;58;3
2;MILA;2012;58;3
2;MILA;2013;58;3
2;MILA;2014;58;3
2;MILA;2015;58;4
2;MILA;2016;58;7
2;MILA;2017;58;4
2;MILA;2018;58;7
2;MILA;2019;58;6
2;MILA;2020;58;7
2;MILA;2021;58;3
2;MORGAN;2001;58;3
2;MORGANE;2000;58;13
2;MORGANE;2001;58;8
2;MORGANE;2002;58;8
2;MORGANE;2003;58;16
2;MORGANE;2004;58;11
2;MORGANE;2005;58;3
2;MORGANE;2006;58;8
2;MORGANE;2007;58;10
2;MORGANE;2008;58;3
2;MORGANE;2012;58;3
2;MYA;2014;58;3
2;MYA;2017;58;3
2;MYA;2019;58;5
2;MYA;2021;58;3
2;MYLA;2018;58;4
2;NAOMIE;2008;58;3
2;NAOMIE;2013;58;3
2;NINA;2004;58;3
2;NINA;2005;58;3
2;NINA;2006;58;10
2;NINA;2007;58;5
2;NINA;2008;58;7
2;NINA;2009;58;3
2;NINA;2010;58;4
2;NINA;2011;58;7
2;NINA;2012;58;7
2;NINA;2013;58;4
2;NINA;2014;58;4
2;NINA;2015;58;3
2;NINA;2016;58;4
2;NINA;2017;58;4
2;NINA;2018;58;5
2;NINA;2019;58;3
2;NINA;2021;58;5
2;NINON;2007;58;5
2;NINON;2008;58;5
2;NINON;2009;58;3
2;NINON;2010;58;5
2;NINON;2011;58;3
2;NINON;2012;58;3
2;NINON;2013;58;4
2;NINON;2014;58;4
2;NINON;2017;58;4
2;NINON;2018;58;4
2;NOELIE;2008;58;4
2;NOELIE;2009;58;3
2;NOÉLIE;2011;58;3
2;NOÉLIE;2020;58;3
2;NOEMIE;2000;58;11
2;NOEMIE;2001;58;15
2;NOEMIE;2002;58;5
2;NOEMIE;2003;58;6
2;NOEMIE;2004;58;8
2;NOEMIE;2005;58;6
2;NOEMIE;2006;58;8
2;NOEMIE;2007;58;4
2;NOEMIE;2008;58;7
2;NOÉMIE;2010;58;3
2;NOÉMIE;2012;58;7
2;NOÉMIE;2017;58;3
2;NOÉMIE;2018;58;3
2;NOLWENN;2002;58;4
2;NORA;2007;58;6
2;NORA;2017;58;3
2;NORA;2018;58;3
2;OCÉANE;2000;58;30
2;OCÉANE;2001;58;22
2;OCÉANE;2002;58;17
2;OCÉANE;2003;58;26
2;OCÉANE;2004;58;23
2;OCÉANE;2005;58;20
2;OCÉANE;2006;58;24
2;OCÉANE;2007;58;7
2;OCÉANE;2008;58;10
2;OCÉANE;2009;58;11
2;OCÉANE;2010;58;5
2;OCÉANE;2011;58;6
2;OCÉANE;2012;58;3
2;OCÉANE;2013;58;4
2;OCÉANE;2014;58;3
2;OCÉANE;2015;58;5
2;OCÉANE;2016;58;4
2;OLIVIA;2002;58;5
2;OLIVIA;2010;58;3
2;OLIVIA;2014;58;3
2;OPHÉLIE;2000;58;5
2;OPHÉLIE;2001;58;4
2;OPHÉLIE;2002;58;4
2;OPHÉLIE;2003;58;4
2;ORIANE;2004;58;3
2;ORIANE;2006;58;5
2;ORLANE;2000;58;4
2;ORLANE;2002;58;4
2;ORLANE;2004;58;4
2;PAULINE;2000;58;16
2;PAULINE;2001;58;16
2;PAULINE;2002;58;16
2;PAULINE;2003;58;10
2;PAULINE;2004;58;8
2;PAULINE;2005;58;7
2;PAULINE;2006;58;7
2;PAULINE;2007;58;5
2;PAULINE;2008;58;6
2;PAULINE;2009;58;5
2;PAULINE;2010;58;3
2;PAULINE;2011;58;4
2;PAULINE;2013;58;3
2;PAULINE;2015;58;4
2;PAULINE;2016;58;4
2;PERRINE;2000;58;3
2;PERRINE;2003;58;4
2;RACHELLE;2002;58;3
2;ROMANE;2000;58;8
2;ROMANE;2001;58;4
2;ROMANE;2002;58;9
2;ROMANE;2003;58;5
2;ROMANE;2004;58;5
2;ROMANE;2005;58;14
2;ROMANE;2006;58;12
2;ROMANE;2007;58;11
2;ROMANE;2008;58;5
2;ROMANE;2009;58;8
2;ROMANE;2010;58;7
2;ROMANE;2011;58;6
2;ROMANE;2012;58;6
2;ROMANE;2016;58;3
2;ROMY;2019;58;3
2;ROMY;2020;58;3
2;ROMY;2021;58;5
2;ROSE;2001;58;4
2;ROSE;2005;58;6
2;ROSE;2006;58;4
2;ROSE;2009;58;8
2;ROSE;2011;58;3
2;ROSE;2012;58;6
2;ROSE;2013;58;5
2;ROSE;2014;58;4
2;ROSE;2015;58;10
2;ROSE;2016;58;3
2;ROSE;2017;58;5
2;ROSE;2018;58;6
2;ROSE;2019;58;4
2;ROSE;2020;58;5
2;ROSE;2021;58;13
2;ROXANE;2017;58;4
2;SABRINA;2001;58;5
2;SALOMÉ;2001;58;3
2;SALOMÉ;2002;58;4
2;SALOMÉ;2004;58;5
2;SALOMÉ;2005;58;3
2;SALOMÉ;2011;58;4
2;SALOMÉ;2014;58;4
2;SALOMÉ;2015;58;3
2;SALOMÉ;2019;58;5
2;SALOMÉ;2021;58;3
2;SAMANTHA;2002;58;3
2;SAMANTHA;2004;58;3
2;SAMANTHA;2005;58;3
2;SARA;2010;58;3
2;SARAH;2000;58;22
2;SARAH;2001;58;22
2;SARAH;2002;58;17
2;SARAH;2003;58;14
2;SARAH;2004;58;18
2;SARAH;2005;58;19
2;SARAH;2006;58;9
2;SARAH;2007;58;9
2;SARAH;2008;58;9
2;SARAH;2009;58;9
2;SARAH;2010;58;10
2;SARAH;2011;58;9
2;SARAH;2012;58;6
2;SARAH;2013;58;8
2;SARAH;2014;58;6
2;SARAH;2015;58;3
2;SARAH;2016;58;7
2;SARAH;2017;58;6
2;SARAH;2018;58;4
2;SARAH;2019;58;4
2;SARAH;2021;58;7
2;SELENA;2009;58;4
2;SÉLÉNA;2021;58;3
2;SÉRÉNA;2006;58;3
2;SHANA;2006;58;3
2;SHANA;2007;58;6
2;SHANA;2009;58;3
2;SHANA;2011;58;4
2;SHANNA;2011;58;4
2;SHANNA;2014;58;4
2;SOFIA;2009;58;3
2;SOFIA;2012;58;3
2;SOFIA;2017;58;4
2;SOFIA;2018;58;4
2;SOFIA;2019;58;3
2;SOFIA;2020;58;3
2;SOLÈNE;2000;58;4
2;SOLÈNE;2001;58;5
2;SOLÈNE;2003;58;6
2;SOLÈNE;2004;58;6
2;SOLÈNE;2005;58;6
2;SOLÈNE;2006;58;6
2;SOLINE;2013;58;3
2;SOLINE;2016;58;5
2;SOLINE;2018;58;4
2;SONIA;2008;58;3
2;SOPHIE;2001;58;3
2;SOPHIE;2004;58;3
2;STELLA;2009;58;4
2;STELLA;2015;58;3
2;STÉPHANIE;2002;58;3
2;TATIANA;2002;58;3
2;TATIANA;2004;58;3
2;TATIANA;2008;58;3
2;THAÏS;2020;58;3
2;THÉA;2017;58;4
2;TIFFANY;2000;58;3
2;TIFFANY;2001;58;3
2;TIFFANY;2004;58;3
2;TIFFANY;2005;58;4
2;TIPHAINE;2005;58;3
2;VALENTINE;2003;58;4
2;VALENTINE;2004;58;6
2;VALENTINE;2005;58;4
2;VALENTINE;2006;58;4
2;VALENTINE;2007;58;4
2;VALENTINE;2008;58;4
2;VALENTINE;2009;58;3
2;VALENTINE;2012;58;4
2;VALENTINE;2013;58;4
2;VICTOIRE;2009;58;3
2;VICTOIRE;2013;58;4
2;VICTOIRE;2016;58;3
2;VICTORIA;2001;58;3
2;VICTORIA;2004;58;3
2;VICTORIA;2007;58;3
2;VICTORIA;2008;58;3
2;VICTORIA;2013;58;3
2;VICTORIA;2015;58;3
2;WENDY;2007;58;3
2;YASMINE;2020;58;3
2;ZOÉ;2002;58;5
2;ZOÉ;2003;58;5
2;ZOÉ;2004;58;5
2;ZOÉ;2005;58;16
2;ZOÉ;2006;58;6
2;ZOÉ;2007;58;10
2;ZOÉ;2008;58;14
2;ZOÉ;2009;58;10
2;ZOÉ;2010;58;11
2;ZOÉ;2011;58;8
2;ZOÉ;2012;58;6
2;ZOÉ;2013;58;4
2;ZOÉ;2014;58;3
2;ZOÉ;2015;58;11
2;ZOÉ;2016;58;7
2;ZOÉ;2017;58;4
2;ZOÉ;2018;58;6
2;ZOÉ;2019;58;4
