sexe;preusuel;annais;dpt;nombre
1;_PRENOMS_RARES;2000;65;15
1;_PRENOMS_RARES;2001;65;26
1;_PRENOMS_RARES;2002;65;12
1;_PRENOMS_RARES;2003;65;19
1;_PRENOMS_RARES;2004;65;22
1;_PRENOMS_RARES;2005;65;29
1;_PRENOMS_RARES;2006;65;20
1;_PRENOMS_RARES;2007;65;36
1;_PRENOMS_RARES;2008;65;34
1;_PRENOMS_RARES;2009;65;25
1;_PRENOMS_RARES;2010;65;39
1;_PRENOMS_RARES;2011;65;47
1;_PRENOMS_RARES;2012;65;42
1;_PRENOMS_RARES;2013;65;44
1;_PRENOMS_RARES;2014;65;34
1;_PRENOMS_RARES;2015;65;29
1;_PRENOMS_RARES;2016;65;45
1;_PRENOMS_RARES;2017;65;39
1;_PRENOMS_RARES;2018;65;48
1;_PRENOMS_RARES;2019;65;51
1;_PRENOMS_RARES;2020;65;52
1;_PRENOMS_RARES;2021;65;51
1;AARON;2006;65;3
1;AARON;2007;65;3
1;AARON;2009;65;7
1;AARON;2010;65;3
1;AARON;2011;65;4
1;AARON;2012;65;8
1;AARON;2013;65;5
1;AARON;2014;65;6
1;AARON;2015;65;6
1;AARON;2016;65;5
1;AARON;2017;65;9
1;AARON;2018;65;7
1;AARON;2019;65;6
1;AARON;2020;65;3
1;AARON;2021;65;9
1;ABEL;2012;65;4
1;ADAM;2000;65;4
1;ADAM;2005;65;4
1;ADAM;2006;65;4
1;ADAM;2007;65;3
1;ADAM;2008;65;3
1;ADAM;2009;65;4
1;ADAM;2010;65;7
1;ADAM;2011;65;5
1;ADAM;2012;65;7
1;ADAM;2013;65;3
1;ADAM;2014;65;7
1;ADAM;2015;65;6
1;ADAM;2016;65;12
1;ADAM;2017;65;5
1;ADAM;2018;65;4
1;ADAM;2019;65;3
1;ADAM;2020;65;3
1;ADAM;2021;65;8
1;ADRIAN;2020;65;3
1;ADRIEN;2000;65;11
1;ADRIEN;2001;65;11
1;ADRIEN;2002;65;9
1;ADRIEN;2003;65;10
1;ADRIEN;2004;65;4
1;ADRIEN;2005;65;8
1;ADRIEN;2006;65;6
1;ADRIEN;2007;65;11
1;ADRIEN;2008;65;5
1;ADRIEN;2009;65;10
1;ADRIEN;2010;65;5
1;ADRIEN;2011;65;5
1;ADRIEN;2012;65;6
1;ADRIEN;2013;65;3
1;ADRIEN;2014;65;3
1;ADRIEN;2015;65;4
1;ADRIEN;2016;65;4
1;ADRIEN;2020;65;6
1;ALAN;2002;65;3
1;ALBAN;2000;65;3
1;ALBAN;2006;65;3
1;ALBAN;2010;65;3
1;ALBAN;2012;65;3
1;ALBAN;2013;65;5
1;ALBAN;2018;65;3
1;ALESSIO;2020;65;3
1;ALEX;2000;65;5
1;ALEX;2001;65;4
1;ALEX;2002;65;3
1;ALEX;2003;65;4
1;ALEX;2009;65;4
1;ALEX;2010;65;3
1;ALEX;2012;65;4
1;ALEX;2017;65;3
1;ALEXANDRE;2000;65;15
1;ALEXANDRE;2001;65;20
1;ALEXANDRE;2002;65;18
1;ALEXANDRE;2003;65;31
1;ALEXANDRE;2004;65;12
1;ALEXANDRE;2005;65;12
1;ALEXANDRE;2006;65;9
1;ALEXANDRE;2007;65;8
1;ALEXANDRE;2008;65;7
1;ALEXANDRE;2009;65;9
1;ALEXANDRE;2010;65;6
1;ALEXANDRE;2011;65;7
1;ALEXANDRE;2012;65;8
1;ALEXANDRE;2014;65;5
1;ALEXANDRE;2015;65;4
1;ALEXANDRE;2016;65;5
1;ALEXANDRE;2018;65;6
1;ALEXANDRE;2019;65;3
1;ALEXANDRE;2020;65;3
1;ALEXIS;2000;65;21
1;ALEXIS;2001;65;23
1;ALEXIS;2002;65;12
1;ALEXIS;2003;65;11
1;ALEXIS;2004;65;14
1;ALEXIS;2005;65;11
1;ALEXIS;2006;65;14
1;ALEXIS;2007;65;16
1;ALEXIS;2008;65;14
1;ALEXIS;2009;65;11
1;ALEXIS;2010;65;10
1;ALEXIS;2011;65;12
1;ALEXIS;2012;65;7
1;ALEXIS;2013;65;5
1;ALEXIS;2014;65;6
1;ALEXIS;2015;65;5
1;ALEXIS;2016;65;5
1;ALEXIS;2017;65;9
1;ALEXIS;2018;65;5
1;ALEXIS;2019;65;3
1;ALEXIS;2021;65;3
1;ALEXY;2003;65;3
1;ALEXY;2006;65;3
1;ALLAN;2006;65;4
1;ALOÏS;2021;65;4
1;AMAËL;2017;65;4
1;AMAËL;2021;65;3
1;AMAURY;2000;65;4
1;AMAURY;2001;65;3
1;AMAURY;2009;65;3
1;AMINE;2005;65;3
1;AMINE;2011;65;3
1;AMIR;2018;65;3
1;AMIR;2019;65;4
1;AMIR;2021;65;3
1;ANATOLE;2012;65;3
1;ANATOLE;2018;65;3
1;ANGEL;2002;65;3
1;ANGEL;2008;65;3
1;ANGEL;2009;65;3
1;ANGEL;2013;65;3
1;ANGEL;2016;65;3
1;ANGEL;2017;65;3
1;ANTHONY;2000;65;20
1;ANTHONY;2001;65;19
1;ANTHONY;2002;65;14
1;ANTHONY;2003;65;17
1;ANTHONY;2004;65;13
1;ANTHONY;2005;65;9
1;ANTHONY;2006;65;7
1;ANTHONY;2007;65;6
1;ANTHONY;2008;65;8
1;ANTHONY;2009;65;3
1;ANTHONY;2011;65;3
1;ANTHONY;2014;65;3
1;ANTOINE;2000;65;10
1;ANTOINE;2001;65;15
1;ANTOINE;2002;65;7
1;ANTOINE;2003;65;6
1;ANTOINE;2004;65;5
1;ANTOINE;2005;65;3
1;ANTOINE;2006;65;12
1;ANTOINE;2007;65;9
1;ANTOINE;2008;65;6
1;ANTOINE;2010;65;9
1;ANTOINE;2011;65;6
1;ANTOINE;2012;65;7
1;ANTOINE;2013;65;4
1;ANTOINE;2014;65;7
1;ANTOINE;2015;65;6
1;ANTOINE;2016;65;8
1;ANTOINE;2017;65;7
1;ANTOINE;2018;65;5
1;ANTOINE;2020;65;7
1;ANTOINE;2021;65;9
1;ANTON;2009;65;3
1;ANTONIN;2001;65;5
1;ANTONIN;2002;65;4
1;ANTONIN;2007;65;4
1;ANTONIN;2008;65;3
1;ANTONIN;2010;65;4
1;ANTONIN;2011;65;3
1;ANTONIN;2013;65;3
1;ANTONIN;2014;65;3
1;ARNAUD;2000;65;5
1;ARNAUD;2001;65;7
1;ARNAUD;2003;65;3
1;ARNAUD;2004;65;4
1;ARTHUR;2000;65;5
1;ARTHUR;2001;65;5
1;ARTHUR;2002;65;4
1;ARTHUR;2003;65;6
1;ARTHUR;2005;65;7
1;ARTHUR;2006;65;4
1;ARTHUR;2007;65;9
1;ARTHUR;2008;65;7
1;ARTHUR;2009;65;9
1;ARTHUR;2010;65;8
1;ARTHUR;2011;65;8
1;ARTHUR;2012;65;7
1;ARTHUR;2013;65;8
1;ARTHUR;2014;65;8
1;ARTHUR;2015;65;3
1;ARTHUR;2016;65;6
1;ARTHUR;2017;65;12
1;ARTHUR;2018;65;7
1;ARTHUR;2019;65;7
1;ARTHUR;2020;65;12
1;ARTHUR;2021;65;6
1;AUBIN;2004;65;4
1;AUBIN;2009;65;4
1;AUGUSTIN;2015;65;4
1;AUGUSTIN;2017;65;3
1;AUGUSTIN;2021;65;5
1;AURÉLIEN;2000;65;7
1;AURÉLIEN;2001;65;9
1;AURÉLIEN;2003;65;6
1;AURÉLIEN;2005;65;6
1;AURÉLIEN;2006;65;6
1;AURÉLIEN;2008;65;3
1;AURÉLIEN;2009;65;3
1;AXEL;2000;65;9
1;AXEL;2001;65;14
1;AXEL;2002;65;10
1;AXEL;2003;65;15
1;AXEL;2004;65;13
1;AXEL;2005;65;8
1;AXEL;2006;65;16
1;AXEL;2007;65;5
1;AXEL;2008;65;9
1;AXEL;2009;65;6
1;AXEL;2010;65;11
1;AXEL;2011;65;9
1;AXEL;2012;65;5
1;AXEL;2013;65;4
1;AXEL;2014;65;5
1;AXEL;2015;65;6
1;AXEL;2016;65;7
1;AXEL;2017;65;6
1;AXEL;2018;65;10
1;AXEL;2020;65;3
1;AXEL;2021;65;5
1;AYDEN;2019;65;8
1;AYDEN;2020;65;4
1;AYDEN;2021;65;6
1;AYLAN;2021;65;3
1;AYMERIC;2006;65;3
1;AYOUB;2012;65;3
1;BAPTISTE;2000;65;18
1;BAPTISTE;2001;65;14
1;BAPTISTE;2002;65;26
1;BAPTISTE;2003;65;15
1;BAPTISTE;2004;65;21
1;BAPTISTE;2005;65;25
1;BAPTISTE;2006;65;16
1;BAPTISTE;2007;65;10
1;BAPTISTE;2008;65;12
1;BAPTISTE;2009;65;12
1;BAPTISTE;2010;65;15
1;BAPTISTE;2011;65;10
1;BAPTISTE;2012;65;16
1;BAPTISTE;2013;65;11
1;BAPTISTE;2014;65;14
1;BAPTISTE;2015;65;15
1;BAPTISTE;2016;65;10
1;BAPTISTE;2017;65;13
1;BAPTISTE;2018;65;5
1;BAPTISTE;2019;65;4
1;BAPTISTE;2020;65;3
1;BAPTISTE;2021;65;5
1;BASTIEN;2000;65;13
1;BASTIEN;2001;65;11
1;BASTIEN;2002;65;7
1;BASTIEN;2003;65;11
1;BASTIEN;2004;65;10
1;BASTIEN;2005;65;14
1;BASTIEN;2006;65;8
1;BASTIEN;2007;65;4
1;BASTIEN;2008;65;4
1;BASTIEN;2009;65;4
1;BASTIEN;2010;65;4
1;BASTIEN;2011;65;6
1;BASTIEN;2012;65;9
1;BASTIEN;2014;65;7
1;BASTIEN;2015;65;8
1;BASTIEN;2016;65;3
1;BASTIEN;2017;65;5
1;BASTIEN;2018;65;5
1;BASTIEN;2020;65;4
1;BENJAMIN;2000;65;11
1;BENJAMIN;2001;65;8
1;BENJAMIN;2002;65;11
1;BENJAMIN;2003;65;11
1;BENJAMIN;2004;65;11
1;BENJAMIN;2006;65;5
1;BENJAMIN;2007;65;4
1;BENJAMIN;2008;65;8
1;BENJAMIN;2009;65;3
1;BENJAMIN;2010;65;3
1;BENJAMIN;2011;65;4
1;BENJAMIN;2014;65;5
1;BENJAMIN;2015;65;3
1;BENOÎT;2000;65;5
1;BENOÎT;2001;65;4
1;BENOÎT;2002;65;3
1;BENOÎT;2003;65;7
1;BENOÎT;2005;65;3
1;BRANDON;2003;65;3
1;BRYAN;2000;65;3
1;BRYAN;2001;65;4
1;BRYAN;2002;65;4
1;BRYAN;2003;65;3
1;BRYAN;2004;65;4
1;BRYAN;2006;65;3
1;BRYAN;2019;65;3
1;CAMILLE;2001;65;3
1;CAMILLE;2004;65;4
1;CAMILLE;2007;65;3
1;CAMILLE;2010;65;3
1;CAMILLE;2015;65;3
1;CAMILLE;2017;65;3
1;CAMILLE;2018;65;3
1;CAMILLE;2020;65;3
1;CAMILLE;2021;65;5
1;CEDRIC;2000;65;9
1;CEDRIC;2001;65;3
1;CEDRIC;2004;65;3
1;CELIAN;2007;65;4
1;CHARLES;2002;65;4
1;CHARLES;2004;65;3
1;CHARLES;2010;65;3
1;CHARLES;2013;65;3
1;CHARLES;2017;65;5
1;CHARLIE;2012;65;3
1;CHARLY;2006;65;3
1;CHARLY;2017;65;3
1;CLÉMENT;2000;65;26
1;CLÉMENT;2001;65;24
1;CLÉMENT;2002;65;19
1;CLÉMENT;2003;65;17
1;CLÉMENT;2004;65;11
1;CLÉMENT;2005;65;20
1;CLÉMENT;2006;65;21
1;CLÉMENT;2007;65;21
1;CLÉMENT;2008;65;16
1;CLÉMENT;2009;65;13
1;CLÉMENT;2010;65;14
1;CLÉMENT;2011;65;14
1;CLÉMENT;2012;65;7
1;CLÉMENT;2013;65;16
1;CLÉMENT;2014;65;9
1;CLÉMENT;2015;65;10
1;CLÉMENT;2016;65;9
1;CLÉMENT;2017;65;5
1;CLÉMENT;2018;65;8
1;CLÉMENT;2019;65;9
1;CLÉMENT;2020;65;3
1;CLÉMENT;2021;65;3
1;COLIN;2000;65;3
1;CORENTIN;2000;65;4
1;CORENTIN;2001;65;3
1;CORENTIN;2002;65;6
1;CORENTIN;2003;65;5
1;CORENTIN;2004;65;11
1;CORENTIN;2005;65;4
1;CORENTIN;2006;65;4
1;CORENTIN;2007;65;4
1;CYRIL;2000;65;4
1;CYRIL;2001;65;3
1;DAMIEN;2000;65;22
1;DAMIEN;2001;65;7
1;DAMIEN;2002;65;15
1;DAMIEN;2003;65;6
1;DAMIEN;2004;65;11
1;DAMIEN;2005;65;10
1;DAMIEN;2009;65;4
1;DAMIEN;2010;65;3
1;DAMIEN;2012;65;4
1;DAMIEN;2014;65;3
1;DANIEL;2018;65;3
1;DANIEL;2019;65;3
1;DAVID;2000;65;7
1;DAVID;2001;65;5
1;DAVID;2002;65;4
1;DAVID;2007;65;5
1;DAVID;2011;65;4
1;DAVID;2012;65;4
1;DAVID;2018;65;3
1;DIEGO;2005;65;3
1;DIEGO;2006;65;4
1;DIEGO;2007;65;6
1;DIEGO;2008;65;4
1;DIEGO;2009;65;7
1;DIEGO;2010;65;4
1;DIEGO;2012;65;7
1;DIEGO;2013;65;5
1;DIEGO;2014;65;4
1;DIEGO;2015;65;6
1;DIEGO;2018;65;5
1;DIEGO;2019;65;9
1;DIEGO;2020;65;3
1;DIEGO;2021;65;3
1;DIMITRI;2000;65;3
1;DIMITRI;2002;65;3
1;DIMITRI;2005;65;5
1;DORIAN;2000;65;22
1;DORIAN;2001;65;10
1;DORIAN;2002;65;17
1;DORIAN;2003;65;9
1;DORIAN;2004;65;14
1;DORIAN;2005;65;12
1;DORIAN;2006;65;11
1;DORIAN;2007;65;5
1;DORIAN;2008;65;7
1;DORIAN;2009;65;5
1;DORIAN;2011;65;6
1;DORIAN;2012;65;4
1;DYLAN;2000;65;9
1;DYLAN;2001;65;12
1;DYLAN;2002;65;10
1;DYLAN;2003;65;10
1;DYLAN;2004;65;20
1;DYLAN;2005;65;5
1;DYLAN;2006;65;13
1;DYLAN;2007;65;10
1;DYLAN;2012;65;3
1;DYLAN;2013;65;4
1;DYLAN;2016;65;3
1;DYLAN;2017;65;3
1;EDDY;2001;65;3
1;EDEN;2014;65;5
1;EDEN;2015;65;3
1;EDEN;2016;65;5
1;EDEN;2017;65;4
1;EDEN;2018;65;9
1;EDEN;2019;65;5
1;EDEN;2020;65;3
1;EDEN;2021;65;5
1;ELIAS;2019;65;4
1;ELIE;2000;65;5
1;ELIE;2009;65;3
1;ELIE;2018;65;3
1;ELIO;2018;65;3
1;ELIO;2020;65;5
1;ELIOT;2015;65;3
1;ELIOTT;2008;65;3
1;ELIOTT;2012;65;3
1;ELIOTT;2014;65;4
1;ELIOTT;2016;65;7
1;ELIOTT;2017;65;5
1;ELIOTT;2019;65;4
1;ELIOTT;2021;65;3
1;ELOAN;2009;65;3
1;ELOAN;2018;65;3
1;ELOUAN;2009;65;3
1;ELOUAN;2011;65;3
1;EMILIEN;2014;65;3
1;EMMANUEL;2004;65;3
1;EMMANUEL;2009;65;3
1;ENZO;2000;65;25
1;ENZO;2001;65;17
1;ENZO;2002;65;42
1;ENZO;2003;65;14
1;ENZO;2004;65;35
1;ENZO;2005;65;33
1;ENZO;2006;65;22
1;ENZO;2007;65;23
1;ENZO;2008;65;13
1;ENZO;2009;65;23
1;ENZO;2010;65;20
1;ENZO;2011;65;17
1;ENZO;2012;65;22
1;ENZO;2013;65;20
1;ENZO;2014;65;17
1;ENZO;2015;65;14
1;ENZO;2016;65;6
1;ENZO;2017;65;8
1;ENZO;2018;65;5
1;ENZO;2019;65;4
1;ENZO;2020;65;4
1;ENZO;2021;65;4
1;ERWAN;2000;65;3
1;ERWAN;2002;65;4
1;ERWAN;2003;65;7
1;ERWAN;2004;65;4
1;ERWAN;2005;65;7
1;ERWAN;2006;65;5
1;ERWAN;2007;65;3
1;ERWAN;2011;65;4
1;ESTEBAN;2001;65;4
1;ESTEBAN;2002;65;4
1;ESTEBAN;2003;65;5
1;ESTEBAN;2004;65;6
1;ESTEBAN;2005;65;7
1;ESTEBAN;2006;65;6
1;ESTEBAN;2007;65;6
1;ESTEBAN;2008;65;5
1;ESTEBAN;2009;65;10
1;ESTEBAN;2010;65;8
1;ESTEBAN;2011;65;3
1;ESTEBAN;2012;65;11
1;ESTEBAN;2013;65;8
1;ESTEBAN;2014;65;6
1;ESTEBAN;2015;65;5
1;ESTEBAN;2016;65;4
1;ESTEBAN;2017;65;3
1;ESTEBAN;2018;65;6
1;ESTEBAN;2019;65;4
1;ESTEBAN;2020;65;3
1;ETHAN;2004;65;6
1;ETHAN;2005;65;5
1;ETHAN;2006;65;7
1;ETHAN;2007;65;10
1;ETHAN;2008;65;13
1;ETHAN;2009;65;6
1;ETHAN;2010;65;11
1;ETHAN;2011;65;10
1;ETHAN;2012;65;17
1;ETHAN;2013;65;19
1;ETHAN;2014;65;11
1;ETHAN;2015;65;16
1;ETHAN;2016;65;18
1;ETHAN;2017;65;8
1;ETHAN;2018;65;9
1;ETHAN;2019;65;7
1;ETHAN;2020;65;10
1;ETHAN;2021;65;5
1;ÉTHAN;2012;65;3
1;ETIENNE;2001;65;3
1;ETIENNE;2005;65;3
1;ETIENNE;2011;65;3
1;ETIENNE;2014;65;3
1;ETIENNE;2017;65;4
1;EVAN;2001;65;3
1;EVAN;2003;65;3
1;EVAN;2004;65;3
1;EVAN;2005;65;3
1;EVAN;2007;65;5
1;EVAN;2008;65;6
1;EVAN;2009;65;6
1;EVAN;2010;65;8
1;EVAN;2011;65;4
1;EVAN;2012;65;5
1;EVAN;2014;65;3
1;EVAN;2016;65;8
1;EVAN;2017;65;4
1;EVAN;2019;65;4
1;EVAN;2021;65;5
1;EVANN;2013;65;3
1;EVANN;2014;65;3
1;EZIO;2019;65;4
1;EZIO;2021;65;5
1;FABIEN;2000;65;3
1;FABIEN;2001;65;6
1;FABIEN;2003;65;5
1;FABIEN;2004;65;5
1;FABIEN;2005;65;3
1;FABIO;2006;65;5
1;FABIO;2012;65;3
1;FÉLIX;2004;65;3
1;FLAVIEN;2000;65;3
1;FLAVIEN;2002;65;3
1;FLORENT;2000;65;5
1;FLORENT;2001;65;5
1;FLORENT;2002;65;3
1;FLORENT;2009;65;3
1;FLORIAN;2000;65;26
1;FLORIAN;2001;65;19
1;FLORIAN;2002;65;14
1;FLORIAN;2003;65;8
1;FLORIAN;2004;65;12
1;FLORIAN;2005;65;7
1;FLORIAN;2006;65;8
1;FLORIAN;2007;65;8
1;FLORIAN;2008;65;8
1;FLORIAN;2009;65;5
1;FLORIAN;2010;65;3
1;FLORIAN;2011;65;6
1;FLORIAN;2012;65;5
1;FRANÇOIS;2000;65;3
1;FRANÇOIS;2003;65;3
1;FRANÇOIS;2007;65;3
1;FRÉDÉRIC;2000;65;3
1;GABIN;2002;65;5
1;GABIN;2004;65;3
1;GABIN;2005;65;4
1;GABIN;2006;65;6
1;GABIN;2007;65;7
1;GABIN;2009;65;6
1;GABIN;2011;65;5
1;GABIN;2012;65;5
1;GABIN;2013;65;8
1;GABIN;2014;65;8
1;GABIN;2015;65;13
1;GABIN;2016;65;8
1;GABIN;2017;65;11
1;GABIN;2018;65;12
1;GABIN;2019;65;9
1;GABIN;2020;65;6
1;GABIN;2021;65;15
1;GABRIEL;2000;65;6
1;GABRIEL;2001;65;7
1;GABRIEL;2002;65;6
1;GABRIEL;2003;65;3
1;GABRIEL;2004;65;5
1;GABRIEL;2005;65;8
1;GABRIEL;2006;65;10
1;GABRIEL;2007;65;9
1;GABRIEL;2008;65;13
1;GABRIEL;2009;65;14
1;GABRIEL;2010;65;18
1;GABRIEL;2011;65;20
1;GABRIEL;2012;65;10
1;GABRIEL;2013;65;12
1;GABRIEL;2014;65;15
1;GABRIEL;2015;65;21
1;GABRIEL;2016;65;14
1;GABRIEL;2017;65;8
1;GABRIEL;2018;65;7
1;GABRIEL;2019;65;15
1;GABRIEL;2020;65;16
1;GABRIEL;2021;65;9
1;GAEL;2000;65;3
1;GAEL;2001;65;4
1;GAEL;2006;65;3
1;GAEL;2007;65;7
1;GAEL;2008;65;3
1;GAËL;2016;65;4
1;GAËTAN;2000;65;8
1;GAËTAN;2001;65;7
1;GAËTAN;2004;65;5
1;GAËTAN;2005;65;3
1;GAËTAN;2007;65;4
1;GAËTAN;2008;65;3
1;GAËTAN;2010;65;3
1;GAËTAN;2014;65;3
1;GAËTAN;2016;65;3
1;GASPARD;2009;65;3
1;GASPARD;2010;65;4
1;GASPARD;2019;65;3
1;GAUTHIER;2000;65;3
1;GAUTHIER;2001;65;3
1;GAUTHIER;2003;65;4
1;GAUTHIER;2004;65;4
1;GAUTHIER;2007;65;3
1;GAUTHIER;2008;65;3
1;GAUTHIER;2011;65;3
1;GAUTHIER;2013;65;3
1;GAUTHIER;2014;65;3
1;GAUTHIER;2018;65;4
1;GAUTHIER;2020;65;5
1;GAUTIER;2000;65;3
1;GAUTIER;2002;65;3
1;GAUTIER;2005;65;3
1;GIANNI;2021;65;3
1;GRÉGOIRE;2001;65;7
1;GREGORY;2004;65;3
1;GREGORY;2009;65;3
1;GUILHEM;2000;65;3
1;GUILHEM;2001;65;3
1;GUILHEM;2004;65;3
1;GUILHEM;2013;65;8
1;GUILLAUME;2000;65;12
1;GUILLAUME;2001;65;10
1;GUILLAUME;2002;65;6
1;GUILLAUME;2003;65;7
1;GUILLAUME;2004;65;10
1;GUILLAUME;2007;65;6
1;GUILLAUME;2008;65;3
1;GUILLAUME;2012;65;3
1;GUILLAUME;2017;65;3
1;HAMZA;2009;65;3
1;HAYDEN;2019;65;3
1;HÉLIOS;2014;65;3
1;HUGO;2000;65;28
1;HUGO;2001;65;28
1;HUGO;2002;65;27
1;HUGO;2003;65;22
1;HUGO;2004;65;11
1;HUGO;2005;65;18
1;HUGO;2006;65;12
1;HUGO;2007;65;11
1;HUGO;2008;65;18
1;HUGO;2009;65;14
1;HUGO;2010;65;18
1;HUGO;2011;65;9
1;HUGO;2012;65;8
1;HUGO;2013;65;15
1;HUGO;2014;65;12
1;HUGO;2015;65;14
1;HUGO;2016;65;14
1;HUGO;2017;65;9
1;HUGO;2018;65;13
1;HUGO;2019;65;11
1;HUGO;2020;65;11
1;HUGO;2021;65;4
1;IBAN;2006;65;5
1;IBAN;2007;65;3
1;IBAN;2008;65;4
1;IBAN;2009;65;5
1;IBAN;2015;65;4
1;IBAN;2017;65;3
1;ILAN;2007;65;3
1;ILAN;2008;65;5
1;ILAN;2009;65;6
1;ILAN;2010;65;3
1;ILAN;2011;65;4
1;ILAN;2013;65;5
1;ILAN;2015;65;3
1;ILAN;2016;65;6
1;ISAAC;2016;65;3
1;ISAAC;2020;65;3
1;ISMAEL;2002;65;3
1;ISMAEL;2008;65;3
1;ISMAËL;2012;65;3
1;ISMAËL;2015;65;3
1;ISMAËL;2019;65;3
1;JADEN;2020;65;3
1;JASON;2001;65;3
1;JASON;2009;65;3
1;JAYDEN;2021;65;3
1;JEAN;2000;65;7
1;JEAN;2002;65;3
1;JEAN;2003;65;10
1;JEAN;2005;65;5
1;JEAN;2006;65;5
1;JEAN;2007;65;4
1;JEAN;2008;65;5
1;JEAN;2010;65;5
1;JEAN;2011;65;4
1;JEAN;2012;65;3
1;JEAN;2013;65;4
1;JEAN;2014;65;3
1;JEAN;2015;65;6
1;JEAN;2018;65;6
1;JEAN;2019;65;7
1;JEAN;2020;65;4
1;JEAN-BAPTISTE;2001;65;6
1;JEAN-BAPTISTE;2002;65;5
1;JEAN-BAPTISTE;2004;65;4
1;JEAN-BAPTISTE;2006;65;3
1;JEAN-BAPTISTE;2007;65;4
1;JEREMY;2000;65;10
1;JEREMY;2001;65;12
1;JEREMY;2002;65;8
1;JEREMY;2003;65;8
1;JEREMY;2004;65;5
1;JEREMY;2005;65;3
1;JEREMY;2006;65;5
1;JEREMY;2007;65;5
1;JÉRÉMY;2014;65;3
1;JESSY;2007;65;3
1;JIMMY;2000;65;3
1;JIMMY;2001;65;3
1;JIMMY;2006;65;3
1;JIMMY;2007;65;3
1;JOAN;2006;65;4
1;JOAN;2017;65;3
1;JOAN;2019;65;3
1;JOHAN;2005;65;3
1;JOHAN;2006;65;5
1;JOHAN;2009;65;3
1;JONATHAN;2000;65;5
1;JONATHAN;2003;65;3
1;JONATHAN;2006;65;4
1;JORDAN;2000;65;8
1;JORDAN;2001;65;6
1;JORDAN;2002;65;5
1;JORDAN;2003;65;4
1;JORDAN;2004;65;4
1;JORDAN;2007;65;3
1;JORDAN;2008;65;3
1;JORDAN;2012;65;3
1;JORDAN;2016;65;3
1;JORIS;2000;65;4
1;JORIS;2001;65;4
1;JORIS;2004;65;3
1;JORIS;2005;65;5
1;JORIS;2008;65;3
1;JORIS;2012;65;5
1;JOSEPH;2021;65;3
1;JULES;2000;65;3
1;JULES;2002;65;5
1;JULES;2003;65;5
1;JULES;2004;65;5
1;JULES;2006;65;8
1;JULES;2007;65;13
1;JULES;2008;65;10
1;JULES;2009;65;18
1;JULES;2010;65;16
1;JULES;2011;65;8
1;JULES;2012;65;15
1;JULES;2013;65;14
1;JULES;2014;65;12
1;JULES;2015;65;13
1;JULES;2016;65;19
1;JULES;2017;65;14
1;JULES;2018;65;12
1;JULES;2019;65;13
1;JULES;2020;65;10
1;JULES;2021;65;6
1;JULIAN;2002;65;3
1;JULIAN;2008;65;3
1;JULIAN;2012;65;3
1;JULIAN;2013;65;3
1;JULIAN;2017;65;4
1;JULIAN;2020;65;3
1;JULIEN;2000;65;16
1;JULIEN;2001;65;12
1;JULIEN;2002;65;9
1;JULIEN;2003;65;7
1;JULIEN;2004;65;10
1;JULIEN;2005;65;12
1;JULIEN;2006;65;5
1;JULIEN;2007;65;7
1;JULIEN;2008;65;10
1;JULIEN;2009;65;5
1;JULIEN;2010;65;4
1;JULIEN;2012;65;3
1;JULIEN;2013;65;3
1;JULIEN;2015;65;4
1;JUSTIN;2015;65;3
1;JUSTIN;2021;65;3
1;KAÏS;2013;65;3
1;KAÏS;2016;65;4
1;KAÏS;2019;65;4
1;KAÏS;2020;65;4
1;KAYDEN;2021;65;4
1;KELYAN;2007;65;3
1;KELYAN;2011;65;3
1;KENZO;2006;65;3
1;KENZO;2007;65;5
1;KENZO;2008;65;3
1;KENZO;2009;65;5
1;KENZO;2012;65;5
1;KENZO;2013;65;4
1;KENZO;2014;65;8
1;KENZO;2017;65;3
1;KEVIN;2000;65;6
1;KEVIN;2001;65;8
1;KEVIN;2002;65;13
1;KEVIN;2003;65;10
1;KEVIN;2004;65;9
1;KEVIN;2005;65;7
1;KEVIN;2006;65;4
1;KEVIN;2007;65;5
1;KEVIN;2009;65;6
1;KILIAN;2001;65;3
1;KILIAN;2003;65;3
1;KILIAN;2006;65;3
1;KILIAN;2007;65;3
1;KILIAN;2013;65;3
1;KILLIAN;2002;65;5
1;KILLIAN;2003;65;12
1;KILLIAN;2005;65;6
1;KILLIAN;2006;65;4
1;KILLIAN;2007;65;8
1;KILLIAN;2008;65;3
1;KILLIAN;2009;65;5
1;KYLIAN;2003;65;6
1;KYLIAN;2004;65;8
1;KYLIAN;2005;65;4
1;KYLIAN;2006;65;7
1;KYLIAN;2007;65;5
1;KYLIAN;2008;65;5
1;KYLIAN;2009;65;9
1;KYLIAN;2010;65;9
1;KYLIAN;2011;65;9
1;KYLIAN;2012;65;5
1;KYLIAN;2013;65;3
1;KYLIAN;2014;65;5
1;KYLIAN;2015;65;3
1;KYLIAN;2017;65;4
1;KYLLIAN;2002;65;3
1;KYLLIAN;2003;65;3
1;KYLLIAN;2004;65;3
1;KYLLIAN;2006;65;3
1;KYLLIAN;2013;65;3
1;LAURENT;2004;65;5
1;LÉANDRE;2018;65;3
1;LEANDRO;2008;65;3
1;LEANDRO;2015;65;3
1;LÉANDRO;2016;65;4
1;LÉANDRO;2020;65;3
1;LENNY;2001;65;3
1;LENNY;2003;65;3
1;LENNY;2007;65;3
1;LENNY;2008;65;3
1;LENNY;2009;65;5
1;LENNY;2010;65;3
1;LENNY;2011;65;5
1;LENNY;2013;65;4
1;LENNY;2014;65;9
1;LENNY;2016;65;4
1;LENNY;2017;65;5
1;LENNY;2019;65;3
1;LENY;2006;65;3
1;LENY;2011;65;3
1;LEO;2017;65;3
1;LÉO;2000;65;5
1;LÉO;2001;65;13
1;LÉO;2002;65;16
1;LÉO;2003;65;13
1;LÉO;2004;65;18
1;LÉO;2005;65;18
1;LÉO;2006;65;11
1;LÉO;2007;65;12
1;LÉO;2008;65;7
1;LÉO;2009;65;7
1;LÉO;2010;65;20
1;LÉO;2011;65;14
1;LÉO;2012;65;11
1;LÉO;2013;65;17
1;LÉO;2014;65;13
1;LÉO;2015;65;13
1;LÉO;2016;65;14
1;LÉO;2017;65;16
1;LÉO;2018;65;13
1;LÉO;2019;65;13
1;LÉO;2020;65;13
1;LÉO;2021;65;16
1;LÉON;2013;65;4
1;LÉON;2014;65;6
1;LÉON;2015;65;5
1;LÉON;2016;65;5
1;LÉON;2017;65;4
1;LÉON;2018;65;3
1;LÉON;2020;65;9
1;LÉON;2021;65;6
1;LIAM;2006;65;6
1;LIAM;2011;65;4
1;LIAM;2013;65;8
1;LIAM;2014;65;5
1;LIAM;2015;65;8
1;LIAM;2016;65;10
1;LIAM;2017;65;6
1;LIAM;2018;65;6
1;LIAM;2019;65;9
1;LIAM;2020;65;7
1;LIAM;2021;65;3
1;LILIAN;2000;65;5
1;LILIAN;2001;65;4
1;LILIAN;2002;65;6
1;LILIAN;2003;65;6
1;LILIAN;2004;65;4
1;LILIAN;2005;65;7
1;LILIAN;2006;65;9
1;LILIAN;2007;65;9
1;LILIAN;2009;65;3
1;LILIAN;2010;65;3
1;LILIAN;2012;65;4
1;LILIAN;2019;65;3
1;LIVIO;2018;65;3
1;LIVIO;2021;65;3
1;LOAN;2005;65;3
1;LOAN;2006;65;4
1;LOAN;2007;65;3
1;LOAN;2008;65;7
1;LOAN;2009;65;3
1;LOAN;2010;65;6
1;LOAN;2011;65;3
1;LOAN;2012;65;5
1;LOAN;2013;65;3
1;LOAN;2014;65;4
1;LOAN;2015;65;3
1;LOAN;2017;65;3
1;LOAN;2019;65;3
1;LOGAN;2002;65;4
1;LOGAN;2004;65;4
1;LOGAN;2015;65;3
1;LOGAN;2017;65;4
1;LOGAN;2019;65;5
1;LOGAN;2020;65;3
1;LOGAN;2021;65;3
1;LOHAN;2011;65;4
1;LOHAN;2012;65;3
1;LOHAN;2013;65;3
1;LOHAN;2014;65;4
1;LOÏC;2000;65;12
1;LOÏC;2001;65;15
1;LOÏC;2002;65;5
1;LOÏC;2003;65;7
1;LOÏC;2004;65;5
1;LOÏC;2005;65;4
1;LOÏC;2006;65;4
1;LOÏC;2007;65;5
1;LOÏC;2008;65;3
1;LOÏC;2009;65;3
1;LOÏC;2010;65;3
1;LOÏC;2012;65;4
1;LOÏC;2013;65;3
1;LOÏC;2015;65;4
1;LORENZO;2004;65;5
1;LORENZO;2005;65;4
1;LORENZO;2007;65;4
1;LORENZO;2008;65;4
1;LORENZO;2011;65;5
1;LORENZO;2012;65;5
1;LORENZO;2013;65;8
1;LORENZO;2016;65;3
1;LORENZO;2020;65;3
1;LORIS;2014;65;3
1;LOUIS;2000;65;6
1;LOUIS;2001;65;9
1;LOUIS;2002;65;11
1;LOUIS;2003;65;8
1;LOUIS;2004;65;15
1;LOUIS;2005;65;4
1;LOUIS;2006;65;9
1;LOUIS;2007;65;21
1;LOUIS;2008;65;15
1;LOUIS;2009;65;6
1;LOUIS;2010;65;8
1;LOUIS;2011;65;8
1;LOUIS;2012;65;12
1;LOUIS;2013;65;13
1;LOUIS;2014;65;18
1;LOUIS;2015;65;9
1;LOUIS;2016;65;9
1;LOUIS;2017;65;13
1;LOUIS;2018;65;16
1;LOUIS;2019;65;15
1;LOUIS;2020;65;10
1;LOUIS;2021;65;8
1;LOUKA;2007;65;3
1;LOUKA;2011;65;5
1;LOUKA;2013;65;5
1;LOUKA;2014;65;5
1;LOUKA;2015;65;6
1;LOUKA;2016;65;4
1;LOUKA;2017;65;3
1;LOUKA;2018;65;3
1;LUC;2000;65;3
1;LUC;2005;65;3
1;LUCA;2002;65;3
1;LUCA;2008;65;4
1;LUCAS;2000;65;22
1;LUCAS;2001;65;48
1;LUCAS;2002;65;44
1;LUCAS;2003;65;30
1;LUCAS;2004;65;24
1;LUCAS;2005;65;31
1;LUCAS;2006;65;32
1;LUCAS;2007;65;25
1;LUCAS;2008;65;24
1;LUCAS;2009;65;30
1;LUCAS;2010;65;17
1;LUCAS;2011;65;28
1;LUCAS;2012;65;16
1;LUCAS;2013;65;18
1;LUCAS;2014;65;20
1;LUCAS;2015;65;13
1;LUCAS;2016;65;19
1;LUCAS;2017;65;9
1;LUCAS;2018;65;9
1;LUCAS;2019;65;12
1;LUCAS;2020;65;14
1;LUCAS;2021;65;11
1;LUCIEN;2012;65;3
1;LUCIEN;2016;65;3
1;LUCIEN;2017;65;3
1;LUDOVIC;2000;65;7
1;LUDOVIC;2002;65;3
1;LUDOVIC;2004;65;4
1;LUKA;2000;65;3
1;LUKA;2005;65;4
1;LUKA;2007;65;4
1;LUKA;2008;65;5
1;LUKA;2009;65;3
1;LUKA;2010;65;3
1;LUKA;2013;65;3
1;LUKA;2018;65;6
1;LUKA;2021;65;4
1;LUKAS;2001;65;3
1;LUKAS;2004;65;3
1;LUKAS;2005;65;4
1;LUKAS;2010;65;9
1;LUKAS;2012;65;3
1;LUKAS;2014;65;3
1;LYAM;2016;65;6
1;LYAM;2018;65;3
1;LYAM;2021;65;3
1;MAÉ;2019;65;4
1;MAÉ;2021;65;3
1;MAEL;2001;65;3
1;MAEL;2002;65;7
1;MAEL;2003;65;8
1;MAEL;2004;65;9
1;MAEL;2005;65;5
1;MAEL;2006;65;10
1;MAEL;2007;65;13
1;MAEL;2008;65;11
1;MAEL;2009;65;13
1;MAEL;2010;65;8
1;MAËL;2010;65;7
1;MAËL;2011;65;12
1;MAËL;2012;65;19
1;MAËL;2013;65;10
1;MAËL;2014;65;16
1;MAËL;2015;65;7
1;MAËL;2016;65;13
1;MAËL;2017;65;14
1;MAËL;2018;65;11
1;MAËL;2019;65;11
1;MAËL;2020;65;12
1;MAËL;2021;65;12
1;MAHÉ;2007;65;3
1;MAHÉ;2009;65;4
1;MAHÉ;2013;65;4
1;MAHÉ;2015;65;3
1;MAHÉ;2016;65;4
1;MAHÉ;2020;65;3
1;MALIK;2012;65;3
1;MALO;2020;65;4
1;MALO;2021;65;5
1;MARC;2001;65;3
1;MARCEAU;2019;65;3
1;MARCEL;2019;65;3
1;MARIN;2020;65;3
1;MARIUS;2003;65;3
1;MARIUS;2009;65;3
1;MARIUS;2013;65;3
1;MARIUS;2015;65;5
1;MARIUS;2016;65;4
1;MARIUS;2017;65;5
1;MARIUS;2018;65;3
1;MARIUS;2019;65;6
1;MARIUS;2020;65;3
1;MARIUS;2021;65;5
1;MARLEY;2011;65;3
1;MARLEY;2014;65;3
1;MARLEY;2020;65;4
1;MARTIN;2000;65;3
1;MARTIN;2001;65;3
1;MARTIN;2002;65;3
1;MARTIN;2004;65;4
1;MARTIN;2006;65;4
1;MARTIN;2010;65;3
1;MARTIN;2011;65;4
1;MARTIN;2013;65;5
1;MARTIN;2014;65;5
1;MARTIN;2015;65;7
1;MARTIN;2016;65;3
1;MARTIN;2017;65;5
1;MARTIN;2018;65;3
1;MARTIN;2020;65;8
1;MARTIN;2021;65;4
1;MARVIN;2000;65;3
1;MARVIN;2017;65;3
1;MATÉO;2001;65;4
1;MATÉO;2002;65;7
1;MATÉO;2003;65;5
1;MATÉO;2004;65;5
1;MATÉO;2005;65;7
1;MATÉO;2006;65;11
1;MATÉO;2007;65;13
1;MATÉO;2008;65;3
1;MATÉO;2009;65;4
1;MATÉO;2010;65;3
1;MATÉO;2011;65;6
1;MATÉO;2013;65;4
1;MATÉO;2014;65;5
1;MATÉO;2015;65;3
1;MATÉO;2016;65;3
1;MATÉO;2020;65;5
1;MATHEO;2013;65;3
1;MATHÉO;2002;65;3
1;MATHÉO;2003;65;9
1;MATHÉO;2004;65;17
1;MATHÉO;2005;65;8
1;MATHÉO;2006;65;12
1;MATHÉO;2007;65;22
1;MATHÉO;2008;65;16
1;MATHÉO;2009;65;12
1;MATHÉO;2010;65;4
1;MATHÉO;2011;65;13
1;MATHÉO;2012;65;12
1;MATHÉO;2013;65;11
1;MATHÉO;2014;65;7
1;MATHÉO;2015;65;3
1;MATHÉO;2016;65;4
1;MATHÉO;2018;65;5
1;MATHÉO;2020;65;4
1;MATHIAS;2000;65;9
1;MATHIAS;2001;65;4
1;MATHIAS;2002;65;5
1;MATHIAS;2003;65;11
1;MATHIAS;2004;65;5
1;MATHIAS;2005;65;6
1;MATHIAS;2006;65;3
1;MATHIAS;2007;65;8
1;MATHIAS;2008;65;3
1;MATHIAS;2009;65;8
1;MATHIAS;2010;65;11
1;MATHIAS;2011;65;4
1;MATHIAS;2012;65;4
1;MATHIAS;2013;65;4
1;MATHIAS;2014;65;3
1;MATHIAS;2015;65;3
1;MATHIEU;2000;65;17
1;MATHIEU;2001;65;12
1;MATHIEU;2002;65;13
1;MATHIEU;2003;65;14
1;MATHIEU;2004;65;7
1;MATHIEU;2005;65;6
1;MATHIEU;2006;65;9
1;MATHIEU;2008;65;6
1;MATHIEU;2009;65;4
1;MATHIEU;2010;65;4
1;MATHIEU;2012;65;7
1;MATHIEU;2013;65;3
1;MATHIS;2002;65;11
1;MATHIS;2003;65;16
1;MATHIS;2004;65;21
1;MATHIS;2005;65;19
1;MATHIS;2006;65;30
1;MATHIS;2007;65;23
1;MATHIS;2008;65;20
1;MATHIS;2009;65;22
1;MATHIS;2010;65;20
1;MATHIS;2011;65;19
1;MATHIS;2012;65;13
1;MATHIS;2013;65;7
1;MATHIS;2014;65;8
1;MATHIS;2015;65;3
1;MATHIS;2016;65;8
1;MATHIS;2017;65;4
1;MATHIS;2018;65;5
1;MATHIS;2019;65;3
1;MATHIS;2020;65;5
1;MATHIS;2021;65;8
1;MATHYS;2003;65;5
1;MATHYS;2005;65;4
1;MATHYS;2006;65;9
1;MATHYS;2007;65;5
1;MATHYS;2008;65;5
1;MATHYS;2009;65;4
1;MATHYS;2010;65;7
1;MATHYS;2011;65;9
1;MATHYS;2012;65;3
1;MATHYS;2013;65;5
1;MATHYS;2014;65;5
1;MATHYS;2018;65;4
1;MATHYS;2019;65;5
1;MATIS;2003;65;3
1;MATIS;2004;65;3
1;MATIS;2005;65;3
1;MATIS;2006;65;3
1;MATIS;2007;65;4
1;MATISSE;2010;65;3
1;MATTEO;2012;65;3
1;MATTÉO;2001;65;3
1;MATTÉO;2002;65;3
1;MATTÉO;2003;65;9
1;MATTÉO;2004;65;9
1;MATTÉO;2005;65;8
1;MATTÉO;2006;65;9
1;MATTÉO;2007;65;6
1;MATTÉO;2008;65;7
1;MATTÉO;2009;65;4
1;MATTÉO;2014;65;3
1;MATTÉO;2015;65;4
1;MATTÉO;2017;65;3
1;MATTÉO;2021;65;4
1;MATTHIAS;2000;65;3
1;MATTHIAS;2004;65;7
1;MATTHIAS;2005;65;3
1;MATTHIAS;2010;65;3
1;MATTHIEU;2000;65;7
1;MATTHIEU;2001;65;6
1;MATTHIEU;2003;65;8
1;MATYS;2008;65;3
1;MAXENCE;2004;65;5
1;MAXENCE;2005;65;3
1;MAXENCE;2006;65;6
1;MAXENCE;2008;65;10
1;MAXENCE;2009;65;4
1;MAXENCE;2011;65;5
1;MAXENCE;2012;65;3
1;MAXENCE;2014;65;6
1;MAXENCE;2016;65;5
1;MAXENCE;2017;65;4
1;MAXENCE;2018;65;5
1;MAXENCE;2019;65;4
1;MAXENCE;2020;65;7
1;MAXIME;2000;65;24
1;MAXIME;2001;65;19
1;MAXIME;2002;65;29
1;MAXIME;2003;65;17
1;MAXIME;2004;65;19
1;MAXIME;2005;65;19
1;MAXIME;2006;65;11
1;MAXIME;2007;65;10
1;MAXIME;2008;65;12
1;MAXIME;2009;65;11
1;MAXIME;2010;65;6
1;MAXIME;2011;65;13
1;MAXIME;2012;65;12
1;MAXIME;2013;65;8
1;MAXIME;2014;65;9
1;MAXIME;2015;65;10
1;MAXIME;2016;65;8
1;MAXIME;2017;65;6
1;MAXIME;2018;65;4
1;MAXIME;2019;65;7
1;MAXIME;2020;65;5
1;MAXIME;2021;65;4
1;MEHDI;2003;65;4
1;MEHDI;2005;65;3
1;MEHDI;2013;65;3
1;MELVIN;2005;65;3
1;MELVYN;2005;65;3
1;MICKAEL;2000;65;3
1;MICKAEL;2001;65;5
1;MICKAEL;2002;65;4
1;MICKAEL;2003;65;8
1;MICKAEL;2005;65;3
1;MICKAEL;2006;65;5
1;MICKAEL;2010;65;3
1;MICKAËL;2014;65;4
1;MIGUEL;2020;65;3
1;MIKE;2011;65;4
1;MILAN;2008;65;3
1;MILAN;2013;65;3
1;MILAN;2016;65;3
1;MILANN;2021;65;3
1;MILO;2012;65;4
1;MILO;2013;65;3
1;MILO;2014;65;3
1;MILO;2018;65;3
1;MILO;2019;65;5
1;MILO;2020;65;4
1;MILO;2021;65;7
1;MOHAMED;2021;65;4
1;MORGAN;2002;65;3
1;MORGAN;2003;65;4
1;MORGAN;2011;65;3
1;MYLAN;2014;65;3
1;MYLAN;2019;65;3
1;NAEL;2005;65;3
1;NAEL;2009;65;5
1;NAEL;2013;65;3
1;NAËL;2012;65;3
1;NAËL;2013;65;4
1;NAËL;2016;65;5
1;NAËL;2017;65;4
1;NAËL;2018;65;3
1;NAËL;2019;65;4
1;NAËL;2020;65;5
1;NAËL;2021;65;5
1;NAÏM;2018;65;3
1;NASSIM;2001;65;3
1;NATHAEL;2009;65;3
1;NATHAN;2000;65;10
1;NATHAN;2001;65;15
1;NATHAN;2002;65;16
1;NATHAN;2003;65;8
1;NATHAN;2004;65;18
1;NATHAN;2005;65;18
1;NATHAN;2006;65;23
1;NATHAN;2007;65;24
1;NATHAN;2008;65;13
1;NATHAN;2009;65;26
1;NATHAN;2010;65;19
1;NATHAN;2011;65;23
1;NATHAN;2012;65;17
1;NATHAN;2013;65;23
1;NATHAN;2014;65;13
1;NATHAN;2015;65;16
1;NATHAN;2016;65;9
1;NATHAN;2017;65;12
1;NATHAN;2018;65;6
1;NATHAN;2019;65;7
1;NATHAN;2020;65;7
1;NATHAN;2021;65;9
1;NATHANAEL;2007;65;3
1;NATHANAEL;2008;65;3
1;NATHANAËL;2015;65;3
1;NATHANAËL;2016;65;3
1;NATHANAËL;2017;65;3
1;NEO;2003;65;3
1;NEO;2008;65;3
1;NICOLAS;2000;65;26
1;NICOLAS;2001;65;16
1;NICOLAS;2002;65;22
1;NICOLAS;2003;65;16
1;NICOLAS;2004;65;10
1;NICOLAS;2005;65;9
1;NICOLAS;2006;65;11
1;NICOLAS;2007;65;4
1;NICOLAS;2008;65;4
1;NICOLAS;2009;65;3
1;NICOLAS;2010;65;9
1;NICOLAS;2011;65;4
1;NICOLAS;2013;65;4
1;NICOLAS;2017;65;3
1;NINO;2006;65;3
1;NINO;2010;65;6
1;NINO;2011;65;7
1;NINO;2012;65;3
1;NINO;2013;65;6
1;NINO;2014;65;4
1;NINO;2015;65;6
1;NINO;2016;65;6
1;NINO;2017;65;5
1;NINO;2018;65;5
1;NINO;2019;65;5
1;NINO;2020;65;12
1;NINO;2021;65;11
1;NOA;2003;65;3
1;NOA;2004;65;4
1;NOA;2005;65;7
1;NOA;2006;65;7
1;NOA;2007;65;10
1;NOA;2008;65;10
1;NOA;2009;65;7
1;NOA;2010;65;8
1;NOA;2011;65;8
1;NOA;2012;65;3
1;NOA;2014;65;7
1;NOA;2015;65;6
1;NOA;2016;65;5
1;NOA;2019;65;5
1;NOA;2021;65;3
1;NOAH;2002;65;4
1;NOAH;2003;65;6
1;NOAH;2004;65;7
1;NOAH;2005;65;11
1;NOAH;2006;65;12
1;NOAH;2007;65;8
1;NOAH;2008;65;7
1;NOAH;2009;65;9
1;NOAH;2010;65;11
1;NOAH;2011;65;8
1;NOAH;2012;65;8
1;NOAH;2013;65;13
1;NOAH;2014;65;7
1;NOAH;2015;65;8
1;NOAH;2016;65;4
1;NOAH;2017;65;7
1;NOAH;2018;65;7
1;NOAH;2019;65;11
1;NOAH;2020;65;11
1;NOAH;2021;65;10
1;NOAM;2003;65;3
1;NOAM;2006;65;3
1;NOAM;2007;65;5
1;NOAM;2016;65;3
1;NOE;2005;65;7
1;NOE;2006;65;3
1;NOE;2007;65;3
1;NOE;2008;65;5
1;NOE;2009;65;3
1;NOÉ;2010;65;5
1;NOÉ;2011;65;12
1;NOÉ;2012;65;7
1;NOÉ;2013;65;3
1;NOÉ;2014;65;7
1;NOÉ;2015;65;7
1;NOÉ;2016;65;3
1;NOÉ;2017;65;5
1;NOÉ;2018;65;8
1;NOÉ;2021;65;6
1;NOHAM;2010;65;3
1;NOHAM;2015;65;3
1;NOHAM;2021;65;3
1;NOLAN;2006;65;5
1;NOLAN;2007;65;5
1;NOLAN;2008;65;4
1;NOLAN;2009;65;6
1;NOLAN;2010;65;8
1;NOLAN;2011;65;7
1;NOLAN;2012;65;10
1;NOLAN;2013;65;10
1;NOLAN;2014;65;12
1;NOLAN;2015;65;14
1;NOLAN;2016;65;7
1;NOLAN;2017;65;4
1;NOLAN;2018;65;7
1;NOLAN;2019;65;4
1;NOLAN;2021;65;8
1;NOLHAN;2010;65;3
1;NOLHAN;2012;65;4
1;NOLHAN;2013;65;5
1;NOLHAN;2014;65;5
1;NOLHAN;2016;65;3
1;NOLHAN;2017;65;3
1;OIHAN;2010;65;4
1;OÏHAN;2013;65;3
1;OÏHAN;2020;65;3
1;OLIVIER;2001;65;3
1;OSCAR;2015;65;3
1;OWEN;2017;65;4
1;PABLO;2002;65;4
1;PABLO;2003;65;3
1;PABLO;2004;65;5
1;PABLO;2006;65;4
1;PABLO;2007;65;7
1;PABLO;2008;65;6
1;PABLO;2010;65;6
1;PABLO;2011;65;3
1;PABLO;2012;65;5
1;PABLO;2013;65;3
1;PABLO;2014;65;4
1;PABLO;2016;65;7
1;PABLO;2017;65;6
1;PABLO;2018;65;9
1;PABLO;2019;65;6
1;PABLO;2020;65;7
1;PABLO;2021;65;4
1;PACO;2001;65;3
1;PAOLO;2006;65;3
1;PAUL;2000;65;11
1;PAUL;2001;65;18
1;PAUL;2002;65;11
1;PAUL;2003;65;10
1;PAUL;2004;65;14
1;PAUL;2005;65;7
1;PAUL;2006;65;21
1;PAUL;2007;65;4
1;PAUL;2008;65;9
1;PAUL;2009;65;15
1;PAUL;2010;65;16
1;PAUL;2011;65;5
1;PAUL;2012;65;14
1;PAUL;2013;65;7
1;PAUL;2014;65;6
1;PAUL;2015;65;15
1;PAUL;2016;65;9
1;PAUL;2017;65;12
1;PAUL;2018;65;10
1;PAUL;2019;65;9
1;PAUL;2020;65;6
1;PAUL;2021;65;6
1;PEIO;2009;65;5
1;PHILIPPE;2000;65;3
1;PIERRE;2000;65;20
1;PIERRE;2001;65;19
1;PIERRE;2002;65;14
1;PIERRE;2003;65;5
1;PIERRE;2004;65;13
1;PIERRE;2005;65;17
1;PIERRE;2006;65;10
1;PIERRE;2007;65;7
1;PIERRE;2008;65;8
1;PIERRE;2009;65;5
1;PIERRE;2010;65;5
1;PIERRE;2011;65;4
1;PIERRE;2012;65;3
1;PIERRE;2013;65;5
1;PIERRE;2014;65;4
1;PIERRE;2017;65;5
1;PIERRICK;2001;65;3
1;PIERRICK;2010;65;3
1;QUENTIN;2000;65;20
1;QUENTIN;2001;65;18
1;QUENTIN;2002;65;14
1;QUENTIN;2003;65;13
1;QUENTIN;2004;65;14
1;QUENTIN;2005;65;7
1;QUENTIN;2006;65;8
1;QUENTIN;2007;65;15
1;QUENTIN;2008;65;7
1;QUENTIN;2009;65;12
1;QUENTIN;2011;65;5
1;QUENTIN;2013;65;3
1;QUENTIN;2014;65;4
1;QUENTIN;2015;65;3
1;QUENTIN;2018;65;3
1;RAFAEL;2008;65;4
1;RAFAEL;2009;65;4
1;RAFAEL;2011;65;5
1;RAFAEL;2012;65;6
1;RAFAEL;2013;65;4
1;RAFAEL;2016;65;4
1;RAFAEL;2018;65;5
1;RAFAEL;2019;65;5
1;RAFAEL;2020;65;4
1;RAFAËL;2012;65;4
1;RAFAËL;2018;65;4
1;RAFAËL;2020;65;3
1;RAFAËL;2021;65;3
1;RAPHAEL;2012;65;3
1;RAPHAËL;2000;65;9
1;RAPHAËL;2001;65;10
1;RAPHAËL;2002;65;5
1;RAPHAËL;2003;65;3
1;RAPHAËL;2004;65;10
1;RAPHAËL;2005;65;10
1;RAPHAËL;2006;65;9
1;RAPHAËL;2007;65;13
1;RAPHAËL;2008;65;11
1;RAPHAËL;2009;65;14
1;RAPHAËL;2010;65;12
1;RAPHAËL;2011;65;14
1;RAPHAËL;2012;65;9
1;RAPHAËL;2013;65;7
1;RAPHAËL;2014;65;14
1;RAPHAËL;2015;65;17
1;RAPHAËL;2016;65;17
1;RAPHAËL;2017;65;16
1;RAPHAËL;2018;65;13
1;RAPHAËL;2019;65;10
1;RAPHAËL;2020;65;16
1;RAPHAËL;2021;65;14
1;RAYAN;2004;65;3
1;RAYAN;2005;65;3
1;RAYAN;2008;65;3
1;RAYAN;2009;65;3
1;RAYAN;2010;65;5
1;RAYAN;2011;65;3
1;RAYAN;2012;65;5
1;RAYAN;2013;65;4
1;RAYAN;2014;65;4
1;RAYAN;2015;65;8
1;RAYAN;2016;65;4
1;RAYAN;2017;65;3
1;RAYAN;2021;65;3
1;RÉMI;2000;65;11
1;RÉMI;2001;65;8
1;RÉMI;2002;65;9
1;RÉMI;2003;65;5
1;RÉMI;2004;65;7
1;RÉMI;2005;65;3
1;RÉMI;2007;65;9
1;RÉMI;2008;65;5
1;RÉMI;2010;65;4
1;RÉMY;2000;65;7
1;RÉMY;2001;65;5
1;RÉMY;2002;65;4
1;RÉMY;2003;65;4
1;RÉMY;2005;65;3
1;RÉMY;2006;65;5
1;RENAUD;2001;65;3
1;ROBIN;2000;65;3
1;ROBIN;2001;65;4
1;ROBIN;2002;65;3
1;ROBIN;2003;65;6
1;ROBIN;2004;65;9
1;ROBIN;2005;65;9
1;ROBIN;2006;65;6
1;ROBIN;2007;65;7
1;ROBIN;2011;65;7
1;ROBIN;2012;65;4
1;ROBIN;2013;65;3
1;ROBIN;2014;65;9
1;ROBIN;2015;65;4
1;ROBIN;2016;65;4
1;ROBIN;2017;65;6
1;ROBIN;2018;65;8
1;ROBIN;2019;65;6
1;ROBIN;2020;65;5
1;ROBIN;2021;65;3
1;ROMAIN;2000;65;23
1;ROMAIN;2001;65;16
1;ROMAIN;2002;65;22
1;ROMAIN;2003;65;27
1;ROMAIN;2004;65;18
1;ROMAIN;2005;65;14
1;ROMAIN;2006;65;8
1;ROMAIN;2007;65;8
1;ROMAIN;2008;65;12
1;ROMAIN;2009;65;5
1;ROMAIN;2010;65;13
1;ROMAIN;2011;65;4
1;ROMAIN;2012;65;4
1;ROMAIN;2014;65;6
1;ROMAIN;2015;65;5
1;ROMAN;2005;65;4
1;ROMAN;2018;65;3
1;ROMÉO;2020;65;3
1;ROMÉO;2021;65;3
1;RUBEN;2003;65;3
1;RUBEN;2013;65;3
1;RYAN;2000;65;4
1;RYAN;2002;65;3
1;RYAN;2009;65;3
1;RYAN;2013;65;3
1;RYAN;2014;65;4
1;SACHA;2002;65;3
1;SACHA;2004;65;5
1;SACHA;2005;65;4
1;SACHA;2006;65;5
1;SACHA;2007;65;5
1;SACHA;2009;65;8
1;SACHA;2010;65;5
1;SACHA;2011;65;5
1;SACHA;2012;65;12
1;SACHA;2013;65;11
1;SACHA;2014;65;12
1;SACHA;2015;65;12
1;SACHA;2016;65;7
1;SACHA;2017;65;11
1;SACHA;2018;65;7
1;SACHA;2019;65;11
1;SACHA;2020;65;9
1;SACHA;2021;65;13
1;SAM;2020;65;3
1;SAMUEL;2000;65;7
1;SAMUEL;2001;65;12
1;SAMUEL;2002;65;12
1;SAMUEL;2003;65;4
1;SAMUEL;2004;65;3
1;SAMUEL;2005;65;9
1;SAMUEL;2006;65;11
1;SAMUEL;2007;65;5
1;SAMUEL;2008;65;5
1;SAMUEL;2009;65;8
1;SAMUEL;2010;65;4
1;SAMUEL;2011;65;6
1;SAMUEL;2012;65;5
1;SAMUEL;2013;65;5
1;SAMUEL;2014;65;5
1;SAMUEL;2016;65;3
1;SAMUEL;2017;65;7
1;SAMUEL;2018;65;6
1;SAMUEL;2020;65;6
1;SAMUEL;2021;65;5
1;SANDRO;2014;65;4
1;SANDRO;2016;65;3
1;SANDRO;2017;65;3
1;SANDRO;2021;65;4
1;SASHA;2010;65;3
1;SASHA;2017;65;4
1;SASHA;2019;65;3
1;SÉBASTIEN;2000;65;5
1;SÉBASTIEN;2001;65;5
1;SÉBASTIEN;2003;65;3
1;SÉBASTIEN;2004;65;4
1;SIMON;2000;65;6
1;SIMON;2001;65;10
1;SIMON;2002;65;5
1;SIMON;2003;65;7
1;SIMON;2004;65;10
1;SIMON;2005;65;6
1;SIMON;2006;65;4
1;SIMON;2007;65;15
1;SIMON;2009;65;6
1;SIMON;2010;65;4
1;SIMON;2011;65;6
1;SIMON;2012;65;6
1;SIMON;2013;65;5
1;SIMON;2014;65;4
1;SIMON;2016;65;7
1;SIMON;2017;65;8
1;SIMON;2020;65;3
1;SIMON;2021;65;5
1;SOAN;2009;65;5
1;SOAN;2010;65;4
1;SOAN;2011;65;3
1;SOAN;2012;65;4
1;SOAN;2014;65;3
1;SOAN;2015;65;5
1;SOAN;2016;65;5
1;SOAN;2017;65;4
1;SOAN;2019;65;4
1;SOAN;2020;65;3
1;SOAN;2021;65;3
1;SOHAN;2014;65;3
1;SOHAN;2019;65;3
1;SOLAL;2003;65;3
1;STEVEN;2001;65;5
1;STEVEN;2003;65;3
1;SWANN;2017;65;4
1;SWANN;2021;65;3
1;SYLVAIN;2000;65;5
1;SYLVAIN;2001;65;8
1;SYLVAIN;2002;65;6
1;SYLVAIN;2004;65;4
1;SYLVAIN;2005;65;4
1;SYLVAIN;2007;65;3
1;TANGUY;2000;65;3
1;TANGUY;2003;65;3
1;TAYLOR;2021;65;3
1;TEDDY;2000;65;4
1;TEDDY;2001;65;4
1;TEDDY;2004;65;3
1;TEDDY;2005;65;3
1;TÉO;2000;65;3
1;TÉO;2002;65;4
1;TÉO;2008;65;4
1;TÉO;2017;65;3
1;THÉO;2000;65;25
1;THÉO;2001;65;34
1;THÉO;2002;65;28
1;THÉO;2003;65;31
1;THÉO;2004;65;28
1;THÉO;2005;65;19
1;THÉO;2006;65;18
1;THÉO;2007;65;14
1;THÉO;2008;65;13
1;THÉO;2009;65;16
1;THÉO;2010;65;6
1;THÉO;2011;65;16
1;THÉO;2012;65;9
1;THÉO;2013;65;10
1;THÉO;2014;65;9
1;THÉO;2015;65;12
1;THÉO;2016;65;9
1;THÉO;2017;65;14
1;THÉO;2018;65;9
1;THÉO;2019;65;6
1;THÉO;2020;65;7
1;THÉO;2021;65;8
1;THIAGO;2014;65;4
1;THIAGO;2015;65;4
1;THIAGO;2018;65;5
1;THIAGO;2019;65;4
1;THIAGO;2020;65;4
1;THIBAUD;2008;65;3
1;THIBAULT;2000;65;8
1;THIBAULT;2001;65;9
1;THIBAULT;2002;65;7
1;THIBAULT;2003;65;4
1;THIBAULT;2004;65;5
1;THIBAULT;2005;65;7
1;THIBAULT;2006;65;6
1;THIBAULT;2007;65;3
1;THIBAULT;2012;65;4
1;THIBAULT;2014;65;3
1;THIBAULT;2016;65;3
1;THIBAULT;2018;65;3
1;THIBAULT;2019;65;3
1;THIBAULT;2020;65;3
1;THIBAUT;2000;65;6
1;THIBAUT;2001;65;4
1;THIBAUT;2002;65;6
1;THIBAUT;2003;65;6
1;THIBAUT;2004;65;5
1;THIBAUT;2006;65;5
1;THIBAUT;2007;65;6
1;THIBAUT;2008;65;4
1;THIBAUT;2014;65;3
1;THIBAUT;2016;65;4
1;THOMAS;2000;65;39
1;THOMAS;2001;65;37
1;THOMAS;2002;65;30
1;THOMAS;2003;65;24
1;THOMAS;2004;65;34
1;THOMAS;2005;65;22
1;THOMAS;2006;65;19
1;THOMAS;2007;65;18
1;THOMAS;2008;65;9
1;THOMAS;2009;65;14
1;THOMAS;2010;65;15
1;THOMAS;2011;65;11
1;THOMAS;2012;65;11
1;THOMAS;2013;65;15
1;THOMAS;2014;65;10
1;THOMAS;2015;65;11
1;THOMAS;2016;65;7
1;THOMAS;2017;65;5
1;THOMAS;2018;65;8
1;THOMAS;2019;65;4
1;THOMAS;2021;65;3
1;TIAGO;2009;65;3
1;TIAGO;2010;65;3
1;TIAGO;2012;65;7
1;TIAGO;2013;65;4
1;TIAGO;2014;65;4
1;TIAGO;2015;65;7
1;TIAGO;2016;65;7
1;TIAGO;2017;65;5
1;TIAGO;2018;65;10
1;TIAGO;2019;65;9
1;TIAGO;2020;65;9
1;TIAGO;2021;65;3
1;TIMEO;2007;65;6
1;TIMEO;2008;65;10
1;TIMEO;2009;65;6
1;TIMEO;2010;65;5
1;TIMEO;2012;65;3
1;TIMEO;2016;65;3
1;TIMÉO;2010;65;16
1;TIMÉO;2011;65;9
1;TIMÉO;2012;65;18
1;TIMÉO;2013;65;16
1;TIMÉO;2014;65;14
1;TIMÉO;2015;65;11
1;TIMÉO;2016;65;14
1;TIMÉO;2017;65;6
1;TIMÉO;2018;65;12
1;TIMÉO;2019;65;8
1;TIMÉO;2020;65;4
1;TIMÉO;2021;65;10
1;TIMOTHE;2004;65;3
1;TIMOTHE;2006;65;4
1;TIMOTHÉ;2011;65;3
1;TIMOTHÉ;2018;65;3
1;TIMOTHÉ;2020;65;3
1;TIMOTHÉE;2017;65;3
1;TIMOTHÉE;2020;65;4
1;TIMOTHÉE;2021;65;3
1;TITOUAN;2003;65;5
1;TITOUAN;2004;65;3
1;TITOUAN;2005;65;8
1;TITOUAN;2006;65;6
1;TITOUAN;2007;65;6
1;TITOUAN;2008;65;9
1;TITOUAN;2009;65;7
1;TITOUAN;2010;65;6
1;TITOUAN;2011;65;7
1;TITOUAN;2013;65;6
1;TITOUAN;2014;65;4
1;TITOUAN;2017;65;3
1;TOM;2000;65;11
1;TOM;2001;65;13
1;TOM;2002;65;6
1;TOM;2003;65;10
1;TOM;2004;65;11
1;TOM;2005;65;9
1;TOM;2006;65;14
1;TOM;2007;65;9
1;TOM;2008;65;9
1;TOM;2009;65;11
1;TOM;2010;65;14
1;TOM;2011;65;9
1;TOM;2012;65;10
1;TOM;2013;65;16
1;TOM;2014;65;10
1;TOM;2015;65;11
1;TOM;2016;65;12
1;TOM;2017;65;11
1;TOM;2018;65;9
1;TOM;2019;65;10
1;TOM;2020;65;10
1;TOM;2021;65;9
1;TONY;2000;65;3
1;TONY;2001;65;3
1;TONY;2009;65;4
1;TRISTAN;2000;65;5
1;TRISTAN;2001;65;6
1;TRISTAN;2002;65;5
1;TRISTAN;2003;65;4
1;TRISTAN;2004;65;5
1;TRISTAN;2005;65;5
1;TRISTAN;2006;65;4
1;TRISTAN;2007;65;3
1;TRISTAN;2008;65;6
1;TRISTAN;2010;65;4
1;TRISTAN;2013;65;4
1;TRISTAN;2014;65;5
1;UGO;2004;65;4
1;ULYSSE;2021;65;3
1;VALENTIN;2000;65;10
1;VALENTIN;2001;65;8
1;VALENTIN;2002;65;13
1;VALENTIN;2003;65;13
1;VALENTIN;2004;65;11
1;VALENTIN;2005;65;5
1;VALENTIN;2006;65;13
1;VALENTIN;2007;65;6
1;VALENTIN;2008;65;7
1;VALENTIN;2009;65;7
1;VALENTIN;2010;65;6
1;VALENTIN;2011;65;5
1;VALENTIN;2012;65;9
1;VALENTIN;2013;65;6
1;VALENTIN;2014;65;7
1;VALENTIN;2015;65;6
1;VALENTIN;2016;65;3
1;VALENTIN;2017;65;6
1;VALENTIN;2018;65;9
1;VALENTIN;2019;65;6
1;VALENTIN;2020;65;6
1;VALENTIN;2021;65;5
1;VICTOR;2002;65;3
1;VICTOR;2003;65;4
1;VICTOR;2005;65;3
1;VICTOR;2010;65;3
1;VICTOR;2011;65;3
1;VICTOR;2013;65;5
1;VICTOR;2014;65;3
1;VICTOR;2015;65;4
1;VICTOR;2017;65;8
1;VICTOR;2020;65;3
1;VICTOR;2021;65;3
1;VINCENT;2000;65;14
1;VINCENT;2001;65;10
1;VINCENT;2002;65;9
1;VINCENT;2003;65;6
1;VINCENT;2004;65;7
1;VINCENT;2005;65;6
1;VINCENT;2007;65;5
1;VINCENT;2009;65;4
1;VINCENT;2010;65;5
1;WESLEY;2000;65;3
1;WESLEY;2019;65;3
1;WESLEY;2020;65;3
1;WILLIAM;2004;65;7
1;WILLIAM;2006;65;6
1;WILLIAM;2009;65;3
1;WILLIAM;2013;65;3
1;XAVIER;2004;65;3
1;YAEL;2009;65;4
1;YANIS;2002;65;9
1;YANIS;2003;65;13
1;YANIS;2004;65;17
1;YANIS;2005;65;10
1;YANIS;2006;65;12
1;YANIS;2007;65;20
1;YANIS;2008;65;11
1;YANIS;2009;65;15
1;YANIS;2010;65;20
1;YANIS;2011;65;5
1;YANIS;2012;65;13
1;YANIS;2013;65;5
1;YANIS;2014;65;5
1;YANIS;2015;65;3
1;YANIS;2016;65;5
1;YANIS;2017;65;5
1;YANIS;2018;65;3
1;YANIS;2020;65;3
1;YANN;2001;65;8
1;YANN;2005;65;6
1;YANN;2006;65;5
1;YANN;2008;65;3
1;YANN;2010;65;5
1;YANN;2011;65;5
1;YANNIS;2000;65;4
1;YANNIS;2006;65;5
1;YASSINE;2009;65;3
1;YLAN;2007;65;4
1;YLAN;2008;65;4
1;YLAN;2011;65;3
1;YOAN;2001;65;4
1;YOAN;2003;65;3
1;YOANN;2000;65;3
1;YOHAN;2000;65;3
1;YOHAN;2001;65;9
1;YOHAN;2003;65;6
1;YOHAN;2004;65;5
1;YOHAN;2005;65;5
1;YOHAN;2008;65;4
1;YONI;2004;65;4
1;YONI;2015;65;3
1;YOUNES;2001;65;3
1;YOUNES;2015;65;3
1;YOUSSEF;2017;65;3
2;_PRENOMS_RARES;2000;65;34
2;_PRENOMS_RARES;2001;65;16
2;_PRENOMS_RARES;2002;65;29
2;_PRENOMS_RARES;2003;65;21
2;_PRENOMS_RARES;2004;65;23
2;_PRENOMS_RARES;2005;65;28
2;_PRENOMS_RARES;2006;65;39
2;_PRENOMS_RARES;2007;65;34
2;_PRENOMS_RARES;2008;65;35
2;_PRENOMS_RARES;2009;65;30
2;_PRENOMS_RARES;2010;65;43
2;_PRENOMS_RARES;2011;65;34
2;_PRENOMS_RARES;2012;65;43
2;_PRENOMS_RARES;2013;65;60
2;_PRENOMS_RARES;2014;65;47
2;_PRENOMS_RARES;2015;65;44
2;_PRENOMS_RARES;2016;65;37
2;_PRENOMS_RARES;2017;65;49
2;_PRENOMS_RARES;2018;65;36
2;_PRENOMS_RARES;2019;65;50
2;_PRENOMS_RARES;2020;65;50
2;_PRENOMS_RARES;2021;65;46
2;ADÈLE;2007;65;3
2;ADÈLE;2013;65;3
2;ADÈLE;2020;65;3
2;AGATHE;2001;65;5
2;AGATHE;2002;65;4
2;AGATHE;2003;65;3
2;AGATHE;2006;65;3
2;AGATHE;2007;65;4
2;AGATHE;2011;65;5
2;AGATHE;2012;65;5
2;AGATHE;2013;65;5
2;AGATHE;2015;65;4
2;AGATHE;2016;65;6
2;AGATHE;2019;65;7
2;AGATHE;2020;65;3
2;AGATHE;2021;65;11
2;AINHOA;2006;65;3
2;AINHOA;2008;65;5
2;AINHOA;2010;65;5
2;AÏNHOA;2012;65;4
2;ALBA;2020;65;5
2;ALBA;2021;65;16
2;ALBANE;2007;65;4
2;ALBANE;2009;65;3
2;ALEXANDRA;2004;65;3
2;ALEXIA;2000;65;6
2;ALEXIA;2001;65;10
2;ALEXIA;2002;65;8
2;ALEXIA;2003;65;5
2;ALEXIA;2004;65;6
2;ALEXIA;2005;65;6
2;ALEXIA;2007;65;5
2;ALEXIA;2012;65;3
2;ALICE;2000;65;6
2;ALICE;2001;65;4
2;ALICE;2002;65;5
2;ALICE;2004;65;5
2;ALICE;2006;65;5
2;ALICE;2007;65;5
2;ALICE;2008;65;3
2;ALICE;2009;65;4
2;ALICE;2011;65;6
2;ALICE;2012;65;6
2;ALICE;2013;65;10
2;ALICE;2014;65;8
2;ALICE;2015;65;6
2;ALICE;2016;65;8
2;ALICE;2017;65;15
2;ALICE;2018;65;12
2;ALICE;2019;65;11
2;ALICE;2020;65;9
2;ALICE;2021;65;10
2;ALICIA;2000;65;6
2;ALICIA;2001;65;5
2;ALICIA;2002;65;10
2;ALICIA;2003;65;5
2;ALICIA;2004;65;6
2;ALICIA;2005;65;9
2;ALICIA;2006;65;8
2;ALICIA;2008;65;5
2;ALICIA;2009;65;5
2;ALICIA;2011;65;3
2;ALICIA;2012;65;5
2;ALICIA;2014;65;5
2;ALICIA;2015;65;7
2;ALICIA;2017;65;4
2;ALICIA;2019;65;5
2;ALICIA;2020;65;4
2;ALICIA;2021;65;4
2;ALISSON;2001;65;3
2;ALIX;2001;65;3
2;ALIX;2012;65;4
2;ALIX;2013;65;3
2;ALIX;2019;65;7
2;ALIX;2020;65;3
2;ALIX;2021;65;3
2;ALIYAH;2016;65;3
2;ALIZÉE;2001;65;6
2;ALIZÉE;2002;65;3
2;ALIZÉE;2006;65;3
2;ALMA;2021;65;3
2;ALYCIA;2005;65;5
2;ALYSSA;2001;65;4
2;ALYSSA;2004;65;4
2;ALYSSA;2011;65;3
2;ALYSSA;2015;65;3
2;AMALIA;2012;65;3
2;AMANDINE;2000;65;10
2;AMANDINE;2001;65;9
2;AMANDINE;2002;65;6
2;AMANDINE;2003;65;7
2;AMANDINE;2004;65;5
2;AMANDINE;2005;65;7
2;AMANDINE;2006;65;4
2;AMANDINE;2007;65;5
2;AMANDINE;2008;65;3
2;AMANDINE;2012;65;3
2;AMANDINE;2013;65;4
2;AMAYA;2010;65;3
2;AMAYA;2012;65;3
2;AMAYA;2017;65;3
2;AMBRE;2000;65;9
2;AMBRE;2002;65;7
2;AMBRE;2005;65;6
2;AMBRE;2006;65;9
2;AMBRE;2007;65;8
2;AMBRE;2008;65;5
2;AMBRE;2009;65;3
2;AMBRE;2010;65;4
2;AMBRE;2011;65;7
2;AMBRE;2012;65;9
2;AMBRE;2014;65;6
2;AMBRE;2015;65;7
2;AMBRE;2016;65;5
2;AMBRE;2019;65;7
2;AMBRE;2020;65;10
2;AMBRE;2021;65;12
2;AMEL;2005;65;3
2;AMÉLIA;2017;65;5
2;AMÉLIA;2020;65;3
2;AMÉLIE;2000;65;6
2;AMÉLIE;2001;65;9
2;AMÉLIE;2002;65;5
2;AMÉLIE;2003;65;3
2;AMÉLIE;2004;65;6
2;AMÉLIE;2005;65;6
2;AMÉLIE;2007;65;4
2;AMÉLIE;2008;65;4
2;AMÉLIE;2010;65;5
2;AMÉLIE;2012;65;3
2;AMINA;2014;65;3
2;ANA;2008;65;3
2;ANA;2014;65;3
2;ANA;2016;65;3
2;ANA;2017;65;3
2;ANA;2019;65;6
2;ANA;2021;65;5
2;ANAÉ;2010;65;3
2;ANAÉ;2013;65;3
2;ANAELLE;2001;65;3
2;ANAELLE;2003;65;4
2;ANAELLE;2004;65;4
2;ANAELLE;2005;65;4
2;ANAËLLE;2013;65;4
2;ANAÏS;2000;65;18
2;ANAÏS;2001;65;22
2;ANAÏS;2002;65;19
2;ANAÏS;2003;65;15
2;ANAÏS;2004;65;19
2;ANAÏS;2005;65;15
2;ANAÏS;2006;65;14
2;ANAÏS;2007;65;13
2;ANAÏS;2008;65;13
2;ANAÏS;2009;65;6
2;ANAÏS;2010;65;10
2;ANAÏS;2011;65;7
2;ANAÏS;2012;65;8
2;ANAÏS;2013;65;6
2;ANAÏS;2015;65;3
2;ANAÏS;2016;65;3
2;ANAÏS;2017;65;6
2;ANDRÉA;2000;65;6
2;ANDRÉA;2001;65;7
2;ANDRÉA;2004;65;3
2;ANDRÉA;2006;65;3
2;ANDRÉA;2007;65;3
2;ANDRÉA;2009;65;3
2;ANDRÉA;2011;65;3
2;ANDRÉA;2014;65;4
2;ANDRÉA;2015;65;3
2;ANDRÉA;2017;65;3
2;ANDRÉA;2019;65;4
2;ANDRÉA;2021;65;4
2;ANGELINA;2004;65;3
2;ANGELINA;2006;65;5
2;ANGELINA;2007;65;3
2;ANGELIQUE;2003;65;3
2;ANGELIQUE;2004;65;3
2;ANISSA;2001;65;3
2;ANNA;2000;65;4
2;ANNA;2001;65;8
2;ANNA;2002;65;3
2;ANNA;2003;65;6
2;ANNA;2004;65;6
2;ANNA;2005;65;7
2;ANNA;2006;65;4
2;ANNA;2007;65;5
2;ANNA;2008;65;5
2;ANNA;2009;65;11
2;ANNA;2010;65;6
2;ANNA;2011;65;4
2;ANNA;2012;65;7
2;ANNA;2013;65;4
2;ANNA;2014;65;3
2;ANNA;2015;65;11
2;ANNA;2016;65;6
2;ANNA;2017;65;9
2;ANNA;2018;65;7
2;ANNA;2019;65;7
2;ANNA;2020;65;11
2;ANNA;2021;65;3
2;ANOUK;2002;65;3
2;ANOUK;2014;65;5
2;ANOUK;2019;65;3
2;APOLLINE;2019;65;3
2;ARIANA;2018;65;4
2;ARYA;2019;65;4
2;ASHLEY;2021;65;3
2;ASSIA;2004;65;3
2;AUDREY;2000;65;6
2;AUDREY;2001;65;6
2;AUDREY;2002;65;4
2;AUDREY;2003;65;3
2;AUDREY;2004;65;4
2;AUDREY;2005;65;4
2;AURÉLIE;2000;65;7
2;AURÉLIE;2001;65;4
2;AURÉLIE;2002;65;7
2;AURÉLIE;2009;65;3
2;AURIANE;2001;65;4
2;AURORE;2001;65;3
2;AURORE;2003;65;3
2;AURORE;2005;65;3
2;AURORE;2006;65;3
2;AXELLE;2001;65;3
2;AXELLE;2002;65;4
2;AXELLE;2003;65;5
2;AXELLE;2005;65;4
2;AXELLE;2008;65;3
2;AYA;2009;65;3
2;AYA;2011;65;4
2;AYA;2014;65;5
2;AYA;2019;65;3
2;BIANCA;2015;65;3
2;CALISTA;2003;65;3
2;CAMÉLIA;2004;65;4
2;CAMILLE;2000;65;18
2;CAMILLE;2001;65;29
2;CAMILLE;2002;65;22
2;CAMILLE;2003;65;16
2;CAMILLE;2004;65;22
2;CAMILLE;2005;65;13
2;CAMILLE;2006;65;8
2;CAMILLE;2007;65;13
2;CAMILLE;2008;65;17
2;CAMILLE;2009;65;13
2;CAMILLE;2010;65;8
2;CAMILLE;2011;65;15
2;CAMILLE;2012;65;15
2;CAMILLE;2013;65;8
2;CAMILLE;2014;65;5
2;CAMILLE;2015;65;9
2;CAMILLE;2016;65;11
2;CAMILLE;2017;65;6
2;CAMILLE;2018;65;5
2;CAMILLE;2019;65;5
2;CAMILLE;2020;65;4
2;CANDICE;2000;65;4
2;CANDICE;2002;65;3
2;CANDICE;2005;65;3
2;CANDICE;2006;65;4
2;CAPUCINE;2009;65;3
2;CAPUCINE;2010;65;4
2;CAPUCINE;2012;65;3
2;CAPUCINE;2013;65;4
2;CAPUCINE;2017;65;4
2;CARLA;2000;65;10
2;CARLA;2001;65;6
2;CARLA;2002;65;5
2;CARLA;2003;65;9
2;CARLA;2004;65;7
2;CARLA;2005;65;11
2;CARLA;2006;65;5
2;CARLA;2007;65;4
2;CARLA;2008;65;7
2;CARLA;2017;65;4
2;CARMEN;2011;65;3
2;CAROLINE;2001;65;5
2;CAROLINE;2003;65;4
2;CASSANDRA;2001;65;4
2;CASSANDRA;2002;65;5
2;CASSANDRA;2003;65;3
2;CASSANDRA;2004;65;4
2;CASSANDRA;2007;65;3
2;CASSANDRA;2008;65;3
2;CASSIE;2018;65;3
2;CATALEYA;2019;65;5
2;CÉCILE;2000;65;3
2;CÉCILIA;2006;65;3
2;CÉLESTE;2020;65;4
2;CÉLIA;2000;65;8
2;CÉLIA;2001;65;8
2;CÉLIA;2002;65;15
2;CÉLIA;2003;65;6
2;CÉLIA;2004;65;9
2;CÉLIA;2005;65;11
2;CÉLIA;2006;65;12
2;CÉLIA;2007;65;8
2;CÉLIA;2008;65;10
2;CÉLIA;2010;65;5
2;CÉLIA;2011;65;6
2;CÉLIA;2012;65;3
2;CÉLIA;2013;65;6
2;CÉLIA;2015;65;4
2;CÉLIA;2018;65;3
2;CÉLIA;2019;65;3
2;CÉLINE;2003;65;4
2;CHAIMA;2007;65;3
2;CHARLÈNE;2001;65;9
2;CHARLÈNE;2003;65;4
2;CHARLÈNE;2005;65;3
2;CHARLÈNE;2010;65;3
2;CHARLIE;2014;65;4
2;CHARLIE;2018;65;4
2;CHARLIE;2019;65;3
2;CHARLIE;2020;65;3
2;CHARLIE;2021;65;6
2;CHARLINE;2000;65;3
2;CHARLINE;2001;65;3
2;CHARLINE;2010;65;5
2;CHARLINE;2011;65;4
2;CHARLINE;2013;65;3
2;CHARLINE;2014;65;3
2;CHARLINE;2017;65;4
2;CHARLINE;2018;65;3
2;CHARLOTTE;2000;65;11
2;CHARLOTTE;2001;65;9
2;CHARLOTTE;2002;65;8
2;CHARLOTTE;2003;65;9
2;CHARLOTTE;2004;65;7
2;CHARLOTTE;2005;65;5
2;CHARLOTTE;2006;65;6
2;CHARLOTTE;2007;65;11
2;CHARLOTTE;2008;65;7
2;CHARLOTTE;2009;65;9
2;CHARLOTTE;2010;65;4
2;CHARLOTTE;2011;65;5
2;CHARLOTTE;2012;65;6
2;CHARLOTTE;2013;65;5
2;CHARLOTTE;2014;65;4
2;CHARLOTTE;2015;65;6
2;CHARLOTTE;2016;65;6
2;CHARLOTTE;2017;65;6
2;CHARLOTTE;2018;65;3
2;CHARLOTTE;2019;65;6
2;CHARLOTTE;2020;65;5
2;CHARLOTTE;2021;65;4
2;CHIARA;2005;65;3
2;CHIARA;2008;65;4
2;CHLOÉ;2000;65;32
2;CHLOÉ;2001;65;30
2;CHLOÉ;2002;65;22
2;CHLOÉ;2003;65;22
2;CHLOÉ;2004;65;33
2;CHLOÉ;2005;65;22
2;CHLOÉ;2006;65;12
2;CHLOÉ;2007;65;16
2;CHLOÉ;2008;65;16
2;CHLOÉ;2009;65;17
2;CHLOÉ;2010;65;14
2;CHLOÉ;2011;65;7
2;CHLOÉ;2012;65;13
2;CHLOÉ;2013;65;13
2;CHLOÉ;2014;65;12
2;CHLOÉ;2015;65;12
2;CHLOÉ;2016;65;12
2;CHLOÉ;2017;65;12
2;CHLOÉ;2018;65;9
2;CHLOÉ;2019;65;11
2;CHLOÉ;2020;65;12
2;CHLOÉ;2021;65;7
2;CINDY;2007;65;3
2;CLAIRE;2000;65;6
2;CLAIRE;2002;65;6
2;CLARA;2000;65;10
2;CLARA;2001;65;19
2;CLARA;2002;65;14
2;CLARA;2003;65;13
2;CLARA;2004;65;12
2;CLARA;2005;65;24
2;CLARA;2006;65;25
2;CLARA;2007;65;20
2;CLARA;2008;65;12
2;CLARA;2009;65;8
2;CLARA;2010;65;14
2;CLARA;2011;65;11
2;CLARA;2012;65;7
2;CLARA;2013;65;4
2;CLARA;2014;65;10
2;CLARA;2015;65;4
2;CLARA;2016;65;5
2;CLARA;2017;65;3
2;CLARA;2018;65;4
2;CLARA;2019;65;6
2;CLARA;2020;65;4
2;CLARA;2021;65;3
2;CLARISSE;2000;65;6
2;CLARISSE;2002;65;5
2;CLARISSE;2003;65;3
2;CLARISSE;2006;65;3
2;CLARISSE;2007;65;4
2;CLARISSE;2009;65;4
2;CLÉA;2004;65;3
2;CLÉMENCE;2000;65;7
2;CLÉMENCE;2001;65;3
2;CLÉMENCE;2003;65;4
2;CLÉMENCE;2004;65;6
2;CLÉMENCE;2005;65;4
2;CLÉMENCE;2006;65;7
2;CLÉMENCE;2007;65;8
2;CLÉMENCE;2009;65;3
2;CLÉMENCE;2011;65;5
2;CLÉMENCE;2012;65;3
2;CLÉMENCE;2013;65;4
2;CLÉMENCE;2015;65;3
2;CLÉMENCE;2016;65;4
2;CLÉMENCE;2017;65;3
2;CLÉMENTINE;2002;65;4
2;CLÉMENTINE;2006;65;3
2;CLÉMENTINE;2010;65;3
2;CLEO;2003;65;4
2;CLOE;2001;65;3
2;CLOE;2004;65;4
2;CLOE;2006;65;4
2;CLOE;2007;65;4
2;CLOÉ;2010;65;3
2;CLOÉ;2013;65;6
2;CLOÉ;2014;65;3
2;CLOÉ;2015;65;4
2;COLINE;2001;65;4
2;COLINE;2002;65;4
2;COLINE;2004;65;4
2;COLINE;2006;65;3
2;COLINE;2007;65;4
2;COLINE;2013;65;4
2;COLINE;2014;65;3
2;CONSTANCE;2005;65;3
2;CONSTANCE;2013;65;3
2;CORALIE;2000;65;8
2;CORALIE;2001;65;6
2;CORALIE;2002;65;3
2;CORALIE;2003;65;7
2;CORALIE;2004;65;5
2;CORALIE;2005;65;9
2;CORALIE;2008;65;3
2;CYNTHIA;2006;65;3
2;DALILA;2008;65;3
2;DELPHINE;2001;65;3
2;DORIANE;2001;65;3
2;ELEA;2005;65;4
2;ELEA;2006;65;6
2;ELEA;2007;65;5
2;ELEA;2009;65;4
2;ELÉA;2011;65;5
2;ELÉA;2013;65;4
2;ÉLÉA;2011;65;3
2;ÉLÉA;2016;65;3
2;ELENA;2001;65;3
2;ELENA;2002;65;3
2;ELENA;2006;65;4
2;ELENA;2007;65;3
2;ELENA;2008;65;4
2;ELENA;2009;65;4
2;ELENA;2011;65;4
2;ELENA;2015;65;4
2;ELENA;2017;65;5
2;ELENA;2018;65;8
2;ELENA;2019;65;4
2;ELENA;2020;65;6
2;ELENA;2021;65;3
2;ELÉNA;2011;65;3
2;ELÉNA;2012;65;7
2;ELÉNA;2013;65;3
2;ELÉNA;2015;65;4
2;ELÉNA;2016;65;3
2;ELÉNA;2017;65;3
2;ELÉNA;2020;65;3
2;ELIA;2007;65;4
2;ELIA;2018;65;3
2;ELINA;2004;65;3
2;ELINA;2014;65;4
2;ELINA;2019;65;4
2;ELISA;2000;65;7
2;ELISA;2001;65;5
2;ELISA;2002;65;8
2;ELISA;2003;65;7
2;ELISA;2004;65;3
2;ELISA;2005;65;6
2;ELISA;2006;65;3
2;ELISA;2007;65;10
2;ELISA;2008;65;4
2;ELISA;2009;65;6
2;ELISA;2010;65;4
2;ELISA;2012;65;3
2;ELISA;2013;65;4
2;ELISA;2014;65;4
2;ELISA;2016;65;3
2;ELISA;2017;65;4
2;ELISA;2019;65;3
2;ELISABETH;2005;65;3
2;ELISE;2000;65;4
2;ELISE;2001;65;6
2;ELISE;2002;65;8
2;ELISE;2003;65;4
2;ELISE;2004;65;4
2;ELISE;2005;65;3
2;ELISE;2009;65;3
2;ELISE;2010;65;4
2;ELISE;2012;65;4
2;ELISE;2013;65;3
2;ELISE;2014;65;12
2;ELISE;2015;65;6
2;ELISE;2016;65;4
2;ELISE;2017;65;3
2;ELISE;2018;65;4
2;ELISE;2019;65;4
2;ELISE;2020;65;4
2;ELLIE;2021;65;3
2;ELODIE;2000;65;9
2;ELODIE;2001;65;8
2;ELODIE;2003;65;5
2;ELODIE;2004;65;3
2;ELODIE;2005;65;3
2;ELODIE;2006;65;4
2;ELOISE;2001;65;5
2;ELOISE;2004;65;5
2;ELOISE;2005;65;3
2;ELOISE;2006;65;6
2;ELOISE;2008;65;4
2;ELOÏSE;2010;65;3
2;ELOÏSE;2011;65;4
2;ELOÏSE;2014;65;3
2;ELOÏSE;2015;65;6
2;ELOÏSE;2016;65;3
2;ELOÏSE;2017;65;4
2;ELOÏSE;2019;65;3
2;ELSA;2000;65;5
2;ELSA;2001;65;6
2;ELSA;2002;65;5
2;ELSA;2003;65;4
2;ELSA;2004;65;4
2;ELSA;2005;65;4
2;ELSA;2006;65;4
2;ELSA;2007;65;5
2;ELSA;2008;65;6
2;ELSA;2009;65;3
2;ELSA;2010;65;8
2;ELSA;2011;65;7
2;ELSA;2012;65;8
2;ELSA;2013;65;8
2;ELSA;2014;65;4
2;ELSA;2015;65;5
2;ELSA;2017;65;5
2;ELSA;2019;65;4
2;ELSA;2020;65;5
2;ELYA;2021;65;4
2;ELYSA;2010;65;3
2;EMA;2009;65;3
2;EMELINE;2002;65;4
2;EMIE;2005;65;4
2;EMIE;2013;65;3
2;EMILIE;2000;65;13
2;EMILIE;2001;65;14
2;EMILIE;2002;65;10
2;EMILIE;2003;65;3
2;EMILIE;2005;65;7
2;EMILIE;2006;65;7
2;EMILIE;2007;65;4
2;EMILIE;2008;65;6
2;EMILIE;2009;65;9
2;EMILIE;2010;65;3
2;EMILIE;2012;65;4
2;EMILIE;2013;65;4
2;EMILIE;2015;65;4
2;EMILIE;2021;65;3
2;EMMA;2000;65;29
2;EMMA;2001;65;25
2;EMMA;2002;65;29
2;EMMA;2003;65;32
2;EMMA;2004;65;28
2;EMMA;2005;65;36
2;EMMA;2006;65;20
2;EMMA;2007;65;19
2;EMMA;2008;65;21
2;EMMA;2009;65;21
2;EMMA;2010;65;19
2;EMMA;2011;65;24
2;EMMA;2012;65;17
2;EMMA;2013;65;14
2;EMMA;2014;65;13
2;EMMA;2015;65;14
2;EMMA;2016;65;12
2;EMMA;2017;65;17
2;EMMA;2018;65;16
2;EMMA;2019;65;11
2;EMMA;2020;65;8
2;EMMA;2021;65;8
2;EMMY;2002;65;3
2;EMMY;2008;65;3
2;EMMY;2009;65;3
2;EMMY;2012;65;3
2;EMMY;2014;65;3
2;EMMY;2021;65;3
2;EMY;2008;65;3
2;EMY;2012;65;3
2;EMY;2013;65;3
2;EMY;2014;65;6
2;EMY;2016;65;4
2;EMY;2017;65;4
2;EMY;2020;65;5
2;EMY;2021;65;7
2;ENOLA;2007;65;3
2;ENOLA;2014;65;4
2;ENOLA;2020;65;3
2;ENORA;2012;65;3
2;ENORA;2013;65;5
2;ENORA;2014;65;5
2;ENORA;2015;65;4
2;ERIKA;2008;65;3
2;ESMÉE;2021;65;3
2;ESTELLE;2000;65;12
2;ESTELLE;2001;65;5
2;ESTELLE;2003;65;8
2;ESTELLE;2004;65;3
2;ESTELLE;2005;65;4
2;ESTELLE;2007;65;5
2;ESTELLE;2009;65;4
2;ESTELLE;2010;65;3
2;EVA;2000;65;8
2;EVA;2001;65;8
2;EVA;2002;65;8
2;EVA;2003;65;12
2;EVA;2004;65;14
2;EVA;2005;65;8
2;EVA;2006;65;5
2;EVA;2007;65;12
2;EVA;2008;65;7
2;EVA;2009;65;13
2;EVA;2010;65;6
2;EVA;2011;65;7
2;EVA;2012;65;10
2;EVA;2013;65;7
2;EVA;2014;65;8
2;EVA;2015;65;4
2;EVA;2016;65;4
2;EVA;2017;65;8
2;EVA;2018;65;3
2;EVA;2019;65;5
2;EVA;2021;65;4
2;EVE;2003;65;3
2;EVE;2005;65;5
2;FANNY;2000;65;7
2;FANNY;2001;65;5
2;FANNY;2002;65;5
2;FANNY;2003;65;5
2;FANNY;2005;65;4
2;FANNY;2006;65;4
2;FANNY;2007;65;3
2;FANNY;2009;65;4
2;FANNY;2011;65;3
2;FANNY;2015;65;3
2;FANNY;2016;65;3
2;FAUSTINE;2005;65;4
2;FAUSTINE;2007;65;6
2;FAUSTINE;2009;65;3
2;FAUSTINE;2011;65;5
2;FAUSTINE;2013;65;3
2;FAUSTINE;2014;65;3
2;FAUSTINE;2016;65;4
2;FAUSTINE;2020;65;4
2;FIONA;2000;65;3
2;FIONA;2001;65;3
2;FLAVIE;2001;65;3
2;FLAVIE;2004;65;3
2;FLAVIE;2006;65;3
2;FLAVIE;2007;65;3
2;FLORA;2009;65;3
2;FLORE;2002;65;3
2;FLORIANE;2002;65;4
2;FLORINE;2010;65;3
2;GABRIELLE;2007;65;3
2;GABRIELLE;2009;65;4
2;GABRIELLE;2014;65;4
2;GABRIELLE;2015;65;4
2;GABRIELLE;2018;65;3
2;GABRIELLE;2019;65;4
2;GAELLE;2000;65;3
2;GAELLE;2001;65;5
2;GAELLE;2002;65;4
2;GIULIA;2015;65;4
2;GIULIA;2018;65;4
2;GIULIA;2020;65;3
2;GIULIA;2021;65;5
2;HANAË;2021;65;3
2;HELENA;2002;65;3
2;HELENA;2009;65;3
2;HÉLÉNA;2011;65;3
2;HÉLOÏSE;2000;65;3
2;HÉLOÏSE;2006;65;3
2;HÉLOÏSE;2009;65;4
2;HÉLOÏSE;2011;65;3
2;HÉLOÏSE;2012;65;4
2;HÉLOÏSE;2014;65;3
2;HÉLOÏSE;2017;65;3
2;ILANA;2010;65;3
2;ILONA;2000;65;3
2;ILONA;2003;65;3
2;ILONA;2004;65;7
2;ILONA;2005;65;4
2;ILONA;2006;65;4
2;ILONA;2010;65;3
2;ILONA;2018;65;3
2;IMANE;2002;65;4
2;INAYA;2009;65;3
2;INAYA;2010;65;3
2;INAYA;2011;65;6
2;INAYA;2012;65;5
2;INAYA;2013;65;3
2;INAYA;2015;65;11
2;INAYA;2016;65;6
2;INAYA;2017;65;3
2;INAYA;2020;65;9
2;INAYA;2021;65;4
2;INÈS;2000;65;8
2;INÈS;2001;65;8
2;INÈS;2002;65;15
2;INÈS;2003;65;10
2;INÈS;2004;65;7
2;INÈS;2005;65;11
2;INÈS;2006;65;15
2;INÈS;2007;65;18
2;INÈS;2008;65;16
2;INÈS;2009;65;12
2;INÈS;2010;65;9
2;INÈS;2011;65;10
2;INÈS;2012;65;8
2;INÈS;2013;65;14
2;INÈS;2014;65;15
2;INÈS;2015;65;13
2;INÈS;2016;65;9
2;INÈS;2017;65;10
2;INÈS;2018;65;11
2;INÈS;2019;65;4
2;INÈS;2020;65;3
2;IRIS;2016;65;3
2;IRIS;2017;65;3
2;IRIS;2018;65;6
2;IRIS;2020;65;5
2;IRIS;2021;65;3
2;JADE;2000;65;3
2;JADE;2001;65;10
2;JADE;2002;65;16
2;JADE;2003;65;7
2;JADE;2004;65;15
2;JADE;2005;65;8
2;JADE;2006;65;16
2;JADE;2007;65;20
2;JADE;2008;65;20
2;JADE;2009;65;18
2;JADE;2010;65;21
2;JADE;2011;65;14
2;JADE;2012;65;17
2;JADE;2013;65;14
2;JADE;2014;65;16
2;JADE;2015;65;20
2;JADE;2016;65;9
2;JADE;2017;65;13
2;JADE;2018;65;10
2;JADE;2019;65;7
2;JADE;2020;65;13
2;JADE;2021;65;7
2;JANA;2021;65;3
2;JASMINE;2007;65;3
2;JEANNE;2001;65;6
2;JEANNE;2002;65;5
2;JEANNE;2004;65;6
2;JEANNE;2005;65;4
2;JEANNE;2006;65;6
2;JEANNE;2007;65;5
2;JEANNE;2008;65;3
2;JEANNE;2009;65;4
2;JEANNE;2011;65;7
2;JEANNE;2012;65;5
2;JEANNE;2013;65;5
2;JEANNE;2014;65;6
2;JEANNE;2015;65;5
2;JEANNE;2017;65;3
2;JEANNE;2018;65;3
2;JEANNE;2020;65;6
2;JENNIFER;2001;65;5
2;JESSICA;2000;65;4
2;JESSICA;2001;65;4
2;JOANA;2021;65;3
2;JOY;2018;65;3
2;JULIA;2001;65;4
2;JULIA;2002;65;3
2;JULIA;2004;65;3
2;JULIA;2005;65;3
2;JULIA;2006;65;6
2;JULIA;2008;65;8
2;JULIA;2009;65;3
2;JULIA;2010;65;8
2;JULIA;2011;65;3
2;JULIA;2013;65;9
2;JULIA;2014;65;5
2;JULIA;2015;65;8
2;JULIA;2016;65;3
2;JULIA;2017;65;7
2;JULIA;2018;65;7
2;JULIA;2019;65;7
2;JULIA;2020;65;14
2;JULIA;2021;65;14
2;JULIE;2000;65;12
2;JULIE;2001;65;18
2;JULIE;2002;65;18
2;JULIE;2003;65;17
2;JULIE;2004;65;12
2;JULIE;2005;65;7
2;JULIE;2006;65;15
2;JULIE;2007;65;6
2;JULIE;2008;65;5
2;JULIE;2009;65;5
2;JULIE;2010;65;3
2;JULIE;2011;65;4
2;JULIE;2012;65;4
2;JULIE;2013;65;5
2;JULIE;2014;65;5
2;JULIE;2015;65;4
2;JULIE;2016;65;5
2;JULIE;2017;65;4
2;JULIE;2021;65;3
2;JULIETTE;2001;65;6
2;JULIETTE;2002;65;5
2;JULIETTE;2003;65;7
2;JULIETTE;2004;65;3
2;JULIETTE;2005;65;3
2;JULIETTE;2006;65;6
2;JULIETTE;2007;65;6
2;JULIETTE;2008;65;5
2;JULIETTE;2009;65;7
2;JULIETTE;2010;65;6
2;JULIETTE;2011;65;5
2;JULIETTE;2012;65;5
2;JULIETTE;2013;65;3
2;JULIETTE;2014;65;10
2;JULIETTE;2015;65;8
2;JULIETTE;2016;65;6
2;JULIETTE;2017;65;10
2;JULIETTE;2018;65;6
2;JULIETTE;2019;65;6
2;JULIETTE;2020;65;7
2;JUSTINE;2000;65;13
2;JUSTINE;2001;65;9
2;JUSTINE;2002;65;10
2;JUSTINE;2003;65;8
2;JUSTINE;2004;65;3
2;JUSTINE;2005;65;10
2;JUSTINE;2006;65;8
2;JUSTINE;2007;65;4
2;JUSTINE;2008;65;7
2;JUSTINE;2009;65;3
2;JUSTINE;2010;65;5
2;JUSTINE;2011;65;4
2;JUSTINE;2012;65;6
2;JUSTINE;2013;65;5
2;JUSTINE;2015;65;4
2;JUSTINE;2018;65;3
2;KELLY;2006;65;3
2;KELLY;2011;65;3
2;KELLY;2013;65;3
2;KELLY;2018;65;3
2;KELYA;2010;65;4
2;KELYA;2018;65;4
2;KENZA;2001;65;4
2;KENZA;2005;65;3
2;KENZA;2007;65;4
2;KENZA;2008;65;3
2;KENZA;2013;65;3
2;KENZA;2014;65;3
2;KEYLA;2011;65;3
2;KIARA;2014;65;3
2;KLARA;2008;65;3
2;KYARA;2013;65;4
2;LAETITIA;2000;65;8
2;LAETITIA;2001;65;4
2;LAETITIA;2002;65;3
2;LAETITIA;2003;65;4
2;LALIE;2006;65;4
2;LALIE;2012;65;3
2;LALIE;2015;65;3
2;LALY;2007;65;3
2;LALY;2010;65;4
2;LALY;2012;65;4
2;LALY;2016;65;3
2;LALY;2017;65;3
2;LANA;2003;65;4
2;LANA;2004;65;3
2;LANA;2005;65;4
2;LANA;2008;65;5
2;LANA;2009;65;5
2;LANA;2010;65;5
2;LANA;2011;65;5
2;LANA;2012;65;5
2;LANA;2013;65;3
2;LANA;2014;65;8
2;LANA;2016;65;10
2;LANA;2019;65;3
2;LANA;2020;65;4
2;LARA;2009;65;3
2;LAURA;2000;65;25
2;LAURA;2001;65;21
2;LAURA;2002;65;19
2;LAURA;2003;65;14
2;LAURA;2004;65;20
2;LAURA;2005;65;12
2;LAURA;2006;65;5
2;LAURA;2007;65;8
2;LAURA;2008;65;12
2;LAURA;2009;65;9
2;LAURA;2010;65;3
2;LAURA;2011;65;6
2;LAURA;2012;65;3
2;LAURA;2013;65;4
2;LAURA;2014;65;6
2;LAURA;2015;65;5
2;LAURA;2016;65;5
2;LAURA;2018;65;3
2;LAURA;2021;65;4
2;LAURE;2000;65;5
2;LAURE;2001;65;5
2;LAURIE;2000;65;9
2;LAURIE;2001;65;7
2;LAURIE;2002;65;4
2;LAURIE;2003;65;4
2;LAURINE;2002;65;4
2;LAURINE;2003;65;3
2;LAURINE;2004;65;4
2;LAURINE;2005;65;6
2;LAURINE;2006;65;3
2;LAURINE;2009;65;4
2;LAYLA;2012;65;3
2;LÉA;2000;65;43
2;LÉA;2001;65;39
2;LÉA;2002;65;27
2;LÉA;2003;65;30
2;LÉA;2004;65;27
2;LÉA;2005;65;36
2;LÉA;2006;65;24
2;LÉA;2007;65;25
2;LÉA;2008;65;26
2;LÉA;2009;65;29
2;LÉA;2010;65;15
2;LÉA;2011;65;16
2;LÉA;2012;65;11
2;LÉA;2013;65;19
2;LÉA;2014;65;16
2;LÉA;2015;65;11
2;LÉA;2016;65;17
2;LÉA;2017;65;6
2;LÉA;2018;65;8
2;LÉA;2019;65;7
2;LÉA;2020;65;6
2;LÉA;2021;65;10
2;LÉANA;2001;65;3
2;LÉANA;2008;65;3
2;LÉANA;2013;65;5
2;LÉANA;2015;65;5
2;LÉANA;2016;65;4
2;LÉANA;2017;65;4
2;LÉANA;2018;65;5
2;LÉANA;2020;65;4
2;LÉANE;2005;65;3
2;LÉANE;2006;65;4
2;LÉANE;2007;65;5
2;LEILA;2000;65;3
2;LEILA;2003;65;4
2;LEILA;2006;65;4
2;LÉNA;2000;65;5
2;LÉNA;2002;65;9
2;LÉNA;2003;65;9
2;LÉNA;2004;65;5
2;LÉNA;2005;65;15
2;LÉNA;2006;65;11
2;LÉNA;2007;65;10
2;LÉNA;2008;65;13
2;LÉNA;2009;65;10
2;LÉNA;2010;65;14
2;LÉNA;2011;65;11
2;LÉNA;2012;65;10
2;LÉNA;2013;65;10
2;LÉNA;2014;65;9
2;LÉNA;2015;65;16
2;LÉNA;2016;65;8
2;LÉNA;2017;65;7
2;LÉNA;2018;65;6
2;LÉNA;2019;65;7
2;LÉNA;2020;65;7
2;LÉNA;2021;65;8
2;LÉONIE;2001;65;3
2;LÉONIE;2007;65;3
2;LÉONIE;2008;65;3
2;LÉONIE;2009;65;3
2;LÉONIE;2010;65;4
2;LÉONIE;2011;65;6
2;LÉONIE;2012;65;3
2;LÉONIE;2013;65;7
2;LÉONIE;2014;65;7
2;LÉONIE;2015;65;10
2;LÉONIE;2016;65;3
2;LÉONIE;2017;65;4
2;LÉONIE;2018;65;3
2;LÉONIE;2019;65;4
2;LÉONIE;2020;65;5
2;LÉONIE;2021;65;3
2;LIA;2017;65;3
2;LIANA;2021;65;3
2;LILA;2009;65;3
2;LILA;2010;65;3
2;LILA;2012;65;3
2;LILA;2016;65;3
2;LILA;2018;65;3
2;LILI;2005;65;3
2;LILI;2007;65;3
2;LILI;2018;65;3
2;LILLY;2009;65;3
2;LILOU;2002;65;5
2;LILOU;2003;65;9
2;LILOU;2004;65;11
2;LILOU;2005;65;9
2;LILOU;2006;65;11
2;LILOU;2007;65;20
2;LILOU;2008;65;8
2;LILOU;2009;65;23
2;LILOU;2010;65;18
2;LILOU;2011;65;12
2;LILOU;2012;65;16
2;LILOU;2013;65;13
2;LILOU;2014;65;11
2;LILOU;2015;65;8
2;LILOU;2016;65;7
2;LILOU;2018;65;3
2;LILOU;2019;65;4
2;LILOU;2021;65;5
2;LILY;2004;65;3
2;LILY;2005;65;4
2;LILY;2006;65;7
2;LILY;2007;65;4
2;LILY;2008;65;3
2;LILY;2009;65;3
2;LILY;2010;65;7
2;LILY;2012;65;5
2;LILY;2013;65;4
2;LILY;2014;65;5
2;LILY;2017;65;3
2;LILY;2019;65;4
2;LILY;2021;65;5
2;LINA;2006;65;3
2;LINA;2007;65;3
2;LINA;2010;65;11
2;LINA;2011;65;4
2;LINA;2012;65;6
2;LINA;2013;65;5
2;LINA;2014;65;8
2;LINA;2015;65;10
2;LINA;2016;65;8
2;LINA;2017;65;5
2;LINA;2018;65;6
2;LINA;2019;65;4
2;LINA;2020;65;7
2;LINA;2021;65;3
2;LISA;2000;65;18
2;LISA;2001;65;17
2;LISA;2002;65;24
2;LISA;2003;65;16
2;LISA;2004;65;12
2;LISA;2005;65;18
2;LISA;2006;65;13
2;LISA;2007;65;12
2;LISA;2008;65;10
2;LISA;2009;65;10
2;LISA;2010;65;3
2;LISA;2011;65;8
2;LISA;2012;65;9
2;LISA;2014;65;4
2;LISA;2016;65;8
2;LISA;2017;65;4
2;LISA;2018;65;6
2;LISA;2021;65;4
2;LISE;2001;65;3
2;LISE;2002;65;3
2;LISE;2003;65;5
2;LISE;2004;65;4
2;LISE;2005;65;3
2;LISE;2006;65;4
2;LISE;2007;65;4
2;LISE;2009;65;4
2;LISE;2011;65;4
2;LISE;2012;65;3
2;LISE;2013;65;3
2;LISE;2016;65;3
2;LISE;2017;65;3
2;LISE;2018;65;3
2;LISE;2020;65;3
2;LISE;2021;65;5
2;LISON;2013;65;3
2;LIVIA;2020;65;5
2;LOAN;2004;65;4
2;LOANE;2003;65;4
2;LOANE;2004;65;3
2;LOANE;2005;65;3
2;LOANE;2006;65;7
2;LOANE;2008;65;3
2;LOLA;2001;65;5
2;LOLA;2002;65;8
2;LOLA;2003;65;8
2;LOLA;2004;65;16
2;LOLA;2005;65;15
2;LOLA;2006;65;22
2;LOLA;2007;65;12
2;LOLA;2008;65;14
2;LOLA;2009;65;17
2;LOLA;2010;65;21
2;LOLA;2011;65;18
2;LOLA;2012;65;21
2;LOLA;2013;65;15
2;LOLA;2014;65;10
2;LOLA;2015;65;8
2;LOLA;2016;65;10
2;LOLA;2017;65;13
2;LOLA;2018;65;5
2;LOLA;2019;65;3
2;LOLA;2020;65;13
2;LOLA;2021;65;11
2;LOU;2000;65;3
2;LOU;2003;65;6
2;LOU;2004;65;4
2;LOU;2005;65;8
2;LOU;2006;65;7
2;LOU;2007;65;8
2;LOU;2008;65;10
2;LOU;2009;65;7
2;LOU;2010;65;7
2;LOU;2011;65;13
2;LOU;2012;65;8
2;LOU;2013;65;11
2;LOU;2014;65;5
2;LOU;2015;65;11
2;LOU;2016;65;7
2;LOU;2017;65;8
2;LOU;2018;65;3
2;LOU;2019;65;3
2;LOU;2020;65;5
2;LOU;2021;65;6
2;LOU-ANN;2008;65;3
2;LOU-ANNE;2002;65;3
2;LOU-ANNE;2004;65;3
2;LOU-ANNE;2010;65;3
2;LOUANE;2007;65;4
2;LOUANE;2008;65;8
2;LOUANE;2009;65;8
2;LOUANE;2011;65;9
2;LOUANE;2013;65;11
2;LOUANE;2014;65;4
2;LOUANE;2015;65;5
2;LOUANE;2016;65;5
2;LOUANE;2020;65;4
2;LOUANNE;2010;65;3
2;LOUISA;2017;65;3
2;LOUISE;2000;65;5
2;LOUISE;2001;65;4
2;LOUISE;2004;65;3
2;LOUISE;2005;65;7
2;LOUISE;2006;65;10
2;LOUISE;2007;65;6
2;LOUISE;2008;65;3
2;LOUISE;2009;65;10
2;LOUISE;2010;65;8
2;LOUISE;2011;65;4
2;LOUISE;2012;65;7
2;LOUISE;2013;65;7
2;LOUISE;2014;65;9
2;LOUISE;2015;65;9
2;LOUISE;2016;65;10
2;LOUISE;2017;65;17
2;LOUISE;2018;65;7
2;LOUISE;2019;65;9
2;LOUISE;2020;65;9
2;LOUISE;2021;65;11
2;LOUNA;2004;65;5
2;LOUNA;2006;65;4
2;LOUNA;2007;65;9
2;LOUNA;2008;65;11
2;LOUNA;2009;65;8
2;LOUNA;2010;65;9
2;LOUNA;2011;65;9
2;LOUNA;2012;65;5
2;LOUNA;2013;65;7
2;LOUNA;2014;65;11
2;LOUNA;2015;65;10
2;LOUNA;2016;65;6
2;LOUNA;2017;65;5
2;LOUNA;2018;65;4
2;LOUNA;2019;65;6
2;LOUNA;2020;65;3
2;LUCIE;2000;65;16
2;LUCIE;2001;65;13
2;LUCIE;2002;65;17
2;LUCIE;2003;65;15
2;LUCIE;2004;65;10
2;LUCIE;2005;65;18
2;LUCIE;2006;65;20
2;LUCIE;2007;65;12
2;LUCIE;2008;65;12
2;LUCIE;2009;65;12
2;LUCIE;2010;65;8
2;LUCIE;2011;65;8
2;LUCIE;2012;65;12
2;LUCIE;2013;65;11
2;LUCIE;2014;65;5
2;LUCIE;2015;65;6
2;LUCIE;2016;65;5
2;LUCIE;2017;65;8
2;LUCIE;2018;65;11
2;LUCIE;2020;65;6
2;LUCIE;2021;65;4
2;LUCILE;2008;65;4
2;LUCILLE;2007;65;3
2;LUDIVINE;2001;65;3
2;LUDIVINE;2004;65;3
2;LUNA;2000;65;4
2;LUNA;2003;65;4
2;LUNA;2004;65;4
2;LUNA;2006;65;10
2;LUNA;2007;65;12
2;LUNA;2008;65;11
2;LUNA;2009;65;11
2;LUNA;2010;65;7
2;LUNA;2011;65;5
2;LUNA;2012;65;6
2;LUNA;2013;65;3
2;LUNA;2014;65;4
2;LUNA;2015;65;5
2;LUNA;2016;65;8
2;LUNA;2017;65;5
2;LUNA;2018;65;6
2;LUNA;2020;65;7
2;LUNA;2021;65;4
2;LYA;2011;65;3
2;LYA;2012;65;3
2;LYA;2014;65;8
2;LYA;2015;65;5
2;LYA;2017;65;3
2;LYA;2019;65;3
2;LYA;2020;65;3
2;LYA;2021;65;6
2;LYANA;2017;65;4
2;LYANA;2018;65;3
2;LYANA;2020;65;4
2;LYANA;2021;65;8
2;LYLOU;2007;65;3
2;LYLOU;2008;65;3
2;LYLOU;2010;65;3
2;LYLOU;2012;65;3
2;LYNA;2014;65;4
2;LYNA;2019;65;6
2;LYNA;2020;65;4
2;MAE;2008;65;3
2;MAELIA;2008;65;3
2;MAËLINE;2016;65;3
2;MAELLE;2001;65;3
2;MAELLE;2002;65;7
2;MAELLE;2003;65;3
2;MAELLE;2004;65;4
2;MAELLE;2005;65;3
2;MAELLE;2006;65;9
2;MAELLE;2007;65;5
2;MAELLE;2008;65;4
2;MAËLLE;2012;65;3
2;MAËLLE;2016;65;3
2;MAËLLE;2018;65;3
2;MAËLLE;2020;65;7
2;MAELYS;2000;65;5
2;MAELYS;2001;65;3
2;MAELYS;2003;65;6
2;MAELYS;2004;65;3
2;MAELYS;2006;65;6
2;MAELYS;2007;65;11
2;MAELYS;2009;65;7
2;MAELYS;2010;65;3
2;MAËLYS;2012;65;4
2;MAËLYS;2013;65;3
2;MAËLYS;2014;65;5
2;MAËLYS;2015;65;3
2;MAËLYS;2018;65;3
2;MAËLYS;2019;65;3
2;MAENA;2009;65;3
2;MAEVA;2000;65;15
2;MAEVA;2001;65;18
2;MAEVA;2002;65;11
2;MAEVA;2003;65;15
2;MAEVA;2004;65;6
2;MAEVA;2005;65;11
2;MAEVA;2006;65;5
2;MAEVA;2007;65;5
2;MAEVA;2008;65;3
2;MAEVA;2009;65;6
2;MAEVA;2010;65;3
2;MAÉVA;2011;65;4
2;MAËVA;2011;65;3
2;MAIA;2008;65;3
2;MAILYS;2000;65;6
2;MAILYS;2001;65;5
2;MAILYS;2002;65;5
2;MAILYS;2003;65;7
2;MAILYS;2004;65;7
2;MAILYS;2005;65;5
2;MAILYS;2006;65;5
2;MAILYS;2007;65;7
2;MAILYS;2008;65;8
2;MAILYS;2009;65;5
2;MAILYS;2010;65;3
2;MAÏLYS;2010;65;5
2;MAÏLYS;2011;65;3
2;MAÏLYS;2013;65;5
2;MAÏSSA;2012;65;4
2;MAÏWENN;2012;65;4
2;MAÏWENN;2021;65;3
2;MANON;2000;65;15
2;MANON;2001;65;23
2;MANON;2002;65;29
2;MANON;2003;65;35
2;MANON;2004;65;26
2;MANON;2005;65;23
2;MANON;2006;65;15
2;MANON;2007;65;25
2;MANON;2008;65;14
2;MANON;2009;65;22
2;MANON;2010;65;9
2;MANON;2011;65;11
2;MANON;2012;65;23
2;MANON;2013;65;20
2;MANON;2014;65;11
2;MANON;2015;65;10
2;MANON;2016;65;12
2;MANON;2017;65;8
2;MANON;2018;65;10
2;MANON;2019;65;7
2;MANON;2020;65;6
2;MANON;2021;65;5
2;MARGAUX;2000;65;5
2;MARGAUX;2001;65;9
2;MARGAUX;2002;65;6
2;MARGAUX;2004;65;6
2;MARGAUX;2005;65;4
2;MARGAUX;2007;65;7
2;MARGAUX;2009;65;5
2;MARGAUX;2011;65;6
2;MARGAUX;2012;65;5
2;MARGAUX;2013;65;3
2;MARGAUX;2014;65;5
2;MARGAUX;2015;65;4
2;MARGAUX;2016;65;4
2;MARGAUX;2017;65;7
2;MARGAUX;2018;65;7
2;MARGAUX;2019;65;5
2;MARGAUX;2020;65;7
2;MARGAUX;2021;65;3
2;MARGOT;2001;65;4
2;MARGOT;2002;65;8
2;MARGOT;2003;65;7
2;MARGOT;2004;65;7
2;MARGOT;2005;65;5
2;MARGOT;2006;65;3
2;MARGOT;2007;65;6
2;MARGOT;2009;65;3
2;MARGOT;2010;65;4
2;MARGOT;2011;65;7
2;MARGOT;2012;65;5
2;MARGOT;2013;65;4
2;MARGOT;2014;65;3
2;MARGOT;2015;65;4
2;MARGOT;2016;65;4
2;MARGOT;2018;65;3
2;MARGOT;2019;65;10
2;MARGOT;2020;65;6
2;MARGOT;2021;65;3
2;MARIA;2016;65;3
2;MARIA;2019;65;3
2;MARIA;2020;65;5
2;MARIE;2000;65;27
2;MARIE;2001;65;18
2;MARIE;2002;65;11
2;MARIE;2003;65;16
2;MARIE;2004;65;19
2;MARIE;2005;65;16
2;MARIE;2006;65;11
2;MARIE;2007;65;4
2;MARIE;2008;65;8
2;MARIE;2009;65;6
2;MARIE;2010;65;10
2;MARIE;2011;65;4
2;MARIE;2012;65;3
2;MARIE;2013;65;5
2;MARIE;2014;65;5
2;MARIE;2018;65;3
2;MARINA;2001;65;5
2;MARINA;2003;65;3
2;MARINE;2000;65;15
2;MARINE;2001;65;18
2;MARINE;2002;65;11
2;MARINE;2003;65;7
2;MARINE;2004;65;9
2;MARINE;2005;65;4
2;MARINE;2006;65;3
2;MARINE;2007;65;3
2;MARINE;2010;65;4
2;MARION;2000;65;10
2;MARION;2001;65;8
2;MARION;2002;65;5
2;MARION;2003;65;11
2;MARION;2004;65;4
2;MARION;2006;65;9
2;MARION;2012;65;4
2;MATHILDA;2003;65;3
2;MATHILDA;2004;65;3
2;MATHILDE;2000;65;21
2;MATHILDE;2001;65;19
2;MATHILDE;2002;65;12
2;MATHILDE;2003;65;13
2;MATHILDE;2004;65;10
2;MATHILDE;2005;65;8
2;MATHILDE;2006;65;9
2;MATHILDE;2007;65;4
2;MATHILDE;2008;65;4
2;MATHILDE;2009;65;5
2;MATHILDE;2010;65;6
2;MATHILDE;2011;65;7
2;MATHILDE;2012;65;4
2;MATHILDE;2013;65;3
2;MATHILDE;2014;65;3
2;MATHILDE;2016;65;3
2;MATHILDE;2017;65;6
2;MATHILDE;2018;65;5
2;MATHILDE;2021;65;3
2;MAUD;2002;65;3
2;MAYA;2006;65;5
2;MAYA;2007;65;5
2;MAYA;2009;65;5
2;MAYA;2011;65;3
2;MAYA;2013;65;3
2;MAYA;2019;65;3
2;MAYA;2020;65;3
2;MAYLIS;2000;65;3
2;MAYLIS;2001;65;6
2;MAYLIS;2003;65;3
2;MAYLIS;2004;65;5
2;MAYLIS;2005;65;3
2;MAYLIS;2006;65;3
2;MAYLIS;2009;65;4
2;MAYLIS;2011;65;4
2;MEGANE;2006;65;3
2;MÉLANIE;2000;65;13
2;MÉLANIE;2001;65;12
2;MÉLANIE;2002;65;5
2;MÉLANIE;2003;65;5
2;MÉLANIE;2004;65;6
2;MÉLANIE;2005;65;3
2;MÉLANIE;2007;65;3
2;MÉLANIE;2010;65;3
2;MÉLIA;2011;65;3
2;MÉLINA;2005;65;3
2;MÉLINA;2006;65;3
2;MÉLINA;2007;65;3
2;MÉLINA;2010;65;6
2;MÉLINA;2012;65;3
2;MÉLINA;2015;65;3
2;MÉLINA;2021;65;3
2;MÉLINE;2015;65;3
2;MÉLISSA;2000;65;8
2;MÉLISSA;2001;65;5
2;MÉLISSA;2002;65;10
2;MÉLISSA;2003;65;3
2;MÉLISSA;2004;65;4
2;MÉLISSA;2007;65;8
2;MÉLISSA;2008;65;6
2;MÉLISSA;2009;65;5
2;MÉLISSA;2011;65;3
2;MÉLISSA;2012;65;3
2;MÉLISSA;2014;65;3
2;MÉLISSA;2016;65;3
2;MELODIE;2002;65;3
2;MELODIE;2007;65;3
2;MIA;2012;65;3
2;MIA;2013;65;4
2;MIA;2014;65;4
2;MIA;2015;65;5
2;MIA;2016;65;12
2;MIA;2017;65;6
2;MIA;2018;65;6
2;MIA;2019;65;11
2;MIA;2020;65;5
2;MIA;2021;65;10
2;MILA;2008;65;3
2;MILA;2010;65;3
2;MILA;2012;65;5
2;MILA;2013;65;5
2;MILA;2014;65;5
2;MILA;2015;65;9
2;MILA;2016;65;18
2;MILA;2017;65;9
2;MILA;2018;65;5
2;MILA;2019;65;14
2;MILA;2020;65;6
2;MILA;2021;65;7
2;MILLA;2017;65;3
2;MIYA;2020;65;4
2;MORGANE;2000;65;14
2;MORGANE;2001;65;15
2;MORGANE;2002;65;10
2;MORGANE;2003;65;13
2;MORGANE;2004;65;12
2;MORGANE;2005;65;5
2;MORGANE;2006;65;9
2;MORGANE;2007;65;9
2;MORGANE;2008;65;8
2;MORGANE;2009;65;4
2;MORGANE;2011;65;5
2;MORGANE;2012;65;3
2;MORGANE;2013;65;3
2;MORGANE;2018;65;3
2;MYA;2014;65;3
2;MYA;2015;65;6
2;MYA;2016;65;3
2;MYA;2020;65;3
2;MYLA;2018;65;3
2;MYLA;2019;65;3
2;MYLÈNE;2001;65;3
2;MYRIAM;2001;65;3
2;NAËLLE;2014;65;6
2;NAËLLE;2016;65;3
2;NAÏA;2017;65;3
2;NAÏA;2019;65;3
2;NAOMI;2008;65;3
2;NAOMIE;2002;65;3
2;NAOMIE;2009;65;3
2;NAYA;2018;65;3
2;NÉLIA;2019;65;4
2;NELYA;2021;65;3
2;NINA;2000;65;6
2;NINA;2001;65;7
2;NINA;2002;65;5
2;NINA;2003;65;6
2;NINA;2004;65;3
2;NINA;2005;65;3
2;NINA;2007;65;6
2;NINA;2008;65;5
2;NINA;2010;65;8
2;NINA;2011;65;9
2;NINA;2012;65;10
2;NINA;2013;65;4
2;NINA;2014;65;9
2;NINA;2015;65;4
2;NINA;2016;65;6
2;NINA;2017;65;8
2;NINA;2018;65;10
2;NINA;2019;65;6
2;NINA;2020;65;7
2;NINA;2021;65;9
2;NINON;2004;65;3
2;NINON;2006;65;3
2;NINON;2012;65;3
2;NINON;2013;65;3
2;NINON;2014;65;3
2;NINON;2019;65;3
2;NINON;2021;65;3
2;NOA;2005;65;3
2;NOELIE;2002;65;3
2;NOELIE;2005;65;3
2;NOELIE;2008;65;7
2;NOELIE;2009;65;6
2;NOÉLIE;2010;65;3
2;NOÉLIE;2011;65;3
2;NOÉLIE;2012;65;3
2;NOÉLIE;2015;65;3
2;NOÉLIE;2016;65;4
2;NOÉLIE;2018;65;3
2;NOËLIE;2014;65;3
2;NOËLIE;2016;65;3
2;NOEMIE;2000;65;7
2;NOEMIE;2001;65;7
2;NOEMIE;2002;65;3
2;NOEMIE;2003;65;11
2;NOEMIE;2004;65;5
2;NOEMIE;2005;65;10
2;NOEMIE;2006;65;7
2;NOEMIE;2007;65;11
2;NOEMIE;2008;65;3
2;NOEMIE;2009;65;8
2;NOÉMIE;2011;65;7
2;NOÉMIE;2012;65;6
2;NOÉMIE;2013;65;4
2;NOÉMIE;2014;65;3
2;NOÉMIE;2015;65;4
2;NOÉMIE;2019;65;4
2;NOÉMIE;2020;65;3
2;NOÉMIE;2021;65;3
2;NOLWENN;2002;65;4
2;NORA;2003;65;3
2;NORA;2008;65;4
2;NORA;2012;65;4
2;NORA;2013;65;3
2;NORA;2019;65;3
2;NORAH;2008;65;3
2;NORAH;2010;65;5
2;NORAH;2019;65;3
2;NORAH;2020;65;3
2;NOUR;2017;65;3
2;OCÉANE;2000;65;19
2;OCÉANE;2001;65;29
2;OCÉANE;2002;65;29
2;OCÉANE;2003;65;22
2;OCÉANE;2004;65;26
2;OCÉANE;2005;65;15
2;OCÉANE;2006;65;10
2;OCÉANE;2007;65;16
2;OCÉANE;2008;65;10
2;OCÉANE;2010;65;5
2;OCÉANE;2011;65;4
2;OCÉANE;2012;65;9
2;OCÉANE;2013;65;5
2;OCÉANE;2014;65;6
2;OCÉANE;2019;65;4
2;OCÉANE;2020;65;5
2;OLIVIA;2004;65;3
2;OLIVIA;2008;65;3
2;OLIVIA;2009;65;4
2;OLIVIA;2010;65;4
2;OLIVIA;2011;65;3
2;OLIVIA;2015;65;4
2;OLIVIA;2016;65;7
2;OLIVIA;2018;65;5
2;OLIVIA;2020;65;7
2;OLIVIA;2021;65;5
2;OPHÉLIE;2000;65;3
2;OPHÉLIE;2003;65;5
2;OPHÉLIE;2005;65;3
2;ORIANE;2001;65;3
2;ORIANE;2004;65;5
2;ORIANE;2005;65;3
2;ORIANE;2007;65;4
2;PALOMA;2003;65;3
2;PAOLA;2005;65;4
2;PAOLA;2007;65;3
2;PAOLA;2013;65;3
2;PAULINE;2000;65;16
2;PAULINE;2001;65;14
2;PAULINE;2002;65;20
2;PAULINE;2003;65;11
2;PAULINE;2004;65;10
2;PAULINE;2005;65;15
2;PAULINE;2006;65;10
2;PAULINE;2007;65;6
2;PAULINE;2008;65;9
2;PAULINE;2009;65;8
2;PAULINE;2010;65;6
2;PAULINE;2011;65;9
2;PAULINE;2012;65;10
2;PAULINE;2013;65;6
2;PAULINE;2014;65;5
2;PAULINE;2015;65;4
2;PAULINE;2016;65;4
2;PAULINE;2017;65;8
2;PAULINE;2021;65;3
2;ROMANE;2000;65;10
2;ROMANE;2001;65;5
2;ROMANE;2002;65;8
2;ROMANE;2003;65;10
2;ROMANE;2004;65;11
2;ROMANE;2005;65;8
2;ROMANE;2006;65;15
2;ROMANE;2007;65;17
2;ROMANE;2008;65;10
2;ROMANE;2009;65;9
2;ROMANE;2010;65;10
2;ROMANE;2011;65;9
2;ROMANE;2012;65;9
2;ROMANE;2013;65;4
2;ROMANE;2014;65;7
2;ROMANE;2017;65;5
2;ROMANE;2018;65;5
2;ROMANE;2019;65;4
2;ROMANE;2020;65;3
2;ROMANE;2021;65;6
2;ROMY;2016;65;3
2;ROMY;2017;65;4
2;ROMY;2018;65;4
2;ROMY;2019;65;5
2;ROMY;2020;65;5
2;ROMY;2021;65;10
2;ROSE;2012;65;3
2;ROSE;2013;65;4
2;ROSE;2014;65;5
2;ROSE;2015;65;3
2;ROSE;2016;65;4
2;ROSE;2017;65;9
2;ROSE;2019;65;5
2;ROSE;2020;65;5
2;ROSE;2021;65;8
2;ROXANE;2003;65;3
2;ROXANE;2004;65;3
2;ROXANE;2006;65;3
2;ROXANE;2009;65;3
2;ROXANE;2012;65;4
2;ROXANE;2013;65;4
2;ROXANE;2014;65;3
2;ROXANE;2015;65;4
2;ROXANE;2016;65;4
2;ROXANE;2017;65;3
2;ROXANE;2018;65;3
2;ROXANE;2019;65;3
2;ROXANE;2021;65;4
2;RUBY;2021;65;4
2;SABRINA;2002;65;3
2;SALMA;2002;65;3
2;SALOMÉ;2001;65;5
2;SALOMÉ;2003;65;3
2;SALOMÉ;2004;65;5
2;SALOMÉ;2005;65;6
2;SALOMÉ;2006;65;3
2;SALOMÉ;2010;65;3
2;SALOMÉ;2013;65;3
2;SALOMÉ;2017;65;3
2;SALOMÉ;2020;65;5
2;SAMANTHA;2001;65;3
2;SAMANTHA;2004;65;3
2;SANA;2017;65;3
2;SANDY;2007;65;3
2;SANDY;2008;65;3
2;SARA;2002;65;5
2;SARA;2004;65;4
2;SARA;2006;65;5
2;SARA;2009;65;3
2;SARA;2010;65;4
2;SARA;2012;65;3
2;SARA;2015;65;3
2;SARA;2020;65;4
2;SARAH;2000;65;19
2;SARAH;2001;65;18
2;SARAH;2002;65;14
2;SARAH;2003;65;13
2;SARAH;2004;65;12
2;SARAH;2005;65;15
2;SARAH;2006;65;13
2;SARAH;2007;65;12
2;SARAH;2008;65;15
2;SARAH;2009;65;13
2;SARAH;2010;65;14
2;SARAH;2011;65;10
2;SARAH;2012;65;10
2;SARAH;2013;65;5
2;SARAH;2014;65;4
2;SARAH;2015;65;4
2;SARAH;2016;65;4
2;SARAH;2017;65;4
2;SARAH;2018;65;6
2;SARAH;2020;65;6
2;SASHA;2009;65;3
2;SASHA;2010;65;4
2;SELENA;2009;65;3
2;SELMA;2002;65;3
2;SHANA;2004;65;3
2;SHANA;2006;65;4
2;SHANA;2007;65;8
2;SHANA;2011;65;4
2;SHANICE;2007;65;3
2;SHANNA;2012;65;3
2;SHANNA;2017;65;3
2;SHANNA;2021;65;4
2;SHAYNA;2013;65;3
2;SOFIA;2004;65;3
2;SOFIA;2008;65;4
2;SOFIA;2011;65;4
2;SOFIA;2012;65;4
2;SOFIA;2014;65;3
2;SOFIA;2015;65;6
2;SOFIA;2019;65;4
2;SOFIA;2020;65;6
2;SOLÈNE;2000;65;3
2;SOLÈNE;2001;65;6
2;SOLÈNE;2002;65;5
2;SOLÈNE;2003;65;4
2;SOLÈNE;2004;65;3
2;SOLÈNE;2009;65;3
2;SOLÈNE;2011;65;6
2;SOLINE;2012;65;3
2;SOLINE;2019;65;3
2;SOPHIA;2008;65;3
2;SOPHIA;2013;65;3
2;SOPHIE;2000;65;5
2;SOPHIE;2001;65;6
2;SOPHIE;2002;65;5
2;STELLA;2004;65;4
2;STELLA;2007;65;3
2;STESSY;2004;65;3
2;TATIANA;2002;65;4
2;TATIANA;2005;65;3
2;TATIANA;2006;65;3
2;TESS;2014;65;3
2;TESSA;2014;65;4
2;THAIS;2000;65;3
2;THAIS;2008;65;3
2;THAÏS;2014;65;4
2;THAÏS;2015;65;3
2;THAÏS;2020;65;3
2;THAÏS;2021;65;4
2;THALIA;2003;65;3
2;THÉA;2015;65;3
2;THÉA;2016;65;3
2;THÉA;2019;65;5
2;THÉA;2020;65;3
2;THÉA;2021;65;4
2;TIPHAINE;2006;65;3
2;VALENTINA;2019;65;4
2;VALENTINE;2000;65;5
2;VALENTINE;2002;65;5
2;VALENTINE;2008;65;5
2;VALENTINE;2009;65;4
2;VALENTINE;2015;65;3
2;VALENTINE;2016;65;6
2;VALENTINE;2021;65;3
2;VICTOIRE;2016;65;3
2;VICTOIRE;2019;65;3
2;VICTOIRE;2021;65;4
2;VICTORIA;2000;65;6
2;VICTORIA;2001;65;4
2;VICTORIA;2006;65;3
2;VICTORIA;2013;65;4
2;VICTORIA;2021;65;4
2;VIOLETTE;2010;65;3
2;YAELLE;2004;65;3
2;YASMINA;2004;65;3
2;YASMINE;2000;65;3
2;YASMINE;2012;65;4
2;ZELIE;2009;65;3
2;ZÉLIE;2011;65;3
2;ZÉLIE;2015;65;3
2;ZÉLIE;2020;65;3
2;ZOÉ;2000;65;5
2;ZOÉ;2001;65;5
2;ZOÉ;2002;65;5
2;ZOÉ;2003;65;5
2;ZOÉ;2004;65;9
2;ZOÉ;2005;65;8
2;ZOÉ;2006;65;10
2;ZOÉ;2007;65;6
2;ZOÉ;2008;65;4
2;ZOÉ;2009;65;7
2;ZOÉ;2010;65;12
2;ZOÉ;2011;65;12
2;ZOÉ;2012;65;9
2;ZOÉ;2013;65;8
2;ZOÉ;2014;65;14
2;ZOÉ;2015;65;11
2;ZOÉ;2016;65;10
2;ZOÉ;2017;65;7
2;ZOÉ;2018;65;5
2;ZOÉ;2020;65;7
2;ZOÉ;2021;65;8
