sexe;preusuel;annais;dpt;nombre
1;_PRENOMS_RARES;2000;70;11
1;_PRENOMS_RARES;2001;70;13
1;_PRENOMS_RARES;2002;70;13
1;_PRENOMS_RARES;2003;70;16
1;_PRENOMS_RARES;2004;70;16
1;_PRENOMS_RARES;2005;70;10
1;_PRENOMS_RARES;2006;70;16
1;_PRENOMS_RARES;2007;70;14
1;_PRENOMS_RARES;2008;70;23
1;_PRENOMS_RARES;2009;70;15
1;_PRENOMS_RARES;2010;70;14
1;_PRENOMS_RARES;2011;70;11
1;_PRENOMS_RARES;2012;70;29
1;_PRENOMS_RARES;2013;70;19
1;_PRENOMS_RARES;2014;70;16
1;_PRENOMS_RARES;2015;70;17
1;_PRENOMS_RARES;2016;70;23
1;_PRENOMS_RARES;2017;70;23
1;_PRENOMS_RARES;2018;70;27
1;_PRENOMS_RARES;2019;70;17
1;_PRENOMS_RARES;2020;70;26
1;_PRENOMS_RARES;2021;70;26
1;AARON;2008;70;3
1;AARON;2011;70;3
1;AARON;2014;70;3
1;AARON;2015;70;3
1;AARON;2016;70;5
1;AARON;2017;70;3
1;AARON;2018;70;6
1;AARON;2019;70;3
1;AARON;2020;70;4
1;AARON;2021;70;7
1;ADAM;2004;70;3
1;ADAM;2008;70;6
1;ADAM;2009;70;6
1;ADAM;2010;70;7
1;ADAM;2011;70;3
1;ADAM;2012;70;4
1;ADAM;2013;70;3
1;ADAM;2014;70;5
1;ADAM;2015;70;3
1;ADAM;2016;70;5
1;ADAM;2017;70;4
1;ADAM;2018;70;4
1;ADRIEN;2000;70;9
1;ADRIEN;2001;70;6
1;ADRIEN;2002;70;7
1;ADRIEN;2003;70;3
1;ADRIEN;2005;70;4
1;ADRIEN;2006;70;7
1;ADRIEN;2007;70;4
1;ADRIEN;2008;70;6
1;ADRIEN;2011;70;3
1;ADRIEN;2016;70;3
1;ALAN;2000;70;4
1;ALAN;2001;70;3
1;ALAN;2002;70;5
1;ALESSIO;2017;70;3
1;ALEX;2001;70;3
1;ALEX;2006;70;3
1;ALEX;2009;70;3
1;ALEXANDRE;2000;70;13
1;ALEXANDRE;2001;70;7
1;ALEXANDRE;2002;70;3
1;ALEXANDRE;2003;70;11
1;ALEXANDRE;2004;70;6
1;ALEXANDRE;2005;70;5
1;ALEXANDRE;2006;70;7
1;ALEXANDRE;2007;70;3
1;ALEXANDRE;2009;70;3
1;ALEXANDRE;2012;70;3
1;ALEXI;2005;70;3
1;ALEXIS;2000;70;17
1;ALEXIS;2001;70;17
1;ALEXIS;2002;70;10
1;ALEXIS;2003;70;11
1;ALEXIS;2004;70;6
1;ALEXIS;2005;70;10
1;ALEXIS;2006;70;5
1;ALEXIS;2007;70;8
1;ALEXIS;2008;70;7
1;ALEXIS;2009;70;6
1;ALEXIS;2010;70;6
1;ALEXIS;2011;70;3
1;ALEXIS;2012;70;4
1;ALEXIS;2013;70;4
1;ALEXIS;2014;70;5
1;ALEXIS;2015;70;3
1;ALEXIS;2016;70;3
1;ALEXIS;2017;70;3
1;ALEXIS;2020;70;5
1;ALI;2012;70;3
1;ALI;2013;70;3
1;ALIX;2002;70;3
1;ALIX;2007;70;5
1;ALLAN;2000;70;4
1;ALLAN;2001;70;4
1;ALLAN;2002;70;3
1;AMAURY;2009;70;3
1;AMAURY;2011;70;3
1;AMINE;2004;70;3
1;AMINE;2008;70;4
1;AMINE;2013;70;4
1;ANATOLE;2008;70;3
1;ANATOLE;2017;70;3
1;ANTHONY;2000;70;8
1;ANTHONY;2001;70;7
1;ANTHONY;2002;70;9
1;ANTHONY;2003;70;4
1;ANTOINE;2000;70;17
1;ANTOINE;2001;70;8
1;ANTOINE;2002;70;10
1;ANTOINE;2003;70;9
1;ANTOINE;2004;70;7
1;ANTOINE;2005;70;7
1;ANTOINE;2006;70;9
1;ANTOINE;2007;70;6
1;ANTOINE;2008;70;5
1;ANTOINE;2010;70;3
1;ANTOINE;2011;70;4
1;ANTOINE;2012;70;4
1;ANTOINE;2013;70;6
1;ANTOINE;2015;70;5
1;ANTOINE;2016;70;5
1;ANTOINE;2017;70;3
1;ANTOINE;2019;70;4
1;ANTOINE;2020;70;7
1;ANTONIN;2000;70;3
1;ANTONIN;2002;70;3
1;ANTONIN;2003;70;5
1;ANTONIN;2008;70;3
1;ANTONIN;2009;70;3
1;ANTONIN;2011;70;4
1;ANTONIN;2013;70;3
1;ANTONIN;2016;70;3
1;ANTONIN;2020;70;3
1;ARNAUD;2001;70;4
1;ARTHUR;2000;70;5
1;ARTHUR;2001;70;7
1;ARTHUR;2002;70;10
1;ARTHUR;2003;70;7
1;ARTHUR;2004;70;5
1;ARTHUR;2005;70;4
1;ARTHUR;2007;70;11
1;ARTHUR;2008;70;6
1;ARTHUR;2009;70;10
1;ARTHUR;2010;70;7
1;ARTHUR;2011;70;8
1;ARTHUR;2012;70;3
1;ARTHUR;2013;70;7
1;ARTHUR;2015;70;5
1;ARTHUR;2016;70;7
1;ARTHUR;2017;70;10
1;ARTHUR;2018;70;6
1;ARTHUR;2019;70;9
1;ARTHUR;2020;70;4
1;AUGUSTIN;2013;70;3
1;AUGUSTIN;2015;70;4
1;AUGUSTIN;2017;70;4
1;AUGUSTIN;2018;70;7
1;AUGUSTIN;2021;70;3
1;AURÉLIEN;2000;70;10
1;AURÉLIEN;2001;70;5
1;AURÉLIEN;2002;70;4
1;AXEL;2000;70;5
1;AXEL;2001;70;5
1;AXEL;2002;70;7
1;AXEL;2003;70;5
1;AXEL;2004;70;6
1;AXEL;2005;70;4
1;AXEL;2006;70;9
1;AXEL;2007;70;10
1;AXEL;2009;70;9
1;AXEL;2010;70;11
1;AXEL;2011;70;4
1;AXEL;2012;70;8
1;AXEL;2013;70;3
1;AXEL;2014;70;4
1;AXEL;2016;70;4
1;AXEL;2017;70;7
1;AXEL;2018;70;7
1;AXEL;2019;70;5
1;AXEL;2020;70;3
1;AXEL;2021;70;3
1;AYDEN;2019;70;3
1;AYDEN;2020;70;3
1;AYDEN;2021;70;3
1;AYMERIC;2000;70;3
1;AYMERIC;2010;70;3
1;BAPTISTE;2000;70;10
1;BAPTISTE;2001;70;9
1;BAPTISTE;2002;70;11
1;BAPTISTE;2004;70;11
1;BAPTISTE;2005;70;3
1;BAPTISTE;2006;70;10
1;BAPTISTE;2007;70;6
1;BAPTISTE;2008;70;3
1;BAPTISTE;2009;70;4
1;BAPTISTE;2010;70;5
1;BAPTISTE;2011;70;4
1;BAPTISTE;2012;70;4
1;BAPTISTE;2013;70;3
1;BAPTISTE;2015;70;5
1;BASTIEN;2000;70;8
1;BASTIEN;2001;70;5
1;BASTIEN;2002;70;6
1;BASTIEN;2006;70;3
1;BASTIEN;2008;70;3
1;BASTIEN;2010;70;5
1;BASTIEN;2011;70;3
1;BASTIEN;2015;70;3
1;BENJAMIN;2000;70;10
1;BENJAMIN;2001;70;5
1;BENJAMIN;2002;70;10
1;BENJAMIN;2003;70;8
1;BENJAMIN;2004;70;5
1;BENJAMIN;2005;70;5
1;BENJAMIN;2007;70;3
1;BENJAMIN;2008;70;3
1;BENJAMIN;2011;70;3
1;BENJAMIN;2012;70;3
1;BENOÎT;2001;70;5
1;BENOÎT;2002;70;4
1;BILAL;2006;70;4
1;BRANDON;2001;70;4
1;BRANDON;2003;70;3
1;BRIAN;2000;70;4
1;BRYAN;2000;70;3
1;BRYAN;2001;70;3
1;BRYAN;2003;70;4
1;BRYAN;2009;70;3
1;BRYAN;2013;70;3
1;CAMILLE;2011;70;3
1;CAMILLE;2018;70;6
1;CAMILLE;2019;70;4
1;CAMILLE;2021;70;3
1;CEDRIC;2004;70;3
1;CESAR;2007;70;3
1;CHARLES;2000;70;4
1;CHARLES;2001;70;3
1;CHARLY;2006;70;3
1;CHARLY;2007;70;3
1;CHARLY;2018;70;3
1;CHARLY;2019;70;3
1;CHRISTOPHER;2000;70;6
1;CLEMENT;2011;70;3
1;CLÉMENT;2000;70;13
1;CLÉMENT;2001;70;13
1;CLÉMENT;2002;70;6
1;CLÉMENT;2004;70;6
1;CLÉMENT;2005;70;11
1;CLÉMENT;2006;70;6
1;CLÉMENT;2007;70;8
1;CLÉMENT;2008;70;11
1;CLÉMENT;2009;70;6
1;CLÉMENT;2012;70;4
1;CLÉMENT;2013;70;5
1;CLÉMENT;2015;70;5
1;CLÉMENT;2017;70;6
1;CLÉMENT;2018;70;6
1;CLÉMENT;2021;70;3
1;CÔME;2017;70;3
1;CÔME;2018;70;4
1;CÔME;2020;70;3
1;CORENTIN;2000;70;10
1;CORENTIN;2001;70;7
1;CORENTIN;2002;70;4
1;CORENTIN;2003;70;6
1;CORENTIN;2004;70;8
1;CORENTIN;2005;70;3
1;CORENTIN;2006;70;5
1;CORENTIN;2007;70;3
1;CORENTIN;2008;70;3
1;CORENTIN;2012;70;3
1;CORENTIN;2014;70;3
1;DAMIEN;2001;70;3
1;DAMIEN;2004;70;4
1;DAVID;2000;70;3
1;DAVID;2002;70;6
1;DIEGO;2011;70;3
1;DIEGO;2018;70;5
1;DIEGO;2021;70;3
1;DIMITRI;2000;70;4
1;DORIAN;2000;70;6
1;DORIAN;2001;70;11
1;DORIAN;2004;70;5
1;DORIAN;2006;70;3
1;DORIAN;2007;70;3
1;DORIAN;2012;70;4
1;DYLAN;2000;70;10
1;DYLAN;2001;70;11
1;DYLAN;2002;70;19
1;DYLAN;2003;70;8
1;DYLAN;2004;70;7
1;DYLAN;2005;70;6
1;DYLAN;2006;70;6
1;DYLAN;2007;70;3
1;DYLAN;2009;70;3
1;DYLAN;2010;70;5
1;EDEN;2012;70;4
1;EDEN;2015;70;3
1;EDEN;2018;70;4
1;EDEN;2020;70;3
1;EDEN;2021;70;6
1;ELIAS;2020;70;3
1;ÉLIE;2018;70;4
1;ELIO;2006;70;4
1;ELIO;2020;70;4
1;ÉLIO;2019;70;5
1;ELIOT;2003;70;3
1;ELIOTT;2017;70;3
1;ELIOTT;2018;70;3
1;ELYO;2017;70;3
1;ELYO;2018;70;3
1;EMILE;2020;70;4
1;EMILIEN;2001;70;5
1;EMILIEN;2003;70;4
1;EMILIEN;2004;70;3
1;EMILIEN;2007;70;3
1;EMILIEN;2009;70;4
1;EMMANUEL;2002;70;3
1;ENZO;2000;70;9
1;ENZO;2001;70;13
1;ENZO;2002;70;8
1;ENZO;2003;70;9
1;ENZO;2004;70;11
1;ENZO;2005;70;17
1;ENZO;2006;70;21
1;ENZO;2007;70;16
1;ENZO;2008;70;19
1;ENZO;2009;70;12
1;ENZO;2010;70;12
1;ENZO;2011;70;15
1;ENZO;2012;70;13
1;ENZO;2013;70;7
1;ENZO;2014;70;9
1;ENZO;2015;70;10
1;ENZO;2017;70;7
1;ENZO;2018;70;7
1;ENZO;2019;70;8
1;ENZO;2020;70;5
1;ERWAN;2000;70;5
1;ERWAN;2003;70;5
1;ERWAN;2004;70;3
1;ERWAN;2005;70;7
1;ERWAN;2007;70;3
1;ERWAN;2008;70;4
1;ERWAN;2009;70;3
1;ERWAN;2011;70;3
1;ERWAN;2021;70;3
1;ERWANN;2007;70;3
1;ESTEBAN;2001;70;3
1;ESTEBAN;2005;70;4
1;ESTEBAN;2006;70;8
1;ESTEBAN;2007;70;4
1;ESTEBAN;2008;70;3
1;ESTEBAN;2009;70;6
1;ESTEBAN;2013;70;4
1;ESTEBAN;2014;70;3
1;ESTEBAN;2017;70;3
1;ESTEBAN;2018;70;3
1;ESTEBAN;2019;70;3
1;ESTEBAN;2020;70;3
1;ETHAN;2004;70;4
1;ETHAN;2006;70;4
1;ETHAN;2007;70;3
1;ETHAN;2008;70;6
1;ETHAN;2009;70;3
1;ETHAN;2010;70;7
1;ETHAN;2011;70;5
1;ETHAN;2012;70;10
1;ETHAN;2013;70;4
1;ETHAN;2014;70;8
1;ETHAN;2015;70;4
1;ETHAN;2016;70;9
1;ETHAN;2017;70;8
1;ETHAN;2018;70;6
1;ETHAN;2019;70;5
1;ETHAN;2021;70;3
1;ETIENNE;2001;70;5
1;ETIENNE;2008;70;3
1;EVAN;2003;70;3
1;EVAN;2004;70;3
1;EVAN;2005;70;6
1;EVAN;2007;70;8
1;EVAN;2008;70;8
1;EVAN;2009;70;3
1;EVAN;2010;70;7
1;EVAN;2011;70;5
1;EVAN;2012;70;4
1;EVAN;2013;70;4
1;EVAN;2014;70;4
1;EVAN;2015;70;9
1;EVAN;2017;70;3
1;EVAN;2020;70;4
1;EVAN;2021;70;5
1;EZIO;2017;70;4
1;EZIO;2021;70;3
1;FABIEN;2002;70;3
1;FABIEN;2003;70;5
1;FABIEN;2006;70;3
1;FLAVIEN;2000;70;3
1;FLAVIEN;2001;70;3
1;FLAVIEN;2005;70;3
1;FLORIAN;2000;70;13
1;FLORIAN;2001;70;13
1;FLORIAN;2002;70;7
1;FLORIAN;2003;70;3
1;FLORIAN;2004;70;7
1;GABIN;2001;70;4
1;GABIN;2002;70;3
1;GABIN;2004;70;3
1;GABIN;2005;70;7
1;GABIN;2006;70;6
1;GABIN;2007;70;5
1;GABIN;2008;70;5
1;GABIN;2009;70;10
1;GABIN;2010;70;3
1;GABIN;2011;70;3
1;GABIN;2013;70;11
1;GABIN;2014;70;6
1;GABIN;2015;70;4
1;GABIN;2016;70;5
1;GABIN;2017;70;5
1;GABIN;2019;70;6
1;GABIN;2021;70;8
1;GABRIEL;2006;70;3
1;GABRIEL;2007;70;5
1;GABRIEL;2008;70;3
1;GABRIEL;2009;70;9
1;GABRIEL;2010;70;5
1;GABRIEL;2011;70;6
1;GABRIEL;2012;70;4
1;GABRIEL;2013;70;4
1;GABRIEL;2014;70;8
1;GABRIEL;2015;70;6
1;GABRIEL;2016;70;8
1;GABRIEL;2017;70;6
1;GABRIEL;2018;70;8
1;GABRIEL;2019;70;8
1;GABRIEL;2020;70;9
1;GABRIEL;2021;70;4
1;GAEL;2000;70;3
1;GAEL;2007;70;4
1;GAËTAN;2001;70;4
1;GAËTAN;2005;70;4
1;GAËTAN;2006;70;3
1;GAËTAN;2016;70;3
1;GASPARD;2015;70;4
1;GASPARD;2018;70;6
1;GASPARD;2019;70;3
1;GASPARD;2020;70;3
1;GUILLAUME;2000;70;5
1;GUILLAUME;2001;70;5
1;GUILLAUME;2010;70;8
1;GUSTAVE;2020;70;3
1;HAMZA;2006;70;3
1;HAMZA;2007;70;3
1;HUGO;2000;70;6
1;HUGO;2001;70;14
1;HUGO;2002;70;21
1;HUGO;2003;70;11
1;HUGO;2004;70;7
1;HUGO;2005;70;11
1;HUGO;2006;70;7
1;HUGO;2007;70;10
1;HUGO;2008;70;9
1;HUGO;2009;70;7
1;HUGO;2010;70;6
1;HUGO;2011;70;13
1;HUGO;2012;70;8
1;HUGO;2013;70;7
1;HUGO;2014;70;7
1;HUGO;2015;70;5
1;HUGO;2016;70;5
1;HUGO;2017;70;3
1;HUGO;2018;70;6
1;HUGO;2019;70;6
1;HUGO;2020;70;5
1;HUGO;2021;70;5
1;ILAN;2006;70;3
1;ILAN;2007;70;3
1;ILAN;2012;70;3
1;ILAN;2014;70;3
1;ILIAS;2010;70;3
1;ISAAC;2020;70;3
1;ISSA;2013;70;3
1;JASON;2000;70;3
1;JASON;2002;70;5
1;JASON;2019;70;3
1;JEAN;2013;70;3
1;JEAN;2018;70;3
1;JEREMY;2000;70;9
1;JEREMY;2001;70;7
1;JEREMY;2002;70;6
1;JEREMY;2006;70;3
1;JOAN;2012;70;4
1;JOFFREY;2001;70;4
1;JOHAN;2002;70;3
1;JONAS;2011;70;3
1;JONAS;2020;70;3
1;JONATHAN;2001;70;4
1;JONATHAN;2005;70;3
1;JORDAN;2000;70;5
1;JORDAN;2002;70;4
1;JORDAN;2009;70;3
1;JORDAN;2017;70;3
1;JORIS;2007;70;3
1;JORIS;2008;70;3
1;JOSEPH;2001;70;3
1;JULES;2000;70;8
1;JULES;2001;70;8
1;JULES;2002;70;6
1;JULES;2003;70;7
1;JULES;2004;70;6
1;JULES;2005;70;8
1;JULES;2006;70;9
1;JULES;2007;70;12
1;JULES;2008;70;9
1;JULES;2009;70;18
1;JULES;2010;70;10
1;JULES;2011;70;11
1;JULES;2012;70;8
1;JULES;2013;70;9
1;JULES;2014;70;16
1;JULES;2015;70;9
1;JULES;2016;70;9
1;JULES;2017;70;14
1;JULES;2018;70;15
1;JULES;2019;70;9
1;JULES;2020;70;4
1;JULES;2021;70;6
1;JULIAN;2000;70;3
1;JULIAN;2002;70;4
1;JULIAN;2008;70;3
1;JULIAN;2009;70;3
1;JULIAN;2012;70;3
1;JULIAN;2015;70;3
1;JULIAN;2016;70;5
1;JULIAN;2017;70;5
1;JULIAN;2018;70;3
1;JULIAN;2019;70;3
1;JULIAN;2020;70;3
1;JULIEN;2000;70;10
1;JULIEN;2001;70;10
1;JULIEN;2002;70;8
1;JULIEN;2003;70;3
1;JULIEN;2004;70;6
1;JULIEN;2005;70;4
1;JULIEN;2006;70;12
1;JULIEN;2007;70;4
1;JULIEN;2008;70;3
1;JULIEN;2009;70;3
1;JULIEN;2015;70;4
1;JUSTIN;2001;70;3
1;JUSTIN;2003;70;3
1;JUSTIN;2006;70;3
1;KAÏS;2021;70;3
1;KENZO;2008;70;3
1;KENZO;2010;70;3
1;KENZO;2015;70;6
1;KENZO;2018;70;3
1;KEVIN;2000;70;9
1;KEVIN;2001;70;4
1;KEVIN;2002;70;6
1;KEVIN;2003;70;5
1;KEVIN;2004;70;4
1;KEVIN;2005;70;4
1;KEVIN;2006;70;6
1;KEVIN;2007;70;3
1;KEVIN;2009;70;3
1;KILIAN;2005;70;4
1;KILIAN;2007;70;4
1;KILLIAN;2000;70;3
1;KILLIAN;2001;70;6
1;KILLIAN;2003;70;5
1;KILLIAN;2004;70;4
1;KILLIAN;2006;70;3
1;KYLIAN;2004;70;3
1;KYLIAN;2005;70;3
1;KYLIAN;2006;70;4
1;KYLIAN;2007;70;5
1;KYLIAN;2008;70;4
1;KYLIAN;2009;70;4
1;KYLIAN;2012;70;3
1;KYLIAN;2013;70;7
1;KYLIAN;2014;70;4
1;KYLIAN;2015;70;3
1;KYLIAN;2016;70;4
1;LÉANDRE;2009;70;3
1;LÉANDRE;2014;70;3
1;LÉANDRE;2016;70;3
1;LÉANDRE;2017;70;3
1;LÉANDRE;2020;70;4
1;LENNY;2004;70;3
1;LENNY;2009;70;4
1;LENNY;2011;70;3
1;LENNY;2014;70;3
1;LÉNY;2021;70;3
1;LEO;2010;70;7
1;LEO;2011;70;4
1;LÉO;2000;70;9
1;LÉO;2001;70;9
1;LÉO;2002;70;13
1;LÉO;2003;70;14
1;LÉO;2004;70;18
1;LÉO;2005;70;14
1;LÉO;2006;70;8
1;LÉO;2007;70;12
1;LÉO;2008;70;7
1;LÉO;2009;70;6
1;LÉO;2011;70;3
1;LÉO;2012;70;16
1;LÉO;2013;70;10
1;LÉO;2014;70;13
1;LÉO;2015;70;9
1;LÉO;2016;70;12
1;LÉO;2017;70;8
1;LÉO;2018;70;9
1;LÉO;2019;70;9
1;LÉO;2020;70;8
1;LÉO;2021;70;9
1;LÉON;2018;70;3
1;LÉON;2019;70;5
1;LÉON;2020;70;4
1;LÉON;2021;70;3
1;LÉOPOLD;2012;70;4
1;LIAM;2014;70;8
1;LIAM;2016;70;5
1;LIAM;2018;70;4
1;LIAM;2019;70;4
1;LIAM;2021;70;3
1;LILIAN;2000;70;3
1;LILIAN;2004;70;3
1;LILIAN;2005;70;3
1;LILIAN;2006;70;3
1;LILIAN;2007;70;6
1;LILIAN;2010;70;5
1;LILIAN;2011;70;4
1;LILIAN;2015;70;8
1;LILIO;2016;70;3
1;LINO;2011;70;3
1;LISANDRO;2019;70;3
1;LIVIO;2021;70;3
1;LOAN;2007;70;3
1;LOGAN;2018;70;4
1;LOGAN;2019;70;3
1;LOIC;2011;70;3
1;LOÏC;2000;70;10
1;LOÏC;2001;70;5
1;LOÏC;2002;70;6
1;LOÏC;2003;70;4
1;LOÏC;2004;70;4
1;LOÏC;2007;70;3
1;LOÏC;2016;70;3
1;LOÏS;2014;70;4
1;LOÏS;2016;70;4
1;LOÏS;2018;70;4
1;LOÏS;2021;70;3
1;LORENZO;2001;70;3
1;LORENZO;2006;70;6
1;LORENZO;2008;70;5
1;LORENZO;2010;70;3
1;LORENZO;2012;70;3
1;LORENZO;2013;70;3
1;LORENZO;2014;70;3
1;LORENZO;2015;70;3
1;LORENZO;2017;70;6
1;LORENZO;2019;70;5
1;LORENZO;2020;70;4
1;LORIS;2006;70;3
1;LORIS;2010;70;3
1;LORIS;2014;70;3
1;LORIS;2015;70;3
1;LOUIS;2000;70;16
1;LOUIS;2001;70;13
1;LOUIS;2002;70;6
1;LOUIS;2003;70;10
1;LOUIS;2004;70;8
1;LOUIS;2005;70;11
1;LOUIS;2006;70;13
1;LOUIS;2007;70;10
1;LOUIS;2008;70;7
1;LOUIS;2009;70;12
1;LOUIS;2010;70;7
1;LOUIS;2011;70;13
1;LOUIS;2012;70;13
1;LOUIS;2013;70;9
1;LOUIS;2014;70;16
1;LOUIS;2015;70;16
1;LOUIS;2016;70;12
1;LOUIS;2017;70;9
1;LOUIS;2018;70;14
1;LOUIS;2019;70;5
1;LOUIS;2020;70;8
1;LOUIS;2021;70;10
1;LOUKA;2007;70;3
1;LOUKA;2010;70;3
1;LOUKA;2013;70;4
1;LOUKA;2015;70;3
1;LOUKA;2021;70;3
1;LUCA;2008;70;3
1;LUCAS;2000;70;27
1;LUCAS;2001;70;23
1;LUCAS;2002;70;30
1;LUCAS;2003;70;16
1;LUCAS;2004;70;21
1;LUCAS;2005;70;14
1;LUCAS;2006;70;18
1;LUCAS;2007;70;14
1;LUCAS;2008;70;13
1;LUCAS;2009;70;10
1;LUCAS;2010;70;19
1;LUCAS;2011;70;7
1;LUCAS;2012;70;10
1;LUCAS;2013;70;9
1;LUCAS;2014;70;4
1;LUCAS;2015;70;9
1;LUCAS;2016;70;6
1;LUCAS;2017;70;8
1;LUCAS;2018;70;7
1;LUCAS;2019;70;8
1;LUCAS;2020;70;3
1;LUCAS;2021;70;4
1;LUCIEN;2021;70;4
1;LUDOVIC;2001;70;4
1;LUIS;2014;70;3
1;LUKAS;2004;70;3
1;LYAM;2013;70;3
1;LYAM;2016;70;5
1;LYAM;2017;70;3
1;LYAM;2018;70;3
1;LYAM;2020;70;3
1;LYAM;2021;70;5
1;MAÉ;2012;70;4
1;MAEL;2002;70;3
1;MAEL;2006;70;3
1;MAEL;2007;70;6
1;MAEL;2009;70;11
1;MAEL;2010;70;6
1;MAEL;2011;70;8
1;MAËL;2013;70;13
1;MAËL;2014;70;6
1;MAËL;2015;70;8
1;MAËL;2016;70;7
1;MAËL;2017;70;11
1;MAËL;2018;70;8
1;MAËL;2019;70;4
1;MAËL;2020;70;8
1;MAËL;2021;70;8
1;MALO;2011;70;3
1;MALO;2012;70;4
1;MALO;2017;70;5
1;MALO;2021;70;3
1;MALONE;2013;70;3
1;MALONE;2014;70;3
1;MALONE;2015;70;4
1;MALONE;2016;70;3
1;MARCEAU;2020;70;4
1;MARCEAU;2021;70;4
1;MARIUS;2002;70;3
1;MARIUS;2004;70;3
1;MARIUS;2005;70;4
1;MARIUS;2009;70;3
1;MARIUS;2010;70;8
1;MARIUS;2011;70;3
1;MARIUS;2012;70;4
1;MARIUS;2013;70;4
1;MARIUS;2014;70;4
1;MARIUS;2015;70;4
1;MARIUS;2017;70;6
1;MARIUS;2018;70;4
1;MARIUS;2019;70;4
1;MARIUS;2021;70;3
1;MARTIN;2001;70;3
1;MARTIN;2015;70;4
1;MARWAN;2018;70;3
1;MATÉO;2005;70;3
1;MATÉO;2006;70;3
1;MATÉO;2012;70;3
1;MATHEO;2010;70;6
1;MATHEO;2011;70;9
1;MATHÉO;2001;70;6
1;MATHÉO;2002;70;3
1;MATHÉO;2003;70;5
1;MATHÉO;2004;70;7
1;MATHÉO;2005;70;7
1;MATHÉO;2006;70;16
1;MATHÉO;2007;70;15
1;MATHÉO;2008;70;15
1;MATHÉO;2009;70;9
1;MATHÉO;2010;70;4
1;MATHÉO;2011;70;5
1;MATHÉO;2012;70;4
1;MATHÉO;2013;70;3
1;MATHÉO;2014;70;12
1;MATHÉO;2017;70;3
1;MATHÉO;2018;70;4
1;MATHÉO;2019;70;3
1;MATHÉO;2020;70;5
1;MATHIAS;2000;70;3
1;MATHIAS;2001;70;4
1;MATHIAS;2003;70;3
1;MATHIAS;2004;70;3
1;MATHIAS;2006;70;7
1;MATHIAS;2008;70;4
1;MATHIAS;2014;70;4
1;MATHIAS;2015;70;3
1;MATHIAS;2016;70;3
1;MATHIEU;2000;70;6
1;MATHIEU;2001;70;5
1;MATHIEU;2003;70;6
1;MATHIEU;2004;70;11
1;MATHIEU;2005;70;4
1;MATHIEU;2006;70;4
1;MATHIEU;2015;70;3
1;MATHIS;2000;70;3
1;MATHIS;2002;70;5
1;MATHIS;2003;70;8
1;MATHIS;2004;70;12
1;MATHIS;2006;70;19
1;MATHIS;2007;70;7
1;MATHIS;2008;70;10
1;MATHIS;2009;70;12
1;MATHIS;2010;70;6
1;MATHIS;2011;70;9
1;MATHIS;2013;70;8
1;MATHIS;2014;70;5
1;MATHIS;2015;70;6
1;MATHIS;2016;70;5
1;MATHIS;2017;70;7
1;MATHIS;2018;70;4
1;MATHIS;2019;70;4
1;MATHIS;2020;70;4
1;MATHYS;2005;70;3
1;MATHYS;2006;70;3
1;MATHYS;2020;70;3
1;MATTEO;2010;70;3
1;MATTÉO;2001;70;7
1;MATTÉO;2002;70;4
1;MATTÉO;2003;70;4
1;MATTÉO;2004;70;6
1;MATTÉO;2005;70;3
1;MATTÉO;2006;70;9
1;MATTÉO;2007;70;3
1;MATTÉO;2017;70;3
1;MATTHEW;2016;70;3
1;MATTHIAS;2000;70;3
1;MATTHIAS;2006;70;3
1;MATTHIEU;2002;70;5
1;MATTHIEU;2003;70;3
1;MAX;2000;70;3
1;MAXENCE;2000;70;3
1;MAXENCE;2002;70;6
1;MAXENCE;2003;70;7
1;MAXENCE;2004;70;6
1;MAXENCE;2005;70;7
1;MAXENCE;2006;70;5
1;MAXENCE;2007;70;5
1;MAXENCE;2008;70;8
1;MAXENCE;2009;70;4
1;MAXENCE;2010;70;4
1;MAXENCE;2011;70;8
1;MAXENCE;2012;70;10
1;MAXENCE;2013;70;4
1;MAXENCE;2014;70;4
1;MAXENCE;2015;70;3
1;MAXENCE;2016;70;4
1;MAXENCE;2017;70;8
1;MAXENCE;2018;70;4
1;MAXENCE;2019;70;5
1;MAXENCE;2020;70;5
1;MAXENCE;2021;70;4
1;MAXIME;2000;70;18
1;MAXIME;2001;70;17
1;MAXIME;2002;70;8
1;MAXIME;2003;70;10
1;MAXIME;2004;70;9
1;MAXIME;2005;70;8
1;MAXIME;2006;70;6
1;MAXIME;2007;70;10
1;MAXIME;2008;70;4
1;MAXIME;2009;70;4
1;MAXIME;2010;70;5
1;MAXIME;2012;70;4
1;MAXIME;2013;70;4
1;MAXIME;2014;70;5
1;MAXIME;2015;70;7
1;MAXIME;2016;70;5
1;MAXIME;2017;70;4
1;MEHDI;2001;70;6
1;MEHDI;2009;70;5
1;MELVIN;2000;70;3
1;MELVIN;2002;70;4
1;MICKAEL;2000;70;3
1;MILAN;2020;70;3
1;MILAN;2021;70;3
1;MILANN;2020;70;3
1;MILO;2016;70;3
1;MILO;2019;70;4
1;MILO;2021;70;4
1;MOHAMED;2000;70;5
1;MOHAMED;2004;70;5
1;MOHAMED;2007;70;3
1;MOHAMED;2008;70;4
1;MOHAMED;2009;70;5
1;MOHAMED;2012;70;3
1;MOHAMED;2013;70;5
1;MOHAMED;2014;70;3
1;MOHAMED;2015;70;4
1;MOHAMED;2016;70;4
1;MOHAMED;2017;70;4
1;MOHAMED;2018;70;4
1;MOHAMED;2021;70;3
1;MORGAN;2009;70;3
1;MYLAN;2017;70;3
1;MYLAN;2021;70;3
1;NASSIM;2004;70;3
1;NASSIM;2009;70;3
1;NATHAN;2000;70;6
1;NATHAN;2001;70;5
1;NATHAN;2002;70;4
1;NATHAN;2003;70;8
1;NATHAN;2004;70;11
1;NATHAN;2005;70;13
1;NATHAN;2006;70;13
1;NATHAN;2007;70;8
1;NATHAN;2008;70;16
1;NATHAN;2009;70;19
1;NATHAN;2010;70;14
1;NATHAN;2011;70;13
1;NATHAN;2012;70;12
1;NATHAN;2013;70;9
1;NATHAN;2014;70;7
1;NATHAN;2015;70;9
1;NATHAN;2016;70;4
1;NATHAN;2017;70;6
1;NATHAN;2018;70;6
1;NATHAN;2019;70;4
1;NATHAN;2020;70;4
1;NATHAN;2021;70;5
1;NATHANAËL;2013;70;3
1;NÉO;2014;70;3
1;NICOLAS;2000;70;15
1;NICOLAS;2001;70;5
1;NICOLAS;2002;70;6
1;NICOLAS;2003;70;13
1;NICOLAS;2004;70;10
1;NICOLAS;2005;70;3
1;NICOLAS;2006;70;5
1;NICOLAS;2007;70;6
1;NICOLAS;2012;70;4
1;NICOLAS;2013;70;3
1;NICOLAS;2014;70;3
1;NINO;2011;70;4
1;NINO;2012;70;3
1;NINO;2014;70;3
1;NINO;2015;70;5
1;NINO;2016;70;3
1;NINO;2018;70;4
1;NINO;2019;70;3
1;NINO;2021;70;7
1;NOA;2004;70;6
1;NOA;2005;70;5
1;NOA;2006;70;7
1;NOA;2007;70;6
1;NOA;2008;70;10
1;NOA;2009;70;4
1;NOA;2010;70;5
1;NOA;2011;70;6
1;NOA;2012;70;8
1;NOA;2013;70;4
1;NOA;2014;70;3
1;NOA;2015;70;4
1;NOA;2018;70;3
1;NOA;2020;70;3
1;NOAH;2003;70;3
1;NOAH;2004;70;3
1;NOAH;2005;70;7
1;NOAH;2006;70;7
1;NOAH;2007;70;4
1;NOAH;2008;70;4
1;NOAH;2009;70;3
1;NOAH;2010;70;8
1;NOAH;2011;70;8
1;NOAH;2012;70;8
1;NOAH;2013;70;7
1;NOAH;2014;70;4
1;NOAH;2015;70;6
1;NOAH;2016;70;6
1;NOAH;2018;70;5
1;NOAH;2019;70;5
1;NOAH;2020;70;4
1;NOAM;2017;70;3
1;NOAM;2019;70;3
1;NOE;2000;70;3
1;NOE;2003;70;4
1;NOE;2005;70;4
1;NOE;2006;70;3
1;NOE;2008;70;4
1;NOE;2009;70;6
1;NOE;2010;70;5
1;NOE;2011;70;6
1;NOÉ;2015;70;5
1;NOÉ;2017;70;3
1;NOÉ;2018;70;3
1;NOÉ;2019;70;3
1;NOÉ;2020;70;5
1;NOÉ;2021;70;6
1;NOLAN;2004;70;3
1;NOLAN;2006;70;8
1;NOLAN;2008;70;4
1;NOLAN;2009;70;4
1;NOLAN;2010;70;5
1;NOLAN;2011;70;8
1;NOLAN;2012;70;9
1;NOLAN;2013;70;12
1;NOLAN;2014;70;7
1;NOLAN;2015;70;11
1;NOLAN;2016;70;10
1;NOLAN;2017;70;10
1;NOLAN;2018;70;3
1;NOLAN;2019;70;4
1;NOLAN;2020;70;3
1;NOLHAN;2006;70;3
1;OSCAR;2017;70;5
1;PABLO;2020;70;4
1;PAOLO;2006;70;3
1;PAUL;2000;70;10
1;PAUL;2001;70;11
1;PAUL;2002;70;14
1;PAUL;2003;70;15
1;PAUL;2004;70;12
1;PAUL;2005;70;6
1;PAUL;2006;70;18
1;PAUL;2007;70;12
1;PAUL;2008;70;7
1;PAUL;2009;70;4
1;PAUL;2010;70;5
1;PAUL;2011;70;13
1;PAUL;2012;70;11
1;PAUL;2013;70;6
1;PAUL;2014;70;6
1;PAUL;2015;70;7
1;PAUL;2016;70;5
1;PAUL;2017;70;6
1;PAUL;2018;70;4
1;PAUL;2020;70;3
1;PAUL;2021;70;4
1;PIERRE;2000;70;5
1;PIERRE;2001;70;12
1;PIERRE;2002;70;11
1;PIERRE;2003;70;11
1;PIERRE;2004;70;9
1;PIERRE;2005;70;7
1;PIERRE;2006;70;5
1;PIERRE;2007;70;5
1;PIERRE;2008;70;3
1;PIERRE;2009;70;4
1;PIERRE;2010;70;4
1;PIERRE-LOUIS;2000;70;3
1;QUENTIN;2000;70;16
1;QUENTIN;2001;70;20
1;QUENTIN;2002;70;17
1;QUENTIN;2003;70;5
1;QUENTIN;2004;70;12
1;QUENTIN;2005;70;10
1;QUENTIN;2006;70;7
1;QUENTIN;2007;70;5
1;QUENTIN;2008;70;8
1;QUENTIN;2009;70;4
1;QUENTIN;2010;70;7
1;QUENTIN;2015;70;4
1;QUENTIN;2016;70;3
1;RAPHAEL;2011;70;4
1;RAPHAËL;2001;70;3
1;RAPHAËL;2002;70;3
1;RAPHAËL;2004;70;3
1;RAPHAËL;2007;70;5
1;RAPHAËL;2008;70;13
1;RAPHAËL;2009;70;6
1;RAPHAËL;2010;70;3
1;RAPHAËL;2012;70;3
1;RAPHAËL;2014;70;7
1;RAPHAËL;2017;70;3
1;RAPHAËL;2018;70;3
1;RAPHAËL;2019;70;6
1;RAPHAËL;2020;70;6
1;RAPHAËL;2021;70;5
1;RAYAN;2003;70;3
1;RAYAN;2006;70;3
1;RAYAN;2008;70;3
1;RAYAN;2011;70;4
1;RAYAN;2012;70;7
1;RAYAN;2013;70;5
1;RAYAN;2015;70;3
1;RAYAN;2018;70;3
1;RAYAN;2019;70;3
1;RÉMI;2000;70;7
1;RÉMI;2001;70;4
1;RÉMI;2002;70;4
1;RÉMI;2006;70;3
1;RÉMI;2007;70;3
1;RÉMY;2000;70;3
1;RÉMY;2002;70;3
1;ROBIN;2000;70;5
1;ROBIN;2001;70;4
1;ROBIN;2002;70;4
1;ROBIN;2005;70;3
1;ROBIN;2011;70;4
1;ROBIN;2013;70;6
1;ROBIN;2015;70;3
1;ROBIN;2018;70;4
1;ROBIN;2019;70;4
1;ROBIN;2020;70;7
1;ROBIN;2021;70;3
1;ROMAIN;2000;70;9
1;ROMAIN;2001;70;12
1;ROMAIN;2002;70;7
1;ROMAIN;2003;70;6
1;ROMAIN;2004;70;12
1;ROMAIN;2005;70;5
1;ROMAIN;2006;70;7
1;ROMAIN;2007;70;3
1;ROMAIN;2009;70;5
1;RUBEN;2014;70;3
1;RYAN;2004;70;3
1;RYAN;2007;70;4
1;RYAN;2009;70;3
1;SACHA;2004;70;3
1;SACHA;2006;70;4
1;SACHA;2009;70;6
1;SACHA;2010;70;3
1;SACHA;2011;70;5
1;SACHA;2012;70;3
1;SACHA;2013;70;5
1;SACHA;2014;70;4
1;SACHA;2015;70;6
1;SACHA;2016;70;4
1;SACHA;2017;70;4
1;SACHA;2018;70;6
1;SACHA;2019;70;4
1;SACHA;2020;70;3
1;SAMUEL;2000;70;5
1;SAMUEL;2001;70;6
1;SAMUEL;2002;70;5
1;SAMUEL;2003;70;6
1;SAMUEL;2004;70;3
1;SAMUEL;2005;70;3
1;SAMUEL;2006;70;3
1;SAMUEL;2007;70;6
1;SAMUEL;2008;70;3
1;SAMUEL;2017;70;3
1;SAMUEL;2018;70;3
1;SAMUEL;2019;70;3
1;SASHA;2012;70;3
1;SÉBASTIEN;2000;70;3
1;SÉBASTIEN;2003;70;3
1;SIMON;2000;70;4
1;SIMON;2001;70;6
1;SIMON;2007;70;3
1;SIMON;2009;70;3
1;SIMON;2011;70;4
1;SIMON;2013;70;5
1;SIMON;2014;70;3
1;SIMON;2015;70;4
1;SIMON;2016;70;3
1;SIMON;2017;70;4
1;SOAN;2010;70;4
1;SOAN;2012;70;3
1;SOAN;2014;70;4
1;SOAN;2018;70;3
1;SOAN;2020;70;5
1;SOAN;2021;70;3
1;SOFIANE;2005;70;3
1;SOFIANE;2008;70;3
1;SOHAN;2014;70;3
1;SOHAN;2016;70;4
1;STÉPHANE;2001;70;3
1;STEVEN;2000;70;9
1;STEVEN;2002;70;4
1;STEVEN;2003;70;4
1;STEVEN;2004;70;3
1;STEVEN;2005;70;3
1;STEVEN;2006;70;3
1;SYLVAIN;2000;70;3
1;TANGUY;2000;70;4
1;TANGUY;2001;70;5
1;TANGUY;2002;70;3
1;TEDDY;2000;70;3
1;TÉO;2009;70;4
1;THEO;2010;70;6
1;THEO;2011;70;4
1;THÉO;2000;70;22
1;THÉO;2001;70;18
1;THÉO;2002;70;31
1;THÉO;2003;70;22
1;THÉO;2004;70;11
1;THÉO;2005;70;15
1;THÉO;2006;70;17
1;THÉO;2007;70;10
1;THÉO;2008;70;16
1;THÉO;2009;70;6
1;THÉO;2010;70;6
1;THÉO;2012;70;12
1;THÉO;2014;70;6
1;THÉO;2015;70;8
1;THÉO;2016;70;5
1;THÉO;2017;70;6
1;THÉO;2018;70;5
1;THÉO;2019;70;4
1;THÉO;2021;70;3
1;THIAGO;2019;70;3
1;THIAGO;2020;70;4
1;THIAGO;2021;70;5
1;THIBAULT;2000;70;8
1;THIBAULT;2001;70;4
1;THIBAULT;2005;70;4
1;THIBAULT;2007;70;3
1;THIBAUT;2000;70;6
1;THIBAUT;2001;70;3
1;THIBAUT;2002;70;4
1;THIBAUT;2003;70;4
1;THIBAUT;2004;70;3
1;THIBAUT;2012;70;3
1;THOMAS;2000;70;18
1;THOMAS;2001;70;22
1;THOMAS;2002;70;13
1;THOMAS;2003;70;8
1;THOMAS;2004;70;11
1;THOMAS;2005;70;10
1;THOMAS;2006;70;10
1;THOMAS;2007;70;11
1;THOMAS;2008;70;9
1;THOMAS;2009;70;9
1;THOMAS;2011;70;7
1;THOMAS;2012;70;6
1;THOMAS;2013;70;5
1;THOMAS;2014;70;5
1;THOMAS;2018;70;3
1;TIAGO;2014;70;3
1;TIAGO;2015;70;3
1;TIAGO;2016;70;4
1;TIAGO;2018;70;3
1;TIAGO;2019;70;11
1;TIAGO;2020;70;6
1;TIAGO;2021;70;8
1;TIM;2010;70;3
1;TIMEO;2007;70;4
1;TIMEO;2008;70;5
1;TIMEO;2009;70;6
1;TIMEO;2010;70;7
1;TIMEO;2011;70;5
1;TIMÉO;2012;70;11
1;TIMÉO;2013;70;14
1;TIMÉO;2014;70;13
1;TIMÉO;2015;70;7
1;TIMÉO;2016;70;4
1;TIMÉO;2017;70;9
1;TIMÉO;2018;70;4
1;TIMÉO;2019;70;7
1;TIMÉO;2020;70;4
1;TIMÉO;2021;70;5
1;TIMOTHE;2011;70;3
1;TITOUAN;2001;70;4
1;TITOUAN;2002;70;4
1;TITOUAN;2005;70;3
1;TITOUAN;2008;70;5
1;TOLGA;2005;70;3
1;TOM;2000;70;10
1;TOM;2001;70;10
1;TOM;2002;70;8
1;TOM;2003;70;10
1;TOM;2004;70;6
1;TOM;2005;70;12
1;TOM;2006;70;10
1;TOM;2007;70;12
1;TOM;2008;70;8
1;TOM;2009;70;8
1;TOM;2010;70;11
1;TOM;2011;70;3
1;TOM;2012;70;8
1;TOM;2013;70;12
1;TOM;2014;70;9
1;TOM;2015;70;5
1;TOM;2017;70;5
1;TOM;2018;70;10
1;TOM;2020;70;5
1;TOM;2021;70;5
1;TONY;2000;70;4
1;TONY;2010;70;3
1;TRISTAN;2000;70;6
1;TRISTAN;2002;70;4
1;TRISTAN;2003;70;6
1;TRISTAN;2004;70;4
1;TRISTAN;2005;70;3
1;TRISTAN;2006;70;4
1;TRISTAN;2007;70;4
1;TRISTAN;2008;70;5
1;TRISTAN;2010;70;4
1;TYMÉO;2017;70;3
1;VALENTIN;2000;70;7
1;VALENTIN;2001;70;19
1;VALENTIN;2002;70;9
1;VALENTIN;2003;70;6
1;VALENTIN;2004;70;11
1;VALENTIN;2005;70;4
1;VALENTIN;2006;70;15
1;VALENTIN;2007;70;3
1;VALENTIN;2009;70;6
1;VALENTIN;2010;70;3
1;VALENTIN;2011;70;3
1;VALENTIN;2012;70;4
1;VALENTIN;2014;70;7
1;VALENTIN;2015;70;7
1;VALENTIN;2018;70;4
1;VALENTIN;2021;70;5
1;VICTOR;2000;70;6
1;VICTOR;2001;70;8
1;VICTOR;2002;70;3
1;VICTOR;2003;70;5
1;VICTOR;2007;70;3
1;VICTOR;2011;70;4
1;VICTOR;2012;70;3
1;VICTOR;2013;70;3
1;VICTOR;2018;70;3
1;VICTOR;2021;70;3
1;VINCENT;2000;70;7
1;VINCENT;2001;70;4
1;VINCENT;2002;70;5
1;VINCENT;2004;70;3
1;VINCENT;2009;70;3
1;VIRGILE;2001;70;3
1;WALID;2002;70;3
1;WASSIM;2009;70;3
1;WILLIAM;2001;70;3
1;WILLIAM;2002;70;3
1;WILLIAM;2007;70;4
1;WILLIAM;2011;70;3
1;XAVIER;2000;70;3
1;YANIS;2001;70;3
1;YANIS;2003;70;3
1;YANIS;2004;70;5
1;YANIS;2005;70;7
1;YANIS;2006;70;6
1;YANIS;2007;70;8
1;YANIS;2008;70;5
1;YANIS;2009;70;8
1;YANIS;2010;70;5
1;YANIS;2012;70;7
1;YANIS;2013;70;4
1;YANIS;2015;70;4
1;YANIS;2017;70;3
1;YANN;2000;70;6
1;YANN;2005;70;3
1;YANN;2006;70;4
1;YASSINE;2010;70;3
1;YOUNES;2009;70;3
1;ZAKARIA;2008;70;3
2;_PRENOMS_RARES;2000;70;12
2;_PRENOMS_RARES;2001;70;12
2;_PRENOMS_RARES;2002;70;17
2;_PRENOMS_RARES;2003;70;13
2;_PRENOMS_RARES;2004;70;16
2;_PRENOMS_RARES;2005;70;15
2;_PRENOMS_RARES;2006;70;23
2;_PRENOMS_RARES;2007;70;24
2;_PRENOMS_RARES;2008;70;11
2;_PRENOMS_RARES;2009;70;21
2;_PRENOMS_RARES;2010;70;29
2;_PRENOMS_RARES;2011;70;27
2;_PRENOMS_RARES;2012;70;24
2;_PRENOMS_RARES;2013;70;28
2;_PRENOMS_RARES;2014;70;19
2;_PRENOMS_RARES;2015;70;28
2;_PRENOMS_RARES;2016;70;19
2;_PRENOMS_RARES;2017;70;20
2;_PRENOMS_RARES;2018;70;16
2;_PRENOMS_RARES;2019;70;25
2;_PRENOMS_RARES;2020;70;26
2;_PRENOMS_RARES;2021;70;27
2;ADÈLE;2019;70;5
2;ADÈLE;2021;70;3
2;ADELINE;2003;70;3
2;ADELINE;2004;70;4
2;AGATHE;2000;70;3
2;AGATHE;2003;70;5
2;AGATHE;2005;70;3
2;AGATHE;2006;70;4
2;AGATHE;2008;70;3
2;AGATHE;2010;70;4
2;AGATHE;2011;70;4
2;AGATHE;2013;70;3
2;AGATHE;2015;70;3
2;AGATHE;2017;70;4
2;AGATHE;2018;70;7
2;AGATHE;2019;70;3
2;AGATHE;2020;70;5
2;AGATHE;2021;70;3
2;ALEXANDRA;2000;70;3
2;ALEXIA;2000;70;3
2;ALEXIA;2001;70;4
2;ALEXIA;2002;70;4
2;ALEXIA;2003;70;3
2;ALEXIA;2004;70;5
2;ALICE;2000;70;6
2;ALICE;2002;70;5
2;ALICE;2004;70;3
2;ALICE;2005;70;5
2;ALICE;2010;70;5
2;ALICE;2011;70;8
2;ALICE;2012;70;3
2;ALICE;2013;70;7
2;ALICE;2014;70;4
2;ALICE;2015;70;5
2;ALICE;2016;70;5
2;ALICE;2018;70;6
2;ALICE;2019;70;3
2;ALICE;2020;70;3
2;ALICE;2021;70;6
2;ALICIA;2000;70;4
2;ALICIA;2002;70;5
2;ALICIA;2003;70;4
2;ALICIA;2004;70;6
2;ALICIA;2005;70;5
2;ALICIA;2011;70;4
2;ALICIA;2012;70;3
2;ALICIA;2013;70;5
2;ALICIA;2014;70;3
2;ALICIA;2019;70;3
2;ALINE;2007;70;4
2;ALISON;2000;70;4
2;ALIX;2021;70;3
2;ALIZÉE;2000;70;3
2;ALIZÉE;2001;70;7
2;ALIZÉE;2002;70;3
2;ALIZÉE;2005;70;4
2;ALIZÉE;2020;70;3
2;ALYA;2020;70;3
2;ALYSSA;2011;70;3
2;AMANDINE;2000;70;7
2;AMANDINE;2002;70;4
2;AMANDINE;2004;70;3
2;AMANDINE;2006;70;4
2;AMANDINE;2011;70;3
2;AMBRE;2003;70;5
2;AMBRE;2005;70;6
2;AMBRE;2006;70;10
2;AMBRE;2007;70;4
2;AMBRE;2009;70;3
2;AMBRE;2011;70;6
2;AMBRE;2012;70;5
2;AMBRE;2013;70;5
2;AMBRE;2015;70;6
2;AMBRE;2016;70;6
2;AMBRE;2017;70;5
2;AMBRE;2018;70;4
2;AMBRE;2019;70;3
2;AMBRE;2020;70;5
2;AMÉLIA;2000;70;3
2;AMÉLIA;2018;70;4
2;AMÉLIE;2000;70;8
2;AMÉLIE;2001;70;6
2;AMÉLIE;2002;70;4
2;AMÉLIE;2005;70;3
2;AMIRA;2019;70;3
2;ANAÉ;2013;70;3
2;ANAELLE;2002;70;3
2;ANAELLE;2006;70;4
2;ANAËLLE;2015;70;3
2;ANAIS;2011;70;3
2;ANAÏS;2000;70;6
2;ANAÏS;2001;70;9
2;ANAÏS;2002;70;11
2;ANAÏS;2003;70;10
2;ANAÏS;2004;70;7
2;ANAÏS;2005;70;5
2;ANAÏS;2006;70;4
2;ANAÏS;2007;70;6
2;ANAÏS;2008;70;4
2;ANAÏS;2009;70;5
2;ANAÏS;2011;70;3
2;ANAÏS;2012;70;3
2;ANDREA;2011;70;3
2;ANDRÉA;2000;70;4
2;ANDRÉA;2001;70;4
2;ANDRÉA;2004;70;3
2;ANGÈLE;2016;70;3
2;ANGÉLINE;2014;70;3
2;ANGELIQUE;2000;70;3
2;ANISSA;2001;70;3
2;ANNA;2005;70;3
2;ANNA;2006;70;4
2;ANNA;2009;70;4
2;ANNA;2010;70;3
2;ANNA;2011;70;4
2;ANNA;2012;70;4
2;ANNA;2015;70;4
2;ANNA;2016;70;6
2;ANNA;2017;70;5
2;ANNA;2018;70;6
2;ANNA;2019;70;6
2;ANNA;2020;70;4
2;APOLLINE;2018;70;4
2;APOLLINE;2020;70;3
2;AUDREY;2000;70;4
2;AUDREY;2001;70;4
2;AUDREY;2002;70;3
2;AUDREY;2003;70;3
2;AUDREY;2004;70;3
2;AURELIA;2000;70;3
2;AURÉLIE;2000;70;6
2;AURÉLIE;2003;70;3
2;AURORE;2000;70;3
2;AURORE;2002;70;3
2;AURORE;2003;70;3
2;AURORE;2005;70;3
2;AXELLE;2000;70;3
2;AXELLE;2002;70;5
2;AXELLE;2009;70;4
2;AXELLE;2019;70;3
2;AYA;2009;70;3
2;AYA;2017;70;3
2;AZRA;2014;70;3
2;CAMÉLIA;2003;70;3
2;CAMÉLIA;2015;70;3
2;CAMILLE;2000;70;19
2;CAMILLE;2001;70;13
2;CAMILLE;2002;70;14
2;CAMILLE;2003;70;6
2;CAMILLE;2004;70;7
2;CAMILLE;2005;70;11
2;CAMILLE;2006;70;3
2;CAMILLE;2007;70;10
2;CAMILLE;2008;70;10
2;CAMILLE;2009;70;9
2;CAMILLE;2010;70;8
2;CAMILLE;2011;70;3
2;CAMILLE;2013;70;9
2;CAMILLE;2014;70;5
2;CAMILLE;2015;70;4
2;CAMILLE;2016;70;4
2;CAMILLE;2018;70;6
2;CAMILLE;2020;70;4
2;CANDICE;2005;70;3
2;CANDICE;2012;70;4
2;CANDICE;2020;70;3
2;CAPUCINE;2006;70;3
2;CAPUCINE;2021;70;4
2;CARLA;2002;70;3
2;CAROLINE;2000;70;3
2;CASSANDRA;2009;70;3
2;CASSANDRE;2002;70;3
2;CÉLESTE;2021;70;3
2;CÉLESTINE;2021;70;3
2;CELIA;2011;70;7
2;CÉLIA;2000;70;5
2;CÉLIA;2001;70;7
2;CÉLIA;2002;70;3
2;CÉLIA;2003;70;8
2;CÉLIA;2004;70;4
2;CÉLIA;2005;70;12
2;CÉLIA;2006;70;4
2;CÉLIA;2008;70;4
2;CÉLIA;2013;70;3
2;CÉLIA;2019;70;3
2;CÉLINE;2000;70;4
2;CÉLINE;2003;70;4
2;CHAIMA;2009;70;3
2;CHARLIE;2019;70;3
2;CHARLIE;2020;70;3
2;CHARLINE;2000;70;5
2;CHARLINE;2001;70;3
2;CHARLINE;2011;70;3
2;CHARLINE;2013;70;3
2;CHARLOTTE;2000;70;5
2;CHARLOTTE;2001;70;8
2;CHARLOTTE;2002;70;8
2;CHARLOTTE;2004;70;6
2;CHARLOTTE;2005;70;8
2;CHARLOTTE;2006;70;6
2;CHARLOTTE;2007;70;5
2;CHARLOTTE;2010;70;3
2;CHARLOTTE;2012;70;3
2;CHARLOTTE;2013;70;3
2;CHLOE;2010;70;5
2;CHLOE;2011;70;6
2;CHLOÉ;2000;70;23
2;CHLOÉ;2001;70;17
2;CHLOÉ;2002;70;11
2;CHLOÉ;2003;70;12
2;CHLOÉ;2004;70;14
2;CHLOÉ;2005;70;15
2;CHLOÉ;2006;70;12
2;CHLOÉ;2007;70;4
2;CHLOÉ;2008;70;6
2;CHLOÉ;2009;70;11
2;CHLOÉ;2010;70;6
2;CHLOÉ;2011;70;3
2;CHLOÉ;2012;70;6
2;CHLOÉ;2013;70;5
2;CHLOÉ;2014;70;8
2;CHLOÉ;2015;70;9
2;CHLOÉ;2016;70;5
2;CHLOÉ;2017;70;5
2;CHLOÉ;2018;70;3
2;CHLOÉ;2020;70;6
2;CHLOÉ;2021;70;3
2;CLAIRE;2000;70;4
2;CLAIRE;2001;70;5
2;CLAIRE;2003;70;5
2;CLAIRE;2014;70;3
2;CLARA;2000;70;3
2;CLARA;2001;70;11
2;CLARA;2002;70;10
2;CLARA;2003;70;7
2;CLARA;2004;70;13
2;CLARA;2005;70;13
2;CLARA;2006;70;20
2;CLARA;2007;70;9
2;CLARA;2008;70;7
2;CLARA;2009;70;8
2;CLARA;2010;70;3
2;CLARA;2011;70;8
2;CLARA;2012;70;11
2;CLARA;2013;70;5
2;CLARA;2014;70;3
2;CLARA;2015;70;4
2;CLARA;2018;70;4
2;CLARA;2019;70;3
2;CLARA;2020;70;3
2;CLARISSE;2001;70;3
2;CLARISSE;2004;70;4
2;CLARISSE;2007;70;4
2;CLARISSE;2012;70;3
2;CLÉA;2003;70;3
2;CLÉA;2012;70;3
2;CLÉA;2015;70;6
2;CLEMENCE;2010;70;3
2;CLEMENCE;2011;70;5
2;CLÉMENCE;2000;70;8
2;CLÉMENCE;2001;70;8
2;CLÉMENCE;2002;70;7
2;CLÉMENCE;2004;70;6
2;CLÉMENCE;2006;70;5
2;CLÉMENCE;2008;70;5
2;CLÉMENCE;2009;70;5
2;CLÉMENCE;2012;70;5
2;CLÉMENCE;2017;70;3
2;CLÉMENCE;2018;70;4
2;CLÉMENCE;2021;70;3
2;CLEMENTINE;2011;70;3
2;CLÉMENTINE;2007;70;4
2;CLÉMENTINE;2009;70;3
2;CLOE;2001;70;4
2;CLOE;2002;70;3
2;CLOE;2005;70;4
2;CLOÉ;2014;70;6
2;COLINE;2000;70;3
2;COLINE;2015;70;3
2;CONSTANCE;2012;70;3
2;CORALIE;2000;70;4
2;CORALIE;2001;70;4
2;ELA;2010;70;3
2;ELEA;2001;70;3
2;ELEA;2007;70;3
2;ELENA;2005;70;3
2;ELENA;2011;70;4
2;ELENA;2018;70;3
2;ELENA;2019;70;3
2;ELENA;2020;70;5
2;ELÉNA;2013;70;3
2;ELÉNA;2015;70;5
2;ELINA;2015;70;3
2;ELISA;2000;70;6
2;ELISA;2001;70;4
2;ELISA;2002;70;5
2;ELISA;2003;70;4
2;ELISA;2004;70;9
2;ELISA;2005;70;4
2;ELISA;2007;70;3
2;ELISA;2011;70;4
2;ELISE;2000;70;10
2;ELISE;2001;70;5
2;ELISE;2002;70;5
2;ELISE;2008;70;3
2;ELLA;2021;70;3
2;ELODIE;2000;70;5
2;ELODIE;2001;70;6
2;ELODIE;2002;70;3
2;ELODIE;2004;70;6
2;ELODIE;2006;70;4
2;ELOISE;2001;70;5
2;ELOISE;2002;70;3
2;ELOÏSE;2021;70;3
2;ELSA;2005;70;3
2;ELSA;2007;70;4
2;ELSA;2008;70;4
2;ELSA;2009;70;3
2;ELSA;2010;70;3
2;ELSA;2012;70;5
2;ELSA;2014;70;3
2;ELYNA;2018;70;5
2;EMA;2019;70;3
2;EMELINE;2000;70;3
2;EMELINE;2001;70;3
2;EMELINE;2002;70;3
2;EMELINE;2003;70;4
2;EMELINE;2004;70;4
2;EMELINE;2005;70;3
2;EMILIE;2000;70;6
2;EMILIE;2001;70;3
2;EMILIE;2002;70;4
2;EMILIE;2003;70;5
2;EMILIE;2004;70;4
2;EMILIE;2008;70;6
2;EMMA;2000;70;12
2;EMMA;2001;70;5
2;EMMA;2002;70;19
2;EMMA;2003;70;10
2;EMMA;2004;70;14
2;EMMA;2005;70;7
2;EMMA;2006;70;17
2;EMMA;2007;70;17
2;EMMA;2008;70;17
2;EMMA;2009;70;10
2;EMMA;2010;70;13
2;EMMA;2011;70;7
2;EMMA;2012;70;9
2;EMMA;2013;70;12
2;EMMA;2014;70;12
2;EMMA;2015;70;8
2;EMMA;2016;70;7
2;EMMA;2017;70;7
2;EMMA;2018;70;11
2;EMMA;2019;70;4
2;EMMA;2020;70;8
2;EMMA;2021;70;7
2;EMY;2015;70;3
2;EMY;2018;70;4
2;EMY;2021;70;5
2;ENOLA;2002;70;3
2;ENOLA;2011;70;3
2;ENORA;2014;70;5
2;ERINE;2008;70;3
2;ERINE;2009;70;3
2;EVA;2000;70;7
2;EVA;2001;70;6
2;EVA;2002;70;5
2;EVA;2003;70;3
2;EVA;2004;70;4
2;EVA;2005;70;7
2;EVA;2006;70;6
2;EVA;2007;70;4
2;EVA;2008;70;7
2;EVA;2009;70;8
2;EVA;2011;70;3
2;EVA;2014;70;4
2;EVA;2015;70;3
2;EVA;2021;70;3
2;EVE;2012;70;3
2;FANNY;2000;70;4
2;FANNY;2001;70;3
2;FANNY;2002;70;5
2;FANNY;2004;70;3
2;FARAH;2007;70;4
2;FLAVIE;2001;70;3
2;FLORA;2006;70;3
2;FLORINE;2000;70;5
2;FLORINE;2001;70;3
2;GABRIELLE;2008;70;4
2;GABRIELLE;2009;70;3
2;GARANCE;2002;70;3
2;GARANCE;2011;70;3
2;GIULIA;2019;70;3
2;GIULIA;2021;70;5
2;GWENDOLINE;2003;70;3
2;HELENA;2002;70;4
2;HÉLÈNE;2001;70;4
2;HÉLOÏSE;2015;70;3
2;ILONA;2000;70;3
2;ILYANA;2020;70;3
2;IMANE;2004;70;3
2;INAYA;2013;70;4
2;INAYA;2018;70;5
2;INAYA;2019;70;3
2;INES;2010;70;3
2;INES;2011;70;5
2;INÈS;2000;70;4
2;INÈS;2002;70;9
2;INÈS;2003;70;5
2;INÈS;2004;70;6
2;INÈS;2006;70;6
2;INÈS;2007;70;17
2;INÈS;2008;70;5
2;INÈS;2009;70;5
2;INÈS;2012;70;9
2;INÈS;2013;70;7
2;INÈS;2014;70;10
2;INÈS;2016;70;5
2;INÈS;2017;70;3
2;INÈS;2019;70;6
2;INÈS;2020;70;5
2;INÈS;2021;70;6
2;IRIS;2021;70;11
2;JADE;2000;70;4
2;JADE;2002;70;6
2;JADE;2003;70;7
2;JADE;2004;70;4
2;JADE;2005;70;7
2;JADE;2006;70;8
2;JADE;2007;70;9
2;JADE;2008;70;9
2;JADE;2009;70;9
2;JADE;2010;70;3
2;JADE;2011;70;17
2;JADE;2012;70;7
2;JADE;2013;70;4
2;JADE;2014;70;7
2;JADE;2015;70;5
2;JADE;2016;70;7
2;JADE;2017;70;8
2;JADE;2018;70;7
2;JADE;2019;70;7
2;JADE;2020;70;7
2;JADE;2021;70;8
2;JEANNE;2000;70;4
2;JEANNE;2001;70;3
2;JEANNE;2002;70;5
2;JEANNE;2003;70;4
2;JEANNE;2004;70;4
2;JEANNE;2005;70;3
2;JEANNE;2006;70;5
2;JEANNE;2009;70;5
2;JEANNE;2010;70;5
2;JEANNE;2011;70;3
2;JEANNE;2012;70;4
2;JEANNE;2015;70;7
2;JEANNE;2016;70;4
2;JEANNE;2017;70;6
2;JEANNE;2018;70;4
2;JEANNE;2019;70;4
2;JEANNE;2020;70;3
2;JEANNE;2021;70;5
2;JENNIFER;2002;70;3
2;JESSICA;2003;70;3
2;JOSEPHINE;2001;70;3
2;JOY;2021;70;3
2;JUDITH;2021;70;3
2;JULIA;2001;70;3
2;JULIA;2005;70;5
2;JULIA;2006;70;3
2;JULIA;2007;70;5
2;JULIA;2008;70;6
2;JULIA;2009;70;3
2;JULIA;2010;70;4
2;JULIA;2011;70;3
2;JULIA;2012;70;5
2;JULIA;2013;70;6
2;JULIA;2014;70;9
2;JULIA;2015;70;4
2;JULIA;2017;70;7
2;JULIA;2019;70;7
2;JULIA;2020;70;4
2;JULIA;2021;70;3
2;JULIE;2000;70;7
2;JULIE;2001;70;8
2;JULIE;2002;70;7
2;JULIE;2003;70;9
2;JULIE;2004;70;9
2;JULIE;2005;70;5
2;JULIE;2006;70;3
2;JULIE;2007;70;3
2;JULIE;2008;70;4
2;JULIE;2009;70;3
2;JULIE;2011;70;3
2;JULIE;2015;70;3
2;JULIE;2016;70;3
2;JULIETTE;2000;70;6
2;JULIETTE;2001;70;7
2;JULIETTE;2002;70;4
2;JULIETTE;2003;70;4
2;JULIETTE;2004;70;5
2;JULIETTE;2006;70;4
2;JULIETTE;2007;70;4
2;JULIETTE;2008;70;4
2;JULIETTE;2009;70;3
2;JULIETTE;2010;70;5
2;JULIETTE;2011;70;3
2;JULIETTE;2012;70;6
2;JULIETTE;2014;70;3
2;JULIETTE;2015;70;5
2;JULIETTE;2016;70;3
2;JULIETTE;2019;70;4
2;JULINE;2013;70;3
2;JUSTINE;2000;70;12
2;JUSTINE;2001;70;8
2;JUSTINE;2002;70;8
2;JUSTINE;2003;70;4
2;JUSTINE;2004;70;5
2;JUSTINE;2005;70;7
2;JUSTINE;2006;70;4
2;JUSTINE;2007;70;6
2;JUSTINE;2013;70;4
2;JUSTINE;2014;70;3
2;KELLY;2004;70;3
2;LANA;2006;70;5
2;LANA;2007;70;3
2;LANA;2010;70;6
2;LANA;2011;70;7
2;LANA;2012;70;7
2;LANA;2013;70;4
2;LANA;2014;70;5
2;LANA;2016;70;4
2;LANA;2017;70;6
2;LAURA;2000;70;15
2;LAURA;2001;70;16
2;LAURA;2002;70;13
2;LAURA;2003;70;12
2;LAURA;2004;70;10
2;LAURA;2005;70;10
2;LAURA;2006;70;4
2;LAURA;2007;70;3
2;LAURA;2008;70;5
2;LAURA;2009;70;4
2;LAURA;2010;70;6
2;LAURA;2011;70;3
2;LAURA;2014;70;3
2;LAURE;2000;70;4
2;LAURE;2001;70;5
2;LAURIE;2000;70;3
2;LAURIE;2001;70;4
2;LAURIE;2002;70;3
2;LAURINE;2000;70;16
2;LAURINE;2001;70;6
2;LAURINE;2002;70;6
2;LAURINE;2003;70;4
2;LAURINE;2004;70;5
2;LAURINE;2005;70;4
2;LAURINE;2007;70;4
2;LEA;2010;70;6
2;LEA;2011;70;9
2;LÉA;2000;70;37
2;LÉA;2001;70;32
2;LÉA;2002;70;26
2;LÉA;2003;70;17
2;LÉA;2004;70;21
2;LÉA;2005;70;15
2;LÉA;2006;70;15
2;LÉA;2007;70;11
2;LÉA;2008;70;12
2;LÉA;2009;70;8
2;LÉA;2012;70;12
2;LÉA;2013;70;11
2;LÉA;2014;70;5
2;LÉA;2015;70;7
2;LÉA;2016;70;4
2;LÉA;2017;70;5
2;LÉA;2018;70;4
2;LÉA;2019;70;4
2;LÉA;2020;70;4
2;LÉANA;2000;70;4
2;LÉANA;2012;70;5
2;LÉANA;2014;70;4
2;LÉANA;2015;70;4
2;LÉANA;2016;70;4
2;LÉANA;2017;70;8
2;LÉANA;2018;70;3
2;LÉANA;2020;70;3
2;LEANE;2011;70;3
2;LÉANE;2002;70;4
2;LÉANE;2005;70;4
2;LÉANE;2006;70;4
2;LÉANE;2007;70;3
2;LÉANE;2008;70;3
2;LÉANE;2012;70;6
2;LÉANE;2013;70;4
2;LENA;2010;70;5
2;LÉNA;2001;70;4
2;LÉNA;2002;70;6
2;LÉNA;2003;70;4
2;LÉNA;2004;70;5
2;LÉNA;2005;70;8
2;LÉNA;2006;70;7
2;LÉNA;2007;70;6
2;LÉNA;2008;70;3
2;LÉNA;2009;70;7
2;LÉNA;2010;70;3
2;LÉNA;2011;70;4
2;LÉNA;2012;70;3
2;LÉNA;2013;70;5
2;LÉNA;2015;70;5
2;LÉNA;2016;70;5
2;LÉNA;2017;70;5
2;LÉNA;2018;70;4
2;LÉNA;2019;70;4
2;LÉNA;2021;70;7
2;LEONIE;2010;70;3
2;LEONIE;2011;70;3
2;LÉONIE;2002;70;3
2;LÉONIE;2004;70;3
2;LÉONIE;2005;70;3
2;LÉONIE;2008;70;5
2;LÉONIE;2009;70;3
2;LÉONIE;2012;70;3
2;LÉONIE;2013;70;5
2;LÉONIE;2016;70;4
2;LÉONIE;2017;70;4
2;LÉONIE;2018;70;6
2;LÉONIE;2021;70;3
2;LEYNA;2009;70;3
2;LIANA;2018;70;3
2;LILLY;2011;70;3
2;LILOU;2002;70;4
2;LILOU;2003;70;3
2;LILOU;2004;70;3
2;LILOU;2005;70;8
2;LILOU;2006;70;12
2;LILOU;2007;70;8
2;LILOU;2008;70;7
2;LILOU;2009;70;16
2;LILOU;2010;70;9
2;LILOU;2011;70;8
2;LILOU;2012;70;8
2;LILOU;2013;70;9
2;LILOU;2014;70;6
2;LILOU;2015;70;7
2;LILOU;2017;70;5
2;LILOU;2018;70;9
2;LILOU;2019;70;4
2;LILOU;2020;70;5
2;LILY;2005;70;3
2;LILY;2007;70;5
2;LILY;2010;70;7
2;LILY;2015;70;3
2;LINA;2001;70;3
2;LINA;2005;70;3
2;LINA;2008;70;6
2;LINA;2009;70;3
2;LINA;2010;70;4
2;LINA;2011;70;3
2;LINA;2012;70;5
2;LINA;2013;70;6
2;LINA;2014;70;4
2;LINA;2016;70;3
2;LINA;2017;70;3
2;LINA;2018;70;3
2;LINA;2019;70;5
2;LINDSAY;2007;70;3
2;LINE;2016;70;4
2;LISA;2000;70;7
2;LISA;2001;70;12
2;LISA;2002;70;12
2;LISA;2003;70;3
2;LISA;2004;70;5
2;LISA;2005;70;6
2;LISA;2006;70;5
2;LISA;2008;70;3
2;LISA;2009;70;4
2;LISA;2010;70;7
2;LISA;2012;70;4
2;LISA;2013;70;4
2;LISA;2014;70;3
2;LISA;2016;70;3
2;LISE;2007;70;3
2;LISE;2013;70;3
2;LIVIA;2021;70;3
2;LOANE;2005;70;3
2;LOLA;2001;70;6
2;LOLA;2003;70;10
2;LOLA;2004;70;4
2;LOLA;2006;70;8
2;LOLA;2007;70;8
2;LOLA;2008;70;10
2;LOLA;2009;70;8
2;LOLA;2010;70;14
2;LOLA;2011;70;8
2;LOLA;2012;70;5
2;LOLA;2013;70;7
2;LOLA;2014;70;8
2;LOLA;2015;70;7
2;LOLA;2016;70;7
2;LOLA;2018;70;3
2;LOLA;2019;70;3
2;LOLA;2021;70;7
2;LORIE;2002;70;5
2;LORINE;2002;70;3
2;LOU;2001;70;3
2;LOU;2002;70;5
2;LOU;2003;70;4
2;LOU;2004;70;7
2;LOU;2007;70;5
2;LOU;2008;70;5
2;LOU;2014;70;4
2;LOU;2017;70;5
2;LOU;2019;70;4
2;LOU;2021;70;6
2;LOU-ANN;2003;70;5
2;LOU-ANN;2011;70;3
2;LOU-ANNE;2005;70;3
2;LOU-ANNE;2007;70;5
2;LOUANE;2003;70;3
2;LOUANE;2004;70;3
2;LOUANE;2006;70;6
2;LOUANE;2008;70;6
2;LOUANE;2009;70;7
2;LOUANE;2010;70;7
2;LOUANE;2012;70;7
2;LOUANE;2014;70;5
2;LOUANE;2015;70;4
2;LOUANE;2016;70;5
2;LOUANE;2017;70;5
2;LOUANE;2019;70;3
2;LOUISE;2000;70;3
2;LOUISE;2001;70;5
2;LOUISE;2002;70;7
2;LOUISE;2003;70;9
2;LOUISE;2005;70;3
2;LOUISE;2006;70;5
2;LOUISE;2007;70;5
2;LOUISE;2008;70;5
2;LOUISE;2009;70;4
2;LOUISE;2010;70;7
2;LOUISE;2011;70;6
2;LOUISE;2012;70;4
2;LOUISE;2013;70;7
2;LOUISE;2014;70;6
2;LOUISE;2015;70;7
2;LOUISE;2016;70;6
2;LOUISE;2017;70;8
2;LOUISE;2018;70;4
2;LOUISE;2019;70;7
2;LOUISE;2020;70;5
2;LOUISE;2021;70;3
2;LOUNA;2005;70;6
2;LOUNA;2006;70;3
2;LOUNA;2007;70;7
2;LOUNA;2008;70;7
2;LOUNA;2009;70;13
2;LOUNA;2010;70;5
2;LOUNA;2011;70;8
2;LOUNA;2012;70;8
2;LOUNA;2013;70;3
2;LOUNA;2015;70;10
2;LOUNA;2016;70;5
2;LOUNA;2017;70;4
2;LOUNA;2018;70;4
2;LOUNA;2019;70;3
2;LOUNA;2020;70;5
2;LOUNA;2021;70;3
2;LUCIE;2000;70;20
2;LUCIE;2001;70;8
2;LUCIE;2002;70;8
2;LUCIE;2003;70;9
2;LUCIE;2004;70;9
2;LUCIE;2005;70;15
2;LUCIE;2006;70;5
2;LUCIE;2007;70;6
2;LUCIE;2008;70;5
2;LUCIE;2009;70;7
2;LUCIE;2010;70;10
2;LUCIE;2011;70;5
2;LUCIE;2013;70;5
2;LUCIE;2014;70;4
2;LUCIE;2015;70;6
2;LUCIE;2016;70;9
2;LUCIE;2018;70;4
2;LUCY;2013;70;3
2;LUDIVINE;2000;70;5
2;LUDIVINE;2002;70;3
2;LUNA;2009;70;5
2;LUNA;2011;70;3
2;LUNA;2012;70;6
2;LUNA;2014;70;3
2;LUNA;2015;70;3
2;LUNA;2016;70;4
2;LUNA;2017;70;3
2;LUNA;2019;70;3
2;LUNA;2020;70;3
2;LUNA;2021;70;3
2;LYA;2014;70;4
2;LYA;2017;70;4
2;LYANA;2020;70;3
2;LYLOU;2006;70;4
2;LYLOU;2008;70;3
2;LYLOU;2009;70;3
2;LYLOU;2013;70;4
2;LYLOU;2016;70;3
2;LYNA;2011;70;3
2;LYNA;2014;70;3
2;LYNA;2015;70;3
2;LYNA;2017;70;3
2;LYNA;2019;70;3
2;MADELEINE;2016;70;3
2;MAELIE;2011;70;3
2;MAELLE;2000;70;4
2;MAELLE;2001;70;4
2;MAELLE;2004;70;4
2;MAELLE;2006;70;3
2;MAELLE;2009;70;3
2;MAËLLE;2014;70;3
2;MAËLLE;2021;70;3
2;MAËLYNE;2016;70;3
2;MAELYS;2001;70;3
2;MAELYS;2006;70;5
2;MAELYS;2007;70;5
2;MAELYS;2008;70;3
2;MAELYS;2009;70;8
2;MAELYS;2010;70;6
2;MAELYS;2011;70;6
2;MAËLYS;2012;70;5
2;MAËLYS;2013;70;5
2;MAËLYS;2014;70;4
2;MAËLYS;2015;70;5
2;MAËLYS;2016;70;5
2;MAEVA;2000;70;5
2;MAEVA;2001;70;10
2;MAEVA;2002;70;4
2;MAEVA;2005;70;4
2;MAEVA;2006;70;11
2;MAILYS;2008;70;3
2;MAISSA;2005;70;4
2;MAÏWENN;2013;70;3
2;MALAK;2015;70;3
2;MALICIA;2011;70;3
2;MALLAURY;2000;70;3
2;MALYA;2020;70;3
2;MANON;2000;70;21
2;MANON;2001;70;25
2;MANON;2002;70;12
2;MANON;2003;70;19
2;MANON;2004;70;14
2;MANON;2005;70;13
2;MANON;2006;70;16
2;MANON;2007;70;8
2;MANON;2008;70;14
2;MANON;2009;70;8
2;MANON;2010;70;10
2;MANON;2011;70;7
2;MANON;2012;70;7
2;MANON;2014;70;6
2;MANON;2015;70;8
2;MANON;2016;70;9
2;MANON;2017;70;5
2;MANON;2018;70;4
2;MARGAUX;2000;70;6
2;MARGAUX;2001;70;6
2;MARGAUX;2002;70;4
2;MARGAUX;2003;70;3
2;MARGAUX;2004;70;3
2;MARGAUX;2005;70;4
2;MARGAUX;2011;70;3
2;MARGAUX;2012;70;5
2;MARGAUX;2013;70;3
2;MARGAUX;2014;70;4
2;MARGAUX;2015;70;3
2;MARGAUX;2016;70;3
2;MARGAUX;2017;70;3
2;MARGAUX;2019;70;4
2;MARGAUX;2020;70;4
2;MARGOT;2002;70;3
2;MARGOT;2013;70;3
2;MARGOT;2014;70;4
2;MARGOT;2019;70;4
2;MARIE;2000;70;15
2;MARIE;2001;70;16
2;MARIE;2002;70;11
2;MARIE;2003;70;11
2;MARIE;2004;70;12
2;MARIE;2005;70;10
2;MARIE;2006;70;5
2;MARIE;2007;70;7
2;MARIE;2008;70;3
2;MARIE;2010;70;4
2;MARIE;2011;70;4
2;MARIE;2014;70;3
2;MARIE-AMÉLIE;2000;70;4
2;MARINA;2001;70;4
2;MARINE;2000;70;14
2;MARINE;2001;70;7
2;MARINE;2002;70;4
2;MARINE;2003;70;6
2;MARINE;2004;70;4
2;MARINE;2005;70;7
2;MARINE;2006;70;5
2;MARINE;2007;70;3
2;MARION;2000;70;3
2;MARION;2001;70;6
2;MARION;2002;70;6
2;MARION;2003;70;3
2;MARION;2004;70;3
2;MARION;2005;70;3
2;MARION;2006;70;6
2;MARION;2007;70;4
2;MARION;2008;70;4
2;MARION;2011;70;3
2;MARION;2012;70;4
2;MARJORIE;2006;70;3
2;MARYAM;2017;70;4
2;MARYLOU;2007;70;3
2;MATHILDE;2000;70;8
2;MATHILDE;2001;70;11
2;MATHILDE;2002;70;8
2;MATHILDE;2003;70;6
2;MATHILDE;2004;70;4
2;MATHILDE;2007;70;7
2;MATHILDE;2018;70;3
2;MAUDE;2000;70;3
2;MAYA;2010;70;3
2;MÉLANIE;2000;70;5
2;MÉLANIE;2002;70;7
2;MELEK;2020;70;3
2;MELINA;2011;70;3
2;MÉLINA;2005;70;3
2;MÉLINA;2007;70;5
2;MÉLINA;2008;70;3
2;MÉLINA;2013;70;3
2;MÉLINA;2015;70;4
2;MELINE;2006;70;3
2;MELISSA;2011;70;3
2;MÉLISSA;2000;70;5
2;MÉLISSA;2001;70;5
2;MÉLISSA;2002;70;3
2;MÉLISSA;2005;70;4
2;MIA;2016;70;5
2;MIA;2019;70;6
2;MIA;2020;70;6
2;MIA;2021;70;9
2;MILA;2011;70;3
2;MILA;2015;70;3
2;MILA;2016;70;4
2;MILA;2018;70;4
2;MILA;2019;70;3
2;MILA;2021;70;4
2;MORGANE;2000;70;7
2;MORGANE;2001;70;8
2;MORGANE;2002;70;8
2;MORGANE;2004;70;9
2;MORGANE;2005;70;3
2;MORGANE;2007;70;3
2;MORGANE;2008;70;4
2;MORGANE;2009;70;4
2;MYA;2012;70;3
2;MYA;2015;70;4
2;MYA;2020;70;5
2;MYLÈNE;2000;70;3
2;MYLÈNE;2001;70;8
2;MYLÈNE;2004;70;4
2;MYRIAM;2004;70;3
2;NAËLLE;2016;70;3
2;NEÏLA;2017;70;3
2;NINA;2000;70;3
2;NINA;2004;70;3
2;NINA;2005;70;3
2;NINA;2007;70;7
2;NINA;2008;70;5
2;NINA;2013;70;3
2;NINA;2015;70;7
2;NINA;2017;70;4
2;NINA;2019;70;4
2;NINA;2021;70;3
2;NINON;2005;70;3
2;NINON;2006;70;3
2;NINON;2007;70;6
2;NINON;2008;70;3
2;NINON;2009;70;4
2;NINON;2010;70;4
2;NINON;2011;70;3
2;NINON;2019;70;3
2;NISA;2014;70;3
2;NOEMIE;2000;70;7
2;NOEMIE;2001;70;5
2;NOEMIE;2002;70;3
2;NOEMIE;2003;70;4
2;NOEMIE;2004;70;4
2;NOEMIE;2007;70;4
2;NOEMIE;2008;70;8
2;NOEMIE;2009;70;4
2;NOEMIE;2011;70;4
2;NOÉMIE;2014;70;5
2;OCÉANE;2000;70;23
2;OCÉANE;2001;70;15
2;OCÉANE;2002;70;17
2;OCÉANE;2003;70;7
2;OCÉANE;2004;70;16
2;OCÉANE;2005;70;10
2;OCÉANE;2006;70;7
2;OCÉANE;2007;70;4
2;OCÉANE;2008;70;7
2;OCÉANE;2009;70;8
2;OCÉANE;2010;70;3
2;OCÉANE;2012;70;3
2;OCÉANE;2015;70;3
2;OCÉANE;2016;70;3
2;OLIVIA;2009;70;3
2;OLIVIA;2010;70;3
2;OLIVIA;2014;70;3
2;OLIVIA;2017;70;5
2;OLIVIA;2021;70;3
2;OPHÉLIE;2000;70;4
2;OPHÉLIE;2002;70;5
2;OPHÉLIE;2003;70;4
2;PAULINE;2000;70;11
2;PAULINE;2001;70;9
2;PAULINE;2002;70;10
2;PAULINE;2004;70;3
2;PAULINE;2006;70;5
2;PAULINE;2007;70;5
2;PAULINE;2008;70;4
2;PAULINE;2009;70;3
2;PAULINE;2010;70;5
2;PERRINE;2003;70;5
2;ROMANE;2002;70;6
2;ROMANE;2003;70;4
2;ROMANE;2004;70;3
2;ROMANE;2006;70;4
2;ROMANE;2007;70;5
2;ROMANE;2008;70;3
2;ROMANE;2009;70;6
2;ROMANE;2011;70;7
2;ROMANE;2012;70;3
2;ROMANE;2014;70;5
2;ROMANE;2015;70;4
2;ROMANE;2017;70;4
2;ROMANE;2018;70;4
2;ROMANE;2021;70;3
2;ROSE;2002;70;3
2;ROSE;2005;70;3
2;ROSE;2012;70;5
2;ROSE;2013;70;6
2;ROSE;2014;70;3
2;ROSE;2015;70;6
2;ROSE;2016;70;6
2;ROSE;2017;70;4
2;ROSE;2018;70;4
2;ROSE;2019;70;10
2;ROSE;2020;70;3
2;ROSE;2021;70;4
2;SALOMÉ;2000;70;3
2;SALOMÉ;2002;70;4
2;SAMANTHA;2003;70;3
2;SARA;2005;70;3
2;SARA;2006;70;4
2;SARA;2009;70;3
2;SARAH;2000;70;7
2;SARAH;2001;70;14
2;SARAH;2002;70;9
2;SARAH;2003;70;9
2;SARAH;2004;70;11
2;SARAH;2005;70;5
2;SARAH;2006;70;8
2;SARAH;2007;70;6
2;SARAH;2008;70;6
2;SARAH;2009;70;4
2;SARAH;2010;70;8
2;SARAH;2011;70;4
2;SARAH;2012;70;4
2;SARAH;2013;70;3
2;SARAH;2014;70;5
2;SARAH;2015;70;3
2;SARAH;2021;70;5
2;SELENA;2016;70;3
2;SHANA;2016;70;4
2;SHANNA;2014;70;3
2;SHANNA;2015;70;3
2;SHANNA;2018;70;4
2;SOFIA;2014;70;3
2;SOFIA;2015;70;4
2;SOFIA;2016;70;3
2;SOLÈNE;2000;70;7
2;SOLÈNE;2001;70;5
2;SOLÈNE;2002;70;4
2;SOLÈNE;2003;70;4
2;SOLÈNE;2006;70;7
2;SOLÈNE;2007;70;4
2;SOLÈNE;2011;70;4
2;SOLINE;2001;70;3
2;SOLINE;2020;70;4
2;SOPHIE;2000;70;7
2;SOPHIE;2002;70;4
2;TESS;2013;70;4
2;THÉA;2013;70;3
2;THÉA;2017;70;4
2;THÉA;2021;70;4
2;TIFFANY;2005;70;3
2;VALENTINE;2000;70;3
2;VALENTINE;2001;70;3
2;VALENTINE;2004;70;4
2;VALENTINE;2006;70;3
2;VALENTINE;2008;70;3
2;VALENTINE;2013;70;3
2;VICTOIRE;2018;70;3
2;VICTOIRE;2019;70;4
2;VICTORIA;2018;70;4
2;VICTORIA;2020;70;4
2;VICTORINE;2000;70;3
2;VICTORINE;2008;70;3
2;VIOLETTE;2012;70;3
2;YASMINE;2005;70;4
2;YASMINE;2007;70;3
2;YASMINE;2010;70;4
2;YASMINE;2017;70;3
2;ZELIE;2006;70;3
2;ZELIE;2009;70;4
2;ZOE;2010;70;4
2;ZOE;2011;70;4
2;ZOÉ;2000;70;5
2;ZOÉ;2001;70;7
2;ZOÉ;2002;70;7
2;ZOÉ;2003;70;3
2;ZOÉ;2004;70;4
2;ZOÉ;2006;70;5
2;ZOÉ;2007;70;5
2;ZOÉ;2008;70;5
2;ZOÉ;2009;70;4
2;ZOÉ;2012;70;7
2;ZOÉ;2013;70;4
2;ZOÉ;2014;70;6
2;ZOÉ;2015;70;7
2;ZOÉ;2016;70;6
2;ZOÉ;2017;70;3
2;ZOÉ;2019;70;8
2;ZOÉ;2021;70;5
