sexe;preusuel;annais;dpt;nombre
1;_PRENOMS_RARES;2000;82;26
1;_PRENOMS_RARES;2001;82;18
1;_PRENOMS_RARES;2002;82;23
1;_PRENOMS_RARES;2003;82;28
1;_PRENOMS_RARES;2004;82;32
1;_PRENOMS_RARES;2005;82;27
1;_PRENOMS_RARES;2006;82;30
1;_PRENOMS_RARES;2007;82;39
1;_PRENOMS_RARES;2008;82;46
1;_PRENOMS_RARES;2009;82;53
1;_PRENOMS_RARES;2010;82;35
1;_PRENOMS_RARES;2011;82;55
1;_PRENOMS_RARES;2012;82;47
1;_PRENOMS_RARES;2013;82;69
1;_PRENOMS_RARES;2014;82;47
1;_PRENOMS_RARES;2015;82;59
1;_PRENOMS_RARES;2016;82;68
1;_PRENOMS_RARES;2017;82;57
1;_PRENOMS_RARES;2018;82;70
1;_PRENOMS_RARES;2019;82;57
1;_PRENOMS_RARES;2020;82;75
1;_PRENOMS_RARES;2021;82;77
1;AARON;2008;82;7
1;AARON;2009;82;3
1;AARON;2010;82;4
1;AARON;2011;82;7
1;AARON;2012;82;3
1;AARON;2013;82;8
1;AARON;2014;82;8
1;AARON;2015;82;7
1;AARON;2016;82;11
1;AARON;2017;82;10
1;AARON;2018;82;8
1;AARON;2019;82;5
1;AARON;2020;82;4
1;AARON;2021;82;8
1;ABEL;2019;82;4
1;ACHRAF;2004;82;3
1;ADAM;2004;82;3
1;ADAM;2005;82;6
1;ADAM;2006;82;11
1;ADAM;2007;82;6
1;ADAM;2008;82;10
1;ADAM;2009;82;7
1;ADAM;2010;82;16
1;ADAM;2011;82;11
1;ADAM;2012;82;13
1;ADAM;2013;82;14
1;ADAM;2014;82;19
1;ADAM;2015;82;13
1;ADAM;2016;82;12
1;ADAM;2017;82;11
1;ADAM;2018;82;14
1;ADAM;2019;82;15
1;ADAM;2020;82;12
1;ADAM;2021;82;6
1;ADAN;2013;82;3
1;ADEM;2017;82;3
1;ADRIEN;2000;82;15
1;ADRIEN;2001;82;5
1;ADRIEN;2002;82;11
1;ADRIEN;2003;82;8
1;ADRIEN;2004;82;12
1;ADRIEN;2005;82;8
1;ADRIEN;2006;82;12
1;ADRIEN;2007;82;7
1;ADRIEN;2008;82;3
1;ADRIEN;2009;82;5
1;ADRIEN;2010;82;7
1;ADRIEN;2011;82;5
1;ADRIEN;2012;82;8
1;ADRIEN;2014;82;6
1;ADRIEN;2015;82;4
1;ADRIEN;2016;82;3
1;ADRIEN;2017;82;5
1;AHMED;2004;82;4
1;AHMED;2008;82;3
1;AHMED;2015;82;3
1;ALAN;2003;82;4
1;ALAN;2010;82;3
1;ALAN;2015;82;4
1;ALBAN;2004;82;3
1;ALBAN;2010;82;4
1;ALBAN;2014;82;5
1;ALBAN;2017;82;4
1;ALBAN;2019;82;3
1;ALBAN;2020;82;4
1;ALESSIO;2021;82;7
1;ALEX;2000;82;3
1;ALEXANDRE;2000;82;10
1;ALEXANDRE;2001;82;8
1;ALEXANDRE;2002;82;10
1;ALEXANDRE;2003;82;14
1;ALEXANDRE;2004;82;10
1;ALEXANDRE;2005;82;19
1;ALEXANDRE;2006;82;9
1;ALEXANDRE;2007;82;9
1;ALEXANDRE;2008;82;7
1;ALEXANDRE;2009;82;8
1;ALEXANDRE;2010;82;4
1;ALEXANDRE;2011;82;4
1;ALEXANDRE;2012;82;6
1;ALEXANDRE;2013;82;6
1;ALEXANDRE;2014;82;4
1;ALEXANDRE;2015;82;5
1;ALEXANDRE;2016;82;5
1;ALEXANDRE;2019;82;3
1;ALEXANDRE;2020;82;4
1;ALEXANDRE;2021;82;6
1;ALEXIS;2000;82;9
1;ALEXIS;2001;82;11
1;ALEXIS;2002;82;11
1;ALEXIS;2003;82;9
1;ALEXIS;2004;82;9
1;ALEXIS;2005;82;15
1;ALEXIS;2006;82;7
1;ALEXIS;2007;82;6
1;ALEXIS;2008;82;4
1;ALEXIS;2009;82;9
1;ALEXIS;2010;82;8
1;ALEXIS;2011;82;5
1;ALEXIS;2012;82;4
1;ALEXIS;2013;82;6
1;ALEXIS;2014;82;6
1;ALEXIS;2015;82;7
1;ALEXIS;2016;82;5
1;ALEXIS;2017;82;5
1;ALEXIS;2018;82;3
1;ALI;2018;82;3
1;ALLAN;2002;82;3
1;ALLAN;2003;82;3
1;ALLAN;2006;82;3
1;AMAURY;2008;82;3
1;AMAURY;2011;82;3
1;AMAURY;2016;82;5
1;AMINE;2002;82;4
1;AMINE;2004;82;3
1;AMINE;2006;82;10
1;AMINE;2007;82;4
1;AMINE;2009;82;3
1;AMINE;2010;82;5
1;AMINE;2011;82;4
1;AMINE;2012;82;4
1;AMINE;2014;82;8
1;AMINE;2016;82;6
1;AMINE;2017;82;3
1;AMIR;2013;82;3
1;AMIR;2014;82;7
1;AMIR;2016;82;5
1;AMIR;2017;82;8
1;AMIR;2018;82;4
1;AMIR;2019;82;9
1;AMIR;2020;82;8
1;AMIR;2021;82;7
1;ANAS;2008;82;3
1;ANAS;2014;82;4
1;ANAS;2016;82;3
1;ANAS;2021;82;5
1;ANDREA;2021;82;3
1;ANDRÉAS;2021;82;3
1;ANDY;2002;82;3
1;ANDY;2009;82;3
1;ANGEL;2010;82;4
1;ANGEL;2015;82;3
1;ANGEL;2019;82;5
1;ANIS;2010;82;3
1;ANTHONY;2000;82;20
1;ANTHONY;2001;82;11
1;ANTHONY;2002;82;9
1;ANTHONY;2003;82;11
1;ANTHONY;2004;82;12
1;ANTHONY;2005;82;10
1;ANTHONY;2006;82;4
1;ANTHONY;2008;82;8
1;ANTHONY;2009;82;4
1;ANTHONY;2011;82;8
1;ANTOINE;2000;82;12
1;ANTOINE;2001;82;15
1;ANTOINE;2002;82;9
1;ANTOINE;2003;82;3
1;ANTOINE;2004;82;8
1;ANTOINE;2005;82;12
1;ANTOINE;2006;82;5
1;ANTOINE;2007;82;11
1;ANTOINE;2008;82;8
1;ANTOINE;2009;82;5
1;ANTOINE;2010;82;9
1;ANTOINE;2011;82;5
1;ANTOINE;2012;82;4
1;ANTOINE;2013;82;7
1;ANTOINE;2014;82;5
1;ANTOINE;2015;82;8
1;ANTOINE;2016;82;7
1;ANTOINE;2017;82;6
1;ANTOINE;2018;82;7
1;ANTOINE;2019;82;5
1;ANTOINE;2020;82;5
1;ANTOINE;2021;82;3
1;ANTONIN;2002;82;6
1;ANTONIN;2003;82;3
1;ANTONIN;2005;82;3
1;ANTONIN;2006;82;5
1;ANTONIN;2008;82;4
1;ANTONIN;2009;82;4
1;ANTONIN;2011;82;3
1;ANTONIN;2014;82;6
1;ANTONIN;2015;82;6
1;ANTONIN;2017;82;3
1;ANTONIN;2018;82;3
1;ANTONIN;2019;82;5
1;ANTONIN;2020;82;4
1;ARNAUD;2000;82;5
1;ARNAUD;2001;82;3
1;ARNAUD;2002;82;7
1;ARNAUD;2003;82;3
1;ARNAUD;2007;82;3
1;ARNAUD;2014;82;3
1;ARON;2019;82;3
1;ARTHUR;2000;82;9
1;ARTHUR;2001;82;6
1;ARTHUR;2002;82;5
1;ARTHUR;2003;82;5
1;ARTHUR;2005;82;3
1;ARTHUR;2006;82;6
1;ARTHUR;2007;82;8
1;ARTHUR;2008;82;10
1;ARTHUR;2009;82;8
1;ARTHUR;2010;82;13
1;ARTHUR;2011;82;11
1;ARTHUR;2012;82;8
1;ARTHUR;2013;82;8
1;ARTHUR;2014;82;6
1;ARTHUR;2015;82;12
1;ARTHUR;2016;82;10
1;ARTHUR;2017;82;9
1;ARTHUR;2018;82;10
1;ARTHUR;2019;82;11
1;ARTHUR;2020;82;13
1;ARTHUR;2021;82;12
1;AUBIN;2013;82;3
1;AUBIN;2018;82;3
1;AUBIN;2019;82;3
1;AUGUSTE;2016;82;3
1;AUGUSTE;2018;82;4
1;AUGUSTE;2021;82;4
1;AUGUSTIN;2016;82;3
1;AUGUSTIN;2017;82;4
1;AUGUSTIN;2018;82;5
1;AUGUSTIN;2021;82;3
1;AURÉLIEN;2000;82;4
1;AURÉLIEN;2002;82;6
1;AURÉLIEN;2003;82;3
1;AURÉLIEN;2004;82;7
1;AURÉLIEN;2005;82;3
1;AURÉLIEN;2006;82;5
1;AXEL;2000;82;6
1;AXEL;2001;82;7
1;AXEL;2002;82;12
1;AXEL;2003;82;8
1;AXEL;2004;82;11
1;AXEL;2005;82;9
1;AXEL;2006;82;9
1;AXEL;2007;82;6
1;AXEL;2008;82;11
1;AXEL;2009;82;8
1;AXEL;2010;82;5
1;AXEL;2011;82;9
1;AXEL;2012;82;10
1;AXEL;2013;82;4
1;AXEL;2014;82;7
1;AXEL;2015;82;11
1;AXEL;2016;82;7
1;AXEL;2017;82;5
1;AXEL;2018;82;6
1;AXEL;2019;82;6
1;AXEL;2020;82;7
1;AXEL;2021;82;3
1;AYDEN;2012;82;3
1;AYDEN;2018;82;4
1;AYDEN;2019;82;6
1;AYDEN;2020;82;6
1;AYDEN;2021;82;3
1;AYMAN;2010;82;3
1;AYMEN;2015;82;3
1;AYMEN;2016;82;3
1;AYMEN;2017;82;3
1;AYMEN;2018;82;5
1;AYMEN;2021;82;3
1;AYMERIC;2009;82;3
1;AYMERIC;2012;82;4
1;AYOUB;2000;82;5
1;AYOUB;2001;82;4
1;AYOUB;2003;82;3
1;AYOUB;2004;82;4
1;AYOUB;2005;82;4
1;AYOUB;2006;82;4
1;AYOUB;2008;82;3
1;AYOUB;2009;82;7
1;AYOUB;2010;82;4
1;AYOUB;2012;82;7
1;AYOUB;2013;82;3
1;AYOUB;2014;82;3
1;AYOUB;2015;82;5
1;AYOUB;2017;82;7
1;AYOUB;2019;82;3
1;BAPTISTE;2000;82;8
1;BAPTISTE;2001;82;10
1;BAPTISTE;2002;82;5
1;BAPTISTE;2003;82;11
1;BAPTISTE;2004;82;15
1;BAPTISTE;2005;82;12
1;BAPTISTE;2006;82;11
1;BAPTISTE;2007;82;9
1;BAPTISTE;2008;82;6
1;BAPTISTE;2009;82;8
1;BAPTISTE;2010;82;7
1;BAPTISTE;2011;82;5
1;BAPTISTE;2012;82;6
1;BAPTISTE;2013;82;6
1;BAPTISTE;2014;82;10
1;BAPTISTE;2015;82;5
1;BAPTISTE;2017;82;5
1;BAPTISTE;2018;82;5
1;BAPTISTE;2019;82;6
1;BASTIEN;2000;82;8
1;BASTIEN;2001;82;9
1;BASTIEN;2002;82;3
1;BASTIEN;2003;82;4
1;BASTIEN;2004;82;7
1;BASTIEN;2005;82;9
1;BASTIEN;2006;82;5
1;BASTIEN;2009;82;3
1;BASTIEN;2010;82;6
1;BASTIEN;2011;82;5
1;BASTIEN;2013;82;3
1;BENJAMIN;2000;82;14
1;BENJAMIN;2001;82;20
1;BENJAMIN;2002;82;11
1;BENJAMIN;2003;82;4
1;BENJAMIN;2004;82;8
1;BENJAMIN;2005;82;9
1;BENJAMIN;2006;82;3
1;BENJAMIN;2007;82;10
1;BENJAMIN;2008;82;5
1;BENJAMIN;2009;82;7
1;BENJAMIN;2010;82;3
1;BENJAMIN;2011;82;7
1;BENJAMIN;2012;82;4
1;BENJAMIN;2013;82;7
1;BENJAMIN;2014;82;6
1;BENJAMIN;2015;82;5
1;BENJAMIN;2016;82;5
1;BENJAMIN;2017;82;6
1;BENOÎT;2000;82;4
1;BENOÎT;2001;82;7
1;BENOÎT;2002;82;3
1;BENOÎT;2003;82;3
1;BILAL;2001;82;3
1;BILAL;2002;82;4
1;BILAL;2005;82;3
1;BILAL;2006;82;5
1;BILAL;2009;82;3
1;BILAL;2010;82;5
1;BILAL;2011;82;7
1;BILAL;2014;82;3
1;BILEL;2004;82;3
1;BILEL;2005;82;3
1;BRUNO;2001;82;4
1;BRYAN;2000;82;4
1;BRYAN;2001;82;4
1;BRYAN;2003;82;4
1;BRYAN;2005;82;3
1;BRYAN;2006;82;4
1;BRYAN;2009;82;3
1;CAMILLE;2013;82;5
1;CAMILLE;2014;82;3
1;CAMILLE;2015;82;3
1;CAMILLE;2017;82;5
1;CAMILLE;2019;82;3
1;CAMILLE;2020;82;3
1;CAMILLE;2021;82;4
1;CELIAN;2004;82;3
1;CELIAN;2007;82;3
1;CÉLIAN;2010;82;4
1;CÉLIAN;2013;82;3
1;CHARLES;2005;82;3
1;CHARLES;2006;82;3
1;CHARLIE;2010;82;3
1;CHARLIE;2021;82;5
1;CHARLY;2014;82;3
1;CHARLY;2019;82;4
1;CHARLY;2021;82;7
1;CHRISTOPHE;2001;82;3
1;CLÉMENT;2000;82;23
1;CLÉMENT;2001;82;24
1;CLÉMENT;2002;82;21
1;CLÉMENT;2003;82;20
1;CLÉMENT;2004;82;17
1;CLÉMENT;2005;82;10
1;CLÉMENT;2006;82;13
1;CLÉMENT;2007;82;13
1;CLÉMENT;2008;82;17
1;CLÉMENT;2009;82;17
1;CLÉMENT;2010;82;8
1;CLÉMENT;2011;82;13
1;CLÉMENT;2012;82;9
1;CLÉMENT;2013;82;15
1;CLÉMENT;2014;82;10
1;CLÉMENT;2015;82;10
1;CLÉMENT;2016;82;6
1;CLÉMENT;2017;82;11
1;CLÉMENT;2018;82;4
1;CLÉMENT;2019;82;4
1;CLOVIS;2008;82;4
1;COLIN;2004;82;3
1;CÔME;2016;82;3
1;CORENTIN;2000;82;16
1;CORENTIN;2001;82;8
1;CORENTIN;2002;82;8
1;CORENTIN;2003;82;11
1;CORENTIN;2004;82;6
1;CORENTIN;2005;82;7
1;CORENTIN;2006;82;6
1;CORENTIN;2007;82;5
1;CORENTIN;2008;82;3
1;CORENTIN;2011;82;5
1;CORENTIN;2012;82;4
1;CORENTIN;2016;82;5
1;CORENTIN;2017;82;3
1;CYPRIEN;2008;82;6
1;CYRIL;2000;82;3
1;CYRIL;2001;82;3
1;DAMIEN;2000;82;12
1;DAMIEN;2001;82;7
1;DAMIEN;2002;82;9
1;DAMIEN;2003;82;3
1;DAMIEN;2004;82;5
1;DAMIEN;2009;82;4
1;DANIEL;2003;82;3
1;DANIEL;2014;82;3
1;DANIEL;2016;82;3
1;DANIEL;2018;82;3
1;DANIEL;2019;82;3
1;DAVID;2000;82;5
1;DAVID;2002;82;4
1;DAVID;2003;82;3
1;DAVID;2004;82;3
1;DAVID;2007;82;3
1;DAVID;2008;82;4
1;DAVID;2010;82;3
1;DAVID;2011;82;7
1;DAVID;2012;82;3
1;DAVID;2013;82;3
1;DAVID;2014;82;4
1;DAVID;2015;82;5
1;DAVID;2016;82;3
1;DAVID;2017;82;3
1;DAVID;2020;82;3
1;DEVEN;2015;82;3
1;DIEGO;2005;82;7
1;DIEGO;2006;82;4
1;DIEGO;2007;82;5
1;DIEGO;2008;82;5
1;DIEGO;2010;82;4
1;DIEGO;2011;82;3
1;DIEGO;2013;82;4
1;DIEGO;2014;82;5
1;DIEGO;2017;82;4
1;DIEGO;2019;82;4
1;DIEGO;2020;82;3
1;DIEGO;2021;82;4
1;DJOULIAN;2014;82;3
1;DORIAN;2000;82;12
1;DORIAN;2001;82;15
1;DORIAN;2002;82;6
1;DORIAN;2003;82;11
1;DORIAN;2004;82;5
1;DORIAN;2005;82;12
1;DORIAN;2006;82;8
1;DORIAN;2007;82;9
1;DORIAN;2008;82;7
1;DORIAN;2009;82;5
1;DORIAN;2011;82;4
1;DORIAN;2012;82;6
1;DORIAN;2013;82;3
1;DORIAN;2014;82;6
1;DORYAN;2007;82;3
1;DYLAN;2000;82;11
1;DYLAN;2001;82;9
1;DYLAN;2002;82;8
1;DYLAN;2003;82;13
1;DYLAN;2004;82;9
1;DYLAN;2005;82;11
1;DYLAN;2006;82;8
1;DYLAN;2007;82;10
1;DYLAN;2008;82;3
1;DYLAN;2009;82;6
1;DYLAN;2010;82;4
1;DYLAN;2011;82;3
1;DYLAN;2013;82;4
1;DYLAN;2016;82;3
1;DYLAN;2018;82;4
1;EDEN;2011;82;5
1;EDEN;2015;82;4
1;EDEN;2016;82;6
1;EDEN;2017;82;7
1;EDEN;2018;82;4
1;EDEN;2019;82;4
1;EDEN;2020;82;9
1;ÉDEN;2019;82;3
1;ELIAN;2004;82;3
1;ELIAS;2005;82;3
1;ELIAS;2007;82;3
1;ELIAS;2010;82;5
1;ELIE;2000;82;4
1;ELIE;2001;82;3
1;ELIE;2007;82;5
1;ELIE;2009;82;3
1;ELIE;2016;82;4
1;ELIO;2017;82;5
1;ELIO;2018;82;4
1;ELIOT;2007;82;4
1;ELIOTT;2004;82;3
1;ELIOTT;2005;82;3
1;ELIOTT;2011;82;5
1;ELIOTT;2014;82;5
1;ELIOTT;2017;82;5
1;ELIOTT;2021;82;5
1;ELLIOT;2018;82;3
1;ELLIOT;2021;82;3
1;ÉLOI;2021;82;4
1;ELOUAN;2006;82;3
1;ELYES;2012;82;3
1;EMILE;2002;82;3
1;EMILE;2021;82;3
1;EMILIEN;2005;82;3
1;ENAËL;2020;82;3
1;ENZO;2000;82;7
1;ENZO;2001;82;33
1;ENZO;2002;82;22
1;ENZO;2003;82;25
1;ENZO;2004;82;34
1;ENZO;2005;82;30
1;ENZO;2006;82;31
1;ENZO;2007;82;18
1;ENZO;2008;82;30
1;ENZO;2009;82;25
1;ENZO;2010;82;19
1;ENZO;2011;82;19
1;ENZO;2012;82;15
1;ENZO;2013;82;13
1;ENZO;2014;82;20
1;ENZO;2015;82;17
1;ENZO;2016;82;9
1;ENZO;2017;82;15
1;ENZO;2018;82;7
1;ENZO;2019;82;5
1;ENZO;2020;82;3
1;ENZO;2021;82;3
1;ERWAN;2003;82;3
1;ERWAN;2004;82;5
1;ERWAN;2005;82;4
1;ERWAN;2006;82;6
1;ERWAN;2010;82;4
1;ERWAN;2011;82;4
1;ERWAN;2012;82;3
1;ERWANN;2002;82;4
1;ESTEBAN;2001;82;3
1;ESTEBAN;2002;82;4
1;ESTEBAN;2004;82;7
1;ESTEBAN;2005;82;4
1;ESTEBAN;2006;82;5
1;ESTEBAN;2007;82;6
1;ESTEBAN;2008;82;4
1;ESTEBAN;2009;82;10
1;ESTEBAN;2010;82;5
1;ESTEBAN;2011;82;6
1;ESTEBAN;2012;82;5
1;ESTEBAN;2013;82;4
1;ESTEBAN;2014;82;5
1;ESTEBAN;2015;82;5
1;ESTEBAN;2016;82;4
1;ESTEBAN;2018;82;3
1;ESTEBAN;2019;82;6
1;ESTEBAN;2021;82;6
1;ESTÉBAN;2010;82;4
1;ETHAN;2003;82;3
1;ETHAN;2004;82;6
1;ETHAN;2005;82;7
1;ETHAN;2006;82;12
1;ETHAN;2007;82;6
1;ETHAN;2008;82;12
1;ETHAN;2009;82;15
1;ETHAN;2010;82;15
1;ETHAN;2011;82;16
1;ETHAN;2012;82;19
1;ETHAN;2013;82;16
1;ETHAN;2014;82;12
1;ETHAN;2015;82;15
1;ETHAN;2016;82;11
1;ETHAN;2017;82;14
1;ETHAN;2018;82;11
1;ETHAN;2019;82;9
1;ETHAN;2020;82;5
1;ETHAN;2021;82;11
1;EVAN;2002;82;5
1;EVAN;2004;82;4
1;EVAN;2005;82;5
1;EVAN;2006;82;7
1;EVAN;2007;82;10
1;EVAN;2008;82;3
1;EVAN;2009;82;9
1;EVAN;2010;82;15
1;EVAN;2011;82;5
1;EVAN;2012;82;8
1;EVAN;2013;82;6
1;EVAN;2014;82;4
1;EVAN;2015;82;4
1;EVAN;2016;82;7
1;EVAN;2017;82;7
1;EVAN;2018;82;4
1;EVAN;2020;82;4
1;EVAN;2021;82;3
1;EWAN;2006;82;3
1;EZIO;2015;82;3
1;EZIO;2018;82;3
1;EZIO;2020;82;3
1;EZIO;2021;82;5
1;FABIEN;2001;82;4
1;FABIEN;2003;82;3
1;FABIEN;2004;82;3
1;FARÈS;2020;82;3
1;FÉLIX;2005;82;3
1;FÉLIX;2020;82;3
1;FLAVIO;2006;82;3
1;FLORENT;2000;82;4
1;FLORENT;2002;82;3
1;FLORENT;2008;82;3
1;FLORENT;2009;82;4
1;FLORIAN;2000;82;9
1;FLORIAN;2001;82;13
1;FLORIAN;2002;82;8
1;FLORIAN;2003;82;4
1;FLORIAN;2004;82;12
1;FLORIAN;2005;82;6
1;FLORIAN;2006;82;5
1;FLORIAN;2007;82;5
1;FLORIAN;2008;82;8
1;FLORIAN;2012;82;4
1;FLORIAN;2013;82;3
1;GABIN;2005;82;4
1;GABIN;2006;82;5
1;GABIN;2007;82;6
1;GABIN;2008;82;3
1;GABIN;2009;82;9
1;GABIN;2010;82;3
1;GABIN;2011;82;8
1;GABIN;2012;82;9
1;GABIN;2013;82;3
1;GABIN;2014;82;9
1;GABIN;2015;82;7
1;GABIN;2016;82;7
1;GABIN;2017;82;14
1;GABIN;2018;82;9
1;GABIN;2019;82;3
1;GABIN;2020;82;13
1;GABIN;2021;82;11
1;GABRIEL;2000;82;5
1;GABRIEL;2002;82;8
1;GABRIEL;2003;82;6
1;GABRIEL;2004;82;6
1;GABRIEL;2005;82;5
1;GABRIEL;2006;82;12
1;GABRIEL;2007;82;10
1;GABRIEL;2008;82;12
1;GABRIEL;2009;82;11
1;GABRIEL;2010;82;10
1;GABRIEL;2011;82;15
1;GABRIEL;2012;82;9
1;GABRIEL;2013;82;19
1;GABRIEL;2014;82;25
1;GABRIEL;2015;82;21
1;GABRIEL;2016;82;17
1;GABRIEL;2017;82;18
1;GABRIEL;2018;82;15
1;GABRIEL;2019;82;13
1;GABRIEL;2020;82;14
1;GABRIEL;2021;82;12
1;GAEL;2001;82;4
1;GAEL;2006;82;5
1;GAEL;2007;82;3
1;GAËL;2019;82;3
1;GAËTAN;2000;82;5
1;GAËTAN;2001;82;9
1;GAËTAN;2003;82;5
1;GAËTAN;2006;82;5
1;GAËTAN;2007;82;4
1;GAËTAN;2010;82;3
1;GAËTAN;2012;82;3
1;GAËTAN;2013;82;3
1;GAËTAN;2014;82;4
1;GAËTAN;2016;82;4
1;GASPARD;2009;82;3
1;GASPARD;2014;82;4
1;GASPARD;2020;82;3
1;GIANNI;2021;82;5
1;GIOVANNI;2007;82;3
1;GIULIAN;2018;82;3
1;GRÉGOIRE;2006;82;4
1;GREGORY;2000;82;3
1;GREGORY;2005;82;3
1;GUILHEM;2001;82;4
1;GUILHEM;2006;82;3
1;GUILHEM;2009;82;3
1;GUILLAUME;2000;82;13
1;GUILLAUME;2001;82;8
1;GUILLAUME;2002;82;4
1;GUILLAUME;2003;82;6
1;GUILLAUME;2004;82;7
1;GUILLAUME;2005;82;3
1;GUILLAUME;2006;82;4
1;GUILLAUME;2007;82;4
1;GUILLAUME;2008;82;4
1;GUILLAUME;2009;82;3
1;GUILLAUME;2011;82;4
1;HAMZA;2003;82;3
1;HAMZA;2006;82;3
1;HAMZA;2010;82;3
1;HAMZA;2011;82;3
1;HUGO;2000;82;28
1;HUGO;2001;82;28
1;HUGO;2002;82;18
1;HUGO;2003;82;29
1;HUGO;2004;82;19
1;HUGO;2005;82;15
1;HUGO;2006;82;20
1;HUGO;2007;82;15
1;HUGO;2008;82;17
1;HUGO;2009;82;12
1;HUGO;2010;82;11
1;HUGO;2011;82;12
1;HUGO;2012;82;15
1;HUGO;2013;82;19
1;HUGO;2014;82;15
1;HUGO;2015;82;14
1;HUGO;2016;82;9
1;HUGO;2017;82;11
1;HUGO;2018;82;9
1;HUGO;2019;82;11
1;HUGO;2020;82;5
1;HUGO;2021;82;6
1;IBRAHIM;2018;82;5
1;IBRAHIM;2020;82;3
1;IBRAHIM;2021;82;3
1;ILAN;2008;82;3
1;ILAN;2009;82;4
1;ILAN;2012;82;3
1;ILAN;2017;82;3
1;ILHAN;2012;82;3
1;ILIAN;2007;82;3
1;ILYAN;2018;82;3
1;ILYAS;2015;82;3
1;ILYES;2006;82;3
1;ILYES;2007;82;6
1;ILYES;2009;82;3
1;ILYES;2011;82;5
1;ILYES;2013;82;3
1;ILYES;2014;82;3
1;ILYES;2015;82;3
1;ILYES;2016;82;3
1;ILYES;2017;82;5
1;ILYES;2020;82;3
1;IMRAN;2010;82;3
1;IMRAN;2014;82;3
1;IMRAN;2015;82;3
1;IMRAN;2016;82;3
1;IMRAN;2017;82;4
1;IMRAN;2018;82;8
1;IMRAN;2019;82;6
1;IMRAN;2021;82;6
1;IMRANE;2013;82;3
1;ISAAC;2013;82;3
1;ISAAC;2016;82;4
1;ISAAC;2020;82;3
1;ISAAC;2021;82;5
1;ISMAEL;2002;82;3
1;ISMAEL;2004;82;3
1;ISMAEL;2008;82;3
1;ISMAEL;2009;82;3
1;ISMAEL;2021;82;3
1;ISMAËL;2013;82;4
1;ISMAËL;2021;82;4
1;ISMAÏL;2017;82;3
1;ISSA;2016;82;4
1;IYAD;2015;82;3
1;JASON;2000;82;3
1;JASON;2004;82;4
1;JASON;2013;82;3
1;JEAN;2000;82;4
1;JEAN;2002;82;3
1;JEAN;2003;82;3
1;JEAN;2007;82;4
1;JEAN;2010;82;3
1;JEAN;2013;82;3
1;JEAN;2015;82;7
1;JEAN;2019;82;3
1;JEAN-BAPTISTE;2001;82;7
1;JEREMIE;2002;82;3
1;JEREMY;2000;82;5
1;JEREMY;2001;82;8
1;JEREMY;2002;82;6
1;JEREMY;2003;82;3
1;JEREMY;2004;82;3
1;JEREMY;2005;82;5
1;JEREMY;2010;82;3
1;JIMMY;2000;82;3
1;JIMMY;2001;82;3
1;JIMMY;2004;82;4
1;JOACHIM;2015;82;3
1;JOHAN;2003;82;3
1;JOHAN;2011;82;4
1;JOHAN;2012;82;4
1;JOHANN;2013;82;3
1;JONATHAN;2000;82;5
1;JONATHAN;2001;82;4
1;JONATHAN;2002;82;3
1;JONATHAN;2003;82;4
1;JONATHAN;2006;82;4
1;JORDAN;2001;82;4
1;JORDAN;2002;82;3
1;JORDAN;2003;82;11
1;JORDAN;2004;82;3
1;JORDAN;2007;82;4
1;JORDAN;2008;82;3
1;JORDAN;2009;82;3
1;JORIS;2001;82;3
1;JORIS;2004;82;3
1;JORIS;2006;82;3
1;JORIS;2007;82;4
1;JORIS;2009;82;3
1;JORIS;2014;82;3
1;JOSEPH;2014;82;3
1;JOSEPH;2021;82;3
1;JOSHUA;2013;82;3
1;JOSHUA;2015;82;3
1;JULES;2001;82;6
1;JULES;2003;82;10
1;JULES;2004;82;10
1;JULES;2005;82;5
1;JULES;2006;82;7
1;JULES;2007;82;5
1;JULES;2008;82;14
1;JULES;2009;82;14
1;JULES;2010;82;11
1;JULES;2011;82;18
1;JULES;2012;82;13
1;JULES;2013;82;14
1;JULES;2014;82;17
1;JULES;2015;82;20
1;JULES;2016;82;13
1;JULES;2017;82;23
1;JULES;2018;82;10
1;JULES;2019;82;15
1;JULES;2020;82;13
1;JULES;2021;82;10
1;JULIAN;2002;82;6
1;JULIAN;2012;82;4
1;JULIAN;2013;82;4
1;JULIAN;2016;82;9
1;JULIAN;2017;82;5
1;JULIAN;2018;82;4
1;JULIEN;2000;82;15
1;JULIEN;2001;82;19
1;JULIEN;2002;82;7
1;JULIEN;2003;82;9
1;JULIEN;2004;82;8
1;JULIEN;2005;82;12
1;JULIEN;2006;82;5
1;JULIEN;2007;82;5
1;JULIEN;2008;82;7
1;JULIEN;2009;82;3
1;JULIEN;2010;82;3
1;JULIEN;2011;82;4
1;JULIEN;2015;82;3
1;JUSTIN;2007;82;3
1;JUSTIN;2013;82;3
1;JUSTIN;2021;82;4
1;KAÏS;2018;82;4
1;KAÏS;2020;82;3
1;KAÏS;2021;82;7
1;KAMIL;2015;82;3
1;KAYDEN;2021;82;7
1;KELYAN;2008;82;3
1;KENZO;2005;82;4
1;KENZO;2006;82;3
1;KENZO;2008;82;3
1;KENZO;2009;82;5
1;KENZO;2011;82;3
1;KENZO;2013;82;6
1;KENZO;2014;82;3
1;KENZO;2015;82;9
1;KENZO;2017;82;7
1;KENZO;2018;82;3
1;KENZO;2019;82;6
1;KEVIN;2000;82;13
1;KEVIN;2001;82;9
1;KEVIN;2002;82;15
1;KEVIN;2003;82;12
1;KEVIN;2004;82;11
1;KEVIN;2005;82;6
1;KEVIN;2006;82;7
1;KEVIN;2007;82;5
1;KILIAN;2004;82;4
1;KILIAN;2005;82;3
1;KILIAN;2012;82;3
1;KILLIAN;2000;82;4
1;KILLIAN;2001;82;3
1;KILLIAN;2002;82;4
1;KILLIAN;2003;82;5
1;KILLIAN;2004;82;3
1;KILLIAN;2005;82;3
1;KILLIAN;2007;82;8
1;KILLIAN;2008;82;3
1;KYLIAN;2002;82;3
1;KYLIAN;2003;82;5
1;KYLIAN;2004;82;3
1;KYLIAN;2005;82;5
1;KYLIAN;2006;82;7
1;KYLIAN;2007;82;6
1;KYLIAN;2008;82;11
1;KYLIAN;2009;82;6
1;KYLIAN;2010;82;7
1;KYLIAN;2011;82;10
1;KYLIAN;2012;82;5
1;KYLIAN;2013;82;5
1;KYLIAN;2017;82;7
1;KYLIAN;2018;82;3
1;KYLIAN;2020;82;3
1;KYLLIAN;2000;82;3
1;KYLLIAN;2004;82;3
1;KYLLIAN;2005;82;7
1;KYLLIAN;2006;82;3
1;KYLLIAN;2009;82;6
1;LÉANDRE;2006;82;3
1;LÉANDRE;2010;82;5
1;LÉANDRE;2021;82;5
1;LÉANDRO;2014;82;3
1;LEEROY;2021;82;3
1;LENNY;2003;82;7
1;LENNY;2004;82;6
1;LENNY;2005;82;3
1;LENNY;2006;82;4
1;LENNY;2008;82;7
1;LENNY;2010;82;6
1;LENNY;2011;82;3
1;LENNY;2012;82;4
1;LENNY;2013;82;3
1;LENNY;2014;82;3
1;LENNY;2015;82;4
1;LENNY;2016;82;6
1;LENNY;2017;82;4
1;LENNY;2019;82;6
1;LENNY;2020;82;4
1;LENNY;2021;82;6
1;LENY;2004;82;3
1;LENY;2010;82;3
1;LÉO;2000;82;11
1;LÉO;2001;82;7
1;LÉO;2002;82;14
1;LÉO;2003;82;10
1;LÉO;2004;82;15
1;LÉO;2005;82;11
1;LÉO;2006;82;14
1;LÉO;2007;82;16
1;LÉO;2008;82;6
1;LÉO;2009;82;8
1;LÉO;2010;82;14
1;LÉO;2011;82;20
1;LÉO;2012;82;24
1;LÉO;2013;82;9
1;LÉO;2014;82;20
1;LÉO;2015;82;19
1;LÉO;2016;82;11
1;LÉO;2017;82;13
1;LÉO;2018;82;13
1;LÉO;2019;82;10
1;LÉO;2020;82;15
1;LÉO;2021;82;14
1;LÉON;2008;82;4
1;LÉON;2011;82;3
1;LÉON;2013;82;3
1;LÉON;2015;82;8
1;LÉON;2016;82;4
1;LÉON;2017;82;4
1;LÉON;2018;82;7
1;LÉON;2019;82;9
1;LÉON;2020;82;6
1;LÉON;2021;82;11
1;LEOPOLD;2006;82;4
1;LIAM;2009;82;3
1;LIAM;2010;82;4
1;LIAM;2011;82;3
1;LIAM;2012;82;4
1;LIAM;2013;82;13
1;LIAM;2014;82;7
1;LIAM;2015;82;9
1;LIAM;2016;82;13
1;LIAM;2017;82;10
1;LIAM;2018;82;5
1;LIAM;2019;82;14
1;LIAM;2020;82;13
1;LIAM;2021;82;5
1;LILIAN;2001;82;3
1;LILIAN;2002;82;7
1;LILIAN;2003;82;3
1;LILIAN;2004;82;6
1;LILIAN;2005;82;5
1;LILIAN;2006;82;4
1;LILIAN;2008;82;5
1;LILIAN;2009;82;3
1;LILIAN;2010;82;5
1;LILIAN;2011;82;3
1;LILIAN;2013;82;3
1;LILIAN;2017;82;4
1;LILIAN;2018;82;3
1;LILIAN;2020;82;3
1;LINO;2015;82;3
1;LINO;2016;82;3
1;LINO;2021;82;3
1;LIVIO;2016;82;3
1;LIVIO;2019;82;5
1;LIVIO;2021;82;3
1;LOAN;2005;82;6
1;LOAN;2006;82;3
1;LOAN;2007;82;4
1;LOAN;2008;82;4
1;LOAN;2009;82;4
1;LOAN;2010;82;5
1;LOAN;2011;82;7
1;LOAN;2012;82;5
1;LOAN;2013;82;4
1;LOAN;2016;82;4
1;LOAN;2017;82;3
1;LOGAN;2002;82;4
1;LOGAN;2003;82;5
1;LOGAN;2005;82;5
1;LOGAN;2009;82;3
1;LOGAN;2011;82;3
1;LOGAN;2017;82;3
1;LOGAN;2018;82;3
1;LOGAN;2019;82;3
1;LOGAN;2020;82;3
1;LOHAN;2011;82;3
1;LOHAN;2014;82;3
1;LOÏC;2000;82;7
1;LOÏC;2001;82;3
1;LOÏC;2002;82;10
1;LOÏC;2003;82;7
1;LOÏC;2005;82;4
1;LOÏC;2008;82;4
1;LOÏC;2010;82;5
1;LOÏS;2007;82;3
1;LOÏS;2011;82;4
1;LOÏS;2016;82;3
1;LORENZO;2001;82;4
1;LORENZO;2002;82;4
1;LORENZO;2003;82;4
1;LORENZO;2004;82;3
1;LORENZO;2005;82;5
1;LORENZO;2006;82;3
1;LORENZO;2007;82;8
1;LORENZO;2008;82;7
1;LORENZO;2009;82;4
1;LORENZO;2010;82;8
1;LORENZO;2011;82;10
1;LORENZO;2012;82;10
1;LORENZO;2013;82;11
1;LORENZO;2014;82;7
1;LORENZO;2015;82;4
1;LORENZO;2017;82;6
1;LORENZO;2018;82;5
1;LORENZO;2019;82;3
1;LORENZO;2020;82;4
1;LORENZO;2021;82;3
1;LORIS;2000;82;4
1;LORIS;2001;82;3
1;LORIS;2002;82;3
1;LORIS;2008;82;5
1;LORIS;2009;82;4
1;LORIS;2011;82;4
1;LORIS;2012;82;4
1;LORIS;2013;82;5
1;LORIS;2014;82;3
1;LORIS;2021;82;3
1;LOUIS;2000;82;10
1;LOUIS;2001;82;15
1;LOUIS;2002;82;13
1;LOUIS;2003;82;9
1;LOUIS;2004;82;12
1;LOUIS;2005;82;9
1;LOUIS;2006;82;16
1;LOUIS;2007;82;14
1;LOUIS;2008;82;17
1;LOUIS;2009;82;13
1;LOUIS;2010;82;18
1;LOUIS;2011;82;13
1;LOUIS;2012;82;25
1;LOUIS;2013;82;14
1;LOUIS;2014;82;15
1;LOUIS;2015;82;14
1;LOUIS;2016;82;9
1;LOUIS;2017;82;10
1;LOUIS;2018;82;19
1;LOUIS;2019;82;16
1;LOUIS;2020;82;15
1;LOUIS;2021;82;12
1;LOUKA;2008;82;3
1;LOUKA;2009;82;5
1;LOUKA;2010;82;5
1;LOUKA;2012;82;4
1;LOUKA;2016;82;3
1;LOUKA;2017;82;7
1;LUC;2001;82;3
1;LUC;2006;82;3
1;LUCA;2003;82;4
1;LUCA;2006;82;3
1;LUCA;2007;82;4
1;LUCA;2008;82;4
1;LUCA;2009;82;4
1;LUCA;2010;82;6
1;LUCA;2011;82;6
1;LUCA;2016;82;3
1;LUCA;2017;82;4
1;LUCAS;2000;82;31
1;LUCAS;2001;82;45
1;LUCAS;2002;82;27
1;LUCAS;2003;82;23
1;LUCAS;2004;82;26
1;LUCAS;2005;82;32
1;LUCAS;2006;82;19
1;LUCAS;2007;82;23
1;LUCAS;2008;82;24
1;LUCAS;2009;82;28
1;LUCAS;2010;82;23
1;LUCAS;2011;82;22
1;LUCAS;2012;82;19
1;LUCAS;2013;82;14
1;LUCAS;2014;82;20
1;LUCAS;2015;82;13
1;LUCAS;2016;82;14
1;LUCAS;2017;82;12
1;LUCAS;2018;82;12
1;LUCAS;2019;82;9
1;LUCAS;2020;82;8
1;LUCAS;2021;82;6
1;LUCIEN;2012;82;3
1;LUCIEN;2015;82;3
1;LUDOVIC;2000;82;6
1;LUDOVIC;2002;82;6
1;LUDOVIC;2008;82;3
1;LUKA;2007;82;4
1;LUKA;2008;82;3
1;LUKA;2009;82;3
1;LUKA;2013;82;3
1;LUKA;2015;82;3
1;LUKA;2017;82;3
1;LUKAS;2004;82;8
1;LUKAS;2009;82;3
1;LUKAS;2013;82;3
1;LUKAS;2016;82;3
1;LYAM;2016;82;5
1;LYAM;2017;82;6
1;LYAM;2020;82;4
1;LYAM;2021;82;3
1;MAÉ;2014;82;4
1;MAÉ;2018;82;4
1;MAÉ;2021;82;4
1;MAEL;2001;82;3
1;MAEL;2002;82;8
1;MAEL;2003;82;6
1;MAEL;2004;82;5
1;MAEL;2005;82;4
1;MAEL;2006;82;5
1;MAEL;2007;82;14
1;MAEL;2008;82;10
1;MAEL;2009;82;15
1;MAEL;2010;82;8
1;MAËL;2010;82;11
1;MAËL;2011;82;15
1;MAËL;2012;82;13
1;MAËL;2013;82;16
1;MAËL;2014;82;19
1;MAËL;2015;82;8
1;MAËL;2016;82;10
1;MAËL;2017;82;12
1;MAËL;2018;82;7
1;MAËL;2019;82;9
1;MAËL;2020;82;12
1;MAËL;2021;82;14
1;MAHÉ;2018;82;3
1;MAHÉ;2020;82;6
1;MALIK;2003;82;3
1;MALIK;2010;82;4
1;MALIK;2012;82;3
1;MALIK;2014;82;4
1;MALO;2016;82;5
1;MALONE;2020;82;3
1;MANOA;2017;82;3
1;MARC;2015;82;3
1;MARCEAU;2014;82;4
1;MARCEAU;2019;82;4
1;MARCEAU;2020;82;3
1;MARCEAU;2021;82;7
1;MARCEL;2019;82;3
1;MARCEL;2020;82;3
1;MARCUS;2019;82;3
1;MARIO;2009;82;3
1;MARIUS;2005;82;3
1;MARIUS;2006;82;3
1;MARIUS;2012;82;4
1;MARIUS;2014;82;6
1;MARIUS;2015;82;5
1;MARIUS;2016;82;4
1;MARIUS;2017;82;6
1;MARIUS;2018;82;6
1;MARIUS;2019;82;8
1;MARIUS;2020;82;4
1;MARIUS;2021;82;6
1;MARLEY;2014;82;4
1;MARLEY;2020;82;3
1;MARLON;2004;82;3
1;MARLON;2005;82;3
1;MARLON;2007;82;3
1;MARTIN;2000;82;6
1;MARTIN;2001;82;3
1;MARTIN;2004;82;4
1;MARTIN;2005;82;4
1;MARTIN;2007;82;3
1;MARTIN;2008;82;7
1;MARTIN;2009;82;5
1;MARTIN;2010;82;6
1;MARTIN;2011;82;4
1;MARTIN;2014;82;5
1;MARTIN;2015;82;3
1;MARTIN;2016;82;3
1;MARTIN;2017;82;5
1;MARTIN;2018;82;5
1;MARTIN;2019;82;6
1;MARVIN;2000;82;4
1;MARVIN;2009;82;3
1;MARWAN;2006;82;4
1;MARWAN;2010;82;3
1;MARWAN;2015;82;4
1;MARWAN;2019;82;3
1;MATÉO;2000;82;4
1;MATÉO;2001;82;3
1;MATÉO;2002;82;5
1;MATÉO;2004;82;9
1;MATÉO;2005;82;4
1;MATÉO;2006;82;5
1;MATÉO;2007;82;6
1;MATÉO;2008;82;4
1;MATÉO;2009;82;4
1;MATÉO;2010;82;4
1;MATÉO;2011;82;4
1;MATÉO;2015;82;4
1;MATÉO;2018;82;5
1;MATÉO;2020;82;3
1;MATHÉO;2000;82;3
1;MATHÉO;2001;82;4
1;MATHÉO;2002;82;5
1;MATHÉO;2004;82;14
1;MATHÉO;2005;82;13
1;MATHÉO;2006;82;17
1;MATHÉO;2007;82;12
1;MATHÉO;2008;82;16
1;MATHÉO;2009;82;7
1;MATHÉO;2010;82;5
1;MATHÉO;2011;82;12
1;MATHÉO;2012;82;10
1;MATHÉO;2013;82;10
1;MATHÉO;2014;82;7
1;MATHÉO;2015;82;8
1;MATHÉO;2016;82;8
1;MATHÉO;2018;82;5
1;MATHÉO;2019;82;7
1;MATHÉO;2021;82;3
1;MATHIAS;2000;82;4
1;MATHIAS;2001;82;3
1;MATHIAS;2002;82;3
1;MATHIAS;2004;82;7
1;MATHIAS;2005;82;4
1;MATHIAS;2006;82;9
1;MATHIAS;2007;82;4
1;MATHIAS;2008;82;8
1;MATHIAS;2009;82;5
1;MATHIAS;2010;82;4
1;MATHIAS;2011;82;9
1;MATHIAS;2012;82;6
1;MATHIAS;2013;82;4
1;MATHIAS;2014;82;3
1;MATHIAS;2016;82;3
1;MATHIAS;2018;82;3
1;MATHIEU;2000;82;12
1;MATHIEU;2001;82;12
1;MATHIEU;2002;82;12
1;MATHIEU;2003;82;10
1;MATHIEU;2004;82;3
1;MATHIEU;2005;82;3
1;MATHIEU;2006;82;10
1;MATHIEU;2007;82;4
1;MATHIEU;2008;82;8
1;MATHIEU;2009;82;5
1;MATHIEU;2011;82;4
1;MATHIEU;2015;82;4
1;MATHIS;2000;82;3
1;MATHIS;2001;82;5
1;MATHIS;2002;82;13
1;MATHIS;2003;82;18
1;MATHIS;2004;82;21
1;MATHIS;2005;82;24
1;MATHIS;2006;82;17
1;MATHIS;2007;82;20
1;MATHIS;2008;82;25
1;MATHIS;2009;82;10
1;MATHIS;2010;82;24
1;MATHIS;2011;82;9
1;MATHIS;2012;82;12
1;MATHIS;2013;82;4
1;MATHIS;2014;82;13
1;MATHIS;2015;82;4
1;MATHIS;2016;82;4
1;MATHIS;2017;82;7
1;MATHIS;2018;82;8
1;MATHIS;2019;82;6
1;MATHIS;2020;82;3
1;MATHIS;2021;82;9
1;MATHYS;2001;82;6
1;MATHYS;2005;82;9
1;MATHYS;2006;82;6
1;MATHYS;2007;82;12
1;MATHYS;2008;82;10
1;MATHYS;2009;82;9
1;MATHYS;2010;82;8
1;MATHYS;2011;82;4
1;MATHYS;2012;82;6
1;MATHYS;2013;82;4
1;MATHYS;2014;82;5
1;MATHYS;2015;82;3
1;MATHYS;2017;82;8
1;MATHYS;2018;82;3
1;MATHYS;2019;82;4
1;MATHYS;2020;82;3
1;MATHYS;2021;82;5
1;MATTEO;2011;82;3
1;MATTÉO;2000;82;3
1;MATTÉO;2001;82;7
1;MATTÉO;2002;82;4
1;MATTÉO;2003;82;10
1;MATTÉO;2004;82;9
1;MATTÉO;2005;82;5
1;MATTÉO;2006;82;4
1;MATTÉO;2007;82;10
1;MATTÉO;2008;82;5
1;MATTÉO;2009;82;4
1;MATTÉO;2010;82;6
1;MATTÉO;2011;82;6
1;MATTÉO;2013;82;6
1;MATTÉO;2015;82;4
1;MATTÉO;2017;82;3
1;MATTÉO;2020;82;4
1;MATTHEW;2001;82;3
1;MATTHEW;2015;82;3
1;MATTHIAS;2000;82;3
1;MATTHIAS;2004;82;3
1;MATTHIAS;2005;82;5
1;MATTHIAS;2006;82;4
1;MATTHIEU;2000;82;7
1;MATTHIEU;2001;82;5
1;MATTHIEU;2006;82;6
1;MATYS;2010;82;4
1;MAXENCE;2001;82;3
1;MAXENCE;2002;82;3
1;MAXENCE;2004;82;5
1;MAXENCE;2005;82;4
1;MAXENCE;2006;82;5
1;MAXENCE;2007;82;11
1;MAXENCE;2008;82;7
1;MAXENCE;2009;82;7
1;MAXENCE;2010;82;7
1;MAXENCE;2011;82;9
1;MAXENCE;2012;82;10
1;MAXENCE;2013;82;5
1;MAXENCE;2014;82;5
1;MAXENCE;2015;82;5
1;MAXENCE;2016;82;4
1;MAXENCE;2021;82;6
1;MAXIME;2000;82;13
1;MAXIME;2001;82;21
1;MAXIME;2002;82;23
1;MAXIME;2003;82;20
1;MAXIME;2004;82;16
1;MAXIME;2005;82;9
1;MAXIME;2006;82;16
1;MAXIME;2007;82;13
1;MAXIME;2008;82;14
1;MAXIME;2009;82;9
1;MAXIME;2010;82;10
1;MAXIME;2011;82;6
1;MAXIME;2012;82;6
1;MAXIME;2013;82;5
1;MAXIME;2014;82;6
1;MAXIME;2015;82;5
1;MAXIME;2016;82;5
1;MAXIME;2017;82;6
1;MAXIME;2018;82;4
1;MAYLON;2020;82;3
1;MAYLONE;2021;82;3
1;MAYRON;2012;82;3
1;MAYRON;2013;82;3
1;MAYRON;2016;82;4
1;MAYRON;2017;82;3
1;MAYRON;2019;82;3
1;MEHDI;2001;82;3
1;MEHDI;2002;82;5
1;MEHDI;2004;82;3
1;MEHDI;2005;82;5
1;MEHDI;2008;82;3
1;MEHDI;2010;82;4
1;MEHDI;2012;82;3
1;MEHDI;2013;82;4
1;MELVIN;2001;82;3
1;MELVIN;2002;82;3
1;MELVIN;2010;82;3
1;MICKAEL;2000;82;7
1;MICKAEL;2001;82;4
1;MICKAEL;2005;82;4
1;MICKAEL;2007;82;4
1;MICKAËL;2013;82;4
1;MIKAEL;2019;82;3
1;MILAN;2015;82;3
1;MILAN;2016;82;3
1;MILAN;2017;82;5
1;MILAN;2018;82;4
1;MILAN;2021;82;3
1;MILANN;2021;82;5
1;MILO;2007;82;4
1;MILO;2011;82;4
1;MILO;2018;82;4
1;MILO;2019;82;5
1;MILO;2020;82;5
1;MILO;2021;82;9
1;MOHAMED;2000;82;4
1;MOHAMED;2003;82;8
1;MOHAMED;2006;82;4
1;MOHAMED;2007;82;5
1;MOHAMED;2008;82;5
1;MOHAMED;2009;82;3
1;MOHAMED;2010;82;6
1;MOHAMED;2011;82;4
1;MOHAMED;2012;82;5
1;MOHAMED;2013;82;5
1;MOHAMED;2014;82;7
1;MOHAMED;2015;82;7
1;MOHAMED;2016;82;6
1;MOHAMED;2017;82;6
1;MOHAMED;2018;82;4
1;MOHAMED;2019;82;6
1;MOHAMED;2020;82;7
1;MOHAMED;2021;82;8
1;MOHAMMAD;2012;82;3
1;MOHAMMED;2005;82;3
1;MORGAN;2004;82;4
1;MORGAN;2014;82;3
1;NABIL;2001;82;3
1;NABIL;2006;82;3
1;NAEL;2008;82;3
1;NAEL;2009;82;5
1;NAEL;2010;82;3
1;NAËL;2011;82;3
1;NAËL;2013;82;3
1;NAËL;2015;82;3
1;NAËL;2019;82;5
1;NAËL;2020;82;4
1;NAËL;2021;82;3
1;NAHEL;2013;82;4
1;NAHIL;2015;82;4
1;NAHIL;2016;82;3
1;NAHIL;2021;82;4
1;NAÏM;2014;82;3
1;NAÏM;2015;82;3
1;NAÏM;2018;82;3
1;NAÏM;2020;82;3
1;NASSIM;2004;82;3
1;NASSIM;2006;82;4
1;NASSIM;2007;82;4
1;NASSIM;2010;82;4
1;NASSIM;2018;82;3
1;NATHAËL;2015;82;3
1;NATHAN;2000;82;5
1;NATHAN;2001;82;8
1;NATHAN;2002;82;7
1;NATHAN;2003;82;7
1;NATHAN;2004;82;15
1;NATHAN;2005;82;19
1;NATHAN;2006;82;12
1;NATHAN;2007;82;18
1;NATHAN;2008;82;18
1;NATHAN;2009;82;26
1;NATHAN;2010;82;19
1;NATHAN;2011;82;22
1;NATHAN;2012;82;16
1;NATHAN;2013;82;8
1;NATHAN;2014;82;12
1;NATHAN;2015;82;11
1;NATHAN;2016;82;16
1;NATHAN;2017;82;8
1;NATHAN;2018;82;6
1;NATHAN;2019;82;10
1;NATHAN;2020;82;8
1;NATHAN;2021;82;6
1;NATHANAËL;2010;82;3
1;NATHANAËL;2015;82;3
1;NATHANAËL;2018;82;3
1;NATHANAËL;2019;82;3
1;NATHANAËL;2021;82;5
1;NELSON;2014;82;3
1;NICOLAS;2000;82;17
1;NICOLAS;2001;82;19
1;NICOLAS;2002;82;17
1;NICOLAS;2003;82;13
1;NICOLAS;2004;82;11
1;NICOLAS;2005;82;6
1;NICOLAS;2006;82;7
1;NICOLAS;2007;82;5
1;NICOLAS;2010;82;4
1;NICOLAS;2012;82;3
1;NICOLAS;2013;82;3
1;NICOLAS;2016;82;3
1;NINO;2006;82;3
1;NINO;2008;82;4
1;NINO;2010;82;3
1;NINO;2011;82;5
1;NINO;2013;82;6
1;NINO;2014;82;6
1;NINO;2015;82;6
1;NINO;2016;82;4
1;NINO;2017;82;6
1;NINO;2018;82;4
1;NINO;2019;82;3
1;NINO;2020;82;6
1;NINO;2021;82;8
1;NOA;2002;82;3
1;NOA;2003;82;4
1;NOA;2004;82;4
1;NOA;2005;82;5
1;NOA;2006;82;4
1;NOA;2007;82;10
1;NOA;2008;82;10
1;NOA;2009;82;7
1;NOA;2010;82;11
1;NOA;2011;82;7
1;NOA;2012;82;5
1;NOA;2013;82;4
1;NOA;2014;82;7
1;NOA;2015;82;4
1;NOA;2016;82;4
1;NOA;2017;82;3
1;NOA;2018;82;4
1;NOA;2019;82;4
1;NOA;2020;82;3
1;NOA;2021;82;6
1;NOAH;2003;82;5
1;NOAH;2004;82;7
1;NOAH;2005;82;4
1;NOAH;2006;82;8
1;NOAH;2007;82;14
1;NOAH;2008;82;11
1;NOAH;2009;82;15
1;NOAH;2010;82;6
1;NOAH;2011;82;15
1;NOAH;2012;82;10
1;NOAH;2013;82;7
1;NOAH;2014;82;4
1;NOAH;2015;82;6
1;NOAH;2016;82;5
1;NOAH;2017;82;7
1;NOAH;2018;82;4
1;NOAH;2019;82;9
1;NOAH;2020;82;6
1;NOAH;2021;82;12
1;NOAM;2006;82;3
1;NOAM;2008;82;4
1;NOAM;2009;82;5
1;NOAM;2011;82;5
1;NOAM;2012;82;3
1;NOAM;2013;82;3
1;NOAM;2014;82;3
1;NOAM;2016;82;3
1;NOAM;2017;82;4
1;NOAM;2018;82;3
1;NOAM;2019;82;4
1;NOE;2000;82;3
1;NOE;2002;82;3
1;NOE;2003;82;4
1;NOE;2004;82;3
1;NOE;2006;82;3
1;NOE;2007;82;5
1;NOE;2008;82;6
1;NOE;2009;82;5
1;NOE;2010;82;5
1;NOÉ;2010;82;5
1;NOÉ;2011;82;7
1;NOÉ;2012;82;7
1;NOÉ;2013;82;5
1;NOÉ;2014;82;10
1;NOÉ;2015;82;5
1;NOÉ;2017;82;4
1;NOÉ;2018;82;4
1;NOÉ;2019;82;5
1;NOÉ;2020;82;3
1;NOÉ;2021;82;3
1;NOHAM;2012;82;5
1;NOHAM;2013;82;4
1;NOHAM;2015;82;3
1;NOHAM;2017;82;5
1;NOHAM;2019;82;3
1;NOHAM;2020;82;5
1;NOLAN;2003;82;3
1;NOLAN;2005;82;4
1;NOLAN;2006;82;5
1;NOLAN;2007;82;5
1;NOLAN;2008;82;4
1;NOLAN;2009;82;5
1;NOLAN;2010;82;3
1;NOLAN;2011;82;6
1;NOLAN;2012;82;4
1;NOLAN;2013;82;13
1;NOLAN;2014;82;13
1;NOLAN;2015;82;16
1;NOLAN;2016;82;9
1;NOLAN;2017;82;10
1;NOLAN;2018;82;5
1;NOLAN;2019;82;7
1;NOLAN;2020;82;6
1;NOLAN;2021;82;5
1;NOLANN;2010;82;3
1;NOLANN;2014;82;3
1;NOLHAN;2013;82;7
1;NOLHAN;2016;82;3
1;NOLHAN;2018;82;3
1;OLIVIER;2002;82;3
1;OLIVIER;2010;82;4
1;OLIVIER;2019;82;3
1;OSCAR;2010;82;3
1;OSCAR;2013;82;3
1;OSCAR;2017;82;4
1;OWEN;2011;82;6
1;OWEN;2015;82;7
1;OWEN;2017;82;4
1;OWEN;2018;82;4
1;OWEN;2019;82;3
1;OWEN;2020;82;3
1;PABLO;2003;82;3
1;PABLO;2006;82;4
1;PABLO;2011;82;3
1;PABLO;2012;82;3
1;PABLO;2017;82;3
1;PABLO;2018;82;3
1;PACO;2001;82;3
1;PAOLO;2004;82;3
1;PAOLO;2005;82;3
1;PAOLO;2007;82;3
1;PAUL;2000;82;18
1;PAUL;2001;82;20
1;PAUL;2002;82;15
1;PAUL;2003;82;10
1;PAUL;2004;82;6
1;PAUL;2005;82;14
1;PAUL;2006;82;15
1;PAUL;2007;82;9
1;PAUL;2008;82;10
1;PAUL;2009;82;9
1;PAUL;2010;82;7
1;PAUL;2011;82;13
1;PAUL;2012;82;6
1;PAUL;2013;82;7
1;PAUL;2014;82;9
1;PAUL;2015;82;10
1;PAUL;2016;82;6
1;PAUL;2017;82;7
1;PAUL;2018;82;8
1;PAUL;2019;82;9
1;PAUL;2020;82;4
1;PAUL;2021;82;8
1;PIERRE;2000;82;9
1;PIERRE;2001;82;10
1;PIERRE;2002;82;8
1;PIERRE;2003;82;9
1;PIERRE;2004;82;9
1;PIERRE;2006;82;13
1;PIERRE;2007;82;5
1;PIERRE;2008;82;6
1;PIERRE;2009;82;8
1;PIERRE;2010;82;5
1;PIERRE;2012;82;4
1;PIERRE;2013;82;4
1;PIERRE;2015;82;4
1;PIERRE;2019;82;4
1;PIERRICK;2006;82;3
1;PIERRICK;2011;82;3
1;PIO;2021;82;3
1;PRESTON;2012;82;4
1;QUENTIN;2000;82;20
1;QUENTIN;2001;82;13
1;QUENTIN;2002;82;16
1;QUENTIN;2003;82;16
1;QUENTIN;2004;82;12
1;QUENTIN;2005;82;8
1;QUENTIN;2006;82;10
1;QUENTIN;2007;82;8
1;QUENTIN;2008;82;10
1;QUENTIN;2009;82;10
1;QUENTIN;2010;82;6
1;QUENTIN;2011;82;3
1;QUENTIN;2012;82;6
1;QUENTIN;2013;82;5
1;QUENTIN;2018;82;3
1;RAFAEL;2007;82;3
1;RAFAEL;2009;82;4
1;RAFAEL;2010;82;4
1;RAFAEL;2013;82;7
1;RAFAEL;2014;82;6
1;RAFAEL;2017;82;5
1;RAFAEL;2021;82;4
1;RAFAËL;2011;82;3
1;RAFAËL;2017;82;3
1;RAFAËL;2018;82;4
1;RAFAËL;2019;82;3
1;RAPHAËL;2000;82;5
1;RAPHAËL;2001;82;3
1;RAPHAËL;2002;82;3
1;RAPHAËL;2003;82;8
1;RAPHAËL;2004;82;5
1;RAPHAËL;2005;82;9
1;RAPHAËL;2006;82;9
1;RAPHAËL;2007;82;17
1;RAPHAËL;2008;82;9
1;RAPHAËL;2009;82;21
1;RAPHAËL;2010;82;13
1;RAPHAËL;2011;82;15
1;RAPHAËL;2012;82;14
1;RAPHAËL;2013;82;13
1;RAPHAËL;2014;82;16
1;RAPHAËL;2015;82;14
1;RAPHAËL;2016;82;18
1;RAPHAËL;2017;82;21
1;RAPHAËL;2018;82;12
1;RAPHAËL;2019;82;11
1;RAPHAËL;2020;82;20
1;RAPHAËL;2021;82;7
1;RAYAN;2002;82;5
1;RAYAN;2003;82;5
1;RAYAN;2004;82;4
1;RAYAN;2005;82;8
1;RAYAN;2006;82;12
1;RAYAN;2007;82;8
1;RAYAN;2008;82;11
1;RAYAN;2009;82;6
1;RAYAN;2010;82;6
1;RAYAN;2011;82;9
1;RAYAN;2012;82;8
1;RAYAN;2013;82;7
1;RAYAN;2014;82;9
1;RAYAN;2015;82;5
1;RAYAN;2016;82;11
1;RAYAN;2017;82;8
1;RAYAN;2018;82;8
1;RAYAN;2019;82;5
1;RAYAN;2020;82;6
1;RAYAN;2021;82;7
1;RAYANE;2007;82;3
1;RAYANE;2014;82;3
1;RAYANE;2016;82;3
1;REDA;2013;82;3
1;REDA;2015;82;3
1;RÉMI;2000;82;12
1;RÉMI;2001;82;6
1;RÉMI;2002;82;5
1;RÉMI;2003;82;6
1;RÉMI;2004;82;3
1;RÉMI;2005;82;11
1;RÉMI;2006;82;11
1;RÉMI;2007;82;5
1;RÉMI;2008;82;6
1;RÉMI;2010;82;3
1;RÉMI;2011;82;3
1;RÉMY;2001;82;4
1;RÉMY;2003;82;4
1;RÉMY;2005;82;3
1;ROBIN;2000;82;6
1;ROBIN;2001;82;4
1;ROBIN;2002;82;4
1;ROBIN;2003;82;3
1;ROBIN;2004;82;5
1;ROBIN;2005;82;4
1;ROBIN;2006;82;3
1;ROBIN;2007;82;4
1;ROBIN;2009;82;4
1;ROBIN;2012;82;5
1;ROBIN;2013;82;8
1;ROBIN;2015;82;5
1;ROBIN;2016;82;5
1;ROBIN;2017;82;7
1;ROBIN;2020;82;4
1;ROBIN;2021;82;4
1;RODRIGO;2015;82;4
1;ROMAIN;2000;82;12
1;ROMAIN;2001;82;7
1;ROMAIN;2002;82;15
1;ROMAIN;2003;82;9
1;ROMAIN;2004;82;18
1;ROMAIN;2005;82;17
1;ROMAIN;2006;82;8
1;ROMAIN;2007;82;7
1;ROMAIN;2008;82;10
1;ROMAIN;2009;82;6
1;ROMAIN;2012;82;4
1;ROMAIN;2016;82;4
1;ROMAIN;2017;82;3
1;ROMAN;2007;82;3
1;ROMÉO;2013;82;3
1;ROMÉO;2015;82;3
1;RUBEN;2010;82;4
1;RUBEN;2014;82;3
1;RUBEN;2015;82;4
1;RUBEN;2017;82;3
1;RUBEN;2019;82;3
1;RUBEN;2021;82;3
1;RUDY;2009;82;3
1;RYAN;2002;82;4
1;RYAN;2006;82;3
1;RYAN;2009;82;4
1;SACHA;2003;82;4
1;SACHA;2004;82;7
1;SACHA;2005;82;6
1;SACHA;2006;82;5
1;SACHA;2007;82;5
1;SACHA;2008;82;6
1;SACHA;2009;82;9
1;SACHA;2010;82;11
1;SACHA;2011;82;6
1;SACHA;2012;82;12
1;SACHA;2013;82;8
1;SACHA;2014;82;14
1;SACHA;2015;82;4
1;SACHA;2016;82;14
1;SACHA;2017;82;4
1;SACHA;2018;82;9
1;SACHA;2019;82;5
1;SACHA;2020;82;10
1;SACHA;2021;82;9
1;SALIM;2007;82;4
1;SAMI;2001;82;4
1;SAMI;2015;82;3
1;SAMUEL;2000;82;10
1;SAMUEL;2001;82;6
1;SAMUEL;2002;82;3
1;SAMUEL;2003;82;3
1;SAMUEL;2004;82;6
1;SAMUEL;2005;82;3
1;SAMUEL;2006;82;5
1;SAMUEL;2007;82;6
1;SAMUEL;2008;82;4
1;SAMUEL;2011;82;4
1;SAMUEL;2012;82;5
1;SAMUEL;2013;82;3
1;SAMUEL;2014;82;5
1;SAMUEL;2015;82;7
1;SAMUEL;2017;82;6
1;SAMUEL;2019;82;4
1;SAMY;2003;82;3
1;SAMY;2010;82;3
1;SAMY;2016;82;3
1;SANDRO;2015;82;3
1;SANDRO;2017;82;3
1;SANDRO;2018;82;3
1;SANDRO;2021;82;4
1;SANTIAGO;2017;82;3
1;SASHA;2005;82;3
1;SASHA;2014;82;4
1;SASHA;2015;82;6
1;SASHA;2017;82;5
1;SEAN;2008;82;4
1;SÉBASTIEN;2000;82;3
1;SÉBASTIEN;2005;82;3
1;SELIM;2020;82;3
1;SIMON;2000;82;6
1;SIMON;2001;82;5
1;SIMON;2002;82;5
1;SIMON;2003;82;8
1;SIMON;2004;82;3
1;SIMON;2006;82;5
1;SIMON;2007;82;6
1;SIMON;2008;82;6
1;SIMON;2009;82;3
1;SIMON;2011;82;7
1;SIMON;2012;82;8
1;SIMON;2013;82;5
1;SIMON;2014;82;4
1;SIMON;2016;82;9
1;SIMON;2017;82;4
1;SIMON;2018;82;3
1;SIMON;2019;82;4
1;SIMON;2020;82;3
1;SIMON;2021;82;9
1;SOAN;2010;82;5
1;SOAN;2012;82;3
1;SOAN;2016;82;3
1;SOAN;2017;82;5
1;SOAN;2020;82;5
1;SOFIAN;2002;82;3
1;SOFIANE;2004;82;5
1;SOFIANE;2005;82;4
1;SOFIANE;2006;82;4
1;SOFIANE;2009;82;3
1;SOFIANE;2016;82;3
1;SOHAN;2013;82;3
1;SOHAN;2014;82;4
1;SOHAN;2018;82;4
1;SOHAN;2019;82;4
1;SOHAN;2020;82;7
1;SOHANN;2021;82;3
1;STEVEN;2000;82;6
1;STEVEN;2001;82;5
1;STEVEN;2006;82;3
1;SYLVAIN;2001;82;3
1;SYLVAIN;2002;82;4
1;SYLVAIN;2003;82;4
1;SYLVAIN;2006;82;3
1;SYLVAIN;2008;82;3
1;TAO;2020;82;6
1;TEDDY;2005;82;3
1;TEDDY;2007;82;3
1;THÉO;2000;82;30
1;THÉO;2001;82;21
1;THÉO;2002;82;35
1;THÉO;2003;82;24
1;THÉO;2004;82;24
1;THÉO;2005;82;18
1;THÉO;2006;82;23
1;THÉO;2007;82;14
1;THÉO;2008;82;10
1;THÉO;2009;82;13
1;THÉO;2010;82;8
1;THÉO;2011;82;16
1;THÉO;2012;82;16
1;THÉO;2013;82;13
1;THÉO;2014;82;9
1;THÉO;2015;82;14
1;THÉO;2016;82;9
1;THÉO;2017;82;6
1;THÉO;2018;82;4
1;THÉO;2019;82;5
1;THÉO;2021;82;5
1;THIAGO;2015;82;3
1;THIAGO;2020;82;3
1;THIBAUD;2008;82;3
1;THIBAULT;2000;82;5
1;THIBAULT;2001;82;5
1;THIBAULT;2002;82;6
1;THIBAULT;2004;82;5
1;THIBAULT;2006;82;3
1;THIBAULT;2011;82;4
1;THIBAULT;2015;82;3
1;THIBAULT;2021;82;3
1;THIBAUT;2000;82;4
1;THIBAUT;2001;82;3
1;THIBAUT;2002;82;7
1;THIBAUT;2004;82;5
1;THIBAUT;2005;82;3
1;THOMAS;2000;82;33
1;THOMAS;2001;82;24
1;THOMAS;2002;82;26
1;THOMAS;2003;82;32
1;THOMAS;2004;82;20
1;THOMAS;2005;82;14
1;THOMAS;2006;82;20
1;THOMAS;2007;82;19
1;THOMAS;2008;82;13
1;THOMAS;2009;82;12
1;THOMAS;2010;82;12
1;THOMAS;2011;82;11
1;THOMAS;2012;82;9
1;THOMAS;2013;82;10
1;THOMAS;2014;82;4
1;THOMAS;2015;82;6
1;THOMAS;2016;82;4
1;THOMAS;2017;82;5
1;THOMAS;2018;82;6
1;THYMÉO;2014;82;3
1;TIAGO;2009;82;3
1;TIAGO;2011;82;3
1;TIAGO;2012;82;5
1;TIAGO;2013;82;3
1;TIAGO;2014;82;3
1;TIAGO;2015;82;7
1;TIAGO;2016;82;3
1;TIAGO;2018;82;8
1;TIAGO;2019;82;9
1;TIAGO;2020;82;9
1;TIAGO;2021;82;5
1;TIMEO;2006;82;4
1;TIMEO;2007;82;3
1;TIMEO;2008;82;9
1;TIMEO;2009;82;10
1;TIMEO;2010;82;4
1;TIMÉO;2010;82;10
1;TIMÉO;2011;82;17
1;TIMÉO;2012;82;8
1;TIMÉO;2013;82;14
1;TIMÉO;2014;82;11
1;TIMÉO;2015;82;13
1;TIMÉO;2016;82;7
1;TIMÉO;2017;82;10
1;TIMÉO;2018;82;8
1;TIMÉO;2019;82;6
1;TIMÉO;2020;82;13
1;TIMÉO;2021;82;6
1;TIMOTHE;2006;82;4
1;TIMOTHE;2008;82;5
1;TIMOTHÉ;2014;82;4
1;TIMOTHÉ;2017;82;3
1;TIMOTHÉE;2021;82;3
1;TITOUAN;2009;82;4
1;TITOUAN;2013;82;4
1;TOM;2000;82;9
1;TOM;2001;82;8
1;TOM;2002;82;9
1;TOM;2003;82;7
1;TOM;2004;82;11
1;TOM;2005;82;9
1;TOM;2006;82;7
1;TOM;2007;82;9
1;TOM;2008;82;12
1;TOM;2009;82;9
1;TOM;2010;82;9
1;TOM;2011;82;12
1;TOM;2012;82;5
1;TOM;2013;82;16
1;TOM;2014;82;9
1;TOM;2015;82;8
1;TOM;2016;82;7
1;TOM;2017;82;5
1;TOM;2018;82;15
1;TOM;2019;82;7
1;TOM;2020;82;4
1;TONY;2000;82;4
1;TONY;2001;82;6
1;TONY;2006;82;4
1;TONY;2007;82;5
1;TONY;2008;82;3
1;TONY;2020;82;3
1;TRISTAN;2000;82;6
1;TRISTAN;2001;82;5
1;TRISTAN;2002;82;8
1;TRISTAN;2003;82;7
1;TRISTAN;2004;82;5
1;TRISTAN;2005;82;4
1;TRISTAN;2006;82;4
1;TRISTAN;2007;82;4
1;TRISTAN;2008;82;4
1;TRISTAN;2012;82;4
1;TRISTAN;2013;82;3
1;TRISTAN;2014;82;3
1;TYLIO;2020;82;4
1;TYMÉO;2016;82;3
1;TYRON;2010;82;3
1;TYRON;2012;82;3
1;UGO;2002;82;4
1;UGO;2004;82;4
1;UGO;2006;82;3
1;VALENTIN;2000;82;17
1;VALENTIN;2001;82;12
1;VALENTIN;2002;82;13
1;VALENTIN;2003;82;12
1;VALENTIN;2004;82;15
1;VALENTIN;2005;82;7
1;VALENTIN;2006;82;9
1;VALENTIN;2007;82;9
1;VALENTIN;2008;82;6
1;VALENTIN;2009;82;8
1;VALENTIN;2010;82;5
1;VALENTIN;2011;82;9
1;VALENTIN;2012;82;9
1;VALENTIN;2013;82;10
1;VALENTIN;2014;82;5
1;VALENTIN;2016;82;3
1;VALENTIN;2017;82;5
1;VALENTIN;2018;82;5
1;VALENTIN;2019;82;4
1;VALENTIN;2020;82;6
1;VALENTIN;2021;82;7
1;VICTOR;2000;82;5
1;VICTOR;2001;82;4
1;VICTOR;2002;82;7
1;VICTOR;2003;82;6
1;VICTOR;2005;82;6
1;VICTOR;2006;82;5
1;VICTOR;2007;82;4
1;VICTOR;2008;82;3
1;VICTOR;2009;82;3
1;VICTOR;2010;82;6
1;VICTOR;2011;82;4
1;VICTOR;2012;82;4
1;VICTOR;2013;82;3
1;VICTOR;2014;82;3
1;VICTOR;2015;82;4
1;VICTOR;2016;82;3
1;VICTOR;2017;82;4
1;VICTOR;2019;82;3
1;VICTOR;2020;82;3
1;VICTOR;2021;82;6
1;VINCENT;2000;82;11
1;VINCENT;2001;82;9
1;VINCENT;2002;82;6
1;VINCENT;2003;82;4
1;VINCENT;2005;82;6
1;VINCENT;2006;82;6
1;VINCENT;2007;82;3
1;VINCENT;2010;82;3
1;WALID;2000;82;3
1;WALID;2001;82;6
1;WALID;2005;82;3
1;WALID;2007;82;4
1;WALID;2009;82;4
1;WALID;2010;82;5
1;WASSIM;2007;82;3
1;WASSIM;2010;82;3
1;WASSIM;2011;82;3
1;WASSIM;2012;82;4
1;WASSIM;2017;82;3
1;WASSIM;2020;82;5
1;WASSIM;2021;82;5
1;WILLIAM;2000;82;5
1;WILLIAM;2001;82;3
1;WILLIAM;2003;82;3
1;WILLIAM;2004;82;4
1;WILLIAM;2010;82;4
1;WILLIAM;2011;82;5
1;WILLIAM;2012;82;4
1;WILLIAM;2018;82;3
1;WILLIAM;2020;82;6
1;WILLIAM;2021;82;3
1;YACINE;2005;82;3
1;YACINE;2008;82;3
1;YANIS;2002;82;6
1;YANIS;2003;82;9
1;YANIS;2004;82;10
1;YANIS;2005;82;11
1;YANIS;2006;82;17
1;YANIS;2007;82;14
1;YANIS;2008;82;13
1;YANIS;2009;82;17
1;YANIS;2010;82;17
1;YANIS;2011;82;9
1;YANIS;2012;82;8
1;YANIS;2013;82;18
1;YANIS;2014;82;7
1;YANIS;2016;82;9
1;YANIS;2017;82;11
1;YANIS;2018;82;3
1;YANIS;2020;82;5
1;YANIS;2021;82;6
1;YANISS;2011;82;3
1;YANN;2000;82;3
1;YANN;2002;82;5
1;YANN;2003;82;4
1;YANN;2004;82;4
1;YANN;2005;82;3
1;YANN;2006;82;3
1;YANNICK;2000;82;3
1;YANNIS;2006;82;3
1;YASSINE;2001;82;4
1;YASSINE;2004;82;3
1;YASSINE;2007;82;3
1;YASSINE;2012;82;4
1;YASSINE;2013;82;3
1;YASSINE;2017;82;4
1;YASSINE;2019;82;4
1;YASSINE;2021;82;3
1;YAZID;2015;82;3
1;YLAN;2008;82;3
1;YOAN;2006;82;4
1;YOAN;2008;82;3
1;YOANN;2002;82;3
1;YOHAN;2001;82;3
1;YOHAN;2002;82;4
1;YOHAN;2004;82;3
1;YONI;2004;82;3
1;YOUCEF;2009;82;3
1;YOUNES;2000;82;5
1;YOUNES;2001;82;4
1;YOUNES;2006;82;3
1;YOUNES;2007;82;3
1;YOUSSEF;2013;82;3
1;YOUSSEF;2015;82;4
1;YOUSSEF;2016;82;6
1;YOUSSEF;2017;82;6
1;YOUSSEF;2018;82;3
1;YOUSSEF;2019;82;4
1;YOUSSEF;2020;82;5
1;YOUSSEF;2021;82;4
1;ZAKARIA;2017;82;3
1;ZAYD;2020;82;3
1;ZAYN;2019;82;3
2;_PRENOMS_RARES;2000;82;35
2;_PRENOMS_RARES;2001;82;23
2;_PRENOMS_RARES;2002;82;22
2;_PRENOMS_RARES;2003;82;24
2;_PRENOMS_RARES;2004;82;30
2;_PRENOMS_RARES;2005;82;35
2;_PRENOMS_RARES;2006;82;29
2;_PRENOMS_RARES;2007;82;46
2;_PRENOMS_RARES;2008;82;40
2;_PRENOMS_RARES;2009;82;38
2;_PRENOMS_RARES;2010;82;49
2;_PRENOMS_RARES;2011;82;40
2;_PRENOMS_RARES;2012;82;55
2;_PRENOMS_RARES;2013;82;58
2;_PRENOMS_RARES;2014;82;72
2;_PRENOMS_RARES;2015;82;74
2;_PRENOMS_RARES;2016;82;57
2;_PRENOMS_RARES;2017;82;66
2;_PRENOMS_RARES;2018;82;70
2;_PRENOMS_RARES;2019;82;64
2;_PRENOMS_RARES;2020;82;57
2;_PRENOMS_RARES;2021;82;77
2;ADÈLE;2012;82;5
2;ADÈLE;2015;82;4
2;ADÈLE;2016;82;4
2;ADÈLE;2017;82;3
2;ADÈLE;2018;82;4
2;ADÈLE;2019;82;3
2;ADRIANA;2009;82;3
2;AGATHE;2000;82;3
2;AGATHE;2002;82;5
2;AGATHE;2003;82;3
2;AGATHE;2004;82;5
2;AGATHE;2007;82;4
2;AGATHE;2009;82;3
2;AGATHE;2011;82;3
2;AGATHE;2012;82;6
2;AGATHE;2013;82;4
2;AGATHE;2015;82;6
2;AGATHE;2016;82;6
2;AGATHE;2017;82;3
2;AGATHE;2018;82;4
2;AGATHE;2019;82;5
2;AGATHE;2020;82;11
2;AGATHE;2021;82;8
2;AINHOA;2009;82;5
2;ALAIS;2008;82;3
2;ALBA;2020;82;3
2;ALBA;2021;82;5
2;ALEXANDRA;2000;82;3
2;ALEXANDRA;2001;82;4
2;ALEXANDRA;2003;82;3
2;ALEXANE;2007;82;3
2;ALEXIA;2000;82;4
2;ALEXIA;2001;82;3
2;ALEXIA;2003;82;3
2;ALEXIA;2005;82;5
2;ALEXIA;2007;82;3
2;ALEXIA;2011;82;3
2;ALEXIA;2014;82;3
2;ALICE;2000;82;3
2;ALICE;2001;82;4
2;ALICE;2002;82;3
2;ALICE;2003;82;8
2;ALICE;2004;82;4
2;ALICE;2005;82;3
2;ALICE;2006;82;4
2;ALICE;2007;82;3
2;ALICE;2008;82;5
2;ALICE;2009;82;5
2;ALICE;2010;82;6
2;ALICE;2011;82;8
2;ALICE;2012;82;8
2;ALICE;2013;82;4
2;ALICE;2014;82;8
2;ALICE;2015;82;15
2;ALICE;2016;82;10
2;ALICE;2017;82;5
2;ALICE;2018;82;6
2;ALICE;2019;82;10
2;ALICE;2020;82;7
2;ALICE;2021;82;11
2;ALICIA;2000;82;3
2;ALICIA;2001;82;7
2;ALICIA;2002;82;8
2;ALICIA;2003;82;7
2;ALICIA;2004;82;5
2;ALICIA;2005;82;3
2;ALICIA;2006;82;5
2;ALICIA;2007;82;4
2;ALICIA;2008;82;6
2;ALICIA;2009;82;5
2;ALICIA;2010;82;3
2;ALICIA;2011;82;7
2;ALICIA;2012;82;8
2;ALICIA;2013;82;7
2;ALICIA;2015;82;3
2;ALICIA;2016;82;3
2;ALICIA;2017;82;6
2;ALISON;2000;82;3
2;ALIX;2001;82;3
2;ALIX;2018;82;3
2;ALIX;2019;82;4
2;ALIX;2021;82;5
2;ALIYAH;2018;82;3
2;ALIYAH;2021;82;3
2;ALIZÉE;2001;82;6
2;ALIZÉE;2003;82;4
2;ALMA;2021;82;3
2;ALYA;2020;82;3
2;ALYA;2021;82;6
2;ALYCIA;2006;82;3
2;ALYCIA;2011;82;3
2;ALYSSA;2004;82;3
2;AMALIA;2021;82;3
2;AMANDINE;2000;82;5
2;AMANDINE;2001;82;8
2;AMANDINE;2002;82;14
2;AMANDINE;2003;82;5
2;AMANDINE;2004;82;4
2;AMANDINE;2006;82;5
2;AMANDINE;2009;82;3
2;AMANDINE;2010;82;3
2;AMANDINE;2011;82;3
2;AMANDINE;2012;82;3
2;AMAYA;2016;82;5
2;AMBRE;2000;82;3
2;AMBRE;2001;82;7
2;AMBRE;2002;82;11
2;AMBRE;2003;82;3
2;AMBRE;2004;82;10
2;AMBRE;2005;82;9
2;AMBRE;2006;82;10
2;AMBRE;2007;82;10
2;AMBRE;2008;82;10
2;AMBRE;2009;82;11
2;AMBRE;2010;82;6
2;AMBRE;2011;82;6
2;AMBRE;2012;82;12
2;AMBRE;2013;82;6
2;AMBRE;2014;82;8
2;AMBRE;2015;82;10
2;AMBRE;2016;82;6
2;AMBRE;2017;82;6
2;AMBRE;2018;82;8
2;AMBRE;2019;82;8
2;AMBRE;2020;82;8
2;AMBRE;2021;82;11
2;AMEL;2003;82;4
2;AMEL;2005;82;3
2;AMEL;2010;82;4
2;AMEL;2011;82;3
2;AMEL;2013;82;3
2;AMÉLIA;2013;82;4
2;AMÉLIE;2000;82;7
2;AMÉLIE;2001;82;3
2;AMÉLIE;2002;82;10
2;AMÉLIE;2003;82;7
2;AMÉLIE;2004;82;5
2;AMÉLIE;2005;82;3
2;AMÉLIE;2006;82;3
2;AMÉLIE;2007;82;4
2;AMÉLIE;2008;82;3
2;AMÉLIE;2012;82;3
2;AMINA;2009;82;3
2;AMIRA;2010;82;3
2;AMIRA;2014;82;4
2;ANA;2014;82;3
2;ANA;2015;82;4
2;ANA;2017;82;3
2;ANAÉ;2013;82;8
2;ANAÉ;2016;82;3
2;ANAÉ;2020;82;3
2;ANAELLE;2002;82;3
2;ANAELLE;2005;82;3
2;ANAELLE;2008;82;6
2;ANAELLE;2009;82;4
2;ANAËLLE;2010;82;3
2;ANAËLLE;2018;82;3
2;ANAËLLE;2019;82;3
2;ANAÏS;2000;82;11
2;ANAÏS;2001;82;16
2;ANAÏS;2002;82;14
2;ANAÏS;2003;82;11
2;ANAÏS;2004;82;13
2;ANAÏS;2005;82;5
2;ANAÏS;2006;82;11
2;ANAÏS;2007;82;10
2;ANAÏS;2008;82;9
2;ANAÏS;2009;82;9
2;ANAÏS;2010;82;11
2;ANAÏS;2011;82;7
2;ANAÏS;2012;82;8
2;ANAÏS;2013;82;5
2;ANAÏS;2014;82;7
2;ANAÏS;2015;82;3
2;ANAÏS;2016;82;8
2;ANAÏS;2017;82;5
2;ANAÏS;2019;82;5
2;ANAÏS;2020;82;5
2;ANDRÉA;2001;82;5
2;ANDRÉA;2002;82;5
2;ANDRÉA;2004;82;3
2;ANDRÉA;2006;82;3
2;ANDRÉA;2007;82;4
2;ANDRÉA;2011;82;3
2;ANDRÉA;2014;82;4
2;ANDRÉA;2015;82;3
2;ANDRÉA;2017;82;3
2;ANDRÉA;2020;82;3
2;ANGÈLE;2003;82;4
2;ANGÈLE;2011;82;3
2;ANGELINA;2002;82;3
2;ANGELINA;2006;82;6
2;ANGELINA;2008;82;4
2;ANGELINA;2009;82;3
2;ANGELINA;2010;82;3
2;ANGÉLINA;2021;82;3
2;ANGELIQUE;2009;82;3
2;ANISSA;2007;82;4
2;ANISSA;2008;82;3
2;ANISSA;2015;82;3
2;ANISSA;2019;82;3
2;ANNA;2001;82;5
2;ANNA;2003;82;3
2;ANNA;2004;82;4
2;ANNA;2005;82;9
2;ANNA;2006;82;3
2;ANNA;2007;82;5
2;ANNA;2008;82;6
2;ANNA;2009;82;4
2;ANNA;2010;82;3
2;ANNA;2011;82;12
2;ANNA;2012;82;8
2;ANNA;2013;82;4
2;ANNA;2014;82;5
2;ANNA;2015;82;13
2;ANNA;2016;82;12
2;ANNA;2017;82;5
2;ANNA;2018;82;8
2;ANNA;2019;82;11
2;ANNA;2020;82;7
2;ANNA;2021;82;5
2;APOLLINE;2015;82;4
2;APOLLINE;2017;82;4
2;ARIA;2019;82;3
2;ARYA;2019;82;4
2;ARYA;2020;82;3
2;ASHLEY;2012;82;3
2;ASMA;2006;82;3
2;ASMA;2013;82;3
2;ASMA;2020;82;3
2;ASSIA;2001;82;4
2;ASSIA;2004;82;4
2;ASSIA;2007;82;3
2;ASSIA;2021;82;4
2;ASSYA;2016;82;3
2;ASSYA;2019;82;3
2;ATHÉNAÏS;2017;82;3
2;AUDREY;2000;82;6
2;AUDREY;2002;82;5
2;AUDREY;2003;82;4
2;AUDREY;2004;82;3
2;AUDREY;2006;82;4
2;AUGUSTINE;2019;82;3
2;AURÉLIE;2000;82;5
2;AURÉLIE;2001;82;5
2;AURÉLIE;2003;82;4
2;AURIANE;2002;82;3
2;AURORE;2000;82;4
2;AURORE;2004;82;4
2;AURORE;2008;82;3
2;AURORE;2009;82;3
2;AURORE;2010;82;3
2;AXELLE;2003;82;5
2;AXELLE;2004;82;3
2;AXELLE;2005;82;3
2;AXELLE;2018;82;3
2;AYA;2005;82;4
2;AYA;2006;82;5
2;AYA;2008;82;4
2;AYA;2010;82;4
2;AYA;2011;82;7
2;AYA;2012;82;6
2;AYA;2013;82;4
2;AYA;2014;82;4
2;AYA;2015;82;5
2;AYA;2016;82;6
2;AYA;2018;82;13
2;AYA;2020;82;7
2;CAMÉLIA;2005;82;3
2;CAMÉLIA;2021;82;4
2;CAMERON;2008;82;3
2;CAMILLE;2000;82;21
2;CAMILLE;2001;82;15
2;CAMILLE;2002;82;11
2;CAMILLE;2003;82;16
2;CAMILLE;2004;82;12
2;CAMILLE;2005;82;11
2;CAMILLE;2006;82;18
2;CAMILLE;2007;82;10
2;CAMILLE;2008;82;10
2;CAMILLE;2009;82;14
2;CAMILLE;2010;82;11
2;CAMILLE;2011;82;13
2;CAMILLE;2012;82;10
2;CAMILLE;2013;82;8
2;CAMILLE;2014;82;11
2;CAMILLE;2015;82;7
2;CAMILLE;2016;82;10
2;CAMILLE;2017;82;8
2;CAMILLE;2018;82;5
2;CAMILLE;2020;82;3
2;CAMILLE;2021;82;4
2;CANDICE;2004;82;5
2;CANDICE;2005;82;7
2;CANDICE;2006;82;5
2;CANDICE;2009;82;3
2;CANDICE;2012;82;3
2;CANDICE;2013;82;6
2;CANDICE;2016;82;3
2;CANDICE;2019;82;3
2;CAPUCINE;2011;82;4
2;CAPUCINE;2015;82;3
2;CAPUCINE;2016;82;4
2;CAPUCINE;2020;82;3
2;CAPUCINE;2021;82;6
2;CARLA;2000;82;8
2;CARLA;2001;82;7
2;CARLA;2002;82;4
2;CARLA;2003;82;9
2;CARLA;2004;82;10
2;CARLA;2005;82;6
2;CARLA;2006;82;8
2;CARLA;2007;82;9
2;CARLA;2008;82;6
2;CARLA;2009;82;4
2;CARLA;2012;82;3
2;CARMEN;2007;82;3
2;CAROLINE;2001;82;4
2;CAROLINE;2003;82;4
2;CASSANDRA;2001;82;3
2;CASSANDRA;2004;82;5
2;CASSANDRA;2005;82;4
2;CASSANDRA;2006;82;4
2;CASSANDRA;2007;82;3
2;CASSANDRA;2009;82;4
2;CASSANDRA;2010;82;3
2;CASSANDRA;2016;82;3
2;CÉCILE;2000;82;5
2;CÉCILE;2002;82;3
2;CÉCILIA;2004;82;3
2;CÉCILIA;2005;82;3
2;CÉLIA;2000;82;8
2;CÉLIA;2001;82;6
2;CÉLIA;2002;82;9
2;CÉLIA;2003;82;6
2;CÉLIA;2004;82;11
2;CÉLIA;2005;82;10
2;CÉLIA;2006;82;12
2;CÉLIA;2007;82;4
2;CÉLIA;2008;82;10
2;CÉLIA;2009;82;7
2;CÉLIA;2010;82;4
2;CÉLIA;2011;82;3
2;CÉLIA;2012;82;6
2;CÉLIA;2013;82;4
2;CÉLIA;2015;82;4
2;CÉLIA;2016;82;3
2;CÉLIA;2020;82;3
2;CÉLIA;2021;82;3
2;CHAIMA;2006;82;3
2;CHANEL;2016;82;4
2;CHARLÈNE;2004;82;3
2;CHARLIE;2013;82;3
2;CHARLIE;2016;82;4
2;CHARLIE;2018;82;3
2;CHARLIE;2021;82;4
2;CHARLINE;2000;82;4
2;CHARLINE;2001;82;6
2;CHARLINE;2003;82;3
2;CHARLINE;2009;82;5
2;CHARLINE;2010;82;3
2;CHARLINE;2019;82;3
2;CHARLINE;2020;82;3
2;CHARLOTTE;2000;82;9
2;CHARLOTTE;2001;82;7
2;CHARLOTTE;2002;82;4
2;CHARLOTTE;2003;82;11
2;CHARLOTTE;2004;82;6
2;CHARLOTTE;2005;82;3
2;CHARLOTTE;2006;82;6
2;CHARLOTTE;2008;82;10
2;CHARLOTTE;2009;82;3
2;CHARLOTTE;2010;82;9
2;CHARLOTTE;2011;82;5
2;CHARLOTTE;2012;82;10
2;CHARLOTTE;2014;82;11
2;CHARLOTTE;2016;82;8
2;CHARLOTTE;2019;82;3
2;CHARLOTTE;2020;82;6
2;CHARLOTTE;2021;82;4
2;CHELSEA;2011;82;3
2;CHIARA;2003;82;4
2;CHIARA;2006;82;3
2;CHIARA;2008;82;3
2;CHIARA;2009;82;4
2;CHIARA;2012;82;3
2;CHIARA;2019;82;3
2;CHLOÉ;2000;82;22
2;CHLOÉ;2001;82;21
2;CHLOÉ;2002;82;16
2;CHLOÉ;2003;82;9
2;CHLOÉ;2004;82;21
2;CHLOÉ;2005;82;10
2;CHLOÉ;2006;82;14
2;CHLOÉ;2007;82;12
2;CHLOÉ;2008;82;23
2;CHLOÉ;2009;82;16
2;CHLOÉ;2010;82;20
2;CHLOÉ;2011;82;10
2;CHLOÉ;2012;82;13
2;CHLOÉ;2013;82;13
2;CHLOÉ;2014;82;16
2;CHLOÉ;2015;82;14
2;CHLOÉ;2016;82;7
2;CHLOÉ;2017;82;7
2;CHLOÉ;2018;82;9
2;CHLOÉ;2019;82;9
2;CHLOÉ;2020;82;6
2;CHLOÉ;2021;82;8
2;CINDY;2000;82;5
2;CLAIRE;2002;82;4
2;CLAIRE;2004;82;3
2;CLAIRE;2005;82;3
2;CLAIRE;2007;82;4
2;CLARA;2000;82;7
2;CLARA;2001;82;13
2;CLARA;2002;82;14
2;CLARA;2003;82;15
2;CLARA;2004;82;15
2;CLARA;2005;82;21
2;CLARA;2006;82;22
2;CLARA;2007;82;17
2;CLARA;2008;82;24
2;CLARA;2009;82;18
2;CLARA;2010;82;10
2;CLARA;2011;82;11
2;CLARA;2012;82;11
2;CLARA;2014;82;5
2;CLARA;2015;82;8
2;CLARA;2016;82;3
2;CLARA;2019;82;4
2;CLARA;2020;82;3
2;CLARA;2021;82;6
2;CLARISSE;2000;82;3
2;CLARISSE;2001;82;3
2;CLARISSE;2002;82;8
2;CLARISSE;2007;82;3
2;CLÉA;2004;82;3
2;CLÉA;2014;82;5
2;CLÉA;2015;82;4
2;CLÉA;2016;82;3
2;CLÉMENCE;2000;82;8
2;CLÉMENCE;2001;82;3
2;CLÉMENCE;2002;82;6
2;CLÉMENCE;2003;82;8
2;CLÉMENCE;2004;82;10
2;CLÉMENCE;2005;82;6
2;CLÉMENCE;2006;82;4
2;CLÉMENCE;2007;82;11
2;CLÉMENCE;2008;82;4
2;CLÉMENCE;2009;82;6
2;CLÉMENCE;2010;82;6
2;CLÉMENCE;2011;82;5
2;CLÉMENCE;2012;82;6
2;CLÉMENCE;2013;82;4
2;CLÉMENCE;2014;82;5
2;CLÉMENCE;2015;82;4
2;CLÉMENCE;2016;82;6
2;CLÉMENCE;2017;82;3
2;CLÉMENCE;2018;82;7
2;CLÉMENCE;2020;82;3
2;CLÉMENCE;2021;82;7
2;CLÉMENTINE;2004;82;4
2;CLÉMENTINE;2006;82;4
2;CLÉMENTINE;2007;82;3
2;CLÉMENTINE;2016;82;3
2;CLEO;2002;82;3
2;CLEO;2005;82;3
2;CLOE;2001;82;4
2;CLOE;2002;82;3
2;CLOE;2003;82;3
2;CLOE;2004;82;6
2;CLOE;2005;82;3
2;CLOE;2007;82;4
2;CLOE;2008;82;7
2;CLOÉ;2010;82;3
2;CLOÉ;2011;82;5
2;CLOÉ;2012;82;4
2;CLOÉ;2014;82;4
2;CLOTILDE;2004;82;3
2;COLINE;2000;82;4
2;COLINE;2001;82;3
2;COLINE;2004;82;3
2;COLINE;2005;82;3
2;COLINE;2011;82;3
2;CONSTANCE;2001;82;4
2;CONSTANCE;2005;82;3
2;CONSTANCE;2018;82;3
2;CONSTANCE;2021;82;4
2;CORALIE;2000;82;5
2;CORALIE;2001;82;7
2;CORALIE;2002;82;10
2;CORALIE;2005;82;3
2;CORALIE;2006;82;3
2;CORALIE;2010;82;3
2;DAPHNÉ;2012;82;3
2;DEBORAH;2000;82;4
2;DEBORAH;2001;82;3
2;DIANA;2019;82;3
2;DIANE;2018;82;4
2;DINA;2007;82;3
2;DORINE;2001;82;3
2;EDEN;2010;82;4
2;EDEN;2012;82;3
2;EDEN;2013;82;3
2;EDEN;2014;82;4
2;EDEN;2015;82;3
2;EDEN;2016;82;3
2;EDEN;2021;82;3
2;ELÉA;2011;82;3
2;ELÉA;2013;82;3
2;ELÉA;2018;82;3
2;ÉLÉA;2016;82;3
2;ELENA;2005;82;4
2;ELENA;2008;82;3
2;ELENA;2009;82;9
2;ELENA;2011;82;3
2;ELENA;2014;82;3
2;ELENA;2015;82;4
2;ELENA;2017;82;5
2;ELENA;2018;82;6
2;ELENA;2019;82;4
2;ELÉNA;2016;82;4
2;ELÉNA;2018;82;6
2;ELÉNA;2021;82;3
2;ÉLÉNA;2016;82;3
2;ÉLÉNA;2020;82;5
2;ELEONORE;2008;82;3
2;ÉLÉONORE;2019;82;3
2;ELIA;2005;82;4
2;ELIA;2007;82;3
2;ELIA;2014;82;3
2;ELIA;2020;82;3
2;ELINA;2007;82;3
2;ELINA;2008;82;3
2;ELINA;2011;82;5
2;ELINE;2012;82;3
2;ELISA;2000;82;5
2;ELISA;2001;82;9
2;ELISA;2002;82;15
2;ELISA;2003;82;7
2;ELISA;2004;82;5
2;ELISA;2005;82;6
2;ELISA;2006;82;7
2;ELISA;2007;82;4
2;ELISA;2008;82;3
2;ELISA;2009;82;5
2;ELISA;2010;82;5
2;ELISA;2011;82;3
2;ELISA;2012;82;3
2;ELISA;2014;82;3
2;ELISE;2000;82;6
2;ELISE;2001;82;4
2;ELISE;2002;82;7
2;ELISE;2003;82;4
2;ELISE;2004;82;5
2;ELISE;2005;82;5
2;ELISE;2006;82;3
2;ELISE;2007;82;7
2;ELISE;2008;82;4
2;ELISE;2009;82;5
2;ELISE;2010;82;7
2;ELISE;2011;82;4
2;ELISE;2013;82;4
2;ELISE;2014;82;9
2;ELISE;2015;82;9
2;ELISE;2017;82;5
2;ELISE;2018;82;7
2;ELISE;2021;82;3
2;ÉLISE;2019;82;3
2;ÉLISE;2020;82;3
2;ELLA;2021;82;5
2;ELLIE;2019;82;5
2;ELOANE;2009;82;3
2;ELODIE;2000;82;8
2;ELODIE;2001;82;6
2;ELODIE;2002;82;4
2;ELODIE;2003;82;4
2;ELODIE;2004;82;4
2;ELODIE;2008;82;4
2;ELOISE;2000;82;3
2;ELOISE;2001;82;5
2;ELOISE;2005;82;4
2;ELOISE;2009;82;5
2;ELOÏSE;2012;82;6
2;ELOÏSE;2013;82;5
2;ELOÏSE;2015;82;3
2;ELOÏSE;2017;82;3
2;ELOÏSE;2019;82;5
2;ÉLOÏSE;2018;82;3
2;ELORA;2007;82;4
2;ELSA;2001;82;5
2;ELSA;2003;82;6
2;ELSA;2004;82;4
2;ELSA;2006;82;7
2;ELSA;2007;82;4
2;ELSA;2008;82;5
2;ELSA;2009;82;8
2;ELSA;2010;82;7
2;ELSA;2011;82;5
2;ELSA;2012;82;7
2;ELSA;2013;82;4
2;ELSA;2014;82;3
2;ELSA;2015;82;5
2;ELSA;2016;82;4
2;ELSA;2017;82;4
2;ELSA;2020;82;3
2;ELYA;2018;82;3
2;ELYA;2020;82;3
2;ELYNA;2021;82;3
2;EMELINE;2000;82;3
2;EMELINE;2002;82;4
2;EMELINE;2010;82;3
2;EMELYNE;2012;82;3
2;EMILIA;2019;82;3
2;EMILIE;2000;82;7
2;EMILIE;2001;82;7
2;EMILIE;2002;82;3
2;EMILIE;2004;82;5
2;EMILIE;2005;82;3
2;EMILIE;2006;82;3
2;EMILIE;2007;82;4
2;EMILIE;2008;82;5
2;EMILIE;2009;82;4
2;EMILIE;2013;82;4
2;EMMA;2000;82;22
2;EMMA;2001;82;20
2;EMMA;2002;82;29
2;EMMA;2003;82;19
2;EMMA;2004;82;27
2;EMMA;2005;82;20
2;EMMA;2006;82;26
2;EMMA;2007;82;23
2;EMMA;2008;82;18
2;EMMA;2009;82;19
2;EMMA;2010;82;16
2;EMMA;2011;82;14
2;EMMA;2012;82;18
2;EMMA;2013;82;13
2;EMMA;2014;82;14
2;EMMA;2015;82;14
2;EMMA;2016;82;21
2;EMMA;2017;82;10
2;EMMA;2018;82;16
2;EMMA;2019;82;12
2;EMMA;2020;82;10
2;EMMA;2021;82;4
2;EMMY;2007;82;5
2;EMMY;2013;82;4
2;EMMY;2016;82;3
2;EMMY;2020;82;3
2;EMY;2008;82;3
2;EMY;2012;82;4
2;EMY;2015;82;4
2;EMY;2016;82;4
2;EMY;2018;82;3
2;EMY;2019;82;3
2;EMY;2020;82;3
2;ENORA;2005;82;3
2;ENORA;2010;82;3
2;ENORA;2013;82;6
2;ENORA;2014;82;5
2;ENORA;2015;82;3
2;ERINE;2011;82;3
2;ESMÉE;2019;82;3
2;ESMÉE;2021;82;3
2;ESTELLE;2000;82;9
2;ESTELLE;2001;82;5
2;ESTELLE;2002;82;5
2;ESTELLE;2005;82;3
2;ESTELLE;2006;82;6
2;ESTELLE;2011;82;4
2;ESTELLE;2015;82;3
2;ESTELLE;2018;82;3
2;EULALIE;2008;82;3
2;EVA;2000;82;10
2;EVA;2001;82;4
2;EVA;2002;82;5
2;EVA;2003;82;9
2;EVA;2004;82;9
2;EVA;2005;82;10
2;EVA;2006;82;6
2;EVA;2007;82;8
2;EVA;2008;82;14
2;EVA;2009;82;10
2;EVA;2010;82;10
2;EVA;2011;82;7
2;EVA;2012;82;9
2;EVA;2013;82;6
2;EVA;2014;82;6
2;EVA;2015;82;5
2;EVA;2016;82;9
2;EVA;2017;82;6
2;EVA;2018;82;5
2;EVA;2019;82;8
2;EVA;2020;82;6
2;EVA;2021;82;3
2;ÉVA;2021;82;3
2;FANNY;2000;82;3
2;FANNY;2002;82;5
2;FANNY;2003;82;3
2;FANNY;2005;82;3
2;FANNY;2007;82;3
2;FANNY;2008;82;4
2;FATIMA;2010;82;4
2;FATIMA;2014;82;5
2;FATIMA;2018;82;3
2;FAUSTINE;2006;82;4
2;FAUSTINE;2010;82;3
2;FAUSTINE;2011;82;6
2;FAUSTINE;2014;82;5
2;FAUSTINE;2015;82;3
2;FAUSTINE;2016;82;7
2;FAUSTINE;2018;82;4
2;FLAVIE;2001;82;8
2;FLAVIE;2002;82;4
2;FLAVIE;2003;82;3
2;FLAVIE;2004;82;3
2;FLAVIE;2005;82;4
2;FLAVIE;2007;82;3
2;FLAVIE;2008;82;3
2;FLAVIE;2011;82;3
2;FLORA;2004;82;4
2;FLORINE;2001;82;3
2;GABRIELLE;2006;82;4
2;GABRIELLE;2007;82;3
2;GABRIELLE;2009;82;5
2;GABRIELLE;2016;82;4
2;GAELLE;2003;82;3
2;GARANCE;2016;82;3
2;GIULIA;2012;82;4
2;GIULIA;2013;82;4
2;GIULIA;2014;82;5
2;GIULIA;2015;82;6
2;GIULIA;2016;82;3
2;GIULIA;2017;82;5
2;GIULIA;2018;82;10
2;GIULIA;2019;82;7
2;GIULIA;2020;82;7
2;GIULIA;2021;82;9
2;GIULIANA;2012;82;3
2;GWLADYS;2008;82;3
2;HAFSA;2012;82;3
2;HÉLOÏSE;2003;82;3
2;HÉLOÏSE;2009;82;3
2;HÉLOÏSE;2019;82;4
2;HINA;2021;82;3
2;IKHLAS;2020;82;3
2;IKRAM;2012;82;3
2;ILONA;2001;82;6
2;ILONA;2002;82;4
2;ILONA;2003;82;3
2;ILONA;2004;82;6
2;ILONA;2005;82;4
2;ILONA;2009;82;4
2;ILYANA;2021;82;3
2;IMANE;2000;82;3
2;IMANE;2006;82;3
2;IMANE;2014;82;4
2;INAYA;2012;82;6
2;INAYA;2013;82;6
2;INAYA;2014;82;6
2;INAYA;2015;82;5
2;INAYA;2016;82;3
2;INAYA;2017;82;3
2;INAYA;2018;82;7
2;INAYA;2019;82;5
2;INAYA;2020;82;6
2;INAYA;2021;82;8
2;INES;2010;82;3
2;INES;2011;82;3
2;INES;2012;82;8
2;INES;2016;82;3
2;INES;2018;82;3
2;INÈS;2000;82;11
2;INÈS;2001;82;12
2;INÈS;2002;82;12
2;INÈS;2003;82;10
2;INÈS;2004;82;14
2;INÈS;2005;82;17
2;INÈS;2006;82;12
2;INÈS;2007;82;10
2;INÈS;2008;82;9
2;INÈS;2009;82;16
2;INÈS;2010;82;9
2;INÈS;2011;82;13
2;INÈS;2012;82;17
2;INÈS;2013;82;11
2;INÈS;2014;82;10
2;INÈS;2015;82;14
2;INÈS;2016;82;7
2;INÈS;2017;82;10
2;INÈS;2018;82;3
2;INÈS;2019;82;7
2;INÈS;2020;82;3
2;INÈS;2021;82;3
2;INÈSS;2012;82;3
2;IRIS;2010;82;3
2;IRIS;2018;82;3
2;IRIS;2019;82;3
2;IRIS;2020;82;5
2;IRIS;2021;82;4
2;ISRA;2021;82;3
2;ISRAE;2018;82;3
2;JADE;2000;82;7
2;JADE;2001;82;9
2;JADE;2002;82;10
2;JADE;2003;82;7
2;JADE;2004;82;10
2;JADE;2005;82;8
2;JADE;2006;82;13
2;JADE;2007;82;17
2;JADE;2008;82;15
2;JADE;2009;82;20
2;JADE;2010;82;12
2;JADE;2011;82;14
2;JADE;2012;82;12
2;JADE;2013;82;13
2;JADE;2014;82;19
2;JADE;2015;82;15
2;JADE;2016;82;17
2;JADE;2017;82;8
2;JADE;2018;82;22
2;JADE;2019;82;15
2;JADE;2020;82;12
2;JADE;2021;82;14
2;JEANNE;2000;82;4
2;JEANNE;2001;82;6
2;JEANNE;2002;82;3
2;JEANNE;2003;82;5
2;JEANNE;2005;82;3
2;JEANNE;2007;82;4
2;JEANNE;2008;82;3
2;JEANNE;2010;82;4
2;JEANNE;2011;82;4
2;JEANNE;2012;82;4
2;JEANNE;2013;82;5
2;JEANNE;2014;82;3
2;JEANNE;2017;82;7
2;JEANNE;2018;82;5
2;JEANNE;2019;82;4
2;JEANNE;2020;82;3
2;JEANNE;2021;82;8
2;JESSICA;2000;82;4
2;JESSICA;2001;82;5
2;JESSICA;2002;82;3
2;JESSICA;2003;82;3
2;JOHANNA;2012;82;3
2;JOY;2020;82;4
2;JOY;2021;82;5
2;JOYCE;2014;82;3
2;JULIA;2001;82;3
2;JULIA;2003;82;4
2;JULIA;2006;82;4
2;JULIA;2007;82;3
2;JULIA;2008;82;3
2;JULIA;2010;82;7
2;JULIA;2011;82;6
2;JULIA;2012;82;5
2;JULIA;2013;82;15
2;JULIA;2014;82;10
2;JULIA;2015;82;4
2;JULIA;2016;82;8
2;JULIA;2017;82;12
2;JULIA;2018;82;10
2;JULIA;2019;82;9
2;JULIA;2020;82;6
2;JULIA;2021;82;12
2;JULIE;2000;82;11
2;JULIE;2001;82;12
2;JULIE;2002;82;9
2;JULIE;2003;82;12
2;JULIE;2004;82;10
2;JULIE;2005;82;7
2;JULIE;2006;82;10
2;JULIE;2007;82;6
2;JULIE;2008;82;9
2;JULIE;2009;82;4
2;JULIE;2013;82;3
2;JULIE;2015;82;4
2;JULIE;2016;82;3
2;JULIE;2020;82;3
2;JULIETTE;2001;82;7
2;JULIETTE;2002;82;4
2;JULIETTE;2003;82;10
2;JULIETTE;2004;82;10
2;JULIETTE;2005;82;7
2;JULIETTE;2006;82;8
2;JULIETTE;2007;82;3
2;JULIETTE;2008;82;4
2;JULIETTE;2009;82;7
2;JULIETTE;2010;82;5
2;JULIETTE;2011;82;9
2;JULIETTE;2012;82;6
2;JULIETTE;2013;82;6
2;JULIETTE;2014;82;6
2;JULIETTE;2015;82;4
2;JULIETTE;2016;82;9
2;JULIETTE;2017;82;7
2;JULIETTE;2018;82;4
2;JULIETTE;2019;82;6
2;JULIETTE;2021;82;4
2;JULINE;2008;82;3
2;JUSTINE;2000;82;11
2;JUSTINE;2001;82;4
2;JUSTINE;2002;82;9
2;JUSTINE;2003;82;8
2;JUSTINE;2004;82;6
2;JUSTINE;2005;82;8
2;JUSTINE;2006;82;8
2;JUSTINE;2007;82;11
2;JUSTINE;2008;82;7
2;JUSTINE;2009;82;5
2;JUSTINE;2010;82;6
2;JUSTINE;2011;82;6
2;JUSTINE;2012;82;4
2;JUSTINE;2014;82;6
2;JUSTINE;2016;82;3
2;JUSTINE;2018;82;3
2;JUSTINE;2020;82;4
2;JUSTINE;2021;82;3
2;KASSANDRA;2008;82;4
2;KASSANDRA;2014;82;3
2;KÉLIA;2013;82;4
2;KELLY;2000;82;3
2;KELLY;2001;82;6
2;KELLY;2003;82;6
2;KELLY;2008;82;3
2;KELLY;2013;82;3
2;KELYA;2013;82;3
2;KÉLYA;2013;82;4
2;KENZA;2007;82;3
2;KENZA;2009;82;4
2;KENZA;2015;82;3
2;KESSY;2013;82;3
2;KHADIJA;2011;82;3
2;KIARA;2019;82;3
2;KIMBERLEY;2007;82;3
2;LAETITIA;2000;82;5
2;LALIE;2006;82;3
2;LALIE;2012;82;3
2;LALIE;2014;82;3
2;LALY;2008;82;3
2;LALY;2012;82;3
2;LANA;2005;82;3
2;LANA;2006;82;4
2;LANA;2008;82;9
2;LANA;2009;82;3
2;LANA;2010;82;8
2;LANA;2011;82;5
2;LANA;2012;82;4
2;LANA;2013;82;5
2;LANA;2014;82;11
2;LANA;2015;82;8
2;LANA;2016;82;6
2;LANA;2017;82;5
2;LANA;2018;82;4
2;LANA;2019;82;4
2;LANA;2020;82;6
2;LARA;2005;82;3
2;LARA;2009;82;3
2;LAURA;2000;82;19
2;LAURA;2001;82;15
2;LAURA;2002;82;16
2;LAURA;2003;82;11
2;LAURA;2004;82;11
2;LAURA;2005;82;11
2;LAURA;2006;82;12
2;LAURA;2008;82;8
2;LAURA;2009;82;4
2;LAURA;2011;82;4
2;LAURA;2012;82;8
2;LAURA;2014;82;3
2;LAURA;2017;82;3
2;LAURE;2000;82;5
2;LAURE;2002;82;3
2;LAURE;2005;82;3
2;LAURIE;2000;82;8
2;LAURIE;2001;82;9
2;LAURIE;2002;82;7
2;LAURINE;2000;82;5
2;LAURINE;2001;82;6
2;LAURINE;2002;82;5
2;LAURINE;2003;82;4
2;LAURINE;2004;82;3
2;LAURINE;2005;82;3
2;LAURINE;2006;82;3
2;LAURINE;2008;82;3
2;LAURINE;2011;82;3
2;LAURYNE;2003;82;3
2;LAYANA;2015;82;3
2;LÉA;2000;82;31
2;LÉA;2001;82;29
2;LÉA;2002;82;15
2;LÉA;2003;82;27
2;LÉA;2004;82;19
2;LÉA;2005;82;29
2;LÉA;2006;82;28
2;LÉA;2007;82;21
2;LÉA;2008;82;19
2;LÉA;2009;82;19
2;LÉA;2010;82;21
2;LÉA;2011;82;13
2;LÉA;2012;82;19
2;LÉA;2013;82;14
2;LÉA;2014;82;13
2;LÉA;2015;82;12
2;LÉA;2016;82;8
2;LÉA;2017;82;8
2;LÉA;2018;82;5
2;LÉA;2019;82;14
2;LÉA;2020;82;6
2;LÉA;2021;82;8
2;LÉANA;2007;82;3
2;LÉANA;2008;82;3
2;LÉANA;2009;82;3
2;LÉANA;2011;82;3
2;LÉANA;2012;82;6
2;LÉANA;2013;82;3
2;LÉANA;2014;82;3
2;LÉANA;2015;82;4
2;LÉANA;2016;82;5
2;LÉANA;2017;82;4
2;LÉANA;2018;82;5
2;LÉANA;2020;82;3
2;LÉANA;2021;82;4
2;LÉANE;2008;82;3
2;LÉANE;2009;82;4
2;LÉANE;2012;82;4
2;LÉANE;2013;82;3
2;LEIA;2007;82;3
2;LEILA;2006;82;3
2;LEILA;2019;82;3
2;LEÏLA;2013;82;4
2;LEÏLA;2015;82;3
2;LENA;2012;82;4
2;LENA;2013;82;3
2;LENA;2015;82;3
2;LÉNA;2001;82;4
2;LÉNA;2002;82;4
2;LÉNA;2003;82;8
2;LÉNA;2004;82;10
2;LÉNA;2005;82;7
2;LÉNA;2006;82;10
2;LÉNA;2007;82;13
2;LÉNA;2008;82;8
2;LÉNA;2009;82;12
2;LÉNA;2010;82;12
2;LÉNA;2011;82;17
2;LÉNA;2012;82;9
2;LÉNA;2013;82;7
2;LÉNA;2014;82;10
2;LÉNA;2015;82;8
2;LÉNA;2016;82;10
2;LÉNA;2017;82;10
2;LÉNA;2018;82;10
2;LÉNA;2019;82;8
2;LÉNA;2020;82;13
2;LÉNA;2021;82;8
2;LEONA;2009;82;3
2;LÉONIE;2009;82;4
2;LÉONIE;2011;82;11
2;LÉONIE;2012;82;3
2;LÉONIE;2015;82;3
2;LÉONIE;2016;82;6
2;LÉONIE;2017;82;4
2;LÉONIE;2018;82;7
2;LÉONIE;2019;82;8
2;LÉONIE;2020;82;3
2;LÉONIE;2021;82;6
2;LEXIE;2019;82;3
2;LEYA;2009;82;3
2;LEYNA;2016;82;3
2;LEYNA;2017;82;3
2;LEYNA;2021;82;4
2;LIA;2019;82;4
2;LIANA;2019;82;3
2;LILA;2006;82;3
2;LILA;2014;82;5
2;LILA;2017;82;3
2;LILA;2020;82;4
2;LILI;2005;82;3
2;LILI;2006;82;3
2;LILI;2007;82;3
2;LILI;2014;82;3
2;LILIA;2007;82;3
2;LILIA;2012;82;4
2;LILIA;2014;82;5
2;LILLY;2006;82;3
2;LILLY;2008;82;3
2;LILOU;2001;82;3
2;LILOU;2003;82;3
2;LILOU;2004;82;4
2;LILOU;2005;82;6
2;LILOU;2006;82;8
2;LILOU;2007;82;10
2;LILOU;2008;82;10
2;LILOU;2009;82;12
2;LILOU;2010;82;15
2;LILOU;2011;82;13
2;LILOU;2012;82;10
2;LILOU;2013;82;4
2;LILOU;2014;82;5
2;LILOU;2015;82;4
2;LILOU;2016;82;4
2;LILOU;2017;82;8
2;LILOU;2018;82;3
2;LILOU;2019;82;9
2;LILOU;2021;82;5
2;LILWENN;2012;82;3
2;LILY;2007;82;3
2;LILY;2008;82;3
2;LILY;2009;82;5
2;LILY;2010;82;7
2;LILY;2011;82;5
2;LILY;2012;82;3
2;LILY;2013;82;5
2;LILY;2015;82;5
2;LILY;2016;82;5
2;LILY;2017;82;4
2;LILY;2018;82;4
2;LILY-ROSE;2009;82;4
2;LINA;2003;82;3
2;LINA;2004;82;4
2;LINA;2006;82;5
2;LINA;2008;82;5
2;LINA;2009;82;9
2;LINA;2010;82;11
2;LINA;2011;82;14
2;LINA;2012;82;10
2;LINA;2013;82;10
2;LINA;2014;82;17
2;LINA;2015;82;4
2;LINA;2016;82;11
2;LINA;2017;82;9
2;LINA;2018;82;9
2;LINA;2019;82;15
2;LINA;2020;82;4
2;LINA;2021;82;6
2;LINDSAY;2007;82;4
2;LINE;2002;82;3
2;LISA;2000;82;9
2;LISA;2001;82;16
2;LISA;2002;82;10
2;LISA;2003;82;7
2;LISA;2004;82;5
2;LISA;2005;82;9
2;LISA;2006;82;10
2;LISA;2007;82;12
2;LISA;2008;82;8
2;LISA;2009;82;10
2;LISA;2010;82;11
2;LISA;2011;82;4
2;LISA;2012;82;7
2;LISA;2014;82;7
2;LISA;2015;82;4
2;LISA;2016;82;4
2;LISA;2017;82;4
2;LISA;2019;82;4
2;LISA;2020;82;3
2;LISA;2021;82;3
2;LISE;2002;82;3
2;LISE;2005;82;3
2;LISE;2007;82;7
2;LISE;2008;82;4
2;LISE;2010;82;6
2;LISE;2011;82;4
2;LISE;2012;82;3
2;LISE;2013;82;6
2;LISE;2014;82;3
2;LISE;2017;82;4
2;LISE;2019;82;5
2;LISE;2021;82;4
2;LISON;2009;82;3
2;LISON;2013;82;3
2;LISON;2014;82;4
2;LIVIA;2009;82;3
2;LIVIA;2010;82;3
2;LIVIA;2013;82;3
2;LIVIA;2020;82;4
2;LIVIA;2021;82;3
2;LOANA;2005;82;3
2;LOANE;2006;82;3
2;LOANE;2007;82;3
2;LOANE;2008;82;3
2;LOANE;2009;82;3
2;LOANE;2013;82;3
2;LOLA;2000;82;4
2;LOLA;2001;82;8
2;LOLA;2002;82;15
2;LOLA;2003;82;10
2;LOLA;2004;82;9
2;LOLA;2005;82;13
2;LOLA;2006;82;15
2;LOLA;2007;82;18
2;LOLA;2008;82;10
2;LOLA;2009;82;16
2;LOLA;2010;82;18
2;LOLA;2011;82;23
2;LOLA;2012;82;16
2;LOLA;2013;82;11
2;LOLA;2014;82;9
2;LOLA;2015;82;15
2;LOLA;2016;82;12
2;LOLA;2017;82;10
2;LOLA;2018;82;11
2;LOLA;2019;82;7
2;LOLA;2020;82;8
2;LOLA;2021;82;7
2;LORIE;2003;82;3
2;LOU;2003;82;4
2;LOU;2004;82;7
2;LOU;2005;82;5
2;LOU;2006;82;8
2;LOU;2007;82;9
2;LOU;2008;82;7
2;LOU;2010;82;12
2;LOU;2011;82;9
2;LOU;2012;82;3
2;LOU;2013;82;4
2;LOU;2014;82;4
2;LOU;2015;82;7
2;LOU;2017;82;6
2;LOU;2018;82;8
2;LOU;2019;82;10
2;LOU;2020;82;5
2;LOU;2021;82;9
2;LOU-ANN;2006;82;3
2;LOU-ANN;2011;82;3
2;LOU-ANNE;2008;82;3
2;LOUANE;2003;82;3
2;LOUANE;2006;82;4
2;LOUANE;2008;82;5
2;LOUANE;2009;82;3
2;LOUANE;2011;82;5
2;LOUANE;2012;82;3
2;LOUANE;2013;82;10
2;LOUANE;2014;82;5
2;LOUANE;2015;82;5
2;LOUANE;2021;82;3
2;LOUANNE;2007;82;3
2;LOUCIA;2013;82;3
2;LOUISA;2018;82;5
2;LOUISE;2000;82;5
2;LOUISE;2001;82;3
2;LOUISE;2002;82;3
2;LOUISE;2003;82;3
2;LOUISE;2004;82;4
2;LOUISE;2005;82;7
2;LOUISE;2006;82;3
2;LOUISE;2007;82;11
2;LOUISE;2008;82;5
2;LOUISE;2009;82;4
2;LOUISE;2010;82;8
2;LOUISE;2011;82;5
2;LOUISE;2012;82;9
2;LOUISE;2013;82;15
2;LOUISE;2014;82;9
2;LOUISE;2015;82;7
2;LOUISE;2016;82;9
2;LOUISE;2017;82;15
2;LOUISE;2018;82;15
2;LOUISE;2019;82;10
2;LOUISE;2020;82;7
2;LOUISE;2021;82;8
2;LOUNA;2002;82;4
2;LOUNA;2005;82;4
2;LOUNA;2006;82;6
2;LOUNA;2007;82;8
2;LOUNA;2008;82;4
2;LOUNA;2009;82;11
2;LOUNA;2010;82;10
2;LOUNA;2011;82;8
2;LOUNA;2012;82;6
2;LOUNA;2013;82;8
2;LOUNA;2014;82;4
2;LOUNA;2015;82;9
2;LOUNA;2017;82;6
2;LOUNA;2018;82;4
2;LOUNA;2019;82;4
2;LOUNA;2020;82;4
2;LOUNA;2021;82;6
2;LUCIA;2019;82;3
2;LUCIE;2000;82;9
2;LUCIE;2001;82;12
2;LUCIE;2002;82;17
2;LUCIE;2003;82;5
2;LUCIE;2004;82;9
2;LUCIE;2005;82;19
2;LUCIE;2006;82;7
2;LUCIE;2007;82;16
2;LUCIE;2008;82;10
2;LUCIE;2009;82;9
2;LUCIE;2010;82;7
2;LUCIE;2011;82;3
2;LUCIE;2012;82;3
2;LUCIE;2013;82;9
2;LUCIE;2014;82;8
2;LUCIE;2015;82;5
2;LUCIE;2016;82;4
2;LUCIE;2017;82;6
2;LUCIE;2018;82;6
2;LUCIE;2019;82;3
2;LUCIE;2021;82;5
2;LUCILE;2002;82;3
2;LUCILE;2008;82;4
2;LUCY;2002;82;3
2;LUCY;2004;82;3
2;LUCY;2006;82;3
2;LUCY;2012;82;3
2;LUCY;2016;82;4
2;LUDIVINE;2000;82;4
2;LUDIVINE;2001;82;3
2;LUDIVINE;2002;82;8
2;LUDIVINE;2006;82;4
2;LUNA;2005;82;3
2;LUNA;2006;82;6
2;LUNA;2007;82;12
2;LUNA;2008;82;6
2;LUNA;2009;82;6
2;LUNA;2010;82;4
2;LUNA;2011;82;4
2;LUNA;2012;82;7
2;LUNA;2013;82;3
2;LUNA;2014;82;4
2;LUNA;2015;82;6
2;LUNA;2016;82;4
2;LUNA;2017;82;4
2;LUNA;2018;82;5
2;LUNA;2019;82;7
2;LUNA;2021;82;3
2;LYA;2011;82;4
2;LYA;2013;82;3
2;LYA;2014;82;3
2;LYA;2017;82;6
2;LYA;2018;82;5
2;LYA;2019;82;4
2;LYA;2020;82;6
2;LYANA;2015;82;4
2;LYANA;2019;82;4
2;LYANA;2021;82;9
2;LYLA;2014;82;3
2;LYLIA;2014;82;3
2;LYLOU;2013;82;3
2;LYLOU;2015;82;3
2;LYLOU;2018;82;3
2;LYNA;2009;82;4
2;LYNA;2013;82;4
2;LYNA;2016;82;6
2;LYNA;2018;82;3
2;LYNA;2020;82;3
2;LYVIA;2018;82;3
2;MADISON;2019;82;3
2;MAE;2006;82;3
2;MAE;2007;82;4
2;MAELIE;2009;82;3
2;MAÉLIE;2015;82;3
2;MAELLE;2002;82;5
2;MAELLE;2003;82;3
2;MAELLE;2004;82;3
2;MAELLE;2006;82;6
2;MAELLE;2007;82;5
2;MAELLE;2008;82;4
2;MAELLE;2009;82;6
2;MAËLLE;2010;82;3
2;MAËLLE;2014;82;3
2;MAËLLE;2015;82;4
2;MAËLY;2018;82;3
2;MAËLYA;2020;82;5
2;MAÉLYNE;2011;82;3
2;MAELYS;2001;82;4
2;MAELYS;2003;82;4
2;MAELYS;2004;82;6
2;MAELYS;2005;82;6
2;MAELYS;2006;82;13
2;MAELYS;2007;82;14
2;MAELYS;2008;82;8
2;MAELYS;2009;82;6
2;MAELYS;2010;82;4
2;MAËLYS;2010;82;5
2;MAËLYS;2011;82;12
2;MAËLYS;2012;82;11
2;MAËLYS;2013;82;8
2;MAËLYS;2014;82;5
2;MAËLYS;2015;82;8
2;MAËLYS;2016;82;7
2;MAËLYS;2017;82;7
2;MAËLYS;2018;82;3
2;MAENA;2006;82;3
2;MAEVA;2000;82;8
2;MAEVA;2001;82;16
2;MAEVA;2002;82;17
2;MAEVA;2003;82;9
2;MAEVA;2004;82;6
2;MAEVA;2005;82;6
2;MAEVA;2006;82;17
2;MAEVA;2007;82;6
2;MAEVA;2008;82;4
2;MAEVA;2009;82;4
2;MAEVA;2010;82;4
2;MAÉVA;2011;82;3
2;MAËVA;2011;82;3
2;MAILYS;2000;82;3
2;MAILYS;2001;82;5
2;MAILYS;2003;82;4
2;MAILYS;2007;82;4
2;MAILYS;2009;82;3
2;MAISSA;2009;82;7
2;MAISSA;2013;82;3
2;MAÏSSA;2010;82;4
2;MAÏSSA;2011;82;3
2;MAÏSSA;2012;82;5
2;MAÏSSA;2015;82;3
2;MAÏSSA;2016;82;3
2;MAÏSSA;2018;82;4
2;MAÏSSA;2020;82;3
2;MAÏWENN;2019;82;5
2;MALAK;2010;82;5
2;MALAK;2013;82;4
2;MALAK;2017;82;3
2;MALAK;2021;82;3
2;MALAURIE;2001;82;3
2;MALIA;2021;82;4
2;MANEL;2007;82;3
2;MANEL;2014;82;3
2;MANEL;2015;82;4
2;MANEL;2016;82;3
2;MANEL;2017;82;3
2;MANEL;2020;82;3
2;MANON;2000;82;21
2;MANON;2001;82;34
2;MANON;2002;82;23
2;MANON;2003;82;26
2;MANON;2004;82;21
2;MANON;2005;82;20
2;MANON;2006;82;20
2;MANON;2007;82;16
2;MANON;2008;82;24
2;MANON;2009;82;21
2;MANON;2010;82;14
2;MANON;2011;82;21
2;MANON;2012;82;18
2;MANON;2013;82;10
2;MANON;2014;82;11
2;MANON;2015;82;12
2;MANON;2016;82;7
2;MANON;2017;82;9
2;MANON;2018;82;5
2;MANON;2020;82;4
2;MANON;2021;82;7
2;MARGAUX;2000;82;8
2;MARGAUX;2001;82;6
2;MARGAUX;2002;82;7
2;MARGAUX;2003;82;6
2;MARGAUX;2005;82;4
2;MARGAUX;2006;82;3
2;MARGAUX;2007;82;4
2;MARGAUX;2008;82;3
2;MARGAUX;2009;82;3
2;MARGAUX;2010;82;6
2;MARGAUX;2012;82;5
2;MARGAUX;2013;82;6
2;MARGAUX;2014;82;7
2;MARGAUX;2015;82;4
2;MARGAUX;2017;82;6
2;MARGAUX;2018;82;3
2;MARGAUX;2019;82;6
2;MARGAUX;2020;82;3
2;MARGAUX;2021;82;6
2;MARGOT;2001;82;3
2;MARGOT;2002;82;3
2;MARGOT;2003;82;4
2;MARGOT;2004;82;5
2;MARGOT;2005;82;6
2;MARGOT;2006;82;7
2;MARGOT;2007;82;7
2;MARGOT;2008;82;7
2;MARGOT;2009;82;6
2;MARGOT;2010;82;4
2;MARGOT;2013;82;3
2;MARGOT;2017;82;5
2;MARGOT;2018;82;5
2;MARGOT;2019;82;4
2;MARGOT;2020;82;3
2;MARIA;2018;82;3
2;MARIA;2020;82;5
2;MARIE;2000;82;14
2;MARIE;2001;82;22
2;MARIE;2002;82;8
2;MARIE;2003;82;14
2;MARIE;2004;82;6
2;MARIE;2005;82;6
2;MARIE;2006;82;3
2;MARIE;2007;82;4
2;MARIE;2008;82;4
2;MARIE;2009;82;4
2;MARIE;2010;82;6
2;MARIE;2011;82;4
2;MARIE;2012;82;4
2;MARIE;2013;82;4
2;MARIE;2014;82;3
2;MARIE;2015;82;3
2;MARIE;2020;82;4
2;MARINA;2002;82;3
2;MARINA;2004;82;3
2;MARINA;2007;82;4
2;MARINE;2000;82;16
2;MARINE;2001;82;12
2;MARINE;2002;82;8
2;MARINE;2003;82;15
2;MARINE;2004;82;7
2;MARINE;2005;82;3
2;MARINE;2006;82;5
2;MARINE;2007;82;4
2;MARINE;2012;82;3
2;MARION;2001;82;7
2;MARION;2002;82;8
2;MARION;2003;82;4
2;MARION;2004;82;3
2;MARION;2006;82;11
2;MARION;2007;82;7
2;MARION;2009;82;3
2;MARION;2010;82;5
2;MARION;2013;82;4
2;MARJORIE;2001;82;3
2;MARWA;2008;82;4
2;MARWA;2010;82;4
2;MARWA;2011;82;3
2;MARWA;2013;82;3
2;MARWA;2014;82;4
2;MARWA;2015;82;3
2;MARWA;2016;82;4
2;MARWA;2018;82;4
2;MARYAM;2017;82;3
2;MARYAM;2020;82;3
2;MARYAM;2021;82;3
2;MARYLOU;2012;82;3
2;MATHILDE;2000;82;14
2;MATHILDE;2001;82;10
2;MATHILDE;2002;82;17
2;MATHILDE;2003;82;7
2;MATHILDE;2004;82;6
2;MATHILDE;2005;82;13
2;MATHILDE;2006;82;9
2;MATHILDE;2007;82;11
2;MATHILDE;2008;82;3
2;MATHILDE;2009;82;7
2;MATHILDE;2010;82;4
2;MATHILDE;2011;82;6
2;MATHILDE;2012;82;8
2;MATHILDE;2013;82;4
2;MATHILDE;2015;82;3
2;MATHILDE;2016;82;3
2;MATHILDE;2017;82;4
2;MAYA;2007;82;3
2;MAYA;2008;82;3
2;MAYA;2010;82;3
2;MAYA;2015;82;3
2;MAYA;2021;82;5
2;MAYLIS;2004;82;3
2;MAYLIS;2006;82;3
2;MAYSSA;2015;82;3
2;MÉLANIE;2000;82;7
2;MÉLANIE;2001;82;11
2;MÉLANIE;2002;82;3
2;MÉLANIE;2003;82;5
2;MÉLANIE;2009;82;3
2;MÉLIA;2016;82;3
2;MÉLINA;2003;82;3
2;MÉLINA;2005;82;3
2;MÉLINA;2007;82;5
2;MÉLINA;2008;82;3
2;MÉLINA;2009;82;5
2;MÉLINA;2010;82;4
2;MÉLINA;2011;82;5
2;MÉLINA;2012;82;3
2;MÉLINA;2013;82;4
2;MÉLINA;2017;82;5
2;MELINDA;2000;82;4
2;MELINE;2005;82;3
2;MELINE;2006;82;3
2;MÉLINE;2013;82;3
2;MÉLINE;2020;82;3
2;MELISSA;2014;82;3
2;MÉLISSA;2000;82;3
2;MÉLISSA;2001;82;10
2;MÉLISSA;2002;82;8
2;MÉLISSA;2003;82;7
2;MÉLISSA;2004;82;8
2;MÉLISSA;2005;82;9
2;MÉLISSA;2006;82;4
2;MÉLISSA;2007;82;4
2;MÉLISSA;2008;82;6
2;MÉLISSA;2009;82;5
2;MÉLISSA;2011;82;5
2;MÉLISSA;2012;82;4
2;MÉLISSA;2014;82;3
2;MIA;2016;82;5
2;MIA;2017;82;8
2;MIA;2018;82;8
2;MIA;2019;82;6
2;MIA;2020;82;12
2;MIA;2021;82;9
2;MILA;2008;82;3
2;MILA;2011;82;4
2;MILA;2013;82;8
2;MILA;2014;82;5
2;MILA;2015;82;17
2;MILA;2016;82;10
2;MILA;2017;82;7
2;MILA;2018;82;4
2;MILA;2019;82;7
2;MILA;2020;82;7
2;MILA;2021;82;6
2;MINA;2010;82;3
2;MORGANE;2000;82;10
2;MORGANE;2001;82;11
2;MORGANE;2002;82;10
2;MORGANE;2004;82;7
2;MORGANE;2005;82;7
2;MORGANE;2006;82;5
2;MORGANE;2009;82;6
2;MORGANE;2012;82;5
2;MYA;2008;82;3
2;MYA;2015;82;3
2;MYA;2016;82;6
2;MYA;2019;82;6
2;MYA;2021;82;6
2;MYLA;2016;82;3
2;MYLÈNE;2003;82;3
2;MYRIAM;2001;82;3
2;MYRIAM;2002;82;3
2;MYRIAM;2003;82;3
2;MYRIAM;2011;82;4
2;NADIA;2013;82;3
2;NAOMI;2012;82;3
2;NAOMIE;2010;82;3
2;NATALIA;2015;82;4
2;NAWAL;2000;82;3
2;NAYA;2019;82;3
2;NAYLA;2016;82;3
2;NEYLA;2015;82;4
2;NEYLA;2017;82;3
2;NINA;2002;82;4
2;NINA;2004;82;4
2;NINA;2005;82;3
2;NINA;2006;82;6
2;NINA;2007;82;7
2;NINA;2008;82;4
2;NINA;2010;82;6
2;NINA;2011;82;8
2;NINA;2012;82;7
2;NINA;2013;82;10
2;NINA;2014;82;7
2;NINA;2015;82;6
2;NINA;2016;82;6
2;NINA;2017;82;8
2;NINA;2018;82;6
2;NINA;2019;82;6
2;NINA;2020;82;4
2;NINA;2021;82;6
2;NINON;2002;82;3
2;NINON;2004;82;3
2;NINON;2010;82;5
2;NINON;2019;82;3
2;NISRINE;2006;82;3
2;NOELIE;2004;82;3
2;NOELIE;2006;82;4
2;NOELIE;2009;82;4
2;NOÉLIE;2011;82;3
2;NOÉLIE;2013;82;5
2;NOËLIE;2012;82;3
2;NOËLIE;2016;82;3
2;NOEMIE;2000;82;4
2;NOEMIE;2001;82;7
2;NOEMIE;2002;82;5
2;NOEMIE;2003;82;6
2;NOEMIE;2004;82;7
2;NOEMIE;2005;82;6
2;NOEMIE;2006;82;11
2;NOEMIE;2007;82;4
2;NOEMIE;2008;82;10
2;NOEMIE;2009;82;7
2;NOÉMIE;2011;82;9
2;NOÉMIE;2013;82;3
2;NOÉMIE;2014;82;6
2;NOÉMIE;2015;82;4
2;NOÉMIE;2016;82;3
2;NOÉMIE;2017;82;5
2;NOÉMIE;2018;82;4
2;NOÉMIE;2019;82;4
2;NOÉMIE;2021;82;4
2;NOLA;2019;82;3
2;NOLWENN;2003;82;6
2;NORA;2007;82;3
2;NORA;2015;82;3
2;NORA;2017;82;3
2;NOUR;2014;82;3
2;NOUR;2015;82;4
2;NOUR;2016;82;6
2;NOUR;2018;82;5
2;NOUR;2020;82;3
2;OCÉANE;2000;82;23
2;OCÉANE;2001;82;19
2;OCÉANE;2002;82;23
2;OCÉANE;2003;82;11
2;OCÉANE;2004;82;14
2;OCÉANE;2005;82;16
2;OCÉANE;2006;82;12
2;OCÉANE;2007;82;8
2;OCÉANE;2008;82;3
2;OCÉANE;2009;82;6
2;OCÉANE;2010;82;6
2;OCÉANE;2011;82;6
2;OCÉANE;2012;82;7
2;OCÉANE;2013;82;3
2;OCÉANE;2014;82;6
2;OCÉANE;2015;82;5
2;OCÉANE;2019;82;4
2;OLIVIA;2002;82;4
2;OLIVIA;2004;82;4
2;OLIVIA;2005;82;3
2;OLIVIA;2007;82;3
2;OLIVIA;2008;82;5
2;OLIVIA;2010;82;5
2;OLIVIA;2011;82;3
2;OLIVIA;2013;82;3
2;OLIVIA;2015;82;5
2;OLIVIA;2016;82;4
2;OLIVIA;2017;82;4
2;OLIVIA;2018;82;6
2;OLIVIA;2019;82;7
2;OLIVIA;2020;82;6
2;OLIVIA;2021;82;4
2;OLYMPE;2020;82;3
2;OPHÉLIE;2000;82;4
2;OPHÉLIE;2001;82;3
2;OPHÉLIE;2002;82;5
2;OPHÉLIE;2003;82;5
2;OPHÉLIE;2007;82;3
2;ORIANE;2016;82;3
2;ORLANE;2003;82;3
2;PAOLA;2019;82;3
2;PAULINE;2000;82;13
2;PAULINE;2001;82;13
2;PAULINE;2002;82;16
2;PAULINE;2003;82;6
2;PAULINE;2004;82;12
2;PAULINE;2005;82;6
2;PAULINE;2006;82;9
2;PAULINE;2007;82;10
2;PAULINE;2008;82;3
2;PAULINE;2009;82;10
2;PAULINE;2010;82;5
2;PAULINE;2011;82;9
2;PAULINE;2012;82;7
2;PAULINE;2014;82;4
2;PAULINE;2015;82;3
2;PERRINE;2000;82;3
2;PERRINE;2005;82;3
2;PHILIPPINE;2009;82;3
2;RACHEL;2003;82;3
2;RACHEL;2004;82;3
2;RACHEL;2007;82;4
2;RACHEL;2011;82;4
2;RACHEL;2012;82;4
2;RAPHAELLE;2008;82;3
2;ROMANE;2000;82;7
2;ROMANE;2001;82;3
2;ROMANE;2002;82;5
2;ROMANE;2003;82;9
2;ROMANE;2004;82;5
2;ROMANE;2005;82;11
2;ROMANE;2006;82;11
2;ROMANE;2007;82;13
2;ROMANE;2008;82;10
2;ROMANE;2009;82;5
2;ROMANE;2010;82;7
2;ROMANE;2011;82;8
2;ROMANE;2013;82;3
2;ROMANE;2015;82;6
2;ROMANE;2017;82;4
2;ROMANE;2019;82;4
2;ROMANE;2020;82;5
2;ROMY;2018;82;5
2;ROMY;2019;82;6
2;ROMY;2021;82;3
2;ROSE;2007;82;4
2;ROSE;2008;82;4
2;ROSE;2010;82;4
2;ROSE;2011;82;7
2;ROSE;2012;82;4
2;ROSE;2014;82;7
2;ROSE;2015;82;10
2;ROSE;2016;82;5
2;ROSE;2017;82;4
2;ROSE;2018;82;4
2;ROSE;2019;82;6
2;ROSE;2020;82;3
2;ROSE;2021;82;14
2;ROXANE;2004;82;4
2;ROXANE;2011;82;3
2;ROXANE;2017;82;3
2;ROXANE;2020;82;3
2;SABRINA;2000;82;4
2;SABRINA;2001;82;3
2;SABRINA;2007;82;3
2;SABRINA;2012;82;3
2;SAFA;2017;82;3
2;SAFA;2018;82;3
2;SALMA;2002;82;3
2;SALMA;2003;82;4
2;SALMA;2004;82;4
2;SALMA;2006;82;4
2;SALMA;2008;82;4
2;SALMA;2011;82;5
2;SALMA;2015;82;3
2;SALMA;2016;82;3
2;SALMA;2017;82;3
2;SALMA;2018;82;3
2;SALMA;2020;82;4
2;SALOMÉ;2000;82;3
2;SALOMÉ;2001;82;5
2;SALOMÉ;2003;82;4
2;SALOMÉ;2004;82;3
2;SALOMÉ;2006;82;5
2;SALOMÉ;2010;82;3
2;SALOMÉ;2021;82;3
2;SAMANTHA;2000;82;4
2;SAMANTHA;2001;82;5
2;SAMANTHA;2002;82;3
2;SAMANTHA;2003;82;3
2;SAMIA;2002;82;3
2;SAMIA;2003;82;3
2;SAMIA;2008;82;4
2;SAMIA;2011;82;3
2;SANAA;2017;82;3
2;SANDY;2000;82;3
2;SARA;2001;82;3
2;SARA;2003;82;3
2;SARA;2006;82;5
2;SARA;2007;82;6
2;SARA;2008;82;3
2;SARA;2009;82;7
2;SARA;2011;82;4
2;SARA;2012;82;5
2;SARA;2015;82;3
2;SARA;2017;82;4
2;SARA;2020;82;3
2;SARAH;2000;82;21
2;SARAH;2001;82;25
2;SARAH;2002;82;11
2;SARAH;2003;82;17
2;SARAH;2004;82;10
2;SARAH;2005;82;8
2;SARAH;2006;82;12
2;SARAH;2007;82;15
2;SARAH;2008;82;13
2;SARAH;2009;82;9
2;SARAH;2010;82;15
2;SARAH;2011;82;8
2;SARAH;2012;82;13
2;SARAH;2013;82;13
2;SARAH;2014;82;8
2;SARAH;2015;82;7
2;SARAH;2016;82;3
2;SARAH;2017;82;11
2;SARAH;2021;82;3
2;SELENA;2004;82;3
2;SELENA;2016;82;3
2;SÉLÉNA;2010;82;4
2;SÉLÉNA;2012;82;3
2;SÉLÉNA;2015;82;4
2;SELMA;2016;82;3
2;SHANA;2007;82;3
2;SHANA;2008;82;4
2;SHANA;2009;82;3
2;SHANA;2013;82;6
2;SHANNA;2014;82;4
2;SHANNA;2018;82;5
2;SHAYNA;2012;82;3
2;SIRINE;2015;82;3
2;SOFIA;2004;82;7
2;SOFIA;2006;82;4
2;SOFIA;2007;82;3
2;SOFIA;2008;82;3
2;SOFIA;2009;82;4
2;SOFIA;2010;82;3
2;SOFIA;2013;82;4
2;SOFIA;2014;82;3
2;SOFIA;2015;82;4
2;SOFIA;2016;82;3
2;SOFIA;2017;82;3
2;SOFIA;2018;82;5
2;SOFIA;2019;82;3
2;SOLÈNE;2000;82;6
2;SOLÈNE;2001;82;3
2;SOLÈNE;2002;82;5
2;SOLÈNE;2003;82;8
2;SOLÈNE;2005;82;4
2;SOLÈNE;2011;82;3
2;SOLÈNE;2013;82;3
2;SOLINE;2015;82;6
2;SONIA;2008;82;3
2;SOPHIA;2017;82;4
2;SOPHIA;2019;82;3
2;SOPHIE;2000;82;7
2;SOPHIE;2002;82;3
2;SOPHIE;2003;82;6
2;SOPHIE;2010;82;4
2;SOPHIE;2012;82;4
2;SORAYA;2009;82;3
2;SOUMAYA;2013;82;3
2;SOUMAYA;2017;82;3
2;SOUMIA;2001;82;3
2;STELLA;2001;82;3
2;STELLA;2003;82;4
2;STELLA;2004;82;4
2;STELLA;2008;82;3
2;STELLA;2012;82;4
2;STELLA;2013;82;4
2;STELLA;2021;82;3
2;SYRINE;2010;82;3
2;TASNIM;2020;82;5
2;TATIANA;2009;82;3
2;TATIANA;2012;82;3
2;TESS;2003;82;3
2;TESS;2009;82;3
2;TESS;2011;82;3
2;TESS;2012;82;4
2;TESSA;2006;82;3
2;TESSA;2020;82;3
2;THAIS;2007;82;3
2;THAÏS;2020;82;3
2;THAÏS;2021;82;4
2;THEA;2006;82;3
2;THÉA;2016;82;3
2;THÉA;2017;82;3
2;THÉA;2018;82;3
2;THÉA;2019;82;4
2;THÉA;2020;82;4
2;THÉA;2021;82;7
2;TIANA;2017;82;3
2;TIANA;2021;82;3
2;TIFFANY;2003;82;4
2;VALENTINE;2000;82;4
2;VALENTINE;2002;82;4
2;VALENTINE;2003;82;4
2;VALENTINE;2005;82;3
2;VALENTINE;2008;82;3
2;VALENTINE;2010;82;5
2;VALENTINE;2012;82;3
2;VALENTINE;2013;82;4
2;VALENTINE;2018;82;3
2;VALENTINE;2019;82;3
2;VANESSA;2002;82;3
2;VICTOIRE;2010;82;3
2;VICTOIRE;2014;82;3
2;VICTOIRE;2019;82;5
2;VICTOIRE;2020;82;5
2;VICTOIRE;2021;82;4
2;VICTORIA;2002;82;4
2;VICTORIA;2005;82;4
2;VICTORIA;2007;82;3
2;VICTORIA;2008;82;5
2;VICTORIA;2010;82;3
2;VICTORIA;2018;82;3
2;VICTORIA;2019;82;5
2;VICTORIA;2020;82;6
2;VICTORIA;2021;82;9
2;WENDY;2018;82;3
2;YASMINA;2004;82;4
2;YASMINA;2005;82;3
2;YASMINE;2002;82;3
2;YASMINE;2003;82;4
2;YASMINE;2004;82;3
2;YASMINE;2007;82;4
2;YASMINE;2008;82;3
2;YASMINE;2009;82;5
2;YASMINE;2012;82;4
2;YASMINE;2013;82;8
2;YASMINE;2014;82;4
2;YASMINE;2016;82;4
2;YASMINE;2018;82;3
2;YASMINE;2019;82;3
2;YOUSRA;2016;82;3
2;YUNA;2018;82;4
2;YUNA;2020;82;3
2;ZÉLIE;2019;82;3
2;ZIA;2008;82;3
2;ZINEB;2017;82;3
2;ZOÉ;2001;82;3
2;ZOÉ;2002;82;4
2;ZOÉ;2003;82;4
2;ZOÉ;2004;82;5
2;ZOÉ;2005;82;10
2;ZOÉ;2006;82;12
2;ZOÉ;2007;82;4
2;ZOÉ;2008;82;6
2;ZOÉ;2009;82;12
2;ZOÉ;2010;82;12
2;ZOÉ;2011;82;13
2;ZOÉ;2012;82;11
2;ZOÉ;2013;82;8
2;ZOÉ;2014;82;8
2;ZOÉ;2015;82;15
2;ZOÉ;2016;82;7
2;ZOÉ;2017;82;4
2;ZOÉ;2018;82;8
2;ZOÉ;2019;82;8
2;ZOÉ;2020;82;3
2;ZOÉ;2021;82;6
