sexe;preusuel;annais;dpt;nombre
1;_PRENOMS_RARES;2000;90;28
1;_PRENOMS_RARES;2001;90;17
1;_PRENOMS_RARES;2002;90;23
1;_PRENOMS_RARES;2003;90;31
1;_PRENOMS_RARES;2004;90;34
1;_PRENOMS_RARES;2005;90;22
1;_PRENOMS_RARES;2006;90;33
1;_PRENOMS_RARES;2007;90;37
1;_PRENOMS_RARES;2008;90;37
1;_PRENOMS_RARES;2009;90;55
1;_PRENOMS_RARES;2010;90;42
1;_PRENOMS_RARES;2011;90;47
1;_PRENOMS_RARES;2012;90;51
1;_PRENOMS_RARES;2013;90;36
1;_PRENOMS_RARES;2014;90;36
1;_PRENOMS_RARES;2015;90;48
1;_PRENOMS_RARES;2016;90;50
1;_PRENOMS_RARES;2017;90;80
1;_PRENOMS_RARES;2018;90;87
1;_PRENOMS_RARES;2019;90;61
1;_PRENOMS_RARES;2020;90;84
1;_PRENOMS_RARES;2021;90;93
1;AARON;2008;90;3
1;AARON;2012;90;4
1;AARON;2013;90;4
1;AARON;2014;90;12
1;AARON;2015;90;15
1;AARON;2016;90;4
1;AARON;2017;90;13
1;AARON;2018;90;7
1;AARON;2019;90;10
1;AARON;2020;90;12
1;AARON;2021;90;9
1;ABEL;2016;90;3
1;ADAM;2002;90;4
1;ADAM;2003;90;3
1;ADAM;2004;90;5
1;ADAM;2005;90;6
1;ADAM;2006;90;10
1;ADAM;2007;90;4
1;ADAM;2008;90;6
1;ADAM;2009;90;8
1;ADAM;2010;90;6
1;ADAM;2011;90;7
1;ADAM;2012;90;16
1;ADAM;2013;90;11
1;ADAM;2014;90;14
1;ADAM;2015;90;17
1;ADAM;2016;90;7
1;ADAM;2017;90;31
1;ADAM;2018;90;21
1;ADAM;2019;90;18
1;ADAM;2020;90;16
1;ADAM;2021;90;16
1;ADEL;2000;90;3
1;ADEL;2014;90;3
1;ADEL;2018;90;5
1;ADEM;2005;90;3
1;ADEM;2006;90;5
1;ADEM;2008;90;3
1;ADEM;2012;90;4
1;ADEM;2015;90;4
1;ADEM;2017;90;5
1;ADEM;2018;90;7
1;ADEM;2019;90;4
1;ADEM;2020;90;6
1;ADRIEN;2000;90;11
1;ADRIEN;2001;90;9
1;ADRIEN;2002;90;7
1;ADRIEN;2003;90;5
1;ADRIEN;2004;90;6
1;ADRIEN;2006;90;5
1;ADRIEN;2007;90;3
1;ADRIEN;2011;90;5
1;ADRIEN;2012;90;5
1;ADRIEN;2014;90;4
1;ADRIEN;2021;90;3
1;AHMED;2008;90;4
1;AHMED;2017;90;3
1;AHMED;2018;90;3
1;AHMED;2019;90;4
1;AHMED;2020;90;6
1;AHMED;2021;90;4
1;ALAN;2002;90;3
1;ALAN;2003;90;3
1;ALAN;2004;90;4
1;ALAN;2005;90;4
1;ALAN;2010;90;5
1;ALBAN;2007;90;5
1;ALBAN;2008;90;3
1;ALBAN;2012;90;4
1;ALBAN;2020;90;3
1;ALESSIO;2008;90;3
1;ALESSIO;2012;90;4
1;ALESSIO;2013;90;3
1;ALESSIO;2016;90;3
1;ALESSIO;2017;90;5
1;ALESSIO;2018;90;9
1;ALESSIO;2019;90;4
1;ALESSIO;2020;90;3
1;ALESSIO;2021;90;13
1;ALEX;2000;90;6
1;ALEX;2001;90;3
1;ALEX;2009;90;3
1;ALEX;2018;90;3
1;ALEXANDRE;2000;90;16
1;ALEXANDRE;2001;90;15
1;ALEXANDRE;2002;90;6
1;ALEXANDRE;2003;90;12
1;ALEXANDRE;2004;90;10
1;ALEXANDRE;2005;90;7
1;ALEXANDRE;2006;90;8
1;ALEXANDRE;2007;90;6
1;ALEXANDRE;2009;90;8
1;ALEXANDRE;2010;90;6
1;ALEXANDRE;2011;90;4
1;ALEXANDRE;2015;90;5
1;ALEXANDRE;2017;90;8
1;ALEXANDRE;2018;90;7
1;ALEXIS;2000;90;16
1;ALEXIS;2001;90;13
1;ALEXIS;2002;90;14
1;ALEXIS;2003;90;9
1;ALEXIS;2004;90;11
1;ALEXIS;2005;90;17
1;ALEXIS;2006;90;12
1;ALEXIS;2007;90;7
1;ALEXIS;2008;90;4
1;ALEXIS;2009;90;7
1;ALEXIS;2010;90;8
1;ALEXIS;2011;90;9
1;ALEXIS;2012;90;6
1;ALEXIS;2013;90;4
1;ALEXIS;2014;90;4
1;ALEXIS;2015;90;3
1;ALEXIS;2016;90;3
1;ALEXIS;2017;90;3
1;ALEXIS;2018;90;4
1;ALEXIS;2019;90;4
1;ALEXIS;2020;90;7
1;ALEXY;2004;90;3
1;ALEXY;2006;90;3
1;ALI;2006;90;3
1;ALI;2014;90;3
1;ALI;2017;90;5
1;ALI;2019;90;5
1;ALI;2020;90;3
1;ALI;2021;90;3
1;ALIX;2021;90;3
1;ALLAN;2002;90;5
1;ALLAN;2003;90;3
1;ALOIS;2006;90;3
1;ALOÏS;2012;90;5
1;AMIN;2012;90;3
1;AMINE;2000;90;3
1;AMINE;2002;90;3
1;AMINE;2003;90;5
1;AMINE;2004;90;4
1;AMINE;2006;90;7
1;AMINE;2008;90;5
1;AMINE;2009;90;3
1;AMINE;2010;90;5
1;AMINE;2011;90;3
1;AMINE;2012;90;3
1;AMINE;2014;90;3
1;AMINE;2017;90;7
1;AMINE;2018;90;6
1;AMINE;2021;90;7
1;AMIR;2014;90;5
1;AMIR;2015;90;3
1;AMIR;2016;90;4
1;AMIR;2017;90;10
1;AMIR;2018;90;10
1;AMIR;2019;90;9
1;AMIR;2020;90;12
1;AMIR;2021;90;9
1;AMJAD;2021;90;3
1;ANAS;2010;90;3
1;ANAS;2017;90;5
1;ANAS;2018;90;7
1;ANAS;2019;90;5
1;ANAS;2020;90;4
1;ANAS;2021;90;7
1;ANDREA;2016;90;4
1;ANDREA;2020;90;4
1;ANDREA;2021;90;4
1;ANGELO;2006;90;3
1;ANGELO;2008;90;3
1;ANGELO;2017;90;3
1;ANIS;2003;90;3
1;ANIS;2005;90;3
1;ANIS;2008;90;4
1;ANIS;2011;90;3
1;ANIS;2015;90;3
1;ANIS;2020;90;3
1;ANTHONY;2000;90;7
1;ANTHONY;2001;90;11
1;ANTHONY;2002;90;9
1;ANTHONY;2003;90;8
1;ANTHONY;2004;90;5
1;ANTHONY;2005;90;3
1;ANTHONY;2006;90;5
1;ANTHONY;2007;90;3
1;ANTHONY;2008;90;3
1;ANTHONY;2010;90;4
1;ANTHONY;2011;90;3
1;ANTOINE;2000;90;20
1;ANTOINE;2001;90;26
1;ANTOINE;2002;90;14
1;ANTOINE;2003;90;8
1;ANTOINE;2004;90;11
1;ANTOINE;2005;90;10
1;ANTOINE;2006;90;9
1;ANTOINE;2007;90;11
1;ANTOINE;2008;90;10
1;ANTOINE;2009;90;8
1;ANTOINE;2010;90;4
1;ANTOINE;2011;90;7
1;ANTOINE;2012;90;5
1;ANTOINE;2013;90;6
1;ANTOINE;2014;90;8
1;ANTOINE;2015;90;6
1;ANTOINE;2016;90;4
1;ANTOINE;2017;90;11
1;ANTOINE;2018;90;6
1;ANTOINE;2019;90;9
1;ANTOINE;2020;90;3
1;ANTOINE;2021;90;5
1;ANTONIN;2002;90;11
1;ANTONIN;2003;90;7
1;ANTONIN;2004;90;5
1;ANTONIN;2005;90;5
1;ANTONIN;2007;90;8
1;ANTONIN;2010;90;3
1;ANTONIN;2013;90;3
1;ANTONIN;2014;90;3
1;ANTONIN;2015;90;4
1;ANTONIN;2017;90;3
1;ANTONIN;2019;90;4
1;ANTONIN;2020;90;3
1;ARDA;2017;90;3
1;ARNAUD;2000;90;3
1;ARNAUD;2002;90;3
1;ARNAUD;2004;90;5
1;ARNAUD;2005;90;5
1;ARON;2017;90;3
1;ARTHUR;2000;90;10
1;ARTHUR;2001;90;13
1;ARTHUR;2002;90;13
1;ARTHUR;2003;90;15
1;ARTHUR;2004;90;13
1;ARTHUR;2005;90;5
1;ARTHUR;2006;90;3
1;ARTHUR;2007;90;11
1;ARTHUR;2008;90;12
1;ARTHUR;2009;90;6
1;ARTHUR;2010;90;11
1;ARTHUR;2011;90;10
1;ARTHUR;2012;90;7
1;ARTHUR;2013;90;14
1;ARTHUR;2014;90;10
1;ARTHUR;2015;90;12
1;ARTHUR;2016;90;8
1;ARTHUR;2017;90;9
1;ARTHUR;2018;90;17
1;ARTHUR;2019;90;17
1;ARTHUR;2020;90;13
1;ARTHUR;2021;90;13
1;AUBIN;2007;90;3
1;AUBIN;2010;90;3
1;AUGUSTE;2021;90;3
1;AUGUSTIN;2008;90;3
1;AUGUSTIN;2009;90;3
1;AUGUSTIN;2016;90;3
1;AUGUSTIN;2017;90;4
1;AUGUSTIN;2018;90;4
1;AUGUSTIN;2019;90;3
1;AUGUSTIN;2020;90;3
1;AUGUSTIN;2021;90;5
1;AURÉLIEN;2000;90;3
1;AURÉLIEN;2001;90;6
1;AURÉLIEN;2003;90;6
1;AURÉLIEN;2005;90;4
1;AURÉLIEN;2007;90;3
1;AURÉLIEN;2008;90;3
1;AXEL;2000;90;8
1;AXEL;2001;90;7
1;AXEL;2002;90;10
1;AXEL;2003;90;8
1;AXEL;2004;90;13
1;AXEL;2005;90;10
1;AXEL;2006;90;9
1;AXEL;2007;90;8
1;AXEL;2008;90;6
1;AXEL;2009;90;6
1;AXEL;2010;90;7
1;AXEL;2011;90;11
1;AXEL;2012;90;9
1;AXEL;2013;90;10
1;AXEL;2014;90;6
1;AXEL;2015;90;7
1;AXEL;2016;90;5
1;AXEL;2017;90;8
1;AXEL;2018;90;7
1;AXEL;2019;90;5
1;AXEL;2020;90;3
1;AXEL;2021;90;10
1;AYAZ;2018;90;4
1;AYAZ;2021;90;4
1;AYDAN;2018;90;3
1;AYDEN;2017;90;4
1;AYDEN;2019;90;11
1;AYDEN;2020;90;13
1;AYDEN;2021;90;8
1;AYLAN;2020;90;4
1;AYMAN;2006;90;3
1;AYMANE;2018;90;3
1;AYMEN;2002;90;3
1;AYMEN;2009;90;4
1;AYMEN;2013;90;3
1;AYMEN;2014;90;3
1;AYMEN;2015;90;4
1;AYMEN;2017;90;3
1;AYMEN;2018;90;5
1;AYMEN;2021;90;7
1;AYMERIC;2000;90;3
1;AYMERIC;2002;90;3
1;AYMERIC;2004;90;3
1;AYMERIC;2007;90;3
1;AYMERIC;2010;90;4
1;AYOUB;2006;90;4
1;AYOUB;2011;90;4
1;AYOUB;2013;90;4
1;AYOUB;2015;90;4
1;AYOUB;2017;90;6
1;AYOUB;2018;90;9
1;AYOUB;2019;90;7
1;AYOUB;2020;90;3
1;AYOUB;2021;90;6
1;BAPTISTE;2000;90;7
1;BAPTISTE;2001;90;7
1;BAPTISTE;2002;90;9
1;BAPTISTE;2003;90;14
1;BAPTISTE;2004;90;6
1;BAPTISTE;2005;90;4
1;BAPTISTE;2006;90;12
1;BAPTISTE;2007;90;9
1;BAPTISTE;2008;90;7
1;BAPTISTE;2009;90;9
1;BAPTISTE;2010;90;6
1;BAPTISTE;2011;90;5
1;BAPTISTE;2012;90;4
1;BAPTISTE;2013;90;3
1;BAPTISTE;2014;90;5
1;BAPTISTE;2015;90;4
1;BAPTISTE;2016;90;4
1;BAPTISTE;2017;90;7
1;BAPTISTE;2018;90;4
1;BAPTISTE;2019;90;5
1;BAPTISTE;2020;90;4
1;BASTIEN;2000;90;9
1;BASTIEN;2001;90;4
1;BASTIEN;2003;90;7
1;BASTIEN;2004;90;4
1;BASTIEN;2007;90;5
1;BASTIEN;2008;90;6
1;BASTIEN;2009;90;3
1;BASTIEN;2010;90;4
1;BASTIEN;2011;90;3
1;BASTIEN;2012;90;4
1;BASTIEN;2014;90;4
1;BASTIEN;2015;90;5
1;BASTIEN;2016;90;4
1;BASTIEN;2017;90;7
1;BASTIEN;2019;90;4
1;BENJAMIN;2000;90;11
1;BENJAMIN;2001;90;18
1;BENJAMIN;2002;90;12
1;BENJAMIN;2003;90;12
1;BENJAMIN;2004;90;14
1;BENJAMIN;2005;90;7
1;BENJAMIN;2006;90;8
1;BENJAMIN;2007;90;8
1;BENJAMIN;2008;90;3
1;BENJAMIN;2009;90;4
1;BENJAMIN;2010;90;3
1;BENJAMIN;2011;90;3
1;BENJAMIN;2012;90;6
1;BENJAMIN;2013;90;3
1;BENJAMIN;2014;90;4
1;BENJAMIN;2015;90;4
1;BENJAMIN;2016;90;3
1;BENJAMIN;2017;90;5
1;BENJAMIN;2018;90;3
1;BENJAMIN;2019;90;7
1;BENJAMIN;2020;90;3
1;BENOÎT;2000;90;4
1;BENOÎT;2001;90;3
1;BERAT;2010;90;3
1;BERAT;2011;90;3
1;BERAT;2020;90;4
1;BERAT;2021;90;3
1;BILAL;2000;90;3
1;BILAL;2001;90;3
1;BILAL;2005;90;3
1;BILAL;2006;90;5
1;BILAL;2012;90;3
1;BILAL;2015;90;3
1;BILAL;2017;90;4
1;BILAL;2018;90;3
1;BILAL;2019;90;4
1;BILAL;2020;90;6
1;BILEL;2019;90;5
1;BRANDON;2000;90;4
1;BRANDON;2002;90;3
1;BRANDON;2003;90;5
1;BRIAN;2000;90;4
1;BRYAN;2000;90;10
1;BRYAN;2001;90;3
1;BRYAN;2003;90;6
1;BRYAN;2004;90;4
1;BRYAN;2007;90;3
1;BRYAN;2015;90;3
1;CAMERON;2019;90;3
1;CAMILLE;2001;90;3
1;CAMILLE;2011;90;5
1;CAMILLE;2012;90;3
1;CAMILLE;2014;90;3
1;CAMILLE;2016;90;3
1;CAMILLE;2017;90;4
1;CAMILLE;2018;90;7
1;CAMILLE;2020;90;4
1;CAMILLE;2021;90;4
1;CEDRIC;2000;90;4
1;CEDRIC;2001;90;6
1;CÉLESTIN;2013;90;3
1;CÉLESTIN;2014;90;3
1;CÉLESTIN;2020;90;3
1;CELIAN;2005;90;3
1;CÉLIAN;2012;90;3
1;CHARLES;2000;90;6
1;CHARLES;2001;90;6
1;CHARLES;2007;90;3
1;CHARLES;2008;90;5
1;CHARLES;2011;90;4
1;CHARLES;2014;90;3
1;CHARLES;2018;90;3
1;CHARLES;2020;90;5
1;CHARLIE;2014;90;4
1;CHARLIE;2018;90;5
1;CHARLIE;2019;90;4
1;CHARLIE;2020;90;4
1;CHARLY;2009;90;3
1;CHARLY;2014;90;3
1;CHARLY;2017;90;3
1;CHARLY;2019;90;5
1;CHARLY;2020;90;5
1;CHARLY;2021;90;5
1;CLÉMENT;2000;90;13
1;CLÉMENT;2001;90;14
1;CLÉMENT;2002;90;15
1;CLÉMENT;2003;90;14
1;CLÉMENT;2004;90;14
1;CLÉMENT;2005;90;7
1;CLÉMENT;2006;90;10
1;CLÉMENT;2007;90;10
1;CLÉMENT;2008;90;12
1;CLÉMENT;2009;90;5
1;CLÉMENT;2010;90;7
1;CLÉMENT;2011;90;10
1;CLÉMENT;2012;90;7
1;CLÉMENT;2013;90;9
1;CLÉMENT;2014;90;9
1;CLÉMENT;2015;90;8
1;CLÉMENT;2016;90;3
1;CLÉMENT;2017;90;6
1;CLÉMENT;2018;90;4
1;CLÉMENT;2019;90;9
1;CLÉMENT;2020;90;6
1;CLÉMENT;2021;90;5
1;CLOVIS;2011;90;3
1;CÔME;2016;90;5
1;CÔME;2017;90;3
1;CÔME;2018;90;4
1;CÔME;2019;90;8
1;CÔME;2020;90;13
1;CÔME;2021;90;5
1;CORENTIN;2000;90;9
1;CORENTIN;2001;90;9
1;CORENTIN;2002;90;10
1;CORENTIN;2003;90;5
1;CORENTIN;2004;90;8
1;CORENTIN;2005;90;5
1;CORENTIN;2006;90;8
1;CORENTIN;2007;90;5
1;CORENTIN;2009;90;3
1;CORENTIN;2013;90;3
1;CORENTIN;2015;90;3
1;CORENTIN;2016;90;3
1;CORENTIN;2018;90;3
1;CYPRIEN;2006;90;3
1;CYRIL;2000;90;3
1;CYRIL;2001;90;3
1;CYRIL;2006;90;3
1;DAMIEN;2000;90;5
1;DAMIEN;2001;90;6
1;DAMIEN;2002;90;4
1;DAMIEN;2004;90;4
1;DANY;2002;90;3
1;DAVID;2000;90;7
1;DAVID;2001;90;5
1;DAVID;2003;90;3
1;DAVID;2006;90;3
1;DAVID;2018;90;4
1;DAVID;2019;90;3
1;DENIS;2010;90;3
1;DIEGO;2008;90;3
1;DIEGO;2011;90;4
1;DIEGO;2015;90;3
1;DIEGO;2016;90;4
1;DIEGO;2017;90;4
1;DIEGO;2020;90;6
1;DIEGO;2021;90;5
1;DIMITRI;2000;90;4
1;DIMITRI;2002;90;3
1;DONOVAN;2003;90;6
1;DORIAN;2000;90;4
1;DORIAN;2001;90;5
1;DORIAN;2002;90;4
1;DORIAN;2003;90;4
1;DORIAN;2004;90;4
1;DORIAN;2005;90;5
1;DORIAN;2006;90;4
1;DORIAN;2007;90;4
1;DORIAN;2009;90;5
1;DORIAN;2010;90;3
1;DORIAN;2012;90;3
1;DYLAN;2000;90;12
1;DYLAN;2001;90;4
1;DYLAN;2002;90;7
1;DYLAN;2003;90;7
1;DYLAN;2004;90;5
1;DYLAN;2005;90;8
1;DYLAN;2006;90;5
1;DYLAN;2007;90;4
1;DYLAN;2008;90;5
1;DYLAN;2011;90;4
1;EDDY;2001;90;3
1;EDEN;2013;90;4
1;EDEN;2014;90;4
1;EDEN;2015;90;4
1;EDEN;2016;90;6
1;EDEN;2017;90;7
1;EDEN;2018;90;11
1;EDEN;2019;90;13
1;EDEN;2020;90;12
1;EDEN;2021;90;12
1;ÉDEN;2020;90;3
1;EFE;2010;90;3
1;ELIAS;2004;90;4
1;ELIAS;2006;90;4
1;ELIAS;2012;90;6
1;ELIAS;2017;90;4
1;ELIAS;2018;90;6
1;ELIO;2003;90;3
1;ELIO;2015;90;3
1;ELIO;2016;90;6
1;ELIO;2017;90;5
1;ELIO;2018;90;6
1;ELIO;2019;90;6
1;ELIO;2020;90;8
1;ELIO;2021;90;4
1;ÉLIO;2018;90;3
1;ÉLIO;2021;90;4
1;ELIOT;2007;90;3
1;ELIOT;2008;90;3
1;ELIOT;2009;90;5
1;ELIOT;2010;90;5
1;ELIOTT;2003;90;4
1;ELIOTT;2004;90;3
1;ELIOTT;2007;90;3
1;ELIOTT;2008;90;5
1;ELIOTT;2009;90;3
1;ELIOTT;2010;90;4
1;ELIOTT;2012;90;4
1;ELIOTT;2013;90;4
1;ELIOTT;2014;90;4
1;ELIOTT;2016;90;3
1;ELIOTT;2017;90;3
1;ELIOTT;2018;90;4
1;ELIOTT;2019;90;5
1;ELLIOT;2009;90;3
1;ELLIOT;2010;90;3
1;ELYAS;2017;90;4
1;ELYO;2018;90;3
1;ELYO;2019;90;4
1;ELYO;2021;90;3
1;EMILE;2000;90;4
1;EMILE;2001;90;3
1;EMILE;2003;90;4
1;EMILE;2004;90;3
1;EMILE;2015;90;3
1;ÉMILE;2020;90;4
1;EMILIEN;2001;90;4
1;EMILIEN;2003;90;7
1;EMILIEN;2013;90;3
1;EMILIO;2017;90;3
1;EMILIO;2019;90;4
1;EMILIO;2020;90;4
1;ÉMILIO;2020;90;4
1;EMIN;2018;90;3
1;EMIR;2011;90;4
1;EMIR;2012;90;6
1;EMIR;2015;90;3
1;EMIR;2016;90;5
1;EMIR;2017;90;7
1;EMIR;2019;90;7
1;EMIR;2020;90;3
1;EMMANUEL;2008;90;3
1;EMRE;2003;90;4
1;EMRE;2010;90;3
1;ENES;2004;90;3
1;ENES;2006;90;3
1;ENES;2007;90;3
1;ENES;2009;90;3
1;ENES;2012;90;5
1;ENES;2017;90;5
1;ENES;2018;90;5
1;ENES;2020;90;6
1;ENES;2021;90;3
1;ENZO;2000;90;9
1;ENZO;2001;90;17
1;ENZO;2002;90;15
1;ENZO;2003;90;22
1;ENZO;2004;90;19
1;ENZO;2005;90;29
1;ENZO;2006;90;30
1;ENZO;2007;90;26
1;ENZO;2008;90;18
1;ENZO;2009;90;27
1;ENZO;2010;90;12
1;ENZO;2011;90;23
1;ENZO;2012;90;16
1;ENZO;2013;90;15
1;ENZO;2014;90;12
1;ENZO;2015;90;8
1;ENZO;2016;90;8
1;ENZO;2017;90;6
1;ENZO;2018;90;13
1;ENZO;2019;90;14
1;ENZO;2020;90;6
1;ENZO;2021;90;3
1;EREN;2006;90;5
1;EREN;2020;90;3
1;ERWAN;2000;90;3
1;ERWAN;2001;90;4
1;ERWAN;2002;90;3
1;ERWAN;2003;90;6
1;ERWAN;2004;90;3
1;ERWAN;2005;90;4
1;ERWAN;2006;90;4
1;ERWAN;2009;90;3
1;ERWAN;2010;90;3
1;ERWAN;2011;90;3
1;ERWAN;2014;90;4
1;ERWAN;2016;90;4
1;ERWAN;2019;90;3
1;ERWAN;2020;90;5
1;ERWANN;2002;90;4
1;ESTEBAN;2000;90;5
1;ESTEBAN;2001;90;4
1;ESTEBAN;2002;90;6
1;ESTEBAN;2003;90;5
1;ESTEBAN;2004;90;4
1;ESTEBAN;2005;90;5
1;ESTEBAN;2006;90;5
1;ESTEBAN;2007;90;9
1;ESTEBAN;2008;90;10
1;ESTEBAN;2009;90;7
1;ESTEBAN;2010;90;6
1;ESTEBAN;2011;90;4
1;ESTEBAN;2012;90;4
1;ESTEBAN;2013;90;4
1;ESTEBAN;2017;90;3
1;ESTEBAN;2018;90;4
1;ESTEBAN;2020;90;3
1;ESTEBAN;2021;90;3
1;ETHAN;2004;90;5
1;ETHAN;2005;90;14
1;ETHAN;2006;90;14
1;ETHAN;2007;90;10
1;ETHAN;2008;90;8
1;ETHAN;2009;90;6
1;ETHAN;2010;90;10
1;ETHAN;2011;90;13
1;ETHAN;2012;90;13
1;ETHAN;2013;90;12
1;ETHAN;2014;90;10
1;ETHAN;2015;90;12
1;ETHAN;2016;90;14
1;ETHAN;2017;90;11
1;ETHAN;2018;90;14
1;ETHAN;2019;90;11
1;ETHAN;2020;90;8
1;ETHAN;2021;90;7
1;ÉTHAN;2018;90;3
1;ETIENNE;2000;90;3
1;ETIENNE;2005;90;3
1;EVAN;2001;90;3
1;EVAN;2002;90;6
1;EVAN;2003;90;11
1;EVAN;2004;90;8
1;EVAN;2005;90;10
1;EVAN;2006;90;11
1;EVAN;2007;90;9
1;EVAN;2008;90;7
1;EVAN;2009;90;14
1;EVAN;2010;90;4
1;EVAN;2011;90;6
1;EVAN;2012;90;4
1;EVAN;2013;90;9
1;EVAN;2014;90;7
1;EVAN;2015;90;7
1;EVAN;2016;90;6
1;EVAN;2017;90;4
1;EVAN;2018;90;10
1;EVAN;2019;90;5
1;EVAN;2020;90;6
1;EWAN;2001;90;4
1;EWAN;2003;90;3
1;EWAN;2005;90;3
1;EWAN;2007;90;4
1;EWAN;2010;90;3
1;EWEN;2005;90;3
1;EYDEN;2020;90;3
1;EYDEN;2021;90;3
1;EYMEN;2017;90;5
1;EYMEN;2018;90;4
1;EYMEN;2019;90;5
1;EZIO;2011;90;3
1;EZIO;2015;90;5
1;EZIO;2016;90;4
1;EZIO;2017;90;3
1;EZIO;2018;90;5
1;EZIO;2019;90;6
1;EZIO;2020;90;7
1;EZIO;2021;90;6
1;EZRA;2021;90;4
1;FABIEN;2003;90;3
1;FABIO;2009;90;4
1;FARES;2003;90;4
1;FARES;2005;90;3
1;FARES;2018;90;3
1;FATIH;2002;90;4
1;FÉLIX;2005;90;3
1;FLAVIEN;2001;90;3
1;FLAVIO;2002;90;3
1;FLORENT;2000;90;4
1;FLORENT;2003;90;4
1;FLORENTIN;2002;90;3
1;FLORIAN;2000;90;10
1;FLORIAN;2001;90;10
1;FLORIAN;2002;90;6
1;FLORIAN;2003;90;9
1;FLORIAN;2004;90;3
1;FLORIAN;2005;90;5
1;FLORIAN;2007;90;4
1;FLORIAN;2013;90;3
1;FRANCK;2002;90;3
1;FRANÇOIS;2005;90;3
1;GABIN;2006;90;4
1;GABIN;2007;90;3
1;GABIN;2008;90;4
1;GABIN;2009;90;8
1;GABIN;2011;90;6
1;GABIN;2012;90;5
1;GABIN;2013;90;10
1;GABIN;2014;90;5
1;GABIN;2015;90;9
1;GABIN;2016;90;7
1;GABIN;2017;90;10
1;GABIN;2018;90;10
1;GABIN;2019;90;5
1;GABIN;2020;90;11
1;GABIN;2021;90;12
1;GABRIEL;2000;90;3
1;GABRIEL;2001;90;3
1;GABRIEL;2002;90;3
1;GABRIEL;2003;90;5
1;GABRIEL;2004;90;5
1;GABRIEL;2006;90;3
1;GABRIEL;2007;90;4
1;GABRIEL;2009;90;9
1;GABRIEL;2010;90;7
1;GABRIEL;2011;90;5
1;GABRIEL;2012;90;11
1;GABRIEL;2013;90;11
1;GABRIEL;2014;90;11
1;GABRIEL;2015;90;10
1;GABRIEL;2016;90;11
1;GABRIEL;2017;90;17
1;GABRIEL;2018;90;11
1;GABRIEL;2019;90;15
1;GABRIEL;2020;90;15
1;GABRIEL;2021;90;22
1;GAËTAN;2000;90;11
1;GAËTAN;2003;90;4
1;GAËTAN;2006;90;4
1;GAËTAN;2007;90;6
1;GASPARD;2004;90;3
1;GASPARD;2010;90;3
1;GASPARD;2012;90;3
1;GASPARD;2013;90;3
1;GASPARD;2017;90;4
1;GASPARD;2018;90;3
1;GASPARD;2021;90;3
1;GAUTHIER;2004;90;5
1;GIANNI;2020;90;3
1;GRÉGOIRE;2010;90;3
1;GUILLAUME;2000;90;6
1;GUILLAUME;2001;90;6
1;GUILLAUME;2002;90;11
1;GUILLAUME;2003;90;5
1;GUILLAUME;2004;90;5
1;GUILLAUME;2005;90;5
1;GUILLAUME;2007;90;4
1;GUILLAUME;2008;90;5
1;GUILLAUME;2012;90;3
1;GWENAEL;2006;90;3
1;HAKAN;2000;90;4
1;HAMZA;2012;90;3
1;HAMZA;2017;90;4
1;HAMZA;2018;90;3
1;HAMZA;2019;90;6
1;HAMZA;2020;90;12
1;HAMZA;2021;90;5
1;HAROUN;2019;90;4
1;HAROUN;2021;90;5
1;HUGO;2000;90;22
1;HUGO;2001;90;18
1;HUGO;2002;90;22
1;HUGO;2003;90;30
1;HUGO;2004;90;13
1;HUGO;2005;90;14
1;HUGO;2006;90;8
1;HUGO;2007;90;14
1;HUGO;2008;90;10
1;HUGO;2009;90;8
1;HUGO;2010;90;15
1;HUGO;2011;90;17
1;HUGO;2012;90;13
1;HUGO;2013;90;17
1;HUGO;2014;90;20
1;HUGO;2015;90;12
1;HUGO;2016;90;14
1;HUGO;2017;90;20
1;HUGO;2018;90;14
1;HUGO;2019;90;14
1;HUGO;2020;90;7
1;HUGO;2021;90;7
1;IBRAHIM;2003;90;3
1;IBRAHIM;2006;90;4
1;IBRAHIM;2010;90;3
1;IBRAHIM;2013;90;5
1;IBRAHIM;2016;90;3
1;IBRAHIM;2017;90;10
1;IBRAHIM;2018;90;8
1;IBRAHIM;2019;90;11
1;IBRAHIM;2020;90;9
1;IBRAHIM;2021;90;4
1;IDRISS;2014;90;3
1;ILAN;2005;90;3
1;ILAN;2009;90;3
1;ILAN;2015;90;5
1;ILAN;2017;90;4
1;ILAN;2018;90;4
1;ILAN;2019;90;3
1;ILAN;2021;90;3
1;ILHAN;2007;90;3
1;ILHAN;2008;90;4
1;ILHAN;2011;90;3
1;ILHAN;2016;90;3
1;ILHAN;2020;90;4
1;ILIAN;2003;90;4
1;ILIAN;2005;90;4
1;ILIAN;2006;90;3
1;ILIAN;2011;90;4
1;ILIAS;2006;90;3
1;ILYAN;2018;90;3
1;ILYAN;2019;90;5
1;ILYAN;2020;90;6
1;ILYAN;2021;90;6
1;ILYAS;2004;90;3
1;ILYAS;2012;90;3
1;ILYAS;2019;90;4
1;ILYAS;2020;90;4
1;ILYAS;2021;90;5
1;ILYES;2000;90;3
1;ILYES;2003;90;3
1;ILYES;2005;90;5
1;ILYES;2008;90;5
1;ILYES;2009;90;4
1;ILYES;2010;90;7
1;ILYES;2012;90;3
1;ILYES;2013;90;4
1;ILYES;2014;90;3
1;ILYES;2017;90;11
1;ILYES;2018;90;6
1;ILYES;2019;90;7
1;ILYES;2020;90;3
1;ILYES;2021;90;9
1;IMRAN;2012;90;4
1;IMRAN;2014;90;3
1;IMRAN;2015;90;4
1;IMRAN;2016;90;7
1;IMRAN;2018;90;17
1;IMRAN;2019;90;8
1;IMRAN;2020;90;9
1;IMRAN;2021;90;9
1;IMRÂN;2020;90;4
1;IMRÂN;2021;90;3
1;IMRANE;2017;90;5
1;IMRANE;2019;90;6
1;ISAAC;2014;90;4
1;ISAAC;2017;90;5
1;ISAAC;2018;90;4
1;ISAAC;2019;90;3
1;ISAAC;2020;90;4
1;ISAAC;2021;90;7
1;ISLEM;2017;90;3
1;ISLEM;2020;90;3
1;ISMAËL;2016;90;3
1;ISMAËL;2018;90;3
1;ISMAËL;2019;90;8
1;ISMAËL;2020;90;3
1;ISMAIL;2009;90;3
1;ISSA;2017;90;4
1;ISSA;2018;90;5
1;ISSA;2019;90;5
1;ISSA;2020;90;6
1;ISSA;2021;90;6
1;IVAN;2002;90;3
1;IYAD;2015;90;3
1;IYAD;2017;90;3
1;JAMES;2019;90;3
1;JASON;2000;90;4
1;JASON;2001;90;3
1;JASON;2002;90;4
1;JAYDEN;2017;90;3
1;JEAN;2001;90;3
1;JEAN;2002;90;4
1;JEAN;2007;90;4
1;JEAN;2013;90;4
1;JEAN-BAPTISTE;2001;90;5
1;JEAN-BAPTISTE;2003;90;3
1;JEREMIE;2003;90;3
1;JEREMY;2000;90;3
1;JEREMY;2001;90;6
1;JEREMY;2002;90;6
1;JEREMY;2003;90;3
1;JEREMY;2007;90;3
1;JEROME;2000;90;3
1;JESSIM;2015;90;3
1;JESSIM;2017;90;3
1;JESSIM;2020;90;5
1;JIBRIL;2017;90;3
1;JIMMY;2000;90;3
1;JIMMY;2003;90;3
1;JOHAN;2000;90;4
1;JOHAN;2001;90;3
1;JOHAN;2002;90;4
1;JOHAN;2006;90;3
1;JOHAN;2011;90;3
1;JOHAN;2014;90;3
1;JOHANN;2005;90;3
1;JONATHAN;2000;90;4
1;JONATHAN;2004;90;3
1;JORDAN;2000;90;7
1;JORDAN;2002;90;10
1;JORDAN;2003;90;4
1;JORDAN;2004;90;3
1;JORDAN;2005;90;3
1;JORDAN;2006;90;3
1;JORDAN;2007;90;4
1;JORDAN;2008;90;4
1;JORDAN;2010;90;3
1;JORDAN;2013;90;4
1;JORIS;2000;90;5
1;JORIS;2017;90;5
1;JOSEPH;2000;90;3
1;JOSHUA;2008;90;3
1;JOUD;2019;90;3
1;JULES;2000;90;5
1;JULES;2001;90;5
1;JULES;2002;90;9
1;JULES;2003;90;10
1;JULES;2004;90;10
1;JULES;2005;90;13
1;JULES;2006;90;16
1;JULES;2007;90;24
1;JULES;2008;90;18
1;JULES;2009;90;15
1;JULES;2010;90;15
1;JULES;2011;90;16
1;JULES;2012;90;15
1;JULES;2013;90;11
1;JULES;2014;90;20
1;JULES;2015;90;7
1;JULES;2016;90;16
1;JULES;2017;90;29
1;JULES;2018;90;15
1;JULES;2019;90;14
1;JULES;2020;90;22
1;JULES;2021;90;13
1;JULIAN;2005;90;4
1;JULIAN;2006;90;3
1;JULIAN;2008;90;4
1;JULIAN;2009;90;4
1;JULIAN;2013;90;4
1;JULIAN;2017;90;3
1;JULIAN;2019;90;4
1;JULIAN;2020;90;6
1;JULIAN;2021;90;5
1;JULIEN;2000;90;15
1;JULIEN;2001;90;10
1;JULIEN;2002;90;8
1;JULIEN;2003;90;10
1;JULIEN;2004;90;8
1;JULIEN;2005;90;8
1;JULIEN;2006;90;7
1;JULIEN;2007;90;5
1;JULIEN;2008;90;7
1;JULIEN;2012;90;5
1;JULIEN;2014;90;3
1;JULIEN;2018;90;3
1;JUSTIN;2002;90;4
1;KAAN;2018;90;3
1;KAÏS;2011;90;5
1;KAÏS;2013;90;4
1;KAÏS;2014;90;6
1;KAÏS;2015;90;6
1;KAÏS;2016;90;3
1;KAÏS;2017;90;9
1;KAÏS;2018;90;8
1;KAÏS;2019;90;3
1;KAÏS;2020;90;4
1;KAÏS;2021;90;6
1;KAMIL;2009;90;3
1;KAMIL;2018;90;3
1;KAMIL;2019;90;5
1;KARIM;2000;90;3
1;KARL;2007;90;3
1;KASSIM;2018;90;5
1;KASSIM;2020;90;5
1;KASSIM;2021;90;4
1;KELYAN;2006;90;3
1;KENAN;2021;90;3
1;KENZO;2008;90;3
1;KENZO;2009;90;5
1;KENZO;2010;90;3
1;KENZO;2012;90;6
1;KENZO;2014;90;3
1;KENZO;2015;90;7
1;KENZO;2016;90;4
1;KENZO;2017;90;5
1;KENZO;2018;90;5
1;KENZO;2019;90;5
1;KENZO;2021;90;4
1;KEVIN;2000;90;17
1;KEVIN;2001;90;11
1;KEVIN;2002;90;5
1;KEVIN;2004;90;4
1;KEVIN;2005;90;8
1;KEVIN;2006;90;4
1;KEVIN;2007;90;8
1;KEVIN;2009;90;3
1;KEYLAN;2017;90;3
1;KHALIL;2011;90;3
1;KHALIL;2020;90;3
1;KILIAN;2001;90;3
1;KILIAN;2003;90;5
1;KILIAN;2004;90;3
1;KILIAN;2011;90;3
1;KILLIAN;2006;90;5
1;KYLE;2021;90;3
1;KYLIAN;2001;90;5
1;KYLIAN;2002;90;4
1;KYLIAN;2003;90;4
1;KYLIAN;2005;90;9
1;KYLIAN;2006;90;9
1;KYLIAN;2007;90;6
1;KYLIAN;2008;90;5
1;KYLIAN;2010;90;6
1;KYLIAN;2011;90;3
1;KYLIAN;2012;90;4
1;KYLIAN;2013;90;7
1;KYLIAN;2015;90;4
1;KYLIAN;2017;90;6
1;KYLIAN;2018;90;7
1;KYLIAN;2019;90;5
1;KYLIAN;2020;90;3
1;LÉANDRE;2005;90;3
1;LÉANDRE;2014;90;5
1;LÉANDRE;2017;90;4
1;LÉANDRE;2018;90;3
1;LÉANDRE;2019;90;5
1;LÉANDRE;2020;90;5
1;LÉANDRE;2021;90;5
1;LEANDRO;2008;90;3
1;LEANDRO;2017;90;4
1;LÉANDRO;2012;90;3
1;LÉANDRO;2016;90;3
1;LÉANDRO;2019;90;3
1;LÉLIO;2018;90;3
1;LENNY;2004;90;3
1;LENNY;2008;90;5
1;LENNY;2009;90;3
1;LENNY;2010;90;3
1;LENNY;2012;90;3
1;LENNY;2015;90;4
1;LENNY;2016;90;3
1;LENNY;2019;90;3
1;LENNY;2020;90;9
1;LENY;2021;90;3
1;LENZO;2018;90;3
1;LENZO;2020;90;3
1;LEO;2020;90;4
1;LÉO;2000;90;8
1;LÉO;2001;90;15
1;LÉO;2002;90;18
1;LÉO;2003;90;13
1;LÉO;2004;90;13
1;LÉO;2005;90;17
1;LÉO;2006;90;15
1;LÉO;2007;90;9
1;LÉO;2008;90;8
1;LÉO;2009;90;14
1;LÉO;2010;90;17
1;LÉO;2011;90;18
1;LÉO;2012;90;18
1;LÉO;2013;90;15
1;LÉO;2014;90;16
1;LÉO;2015;90;11
1;LÉO;2016;90;13
1;LÉO;2017;90;22
1;LÉO;2018;90;14
1;LÉO;2019;90;23
1;LÉO;2020;90;14
1;LÉO;2021;90;17
1;LÉO-PAUL;2010;90;3
1;LÉON;2013;90;4
1;LÉON;2014;90;6
1;LÉON;2015;90;5
1;LÉON;2016;90;9
1;LÉON;2017;90;4
1;LÉON;2018;90;11
1;LÉON;2019;90;9
1;LÉON;2020;90;10
1;LÉON;2021;90;9
1;LEONARD;2003;90;3
1;LÉOPOLD;2018;90;3
1;LIAM;2007;90;5
1;LIAM;2008;90;3
1;LIAM;2009;90;5
1;LIAM;2011;90;9
1;LIAM;2013;90;8
1;LIAM;2014;90;11
1;LIAM;2015;90;8
1;LIAM;2016;90;8
1;LIAM;2017;90;11
1;LIAM;2018;90;16
1;LIAM;2019;90;11
1;LIAM;2020;90;7
1;LIAM;2021;90;17
1;LILIAN;2000;90;4
1;LILIAN;2004;90;3
1;LILIAN;2006;90;4
1;LILIAN;2007;90;4
1;LILIAN;2012;90;4
1;LILIAN;2017;90;3
1;LILIO;2019;90;3
1;LILIO;2020;90;4
1;LISANDRO;2021;90;4
1;LIVIO;2018;90;4
1;LIVIO;2019;90;5
1;LIVIO;2020;90;9
1;LIVIO;2021;90;4
1;LOAN;2001;90;3
1;LOAN;2007;90;3
1;LOAN;2014;90;3
1;LOAN;2015;90;4
1;LOAN;2017;90;3
1;LOAN;2020;90;4
1;LOAN;2021;90;4
1;LOGAN;2001;90;4
1;LOGAN;2004;90;3
1;LOGAN;2013;90;3
1;LOGAN;2015;90;5
1;LOGAN;2017;90;3
1;LOGAN;2018;90;6
1;LOGAN;2019;90;3
1;LOGAN;2020;90;8
1;LOHAN;2006;90;3
1;LOHAN;2009;90;4
1;LOHAN;2010;90;3
1;LOHAN;2014;90;3
1;LOÏC;2000;90;7
1;LOÏC;2001;90;8
1;LOÏC;2002;90;3
1;LOÏC;2003;90;5
1;LOÏC;2004;90;5
1;LOÏC;2005;90;4
1;LOÏC;2006;90;3
1;LOÏC;2008;90;3
1;LOÏC;2009;90;3
1;LOÏC;2012;90;4
1;LOÏC;2014;90;3
1;LOÏS;2006;90;3
1;LOÏS;2009;90;3
1;LORENZO;2001;90;3
1;LORENZO;2005;90;3
1;LORENZO;2006;90;6
1;LORENZO;2007;90;4
1;LORENZO;2008;90;6
1;LORENZO;2009;90;4
1;LORENZO;2010;90;5
1;LORENZO;2012;90;4
1;LORENZO;2013;90;4
1;LORENZO;2014;90;3
1;LORENZO;2016;90;4
1;LORENZO;2017;90;6
1;LORENZO;2018;90;10
1;LORIS;2004;90;3
1;LORIS;2005;90;3
1;LORIS;2006;90;4
1;LORIS;2008;90;3
1;LORIS;2010;90;5
1;LORIS;2015;90;5
1;LOUCAS;2014;90;3
1;LOUIS;2000;90;14
1;LOUIS;2001;90;13
1;LOUIS;2002;90;14
1;LOUIS;2003;90;11
1;LOUIS;2004;90;12
1;LOUIS;2005;90;12
1;LOUIS;2006;90;14
1;LOUIS;2007;90;16
1;LOUIS;2008;90;7
1;LOUIS;2009;90;12
1;LOUIS;2010;90;12
1;LOUIS;2011;90;19
1;LOUIS;2012;90;12
1;LOUIS;2013;90;22
1;LOUIS;2014;90;6
1;LOUIS;2015;90;11
1;LOUIS;2016;90;12
1;LOUIS;2017;90;20
1;LOUIS;2018;90;15
1;LOUIS;2019;90;19
1;LOUIS;2020;90;13
1;LOUIS;2021;90;17
1;LOUKA;2003;90;4
1;LOUKA;2010;90;5
1;LOUKA;2011;90;5
1;LOUKA;2019;90;3
1;LOUKA;2021;90;3
1;LUC;2001;90;3
1;LUCA;2003;90;3
1;LUCA;2008;90;5
1;LUCA;2009;90;6
1;LUCA;2011;90;3
1;LUCA;2018;90;3
1;LUCA;2019;90;3
1;LUCAS;2000;90;25
1;LUCAS;2001;90;36
1;LUCAS;2002;90;25
1;LUCAS;2003;90;23
1;LUCAS;2004;90;25
1;LUCAS;2005;90;21
1;LUCAS;2006;90;20
1;LUCAS;2007;90;25
1;LUCAS;2008;90;18
1;LUCAS;2009;90;19
1;LUCAS;2010;90;19
1;LUCAS;2011;90;17
1;LUCAS;2012;90;13
1;LUCAS;2013;90;20
1;LUCAS;2014;90;9
1;LUCAS;2015;90;13
1;LUCAS;2016;90;9
1;LUCAS;2017;90;14
1;LUCAS;2018;90;15
1;LUCAS;2019;90;19
1;LUCAS;2020;90;8
1;LUCAS;2021;90;9
1;LUCIEN;2003;90;3
1;LUCIEN;2011;90;3
1;LUCIEN;2021;90;3
1;LUIS;2018;90;3
1;LUIS;2021;90;4
1;LUKA;2007;90;4
1;LUKA;2008;90;5
1;LUKA;2009;90;3
1;LUKA;2012;90;3
1;LUKA;2013;90;5
1;LUKA;2019;90;3
1;LUKA;2020;90;3
1;LUKAS;2003;90;3
1;LUKAS;2006;90;3
1;LUKAS;2008;90;3
1;LYAM;2017;90;5
1;LYAM;2018;90;3
1;LYAM;2020;90;6
1;LYAM;2021;90;8
1;MAÉ;2011;90;3
1;MAÉ;2018;90;3
1;MAÉ;2019;90;3
1;MAÉ;2021;90;5
1;MAEL;2001;90;3
1;MAEL;2002;90;5
1;MAEL;2003;90;6
1;MAEL;2004;90;5
1;MAEL;2007;90;7
1;MAEL;2008;90;7
1;MAEL;2009;90;4
1;MAEL;2010;90;4
1;MAËL;2011;90;7
1;MAËL;2012;90;13
1;MAËL;2013;90;8
1;MAËL;2014;90;5
1;MAËL;2015;90;4
1;MAËL;2016;90;9
1;MAËL;2017;90;16
1;MAËL;2018;90;7
1;MAËL;2019;90;10
1;MAËL;2020;90;17
1;MAËL;2021;90;11
1;MAHÉ;2013;90;3
1;MAHÉ;2017;90;3
1;MAHÉ;2018;90;3
1;MAHÉ;2021;90;4
1;MAHER;2019;90;3
1;MALO;2015;90;3
1;MALO;2019;90;4
1;MALO;2021;90;3
1;MALONE;2018;90;5
1;MALONE;2019;90;5
1;MALONE;2020;90;6
1;MALONE;2021;90;4
1;MARC;2000;90;3
1;MARCEAU;2002;90;3
1;MARCEAU;2019;90;3
1;MARCEAU;2020;90;4
1;MARCEAU;2021;90;3
1;MARCO;2019;90;3
1;MARIN;2018;90;3
1;MARIN;2021;90;3
1;MARIUS;2002;90;4
1;MARIUS;2003;90;3
1;MARIUS;2005;90;6
1;MARIUS;2011;90;5
1;MARIUS;2013;90;3
1;MARIUS;2015;90;3
1;MARIUS;2016;90;3
1;MARIUS;2017;90;8
1;MARIUS;2018;90;6
1;MARIUS;2019;90;6
1;MARIUS;2020;90;4
1;MARIUS;2021;90;4
1;MARTIN;2003;90;3
1;MARTIN;2004;90;3
1;MARTIN;2006;90;6
1;MARTIN;2007;90;4
1;MARTIN;2011;90;4
1;MARTIN;2012;90;3
1;MARTIN;2014;90;5
1;MARTIN;2015;90;6
1;MARTIN;2016;90;4
1;MARTIN;2017;90;7
1;MARTIN;2018;90;5
1;MARTIN;2019;90;9
1;MARTIN;2020;90;9
1;MARTIN;2021;90;4
1;MARWAN;2006;90;4
1;MARWAN;2008;90;5
1;MARWAN;2011;90;3
1;MARWAN;2019;90;5
1;MATÉO;2001;90;3
1;MATÉO;2003;90;5
1;MATÉO;2004;90;4
1;MATÉO;2006;90;5
1;MATÉO;2007;90;3
1;MATÉO;2008;90;5
1;MATÉO;2014;90;3
1;MATÉO;2017;90;4
1;MATHÉO;2000;90;4
1;MATHÉO;2002;90;6
1;MATHÉO;2003;90;15
1;MATHÉO;2004;90;12
1;MATHÉO;2005;90;16
1;MATHÉO;2006;90;11
1;MATHÉO;2007;90;22
1;MATHÉO;2008;90;11
1;MATHÉO;2009;90;11
1;MATHÉO;2010;90;11
1;MATHÉO;2011;90;5
1;MATHÉO;2012;90;10
1;MATHÉO;2013;90;10
1;MATHÉO;2014;90;7
1;MATHÉO;2015;90;5
1;MATHÉO;2016;90;3
1;MATHÉO;2018;90;7
1;MATHÉO;2019;90;5
1;MATHÉO;2020;90;6
1;MATHÉO;2021;90;4
1;MATHIAS;2001;90;4
1;MATHIAS;2003;90;3
1;MATHIAS;2004;90;3
1;MATHIAS;2005;90;5
1;MATHIAS;2006;90;5
1;MATHIAS;2007;90;3
1;MATHIAS;2008;90;7
1;MATHIAS;2010;90;3
1;MATHIAS;2012;90;3
1;MATHIAS;2017;90;4
1;MATHIAS;2021;90;5
1;MATHIEU;2000;90;7
1;MATHIEU;2001;90;9
1;MATHIEU;2002;90;9
1;MATHIEU;2003;90;3
1;MATHIEU;2004;90;7
1;MATHIEU;2005;90;5
1;MATHIEU;2006;90;6
1;MATHIEU;2007;90;6
1;MATHIEU;2008;90;6
1;MATHIEU;2009;90;4
1;MATHIEU;2010;90;6
1;MATHIEU;2014;90;3
1;MATHIEU;2017;90;3
1;MATHIEU;2020;90;3
1;MATHIS;2000;90;5
1;MATHIS;2001;90;8
1;MATHIS;2003;90;9
1;MATHIS;2004;90;11
1;MATHIS;2005;90;17
1;MATHIS;2006;90;17
1;MATHIS;2007;90;12
1;MATHIS;2008;90;17
1;MATHIS;2009;90;9
1;MATHIS;2010;90;13
1;MATHIS;2011;90;9
1;MATHIS;2012;90;13
1;MATHIS;2013;90;13
1;MATHIS;2014;90;13
1;MATHIS;2015;90;7
1;MATHIS;2017;90;14
1;MATHIS;2018;90;9
1;MATHIS;2019;90;5
1;MATHIS;2020;90;9
1;MATHIS;2021;90;9
1;MATHYS;2004;90;3
1;MATHYS;2005;90;4
1;MATHYS;2006;90;5
1;MATHYS;2007;90;3
1;MATHYS;2009;90;3
1;MATHYS;2010;90;7
1;MATHYS;2011;90;3
1;MATHYS;2013;90;4
1;MATHYS;2014;90;3
1;MATHYS;2015;90;5
1;MATHYS;2016;90;3
1;MATHYS;2017;90;3
1;MATHYS;2018;90;3
1;MATHYS;2019;90;4
1;MATHYS;2020;90;3
1;MATIS;2006;90;3
1;MATTÉO;2001;90;9
1;MATTÉO;2002;90;6
1;MATTÉO;2003;90;12
1;MATTÉO;2004;90;14
1;MATTÉO;2005;90;12
1;MATTÉO;2006;90;4
1;MATTÉO;2007;90;11
1;MATTÉO;2008;90;7
1;MATTÉO;2009;90;4
1;MATTÉO;2010;90;3
1;MATTÉO;2011;90;4
1;MATTÉO;2012;90;3
1;MATTÉO;2015;90;3
1;MATTÉO;2020;90;4
1;MATTÉO;2021;90;4
1;MATTHÉO;2005;90;3
1;MATTHIAS;2008;90;4
1;MATTHIEU;2000;90;9
1;MATTHIEU;2001;90;5
1;MATTHIEU;2002;90;5
1;MATTHIEU;2003;90;7
1;MATTHIEU;2004;90;3
1;MATTHIEU;2006;90;3
1;MATTHIEU;2009;90;3
1;MATTHIEU;2010;90;4
1;MATTIA;2020;90;3
1;MATTIA;2021;90;5
1;MAXENCE;2000;90;7
1;MAXENCE;2001;90;7
1;MAXENCE;2002;90;6
1;MAXENCE;2003;90;8
1;MAXENCE;2004;90;8
1;MAXENCE;2005;90;12
1;MAXENCE;2006;90;8
1;MAXENCE;2007;90;13
1;MAXENCE;2008;90;11
1;MAXENCE;2009;90;4
1;MAXENCE;2010;90;7
1;MAXENCE;2011;90;5
1;MAXENCE;2012;90;5
1;MAXENCE;2013;90;5
1;MAXENCE;2014;90;8
1;MAXENCE;2015;90;7
1;MAXENCE;2016;90;7
1;MAXENCE;2017;90;7
1;MAXENCE;2018;90;7
1;MAXENCE;2020;90;6
1;MAXENCE;2021;90;7
1;MAXIME;2000;90;20
1;MAXIME;2001;90;19
1;MAXIME;2002;90;16
1;MAXIME;2003;90;20
1;MAXIME;2004;90;17
1;MAXIME;2005;90;17
1;MAXIME;2006;90;13
1;MAXIME;2007;90;11
1;MAXIME;2008;90;10
1;MAXIME;2009;90;10
1;MAXIME;2010;90;12
1;MAXIME;2011;90;11
1;MAXIME;2012;90;7
1;MAXIME;2013;90;11
1;MAXIME;2014;90;5
1;MAXIME;2015;90;3
1;MAXIME;2016;90;5
1;MAXIME;2017;90;5
1;MAXIME;2018;90;3
1;MAXIME;2019;90;6
1;MAXIME;2021;90;4
1;MAYLONE;2020;90;3
1;MAYLONE;2021;90;3
1;MAYRON;2017;90;4
1;MAYRON;2020;90;4
1;MEDINE;2014;90;3
1;MÉDINE;2020;90;3
1;MEHDI;2000;90;3
1;MEHDI;2001;90;3
1;MEHDI;2002;90;3
1;MEHDI;2003;90;5
1;MEHDI;2004;90;3
1;MEHDI;2005;90;4
1;MEHDI;2006;90;5
1;MEHDI;2007;90;3
1;MEHDI;2008;90;3
1;MEHDI;2009;90;3
1;MEHDI;2010;90;6
1;MEHDI;2017;90;4
1;MEHDI;2018;90;10
1;MEHDI;2019;90;4
1;MEHMET;2000;90;3
1;MELIH;2016;90;4
1;MELIH;2018;90;3
1;MELVIN;2008;90;3
1;MICHEL;2001;90;3
1;MICKAEL;2001;90;4
1;MIKAIL;2000;90;3
1;MILAN;2016;90;3
1;MILAN;2017;90;3
1;MILAN;2018;90;3
1;MILAN;2019;90;4
1;MILAN;2021;90;4
1;MILANN;2020;90;3
1;MILANN;2021;90;6
1;MILO;2017;90;5
1;MILO;2018;90;3
1;MILO;2019;90;4
1;MILO;2020;90;4
1;MILO;2021;90;7
1;MOHAMED;2000;90;3
1;MOHAMED;2001;90;5
1;MOHAMED;2003;90;4
1;MOHAMED;2005;90;5
1;MOHAMED;2006;90;5
1;MOHAMED;2007;90;5
1;MOHAMED;2008;90;6
1;MOHAMED;2009;90;11
1;MOHAMED;2010;90;7
1;MOHAMED;2011;90;8
1;MOHAMED;2012;90;6
1;MOHAMED;2013;90;11
1;MOHAMED;2014;90;6
1;MOHAMED;2015;90;9
1;MOHAMED;2016;90;6
1;MOHAMED;2017;90;9
1;MOHAMED;2018;90;20
1;MOHAMED;2019;90;20
1;MOHAMED;2020;90;12
1;MOHAMED;2021;90;10
1;MOHAMED-AMINE;2011;90;3
1;MOHAMED-AMINE;2015;90;3
1;MOHAMED-AMINE;2017;90;4
1;MOHAMMED;2014;90;4
1;MOHAMMED;2018;90;4
1;MORGAN;2007;90;3
1;MORGAN;2009;90;3
1;MOUSSA;2020;90;3
1;MUHAMMED;2008;90;3
1;MUHAMMED;2018;90;4
1;MYLAN;2011;90;3
1;MYLAN;2016;90;3
1;MYLAN;2021;90;4
1;MYLANN;2017;90;4
1;NADIR;2009;90;3
1;NADIR;2010;90;3
1;NAEL;2007;90;7
1;NAEL;2009;90;7
1;NAEL;2018;90;3
1;NAEL;2020;90;3
1;NAEL;2021;90;3
1;NAËL;2014;90;4
1;NAËL;2015;90;3
1;NAËL;2016;90;6
1;NAËL;2017;90;6
1;NAËL;2019;90;7
1;NAËL;2020;90;4
1;NAËL;2021;90;10
1;NAHEL;2011;90;3
1;NAHEL;2018;90;4
1;NAHËL;2020;90;3
1;NAHIL;2010;90;3
1;NAHIL;2012;90;3
1;NAHIL;2014;90;3
1;NAHIL;2017;90;5
1;NAHIL;2018;90;3
1;NAHIL;2019;90;6
1;NAÏL;2020;90;4
1;NAIM;2009;90;3
1;NAÏM;2015;90;3
1;NAÏM;2016;90;4
1;NAÏM;2017;90;9
1;NAÏM;2018;90;9
1;NAÏM;2019;90;10
1;NAÏM;2020;90;7
1;NASSIM;2002;90;3
1;NASSIM;2016;90;3
1;NASSIM;2018;90;3
1;NASSIME;2006;90;3
1;NATHAN;2000;90;12
1;NATHAN;2001;90;11
1;NATHAN;2002;90;9
1;NATHAN;2003;90;13
1;NATHAN;2004;90;13
1;NATHAN;2005;90;13
1;NATHAN;2006;90;14
1;NATHAN;2007;90;26
1;NATHAN;2008;90;28
1;NATHAN;2009;90;20
1;NATHAN;2010;90;17
1;NATHAN;2011;90;22
1;NATHAN;2012;90;18
1;NATHAN;2013;90;17
1;NATHAN;2014;90;17
1;NATHAN;2015;90;12
1;NATHAN;2016;90;17
1;NATHAN;2017;90;17
1;NATHAN;2018;90;10
1;NATHAN;2019;90;9
1;NATHAN;2020;90;11
1;NATHAN;2021;90;4
1;NATHANAEL;2007;90;4
1;NAWFEL;2001;90;3
1;NICOLAS;2000;90;21
1;NICOLAS;2001;90;15
1;NICOLAS;2002;90;9
1;NICOLAS;2003;90;9
1;NICOLAS;2004;90;14
1;NICOLAS;2005;90;10
1;NICOLAS;2006;90;6
1;NICOLAS;2007;90;8
1;NICOLAS;2008;90;3
1;NICOLAS;2010;90;6
1;NICOLAS;2011;90;5
1;NICOLAS;2013;90;4
1;NILS;2003;90;3
1;NINO;2005;90;3
1;NINO;2010;90;5
1;NINO;2011;90;5
1;NINO;2014;90;5
1;NINO;2015;90;4
1;NINO;2016;90;7
1;NINO;2017;90;7
1;NINO;2018;90;8
1;NINO;2019;90;6
1;NINO;2020;90;10
1;NINO;2021;90;12
1;NOA;2002;90;4
1;NOA;2004;90;3
1;NOA;2005;90;6
1;NOA;2006;90;8
1;NOA;2007;90;14
1;NOA;2008;90;6
1;NOA;2009;90;10
1;NOA;2010;90;11
1;NOA;2011;90;3
1;NOA;2012;90;6
1;NOA;2013;90;6
1;NOA;2015;90;4
1;NOA;2016;90;3
1;NOA;2017;90;6
1;NOA;2018;90;3
1;NOA;2019;90;3
1;NOA;2021;90;5
1;NOAH;2002;90;4
1;NOAH;2003;90;7
1;NOAH;2004;90;4
1;NOAH;2005;90;10
1;NOAH;2006;90;8
1;NOAH;2007;90;9
1;NOAH;2008;90;12
1;NOAH;2009;90;6
1;NOAH;2010;90;10
1;NOAH;2011;90;9
1;NOAH;2012;90;4
1;NOAH;2013;90;5
1;NOAH;2014;90;11
1;NOAH;2015;90;5
1;NOAH;2016;90;7
1;NOAH;2017;90;5
1;NOAH;2018;90;13
1;NOAH;2019;90;10
1;NOAH;2020;90;4
1;NOAH;2021;90;7
1;NOAM;2000;90;3
1;NOAM;2006;90;4
1;NOAM;2008;90;5
1;NOAM;2009;90;3
1;NOAM;2012;90;4
1;NOAM;2015;90;4
1;NOAM;2018;90;6
1;NOAM;2019;90;3
1;NOAM;2020;90;3
1;NOE;2001;90;4
1;NOE;2003;90;4
1;NOE;2004;90;5
1;NOE;2005;90;7
1;NOE;2006;90;3
1;NOE;2007;90;6
1;NOE;2008;90;7
1;NOE;2009;90;7
1;NOÉ;2010;90;10
1;NOÉ;2011;90;8
1;NOÉ;2012;90;6
1;NOÉ;2013;90;5
1;NOÉ;2014;90;4
1;NOÉ;2015;90;10
1;NOÉ;2016;90;3
1;NOÉ;2017;90;9
1;NOÉ;2018;90;12
1;NOÉ;2019;90;12
1;NOÉ;2020;90;10
1;NOÉ;2021;90;14
1;NOHAM;2004;90;3
1;NOHAM;2006;90;6
1;NOHAM;2008;90;3
1;NOHAM;2010;90;4
1;NOHAM;2012;90;5
1;NOHAM;2017;90;5
1;NOHAM;2018;90;4
1;NOHAM;2019;90;5
1;NOHAM;2020;90;6
1;NOLAN;2004;90;4
1;NOLAN;2005;90;7
1;NOLAN;2006;90;3
1;NOLAN;2007;90;4
1;NOLAN;2008;90;12
1;NOLAN;2009;90;5
1;NOLAN;2010;90;7
1;NOLAN;2011;90;8
1;NOLAN;2012;90;11
1;NOLAN;2013;90;11
1;NOLAN;2014;90;8
1;NOLAN;2015;90;8
1;NOLAN;2016;90;9
1;NOLAN;2017;90;9
1;NOLAN;2018;90;10
1;NOLAN;2019;90;4
1;NOLAN;2020;90;5
1;NOLAN;2021;90;6
1;NOLANN;2009;90;3
1;OMER;2020;90;3
1;OSCAR;2007;90;3
1;OSCAR;2008;90;4
1;OSCAR;2017;90;3
1;OSCAR;2018;90;3
1;OSCAR;2019;90;3
1;OUSSAMA;2021;90;3
1;OWEN;2017;90;3
1;OWEN;2020;90;4
1;OWEN;2021;90;5
1;OZAN;2016;90;3
1;PABLO;2010;90;3
1;PABLO;2018;90;5
1;PABLO;2021;90;4
1;PAUL;2000;90;18
1;PAUL;2001;90;17
1;PAUL;2002;90;13
1;PAUL;2003;90;15
1;PAUL;2004;90;8
1;PAUL;2005;90;18
1;PAUL;2006;90;18
1;PAUL;2007;90;10
1;PAUL;2008;90;5
1;PAUL;2009;90;11
1;PAUL;2010;90;10
1;PAUL;2011;90;11
1;PAUL;2012;90;10
1;PAUL;2013;90;7
1;PAUL;2014;90;7
1;PAUL;2015;90;7
1;PAUL;2016;90;8
1;PAUL;2017;90;10
1;PAUL;2018;90;6
1;PAUL;2019;90;11
1;PAUL;2020;90;11
1;PAUL;2021;90;6
1;PHARELL;2017;90;3
1;PHILIPPE;2001;90;3
1;PIERRE;2000;90;16
1;PIERRE;2001;90;15
1;PIERRE;2002;90;5
1;PIERRE;2003;90;8
1;PIERRE;2004;90;5
1;PIERRE;2005;90;7
1;PIERRE;2006;90;6
1;PIERRE;2007;90;6
1;PIERRE;2008;90;5
1;PIERRE;2009;90;8
1;PIERRE;2010;90;6
1;PIERRE;2015;90;4
1;QASSIM;2019;90;4
1;QASSIM;2021;90;3
1;QUENTIN;2000;90;22
1;QUENTIN;2001;90;21
1;QUENTIN;2002;90;22
1;QUENTIN;2003;90;15
1;QUENTIN;2004;90;18
1;QUENTIN;2005;90;11
1;QUENTIN;2006;90;11
1;QUENTIN;2007;90;20
1;QUENTIN;2008;90;11
1;QUENTIN;2009;90;9
1;QUENTIN;2010;90;10
1;QUENTIN;2011;90;4
1;QUENTIN;2012;90;6
1;QUENTIN;2014;90;6
1;QUENTIN;2015;90;3
1;QUENTIN;2016;90;5
1;QUENTIN;2017;90;3
1;RAFAEL;2008;90;4
1;RAFAEL;2010;90;3
1;RAFAEL;2014;90;3
1;RAFAEL;2017;90;6
1;RAFAËL;2021;90;3
1;RAPHAËL;2000;90;4
1;RAPHAËL;2001;90;4
1;RAPHAËL;2004;90;4
1;RAPHAËL;2005;90;12
1;RAPHAËL;2006;90;4
1;RAPHAËL;2007;90;6
1;RAPHAËL;2008;90;6
1;RAPHAËL;2009;90;4
1;RAPHAËL;2010;90;4
1;RAPHAËL;2011;90;5
1;RAPHAËL;2012;90;7
1;RAPHAËL;2013;90;6
1;RAPHAËL;2014;90;8
1;RAPHAËL;2015;90;7
1;RAPHAËL;2016;90;8
1;RAPHAËL;2017;90;4
1;RAPHAËL;2018;90;11
1;RAPHAËL;2019;90;10
1;RAPHAËL;2020;90;4
1;RAPHAËL;2021;90;7
1;RAYAN;2001;90;3
1;RAYAN;2003;90;5
1;RAYAN;2005;90;6
1;RAYAN;2006;90;7
1;RAYAN;2007;90;4
1;RAYAN;2008;90;5
1;RAYAN;2009;90;3
1;RAYAN;2010;90;6
1;RAYAN;2011;90;4
1;RAYAN;2012;90;7
1;RAYAN;2013;90;5
1;RAYAN;2015;90;5
1;RAYAN;2016;90;3
1;RAYAN;2017;90;11
1;RAYAN;2018;90;7
1;RAYAN;2019;90;11
1;RAYAN;2020;90;4
1;RAYAN;2021;90;6
1;RAYANE;2002;90;5
1;RAYANE;2004;90;3
1;RAYANE;2019;90;3
1;RÉMI;2000;90;5
1;RÉMI;2001;90;4
1;RÉMI;2002;90;9
1;RÉMI;2003;90;6
1;RÉMI;2004;90;5
1;RÉMI;2006;90;3
1;RÉMI;2007;90;3
1;RÉMI;2008;90;3
1;RÉMY;2000;90;3
1;RÉMY;2002;90;4
1;RÉMY;2003;90;3
1;RÉMY;2004;90;3
1;RÉMY;2007;90;3
1;ROBIN;2000;90;5
1;ROBIN;2001;90;5
1;ROBIN;2002;90;6
1;ROBIN;2003;90;4
1;ROBIN;2004;90;9
1;ROBIN;2005;90;7
1;ROBIN;2006;90;3
1;ROBIN;2007;90;4
1;ROBIN;2008;90;5
1;ROBIN;2009;90;3
1;ROBIN;2011;90;6
1;ROBIN;2012;90;8
1;ROBIN;2013;90;5
1;ROBIN;2014;90;8
1;ROBIN;2015;90;6
1;ROBIN;2016;90;5
1;ROBIN;2017;90;7
1;ROBIN;2018;90;6
1;ROBIN;2019;90;10
1;ROBIN;2020;90;7
1;ROBIN;2021;90;9
1;ROMAIN;2000;90;10
1;ROMAIN;2001;90;10
1;ROMAIN;2002;90;14
1;ROMAIN;2003;90;10
1;ROMAIN;2004;90;5
1;ROMAIN;2005;90;10
1;ROMAIN;2006;90;6
1;ROMAIN;2007;90;7
1;ROMAIN;2008;90;5
1;ROMAIN;2009;90;5
1;ROMAIN;2010;90;6
1;ROMAIN;2012;90;4
1;ROMAIN;2013;90;6
1;ROMAIN;2015;90;3
1;ROMAIN;2016;90;5
1;ROMÉO;2002;90;3
1;ROMÉO;2007;90;3
1;ROMÉO;2009;90;4
1;ROMÉO;2011;90;3
1;ROMÉO;2013;90;4
1;ROMÉO;2014;90;5
1;ROMÉO;2018;90;5
1;RUBEN;2014;90;3
1;RUBEN;2015;90;3
1;RUBEN;2021;90;3
1;RYAD;2008;90;4
1;RYAN;2000;90;5
1;RYAN;2003;90;6
1;RYAN;2004;90;7
1;RYAN;2005;90;3
1;RYAN;2006;90;4
1;RYAN;2007;90;4
1;RYAN;2012;90;4
1;RYAN;2017;90;4
1;SACHA;2004;90;4
1;SACHA;2005;90;5
1;SACHA;2006;90;3
1;SACHA;2007;90;4
1;SACHA;2010;90;5
1;SACHA;2011;90;8
1;SACHA;2012;90;5
1;SACHA;2013;90;11
1;SACHA;2015;90;5
1;SACHA;2016;90;6
1;SACHA;2017;90;14
1;SACHA;2018;90;7
1;SACHA;2019;90;9
1;SACHA;2020;90;14
1;SACHA;2021;90;14
1;SAFWAN;2021;90;3
1;SAMI;2008;90;3
1;SAMI;2018;90;3
1;SAMI;2020;90;4
1;SAMI;2021;90;3
1;SAMUEL;2000;90;3
1;SAMUEL;2003;90;7
1;SAMUEL;2004;90;3
1;SAMUEL;2005;90;8
1;SAMUEL;2006;90;5
1;SAMUEL;2007;90;5
1;SAMUEL;2008;90;3
1;SAMUEL;2009;90;3
1;SAMUEL;2010;90;3
1;SAMUEL;2011;90;9
1;SAMUEL;2012;90;3
1;SAMUEL;2013;90;4
1;SAMUEL;2014;90;4
1;SAMUEL;2015;90;3
1;SAMUEL;2016;90;5
1;SAMUEL;2017;90;5
1;SAMUEL;2018;90;8
1;SAMUEL;2019;90;5
1;SAMUEL;2020;90;7
1;SAMUEL;2021;90;6
1;SAMY;2001;90;3
1;SAMY;2002;90;4
1;SAMY;2003;90;4
1;SAMY;2004;90;6
1;SAMY;2009;90;5
1;SAMY;2017;90;4
1;SAMY;2019;90;3
1;SANDRO;2017;90;3
1;SASHA;2009;90;3
1;SASHA;2014;90;3
1;SASHA;2015;90;3
1;SASHA;2016;90;5
1;SASHA;2021;90;4
1;SÉBASTIEN;2000;90;5
1;SÉBASTIEN;2002;90;4
1;SÉBASTIEN;2003;90;3
1;SÉBASTIEN;2006;90;3
1;SELIM;2019;90;4
1;SEYIT;2019;90;3
1;SIMON;2000;90;7
1;SIMON;2001;90;10
1;SIMON;2002;90;4
1;SIMON;2003;90;6
1;SIMON;2005;90;6
1;SIMON;2006;90;6
1;SIMON;2007;90;4
1;SIMON;2008;90;9
1;SIMON;2009;90;4
1;SIMON;2010;90;5
1;SIMON;2011;90;6
1;SIMON;2012;90;4
1;SIMON;2013;90;3
1;SIMON;2014;90;4
1;SIMON;2015;90;5
1;SIMON;2017;90;4
1;SIMON;2018;90;7
1;SIMON;2019;90;3
1;SIMON;2021;90;6
1;SOAN;2010;90;3
1;SOAN;2013;90;4
1;SOAN;2014;90;3
1;SOAN;2017;90;6
1;SOAN;2018;90;3
1;SOAN;2019;90;6
1;SOAN;2020;90;8
1;SOAN;2021;90;3
1;SOFIANE;2000;90;6
1;SOFIANE;2002;90;3
1;SOFIANE;2003;90;4
1;SOFIANE;2004;90;4
1;SOFIANE;2005;90;8
1;SOFIANE;2011;90;5
1;SOHAN;2019;90;9
1;SOHAN;2020;90;5
1;SOHAN;2021;90;8
1;SOULEYMAN;2017;90;4
1;SOULEYMAN;2019;90;4
1;SOULEYMAN;2020;90;3
1;SOULEYMAN;2021;90;3
1;SOULEYMANE;2017;90;3
1;SOULEYMANE;2018;90;3
1;STAN;2008;90;3
1;STÉPHANE;2001;90;5
1;STEVEN;2000;90;7
1;SULLIVAN;2003;90;3
1;SULLIVAN;2006;90;3
1;SYLVAIN;2000;90;3
1;TANGUY;2001;90;3
1;TÉO;2002;90;3
1;TÉO;2005;90;5
1;TÉO;2006;90;4
1;TÉO;2011;90;4
1;TÉO;2017;90;3
1;TÉO;2019;90;3
1;TÉO;2021;90;5
1;THÉO;2000;90;30
1;THÉO;2001;90;35
1;THÉO;2002;90;24
1;THÉO;2003;90;24
1;THÉO;2004;90;25
1;THÉO;2005;90;15
1;THÉO;2006;90;9
1;THÉO;2007;90;16
1;THÉO;2008;90;20
1;THÉO;2009;90;13
1;THÉO;2010;90;13
1;THÉO;2011;90;14
1;THÉO;2012;90;8
1;THÉO;2013;90;5
1;THÉO;2014;90;13
1;THÉO;2015;90;6
1;THÉO;2016;90;8
1;THÉO;2017;90;8
1;THÉO;2018;90;11
1;THÉO;2019;90;10
1;THÉO;2020;90;5
1;THÉO;2021;90;6
1;THIAGO;2014;90;3
1;THIAGO;2017;90;5
1;THIAGO;2018;90;6
1;THIAGO;2019;90;6
1;THIAGO;2020;90;5
1;THIBAUD;2005;90;3
1;THIBAULT;2002;90;4
1;THIBAULT;2003;90;5
1;THIBAULT;2004;90;6
1;THIBAULT;2011;90;3
1;THIBAULT;2013;90;3
1;THIBAULT;2014;90;3
1;THIBAUT;2000;90;7
1;THIBAUT;2001;90;4
1;THIBAUT;2003;90;6
1;THIBAUT;2005;90;3
1;THIBAUT;2019;90;3
1;THIMÉO;2017;90;3
1;THOMAS;2000;90;40
1;THOMAS;2001;90;16
1;THOMAS;2002;90;25
1;THOMAS;2003;90;16
1;THOMAS;2004;90;22
1;THOMAS;2005;90;16
1;THOMAS;2006;90;12
1;THOMAS;2007;90;13
1;THOMAS;2008;90;15
1;THOMAS;2009;90;11
1;THOMAS;2010;90;7
1;THOMAS;2011;90;6
1;THOMAS;2012;90;8
1;THOMAS;2014;90;6
1;THOMAS;2016;90;5
1;THOMAS;2017;90;4
1;THOMAS;2019;90;6
1;TIAGO;2012;90;3
1;TIAGO;2013;90;5
1;TIAGO;2014;90;3
1;TIAGO;2016;90;3
1;TIAGO;2017;90;7
1;TIAGO;2018;90;9
1;TIAGO;2019;90;14
1;TIAGO;2020;90;18
1;TIAGO;2021;90;7
1;TIM;2013;90;3
1;TIM;2015;90;3
1;TIM;2016;90;3
1;TIM;2017;90;3
1;TIMEO;2005;90;6
1;TIMEO;2007;90;4
1;TIMEO;2008;90;13
1;TIMEO;2009;90;7
1;TIMEO;2010;90;6
1;TIMÉO;2010;90;4
1;TIMÉO;2011;90;11
1;TIMÉO;2012;90;18
1;TIMÉO;2013;90;14
1;TIMÉO;2014;90;17
1;TIMÉO;2015;90;13
1;TIMÉO;2016;90;15
1;TIMÉO;2017;90;18
1;TIMÉO;2018;90;12
1;TIMÉO;2019;90;7
1;TIMÉO;2020;90;14
1;TIMÉO;2021;90;7
1;TIMOTHÉ;2011;90;3
1;TIMOTHÉ;2014;90;4
1;TIMOTHÉ;2019;90;3
1;TIMOTHÉ;2020;90;3
1;TIMOTHÉE;2002;90;4
1;TIMOTHÉE;2006;90;3
1;TIMOTHÉE;2010;90;4
1;TIMOTHÉE;2019;90;3
1;TIMOTHY;2012;90;3
1;TINO;2016;90;4
1;TITOUAN;2005;90;5
1;TITOUAN;2006;90;5
1;TITOUAN;2008;90;5
1;TITOUAN;2011;90;6
1;TITOUAN;2012;90;4
1;TOM;2000;90;11
1;TOM;2001;90;14
1;TOM;2002;90;13
1;TOM;2003;90;26
1;TOM;2004;90;17
1;TOM;2005;90;9
1;TOM;2006;90;13
1;TOM;2007;90;20
1;TOM;2008;90;7
1;TOM;2009;90;13
1;TOM;2010;90;9
1;TOM;2011;90;10
1;TOM;2012;90;7
1;TOM;2013;90;14
1;TOM;2014;90;9
1;TOM;2015;90;6
1;TOM;2016;90;8
1;TOM;2017;90;16
1;TOM;2018;90;4
1;TOM;2019;90;11
1;TOM;2020;90;11
1;TOM;2021;90;16
1;TONY;2000;90;3
1;TONY;2009;90;4
1;TONY;2013;90;3
1;TRISTAN;2000;90;10
1;TRISTAN;2001;90;5
1;TRISTAN;2002;90;4
1;TRISTAN;2003;90;11
1;TRISTAN;2005;90;4
1;TRISTAN;2006;90;6
1;TRISTAN;2009;90;5
1;TRISTAN;2011;90;3
1;TRISTAN;2012;90;6
1;TRISTAN;2013;90;3
1;TRISTAN;2020;90;3
1;TYMÉO;2013;90;3
1;TYMÉO;2017;90;6
1;UGO;2000;90;4
1;UGO;2003;90;5
1;UGO;2016;90;4
1;VALENTIN;2000;90;20
1;VALENTIN;2001;90;14
1;VALENTIN;2002;90;12
1;VALENTIN;2003;90;13
1;VALENTIN;2004;90;11
1;VALENTIN;2005;90;6
1;VALENTIN;2006;90;7
1;VALENTIN;2007;90;10
1;VALENTIN;2008;90;4
1;VALENTIN;2010;90;10
1;VALENTIN;2011;90;10
1;VALENTIN;2012;90;9
1;VALENTIN;2013;90;5
1;VALENTIN;2014;90;7
1;VALENTIN;2015;90;5
1;VALENTIN;2016;90;8
1;VALENTIN;2017;90;4
1;VALENTIN;2018;90;10
1;VALENTIN;2019;90;6
1;VALENTIN;2020;90;5
1;VICTOR;2000;90;8
1;VICTOR;2001;90;9
1;VICTOR;2002;90;3
1;VICTOR;2003;90;7
1;VICTOR;2004;90;5
1;VICTOR;2005;90;4
1;VICTOR;2006;90;3
1;VICTOR;2007;90;4
1;VICTOR;2009;90;3
1;VICTOR;2010;90;5
1;VICTOR;2011;90;5
1;VICTOR;2013;90;6
1;VICTOR;2015;90;5
1;VICTOR;2016;90;5
1;VICTOR;2017;90;6
1;VICTOR;2018;90;9
1;VICTOR;2019;90;5
1;VICTOR;2021;90;6
1;VINCENT;2000;90;7
1;VINCENT;2001;90;5
1;VINCENT;2002;90;9
1;VINCENT;2004;90;5
1;VINCENT;2005;90;5
1;VINCENT;2006;90;3
1;VINCENT;2008;90;3
1;WAEL;2010;90;3
1;WAEL;2017;90;3
1;WALID;2002;90;4
1;WALID;2007;90;4
1;WASSIL;2020;90;3
1;WASSIM;2003;90;3
1;WASSIM;2007;90;3
1;WASSIM;2008;90;4
1;WASSIM;2009;90;4
1;WASSIM;2013;90;4
1;WASSIM;2017;90;4
1;WASSIM;2018;90;7
1;WASSIM;2019;90;7
1;WASSIM;2020;90;3
1;WASSIM;2021;90;3
1;WILLIAM;2000;90;5
1;WILLIAM;2001;90;3
1;WILLIAM;2004;90;4
1;WILLIAM;2005;90;4
1;WILLIAM;2006;90;3
1;WILLIAM;2008;90;4
1;WILLIAM;2010;90;3
1;WILLIAM;2014;90;6
1;WILLIAM;2018;90;3
1;WILLIAM;2019;90;3
1;WILLIAM;2021;90;3
1;XAVIER;2003;90;3
1;XAVIER;2004;90;3
1;YACINE;2009;90;3
1;YAHYA;2021;90;4
1;YANIS;2000;90;4
1;YANIS;2001;90;5
1;YANIS;2002;90;8
1;YANIS;2003;90;9
1;YANIS;2004;90;14
1;YANIS;2005;90;12
1;YANIS;2006;90;10
1;YANIS;2007;90;17
1;YANIS;2008;90;19
1;YANIS;2009;90;8
1;YANIS;2010;90;11
1;YANIS;2011;90;8
1;YANIS;2012;90;6
1;YANIS;2013;90;5
1;YANIS;2014;90;6
1;YANIS;2015;90;3
1;YANIS;2016;90;8
1;YANIS;2017;90;6
1;YANIS;2018;90;6
1;YANIS;2019;90;8
1;YANIS;2020;90;12
1;YANIS;2021;90;4
1;YANN;2000;90;7
1;YANN;2001;90;3
1;YANN;2002;90;5
1;YANN;2003;90;4
1;YANN;2004;90;3
1;YANN;2005;90;6
1;YANN;2007;90;4
1;YANN;2009;90;3
1;YANN;2011;90;3
1;YANNIS;2006;90;5
1;YASIN;2016;90;3
1;YASSINE;2012;90;3
1;YASSINE;2017;90;3
1;YASSINE;2018;90;3
1;YASSINE;2019;90;5
1;YASSINE;2020;90;4
1;YASSINE;2021;90;3
1;YLAN;2012;90;3
1;YOANN;2000;90;5
1;YOANN;2003;90;3
1;YOANN;2010;90;3
1;YOANN;2011;90;3
1;YOHAN;2008;90;3
1;YOUCEF;2018;90;3
1;YOUCEF;2021;90;3
1;YOUNES;2004;90;4
1;YOUNES;2006;90;3
1;YOUNES;2009;90;4
1;YOUNES;2010;90;3
1;YOUNES;2018;90;5
1;YOUNES;2020;90;6
1;YOUNES;2021;90;4
1;YOUSSEF;2014;90;4
1;YOUSSEF;2017;90;4
1;YOUSSEF;2018;90;3
1;YOUSSEF;2020;90;7
1;YUSUF;2010;90;4
1;YUSUF;2011;90;4
1;YUSUF;2016;90;3
1;YUSUF;2019;90;3
1;YUSUF;2020;90;3
1;ZAKARIA;2001;90;5
1;ZAKARIA;2002;90;3
1;ZAKARIA;2003;90;4
1;ZAKARIA;2006;90;3
1;ZAKARIA;2007;90;3
1;ZAKARIA;2008;90;4
1;ZAKARIA;2013;90;3
1;ZAKARIA;2016;90;4
1;ZAKARIA;2017;90;4
1;ZAKARIA;2018;90;6
1;ZAKARIA;2019;90;4
1;ZAKARIA;2020;90;4
1;ZAKARIA;2021;90;4
1;ZAKARYA;2017;90;3
1;ZAYD;2021;90;4
1;ZAYN;2019;90;5
1;ZAYN;2020;90;4
1;ZAYN;2021;90;4
1;ZEYD;2020;90;4
1;ZEYD;2021;90;3
1;ZIAD;2011;90;3
1;ZIAD;2019;90;3
1;ZINEDINE;2002;90;3
1;ZYAD;2017;90;5
2;_PRENOMS_RARES;2000;90;25
2;_PRENOMS_RARES;2001;90;19
2;_PRENOMS_RARES;2002;90;25
2;_PRENOMS_RARES;2003;90;31
2;_PRENOMS_RARES;2004;90;31
2;_PRENOMS_RARES;2005;90;42
2;_PRENOMS_RARES;2006;90;40
2;_PRENOMS_RARES;2007;90;38
2;_PRENOMS_RARES;2008;90;47
2;_PRENOMS_RARES;2009;90;34
2;_PRENOMS_RARES;2010;90;40
2;_PRENOMS_RARES;2011;90;56
2;_PRENOMS_RARES;2012;90;56
2;_PRENOMS_RARES;2013;90;42
2;_PRENOMS_RARES;2014;90;47
2;_PRENOMS_RARES;2015;90;47
2;_PRENOMS_RARES;2016;90;55
2;_PRENOMS_RARES;2017;90;76
2;_PRENOMS_RARES;2018;90;82
2;_PRENOMS_RARES;2019;90;72
2;_PRENOMS_RARES;2020;90;88
2;_PRENOMS_RARES;2021;90;83
2;AALIYAH;2020;90;3
2;ABBYGAËLLE;2019;90;3
2;ADÈLE;2000;90;3
2;ADÈLE;2013;90;4
2;ADÈLE;2016;90;4
2;ADÈLE;2017;90;4
2;ADÈLE;2018;90;4
2;ADÈLE;2019;90;7
2;ADÈLE;2020;90;5
2;ADÉLIE;2017;90;3
2;AGATHE;2000;90;4
2;AGATHE;2002;90;4
2;AGATHE;2003;90;3
2;AGATHE;2005;90;4
2;AGATHE;2006;90;6
2;AGATHE;2007;90;3
2;AGATHE;2011;90;4
2;AGATHE;2012;90;3
2;AGATHE;2013;90;3
2;AGATHE;2014;90;5
2;AGATHE;2015;90;4
2;AGATHE;2016;90;6
2;AGATHE;2017;90;5
2;AGATHE;2018;90;5
2;AGATHE;2019;90;7
2;AGATHE;2020;90;5
2;AGATHE;2021;90;12
2;AÏCHA;2018;90;3
2;AÏCHA;2020;90;4
2;ALBA;2020;90;4
2;ALBANE;2009;90;3
2;ALESSIA;2021;90;3
2;ALEXANDRA;2000;90;3
2;ALEXANDRA;2002;90;3
2;ALEXIA;2000;90;3
2;ALEXIA;2001;90;3
2;ALEXIA;2002;90;4
2;ALEXIA;2003;90;7
2;ALEXIA;2006;90;4
2;ALEXIA;2007;90;3
2;ALEYNA;2008;90;3
2;ALEYNA;2017;90;3
2;ALEYNA;2018;90;3
2;ALEYNA;2021;90;3
2;ALIA;2018;90;3
2;ALICE;2000;90;3
2;ALICE;2002;90;4
2;ALICE;2003;90;3
2;ALICE;2004;90;4
2;ALICE;2005;90;5
2;ALICE;2006;90;9
2;ALICE;2007;90;6
2;ALICE;2009;90;7
2;ALICE;2010;90;5
2;ALICE;2011;90;4
2;ALICE;2012;90;9
2;ALICE;2013;90;9
2;ALICE;2014;90;12
2;ALICE;2015;90;9
2;ALICE;2016;90;15
2;ALICE;2017;90;10
2;ALICE;2018;90;9
2;ALICE;2019;90;13
2;ALICE;2020;90;11
2;ALICE;2021;90;12
2;ALICIA;2000;90;3
2;ALICIA;2001;90;4
2;ALICIA;2002;90;9
2;ALICIA;2003;90;5
2;ALICIA;2004;90;6
2;ALICIA;2007;90;4
2;ALICIA;2008;90;3
2;ALICIA;2009;90;3
2;ALICIA;2010;90;7
2;ALICIA;2011;90;5
2;ALICIA;2012;90;5
2;ALICIA;2013;90;5
2;ALICIA;2014;90;5
2;ALICIA;2015;90;3
2;ALICIA;2016;90;5
2;ALICIA;2017;90;5
2;ALICIA;2018;90;7
2;ALICIA;2019;90;3
2;ALICIA;2020;90;3
2;ALINA;2017;90;3
2;ALINA;2019;90;3
2;ALINE;2003;90;3
2;ALISON;2003;90;3
2;ALIX;2019;90;4
2;ALIX;2021;90;4
2;ALIYA;2012;90;3
2;ALIYA;2016;90;3
2;ALIYA;2017;90;3
2;ALIYA;2018;90;6
2;ALIYA;2020;90;5
2;ALIYAH;2019;90;4
2;ALIZÉE;2001;90;6
2;ALIZÉE;2002;90;3
2;ALYA;2013;90;3
2;ALYA;2017;90;5
2;ALYA;2018;90;9
2;ALYA;2019;90;4
2;ALYA;2020;90;4
2;ALYA;2021;90;7
2;ALYCIA;2002;90;3
2;ALYSSA;2013;90;3
2;AMALYA;2019;90;3
2;AMANDINE;2000;90;8
2;AMANDINE;2002;90;7
2;AMANDINE;2003;90;5
2;AMANDINE;2004;90;3
2;AMANDINE;2005;90;4
2;AMANDINE;2009;90;3
2;AMBRE;2001;90;3
2;AMBRE;2002;90;5
2;AMBRE;2004;90;4
2;AMBRE;2006;90;3
2;AMBRE;2007;90;4
2;AMBRE;2008;90;6
2;AMBRE;2009;90;3
2;AMBRE;2010;90;4
2;AMBRE;2011;90;8
2;AMBRE;2012;90;3
2;AMBRE;2013;90;3
2;AMBRE;2014;90;6
2;AMBRE;2015;90;6
2;AMBRE;2016;90;5
2;AMBRE;2017;90;12
2;AMBRE;2018;90;8
2;AMBRE;2019;90;12
2;AMBRE;2020;90;12
2;AMBRE;2021;90;12
2;AMEL;2002;90;3
2;AMÉLIA;2005;90;3
2;AMÉLIA;2010;90;3
2;AMÉLIA;2012;90;3
2;AMÉLIA;2016;90;3
2;AMÉLIA;2017;90;6
2;AMÉLIA;2018;90;5
2;AMÉLIA;2019;90;3
2;AMÉLIA;2020;90;3
2;AMÉLIA;2021;90;7
2;AMÉLIE;2000;90;4
2;AMÉLIE;2001;90;6
2;AMÉLIE;2002;90;9
2;AMÉLIE;2004;90;5
2;AMÉLIE;2005;90;5
2;AMÉLIE;2006;90;4
2;AMÉLIE;2008;90;3
2;AMÉLIE;2010;90;4
2;AMINA;2014;90;3
2;AMINA;2017;90;4
2;AMINA;2019;90;4
2;AMINA;2020;90;3
2;AMINA;2021;90;3
2;AMIRA;2016;90;3
2;AMIRA;2018;90;4
2;AMY;2015;90;3
2;ANA;2009;90;3
2;ANA;2019;90;4
2;ANAELLE;2000;90;4
2;ANAELLE;2003;90;3
2;ANAELLE;2004;90;6
2;ANAELLE;2005;90;4
2;ANAELLE;2007;90;3
2;ANAELLE;2008;90;3
2;ANAELLE;2009;90;6
2;ANAËLLE;2012;90;3
2;ANAËLLE;2013;90;4
2;ANAËLLE;2018;90;3
2;ANAÏS;2000;90;11
2;ANAÏS;2001;90;10
2;ANAÏS;2002;90;13
2;ANAÏS;2003;90;15
2;ANAÏS;2004;90;5
2;ANAÏS;2005;90;15
2;ANAÏS;2006;90;6
2;ANAÏS;2007;90;6
2;ANAÏS;2008;90;7
2;ANAÏS;2009;90;4
2;ANAÏS;2010;90;4
2;ANAÏS;2011;90;6
2;ANAÏS;2012;90;7
2;ANAÏS;2014;90;7
2;ANAÏS;2016;90;5
2;ANAÏS;2017;90;3
2;ANAÏS;2018;90;6
2;ANASTASIA;2020;90;3
2;ANASTASIA;2021;90;5
2;ANDRÉA;2001;90;5
2;ANDRÉA;2002;90;3
2;ANDRÉA;2006;90;3
2;ANDRÉA;2012;90;4
2;ANDRÉA;2015;90;3
2;ANDRÉA;2021;90;3
2;ANGELINA;2006;90;3
2;ANGELINA;2007;90;4
2;ANGELINE;2005;90;3
2;ANGELINE;2009;90;4
2;ANISSA;2014;90;3
2;ANISSA;2017;90;3
2;ANISSA;2018;90;5
2;ANISSA;2019;90;3
2;ANNA;2001;90;8
2;ANNA;2002;90;4
2;ANNA;2003;90;4
2;ANNA;2004;90;3
2;ANNA;2005;90;4
2;ANNA;2006;90;8
2;ANNA;2007;90;4
2;ANNA;2008;90;5
2;ANNA;2009;90;5
2;ANNA;2010;90;3
2;ANNA;2011;90;5
2;ANNA;2012;90;9
2;ANNA;2013;90;10
2;ANNA;2014;90;4
2;ANNA;2015;90;6
2;ANNA;2016;90;8
2;ANNA;2017;90;8
2;ANNA;2018;90;10
2;ANNA;2019;90;14
2;ANNA;2020;90;8
2;ANNA;2021;90;7
2;APOLLINE;2001;90;3
2;APOLLINE;2007;90;3
2;APOLLINE;2012;90;3
2;APOLLINE;2017;90;5
2;APOLLINE;2018;90;4
2;ARIA;2019;90;3
2;ARIA;2021;90;4
2;ARYA;2019;90;4
2;ARYA;2020;90;4
2;ASMA;2018;90;4
2;ASMA;2019;90;4
2;ASMA;2020;90;5
2;ASSIA;2010;90;5
2;ASSIA;2011;90;3
2;ASSIA;2013;90;3
2;ASSIA;2017;90;5
2;ASSIA;2019;90;7
2;ASSIA;2020;90;8
2;ASSIA;2021;90;3
2;ATHÉNA;2021;90;3
2;AUDREY;2000;90;7
2;AUDREY;2001;90;5
2;AUDREY;2003;90;3
2;AUDREY;2010;90;3
2;AUGUSTINE;2017;90;4
2;AURÉLIE;2000;90;4
2;AURORE;2004;90;3
2;AURORE;2018;90;3
2;AURORE;2019;90;4
2;AVA;2018;90;3
2;AVA;2021;90;3
2;AXELLE;2000;90;3
2;AXELLE;2002;90;3
2;AXELLE;2003;90;3
2;AXELLE;2011;90;3
2;AXELLE;2017;90;3
2;AYA;2005;90;3
2;AYA;2006;90;3
2;AYA;2007;90;4
2;AYA;2008;90;4
2;AYA;2012;90;4
2;AYA;2017;90;10
2;AYA;2018;90;5
2;AYA;2019;90;7
2;AYA;2020;90;4
2;AYA;2021;90;6
2;AYLA;2018;90;3
2;AYLIN;2010;90;5
2;AYLIN;2018;90;3
2;AYLIN;2020;90;3
2;AYLIN;2021;90;4
2;AZRA;2013;90;3
2;AZRA;2019;90;4
2;AZRA;2020;90;3
2;BÉRÉNICE;2005;90;3
2;BÉRÉNICE;2007;90;4
2;BÉRÉNICE;2008;90;3
2;BERTILLE;2008;90;3
2;BLANDINE;2003;90;3
2;CALIE;2017;90;3
2;CALIE;2021;90;4
2;CAMÉLIA;2017;90;5
2;CAMÉLIA;2021;90;3
2;CAMILA;2020;90;3
2;CAMILLE;2000;90;22
2;CAMILLE;2001;90;22
2;CAMILLE;2002;90;15
2;CAMILLE;2003;90;16
2;CAMILLE;2004;90;15
2;CAMILLE;2005;90;8
2;CAMILLE;2006;90;11
2;CAMILLE;2007;90;22
2;CAMILLE;2008;90;7
2;CAMILLE;2009;90;8
2;CAMILLE;2010;90;16
2;CAMILLE;2011;90;7
2;CAMILLE;2012;90;14
2;CAMILLE;2013;90;14
2;CAMILLE;2014;90;10
2;CAMILLE;2015;90;11
2;CAMILLE;2016;90;8
2;CAMILLE;2017;90;7
2;CAMILLE;2018;90;13
2;CAMILLE;2019;90;5
2;CAMILLE;2020;90;8
2;CAMILLE;2021;90;3
2;CANDICE;2003;90;3
2;CANDICE;2005;90;6
2;CANDICE;2006;90;3
2;CANDICE;2008;90;3
2;CANDICE;2009;90;3
2;CANDICE;2011;90;3
2;CANDICE;2017;90;5
2;CANDICE;2019;90;4
2;CANDICE;2020;90;3
2;CAPUCINE;2008;90;3
2;CAPUCINE;2012;90;3
2;CAPUCINE;2014;90;3
2;CAPUCINE;2015;90;3
2;CAPUCINE;2017;90;4
2;CAPUCINE;2018;90;3
2;CAPUCINE;2019;90;3
2;CAPUCINE;2020;90;6
2;CAPUCINE;2021;90;4
2;CARLA;2000;90;3
2;CARLA;2001;90;4
2;CARLA;2002;90;4
2;CARLA;2003;90;7
2;CARLA;2004;90;5
2;CARLA;2005;90;4
2;CARLA;2006;90;6
2;CARLA;2007;90;4
2;CARLA;2008;90;4
2;CARLA;2019;90;4
2;CARLA;2020;90;3
2;CAROLINE;2000;90;4
2;CAROLINE;2005;90;3
2;CAROLINE;2008;90;3
2;CASSANDRA;2000;90;3
2;CASSANDRA;2001;90;4
2;CASSANDRA;2005;90;3
2;CASSANDRA;2006;90;3
2;CASSANDRA;2009;90;3
2;CASSANDRA;2012;90;3
2;CASSANDRA;2014;90;3
2;CASSANDRE;2002;90;3
2;CASSANDRE;2007;90;3
2;CASSANDRE;2013;90;3
2;CASSIE;2012;90;3
2;CATALEYA;2020;90;3
2;CÉCILE;2000;90;4
2;CÉCILIA;2003;90;4
2;CÉCILIA;2015;90;3
2;CÉLESTE;2019;90;4
2;CÉLESTE;2020;90;3
2;CELESTINE;2000;90;3
2;CELESTINE;2007;90;3
2;CÉLESTINE;2019;90;3
2;CÉLIA;2000;90;6
2;CÉLIA;2001;90;9
2;CÉLIA;2002;90;6
2;CÉLIA;2003;90;9
2;CÉLIA;2004;90;4
2;CÉLIA;2005;90;8
2;CÉLIA;2006;90;11
2;CÉLIA;2007;90;8
2;CÉLIA;2008;90;7
2;CÉLIA;2009;90;6
2;CÉLIA;2010;90;6
2;CÉLIA;2011;90;6
2;CÉLIA;2014;90;4
2;CÉLIA;2015;90;4
2;CÉLIA;2016;90;4
2;CÉLIA;2017;90;6
2;CÉLIA;2018;90;5
2;CÉLIA;2021;90;4
2;CÉLINE;2001;90;3
2;CÉLINE;2003;90;4
2;CHAIMA;2006;90;3
2;CHAIMA;2007;90;3
2;CHARLIE;2019;90;3
2;CHARLIE;2020;90;4
2;CHARLIE;2021;90;11
2;CHARLINE;2001;90;6
2;CHARLINE;2002;90;4
2;CHARLINE;2004;90;3
2;CHARLINE;2010;90;5
2;CHARLOTTE;2000;90;8
2;CHARLOTTE;2001;90;7
2;CHARLOTTE;2002;90;4
2;CHARLOTTE;2003;90;5
2;CHARLOTTE;2004;90;4
2;CHARLOTTE;2005;90;6
2;CHARLOTTE;2006;90;6
2;CHARLOTTE;2007;90;6
2;CHARLOTTE;2008;90;4
2;CHARLOTTE;2009;90;3
2;CHARLOTTE;2010;90;4
2;CHARLOTTE;2012;90;4
2;CHARLOTTE;2013;90;7
2;CHARLOTTE;2014;90;4
2;CHARLOTTE;2015;90;4
2;CHARLOTTE;2016;90;4
2;CHARLOTTE;2017;90;8
2;CHARLOTTE;2018;90;5
2;CHARLOTTE;2020;90;3
2;CHIARA;2007;90;3
2;CHIARA;2008;90;3
2;CHIARA;2011;90;3
2;CHIARA;2012;90;4
2;CHIARA;2014;90;4
2;CHIARA;2019;90;4
2;CHLOÉ;2000;90;13
2;CHLOÉ;2001;90;15
2;CHLOÉ;2002;90;14
2;CHLOÉ;2003;90;11
2;CHLOÉ;2004;90;11
2;CHLOÉ;2005;90;16
2;CHLOÉ;2006;90;11
2;CHLOÉ;2007;90;15
2;CHLOÉ;2008;90;16
2;CHLOÉ;2009;90;12
2;CHLOÉ;2010;90;25
2;CHLOÉ;2011;90;20
2;CHLOÉ;2012;90;9
2;CHLOÉ;2013;90;13
2;CHLOÉ;2014;90;8
2;CHLOÉ;2015;90;18
2;CHLOÉ;2016;90;12
2;CHLOÉ;2017;90;14
2;CHLOÉ;2018;90;14
2;CHLOÉ;2019;90;10
2;CHLOÉ;2020;90;9
2;CHLOÉ;2021;90;8
2;CINDY;2000;90;3
2;CINDY;2002;90;3
2;CINDY;2003;90;3
2;CLAIRE;2000;90;3
2;CLAIRE;2001;90;5
2;CLAIRE;2002;90;3
2;CLAIRE;2003;90;4
2;CLAIRE;2005;90;3
2;CLAIRE;2006;90;3
2;CLARA;2000;90;11
2;CLARA;2001;90;10
2;CLARA;2002;90;16
2;CLARA;2003;90;17
2;CLARA;2004;90;17
2;CLARA;2005;90;19
2;CLARA;2006;90;17
2;CLARA;2007;90;19
2;CLARA;2008;90;11
2;CLARA;2009;90;10
2;CLARA;2010;90;13
2;CLARA;2011;90;12
2;CLARA;2012;90;3
2;CLARA;2013;90;8
2;CLARA;2016;90;7
2;CLARA;2017;90;6
2;CLARA;2019;90;7
2;CLARA;2021;90;4
2;CLARISSE;2004;90;3
2;CLARISSE;2016;90;3
2;CLARISSE;2019;90;3
2;CLÉA;2014;90;3
2;CLÉA;2018;90;3
2;CLÉA;2020;90;3
2;CLELIA;2007;90;3
2;CLÉMENCE;2000;90;3
2;CLÉMENCE;2001;90;5
2;CLÉMENCE;2002;90;4
2;CLÉMENCE;2003;90;7
2;CLÉMENCE;2004;90;8
2;CLÉMENCE;2006;90;6
2;CLÉMENCE;2008;90;4
2;CLÉMENCE;2009;90;4
2;CLÉMENCE;2010;90;5
2;CLÉMENCE;2011;90;7
2;CLÉMENCE;2012;90;5
2;CLÉMENCE;2014;90;3
2;CLÉMENCE;2015;90;4
2;CLÉMENCE;2016;90;6
2;CLÉMENCE;2017;90;6
2;CLÉMENCE;2018;90;4
2;CLÉMENCE;2019;90;7
2;CLÉMENCE;2020;90;4
2;CLÉMENTINE;2002;90;3
2;CLÉMENTINE;2006;90;3
2;CLÉMENTINE;2014;90;3
2;CLOE;2000;90;5
2;CLOE;2004;90;3
2;CLOE;2005;90;3
2;CLOE;2008;90;3
2;CLOE;2009;90;3
2;CLOÉ;2012;90;7
2;CLOÉ;2019;90;4
2;CLOTILDE;2005;90;3
2;COLINE;2000;90;3
2;COLINE;2005;90;3
2;COLINE;2007;90;3
2;COLINE;2019;90;4
2;CONSTANCE;2000;90;3
2;CONSTANCE;2003;90;3
2;CONSTANCE;2011;90;3
2;CONSTANCE;2015;90;3
2;CONSTANCE;2018;90;4
2;CONSTANCE;2020;90;4
2;CORALIE;2000;90;5
2;CORALIE;2001;90;3
2;CORALIE;2002;90;6
2;CORALIE;2005;90;3
2;CORALIE;2006;90;4
2;CORALINE;2012;90;3
2;CYRIELLE;2002;90;3
2;CYRIELLE;2003;90;4
2;DAYANA;2019;90;3
2;DERYA;2003;90;3
2;DINA;2018;90;6
2;DINA;2019;90;3
2;DINA;2020;90;6
2;DOUNIA;2003;90;3
2;DOUNIA;2017;90;3
2;EDANUR;2004;90;3
2;EDEN;2019;90;4
2;ELA;2012;90;3
2;ELA;2013;90;3
2;ELA;2017;90;6
2;ELA;2019;90;3
2;ELANA;2019;90;3
2;ELEA;2001;90;3
2;ELEA;2006;90;6
2;ELEA;2008;90;3
2;ELEA;2009;90;3
2;ELÉA;2012;90;3
2;ELÉA;2016;90;4
2;ELÉA;2018;90;5
2;ÉLÉA;2018;90;3
2;ELENA;2000;90;3
2;ELENA;2001;90;3
2;ELENA;2002;90;4
2;ELENA;2005;90;3
2;ELENA;2006;90;4
2;ELENA;2007;90;4
2;ELENA;2008;90;5
2;ELENA;2009;90;6
2;ELENA;2010;90;3
2;ELENA;2011;90;3
2;ELENA;2012;90;3
2;ELENA;2013;90;4
2;ELENA;2014;90;3
2;ELENA;2015;90;3
2;ELENA;2017;90;7
2;ELENA;2018;90;4
2;ELENA;2019;90;5
2;ELENA;2020;90;4
2;ELENA;2021;90;7
2;ÉLÉNA;2018;90;4
2;ELEONORE;2003;90;3
2;ELÉONORE;2018;90;3
2;ELÉONORE;2021;90;3
2;ÉLÉONORE;2019;90;3
2;ÉLIA;2021;90;3
2;ELIF;2006;90;3
2;ELIF;2007;90;3
2;ELIF;2012;90;3
2;ELIF;2014;90;7
2;ELIF;2015;90;3
2;ELIF;2016;90;4
2;ELIF;2017;90;3
2;ELIF;2018;90;3
2;ELIF;2021;90;3
2;ELINA;2003;90;3
2;ELINA;2005;90;4
2;ELINA;2009;90;3
2;ELINA;2014;90;4
2;ELINA;2016;90;4
2;ELINA;2018;90;9
2;ELINA;2020;90;3
2;ÉLINA;2019;90;3
2;ÉLINA;2020;90;4
2;ELINE;2007;90;4
2;ELINE;2010;90;3
2;ELINE;2012;90;3
2;ELINE;2017;90;3
2;ELINE;2021;90;3
2;ÉLINE;2017;90;4
2;ÉLINE;2018;90;4
2;ÉLINE;2019;90;4
2;ELISA;2000;90;9
2;ELISA;2001;90;3
2;ELISA;2002;90;8
2;ELISA;2003;90;3
2;ELISA;2005;90;8
2;ELISA;2006;90;8
2;ELISA;2007;90;4
2;ELISA;2008;90;4
2;ELISA;2009;90;3
2;ELISA;2010;90;5
2;ELISA;2011;90;4
2;ELISA;2014;90;4
2;ELISA;2015;90;4
2;ELISA;2016;90;4
2;ELISA;2019;90;3
2;ÉLISA;2019;90;4
2;ELISE;2000;90;5
2;ELISE;2001;90;4
2;ELISE;2002;90;6
2;ELISE;2003;90;3
2;ELISE;2004;90;7
2;ELISE;2005;90;3
2;ELISE;2006;90;3
2;ELISE;2009;90;3
2;ELISE;2010;90;5
2;ELISE;2012;90;3
2;ELISE;2016;90;3
2;ELISE;2018;90;6
2;ELISE;2019;90;3
2;ÉLISE;2018;90;4
2;ÉLISE;2020;90;4
2;ELLA;2003;90;3
2;ELLA;2021;90;3
2;ELLIE;2020;90;3
2;ELODIE;2000;90;7
2;ELODIE;2001;90;6
2;ELODIE;2002;90;8
2;ELODIE;2003;90;4
2;ELODIE;2004;90;3
2;ELODIE;2005;90;3
2;ELOISE;2000;90;3
2;ELOISE;2002;90;3
2;ELOISE;2006;90;4
2;ELOISE;2007;90;4
2;ELOISE;2008;90;3
2;ELOISE;2009;90;3
2;ELOÏSE;2011;90;5
2;ELOÏSE;2014;90;4
2;ELOÏSE;2017;90;3
2;ELOÏSE;2020;90;3
2;ELOÏSE;2021;90;4
2;ÉLOÏSE;2020;90;3
2;ELORA;2006;90;3
2;ELSA;2001;90;4
2;ELSA;2002;90;6
2;ELSA;2003;90;8
2;ELSA;2006;90;9
2;ELSA;2007;90;4
2;ELSA;2008;90;4
2;ELSA;2010;90;7
2;ELSA;2012;90;4
2;ELSA;2013;90;3
2;ELSA;2014;90;6
2;ELSA;2015;90;5
2;ELSA;2016;90;4
2;ELSA;2017;90;6
2;ELSA;2018;90;6
2;ELSA;2019;90;3
2;ELSA;2020;90;3
2;ELSA;2021;90;3
2;ELYA;2017;90;3
2;ELYA;2018;90;4
2;ELYA;2019;90;4
2;ELYA;2020;90;3
2;ELYNA;2012;90;3
2;ELYNA;2013;90;3
2;ELYNA;2015;90;3
2;ELYNA;2017;90;6
2;ELYNE;2012;90;3
2;EMA;2005;90;3
2;EMA;2017;90;3
2;EMA;2020;90;5
2;EMELINE;2000;90;4
2;EMELINE;2001;90;4
2;EMELINE;2002;90;5
2;EMELINE;2003;90;6
2;EMELINE;2010;90;3
2;EMILIE;2000;90;8
2;EMILIE;2001;90;6
2;EMILIE;2002;90;11
2;EMILIE;2003;90;8
2;EMILIE;2004;90;4
2;EMILIE;2005;90;6
2;EMILIE;2006;90;5
2;EMILIE;2007;90;4
2;EMILIE;2011;90;4
2;EMILIE;2012;90;4
2;EMILIE;2016;90;3
2;EMILIE;2017;90;3
2;EMMA;2000;90;26
2;EMMA;2001;90;18
2;EMMA;2002;90;14
2;EMMA;2003;90;15
2;EMMA;2004;90;13
2;EMMA;2005;90;22
2;EMMA;2006;90;21
2;EMMA;2007;90;23
2;EMMA;2008;90;21
2;EMMA;2009;90;18
2;EMMA;2010;90;19
2;EMMA;2011;90;15
2;EMMA;2012;90;12
2;EMMA;2013;90;18
2;EMMA;2014;90;6
2;EMMA;2015;90;7
2;EMMA;2016;90;16
2;EMMA;2017;90;25
2;EMMA;2018;90;17
2;EMMA;2019;90;20
2;EMMA;2020;90;13
2;EMMA;2021;90;14
2;EMMY;2008;90;3
2;EMMY;2009;90;3
2;EMMY;2020;90;4
2;EMNA;2018;90;6
2;EMNA;2019;90;5
2;EMNA;2021;90;3
2;EMY;2007;90;5
2;EMY;2011;90;3
2;EMY;2012;90;4
2;EMY;2014;90;3
2;EMY;2016;90;3
2;EMY;2017;90;3
2;EMY;2018;90;5
2;EMY;2020;90;5
2;ENOLA;2005;90;3
2;ENOLA;2009;90;3
2;ENOLA;2011;90;5
2;ENORA;2013;90;3
2;ESLEM;2012;90;3
2;ESLEM;2019;90;4
2;ESMA;2014;90;3
2;ESMA;2018;90;3
2;ESTELLE;2001;90;4
2;ESTELLE;2010;90;3
2;ESTELLE;2017;90;3
2;ESTHER;2009;90;3
2;EUGÉNIE;2001;90;3
2;EVA;2000;90;8
2;EVA;2001;90;5
2;EVA;2002;90;15
2;EVA;2003;90;11
2;EVA;2004;90;6
2;EVA;2005;90;14
2;EVA;2006;90;5
2;EVA;2007;90;6
2;EVA;2008;90;6
2;EVA;2009;90;11
2;EVA;2010;90;5
2;EVA;2011;90;3
2;EVA;2012;90;6
2;EVA;2013;90;11
2;EVA;2014;90;5
2;EVA;2015;90;4
2;EVA;2016;90;6
2;EVA;2017;90;6
2;EVA;2018;90;8
2;EVA;2019;90;11
2;EVA;2020;90;7
2;EVA;2021;90;5
2;EVE;2003;90;4
2;FANNY;2000;90;4
2;FANNY;2001;90;7
2;FANNY;2002;90;7
2;FANNY;2006;90;3
2;FANNY;2007;90;3
2;FANNY;2008;90;3
2;FANNY;2014;90;3
2;FANTINE;2006;90;3
2;FARAH;2017;90;3
2;FATIMA;2017;90;3
2;FATIMA;2018;90;3
2;FATIMA;2019;90;3
2;FATIMA;2020;90;4
2;FAUSTINE;2000;90;3
2;FAUSTINE;2007;90;3
2;FAUSTINE;2009;90;4
2;FAUSTINE;2010;90;3
2;FAUSTINE;2011;90;3
2;FAUSTINE;2012;90;5
2;FAUSTINE;2013;90;4
2;FAUSTINE;2015;90;3
2;FEYZA;2005;90;3
2;FIONA;2003;90;5
2;FLAVIE;2003;90;4
2;FLAVIE;2004;90;3
2;FLAVIE;2005;90;3
2;FLORA;2001;90;5
2;FLORA;2005;90;3
2;FLORIANE;2000;90;3
2;FLORINE;2003;90;6
2;FLORINE;2004;90;3
2;FLORINE;2010;90;3
2;GABRIELLE;2001;90;4
2;GABRIELLE;2021;90;3
2;GARANCE;2021;90;3
2;GIULIA;2012;90;4
2;GIULIA;2014;90;7
2;GIULIA;2015;90;3
2;GIULIA;2016;90;3
2;GIULIA;2017;90;8
2;GIULIA;2018;90;3
2;GIULIA;2019;90;6
2;GIULIA;2020;90;8
2;GIULIA;2021;90;5
2;GWENDOLINE;2002;90;3
2;HAFSA;2018;90;6
2;HAFSA;2020;90;4
2;HAJAR;2009;90;3
2;HAJAR;2018;90;4
2;HANA;2016;90;3
2;HANA;2020;90;5
2;HANAÉ;2018;90;3
2;HANNA;2015;90;3
2;HANNA;2016;90;3
2;HAZAL;2018;90;3
2;HELENA;2004;90;3
2;HÉLÈNE;2001;90;3
2;HÉLOÏSE;2000;90;3
2;HÉLOÏSE;2010;90;3
2;HÉLOÏSE;2012;90;5
2;HÉLOÏSE;2016;90;3
2;HÉLOÏSE;2017;90;3
2;HÉLOÏSE;2020;90;4
2;HIDAYA;2021;90;3
2;IBTISSEM;2020;90;3
2;ILAYDA;2005;90;4
2;ILONA;2000;90;5
2;ILONA;2002;90;8
2;ILONA;2003;90;6
2;ILONA;2004;90;6
2;ILONA;2005;90;8
2;ILONA;2006;90;4
2;ILONA;2010;90;3
2;ILONA;2020;90;3
2;ILYANA;2018;90;5
2;ILYANA;2019;90;3
2;ILYANA;2020;90;4
2;IMANE;2000;90;3
2;IMANE;2002;90;3
2;IMANE;2005;90;3
2;INAYA;2009;90;5
2;INAYA;2011;90;3
2;INAYA;2012;90;6
2;INAYA;2013;90;4
2;INAYA;2014;90;8
2;INAYA;2015;90;6
2;INAYA;2016;90;4
2;INAYA;2017;90;9
2;INAYA;2018;90;9
2;INAYA;2019;90;5
2;INAYA;2020;90;8
2;INAYA;2021;90;19
2;INES;2017;90;5
2;INES;2020;90;3
2;INES;2021;90;3
2;INÈS;2000;90;8
2;INÈS;2001;90;7
2;INÈS;2002;90;9
2;INÈS;2003;90;10
2;INÈS;2004;90;5
2;INÈS;2005;90;13
2;INÈS;2006;90;10
2;INÈS;2007;90;14
2;INÈS;2008;90;7
2;INÈS;2009;90;13
2;INÈS;2010;90;8
2;INÈS;2011;90;9
2;INÈS;2012;90;7
2;INÈS;2014;90;7
2;INÈS;2015;90;4
2;INÈS;2016;90;6
2;INÈS;2017;90;6
2;INÈS;2018;90;8
2;INÈS;2019;90;10
2;INÈS;2020;90;8
2;IRINA;2021;90;3
2;IRIS;2017;90;5
2;IRIS;2018;90;5
2;IRIS;2019;90;6
2;IRIS;2020;90;4
2;IRIS;2021;90;7
2;IVANA;2002;90;3
2;IZIA;2013;90;4
2;JADE;2000;90;3
2;JADE;2001;90;6
2;JADE;2002;90;11
2;JADE;2003;90;12
2;JADE;2004;90;12
2;JADE;2005;90;13
2;JADE;2006;90;14
2;JADE;2007;90;16
2;JADE;2008;90;8
2;JADE;2009;90;12
2;JADE;2010;90;11
2;JADE;2011;90;8
2;JADE;2012;90;6
2;JADE;2013;90;9
2;JADE;2014;90;15
2;JADE;2015;90;11
2;JADE;2016;90;12
2;JADE;2017;90;13
2;JADE;2018;90;21
2;JADE;2019;90;17
2;JADE;2020;90;19
2;JADE;2021;90;17
2;JANA;2014;90;3
2;JANA;2018;90;5
2;JANA;2019;90;5
2;JANNA;2009;90;3
2;JANNA;2019;90;3
2;JANNAH;2019;90;4
2;JANNAH;2020;90;3
2;JEANNE;2001;90;8
2;JEANNE;2002;90;8
2;JEANNE;2003;90;8
2;JEANNE;2004;90;3
2;JEANNE;2005;90;6
2;JEANNE;2006;90;5
2;JEANNE;2007;90;5
2;JEANNE;2008;90;5
2;JEANNE;2009;90;5
2;JEANNE;2012;90;8
2;JEANNE;2013;90;3
2;JEANNE;2015;90;7
2;JEANNE;2016;90;4
2;JEANNE;2017;90;6
2;JEANNE;2018;90;5
2;JEANNE;2019;90;8
2;JEANNE;2020;90;6
2;JENNA;2013;90;5
2;JENNA;2017;90;4
2;JENNA;2018;90;3
2;JENNA;2019;90;7
2;JENNAH;2017;90;4
2;JENNAH;2018;90;3
2;JENNAH;2019;90;4
2;JENNAH;2020;90;7
2;JENNAH;2021;90;5
2;JOSEPHINE;2001;90;3
2;JOY;2019;90;4
2;JOY;2020;90;3
2;JOY;2021;90;3
2;JULIA;2001;90;6
2;JULIA;2002;90;4
2;JULIA;2003;90;3
2;JULIA;2005;90;8
2;JULIA;2006;90;6
2;JULIA;2007;90;7
2;JULIA;2008;90;5
2;JULIA;2009;90;4
2;JULIA;2010;90;4
2;JULIA;2011;90;5
2;JULIA;2012;90;9
2;JULIA;2013;90;10
2;JULIA;2014;90;5
2;JULIA;2016;90;8
2;JULIA;2017;90;5
2;JULIA;2018;90;11
2;JULIA;2019;90;9
2;JULIA;2020;90;12
2;JULIA;2021;90;9
2;JULIE;2000;90;14
2;JULIE;2001;90;14
2;JULIE;2002;90;20
2;JULIE;2003;90;11
2;JULIE;2004;90;10
2;JULIE;2005;90;8
2;JULIE;2006;90;9
2;JULIE;2007;90;5
2;JULIE;2008;90;8
2;JULIE;2009;90;4
2;JULIE;2010;90;4
2;JULIE;2011;90;4
2;JULIETTE;2000;90;5
2;JULIETTE;2001;90;14
2;JULIETTE;2002;90;6
2;JULIETTE;2003;90;7
2;JULIETTE;2004;90;4
2;JULIETTE;2005;90;3
2;JULIETTE;2006;90;4
2;JULIETTE;2007;90;7
2;JULIETTE;2008;90;4
2;JULIETTE;2010;90;7
2;JULIETTE;2011;90;7
2;JULIETTE;2012;90;7
2;JULIETTE;2014;90;8
2;JULIETTE;2015;90;5
2;JULIETTE;2016;90;8
2;JULIETTE;2017;90;7
2;JULIETTE;2019;90;9
2;JULIETTE;2020;90;5
2;JULIETTE;2021;90;8
2;JULINE;2004;90;4
2;JULINE;2011;90;3
2;JUNE;2020;90;3
2;JUSTINE;2000;90;15
2;JUSTINE;2001;90;7
2;JUSTINE;2002;90;14
2;JUSTINE;2003;90;9
2;JUSTINE;2005;90;7
2;JUSTINE;2006;90;8
2;JUSTINE;2007;90;3
2;JUSTINE;2008;90;5
2;JUSTINE;2009;90;8
2;JUSTINE;2011;90;8
2;JUSTINE;2012;90;3
2;JUSTINE;2013;90;5
2;JUSTINE;2015;90;3
2;JUSTINE;2016;90;4
2;JUSTINE;2017;90;3
2;JUSTINE;2019;90;5
2;KAMELIA;2021;90;3
2;KASSANDRA;2004;90;3
2;KELLY;2003;90;3
2;KELLY;2005;90;3
2;KELYA;2011;90;3
2;KÉLYA;2015;90;3
2;KENZA;2000;90;5
2;KENZA;2001;90;3
2;KENZA;2003;90;3
2;KENZA;2008;90;9
2;KENZA;2009;90;3
2;KENZA;2010;90;3
2;KENZA;2011;90;4
2;KENZA;2012;90;3
2;KENZA;2016;90;3
2;KHADIJA;2010;90;3
2;KHADIJA;2020;90;3
2;KIARA;2005;90;3
2;KIARA;2006;90;3
2;KIARA;2020;90;3
2;KIARA;2021;90;3
2;KIMBERLEY;2004;90;3
2;KYARA;2021;90;3
2;LANA;2007;90;5
2;LANA;2008;90;3
2;LANA;2009;90;6
2;LANA;2010;90;3
2;LANA;2011;90;5
2;LANA;2012;90;5
2;LANA;2013;90;4
2;LANA;2014;90;7
2;LANA;2016;90;5
2;LANA;2017;90;6
2;LANA;2018;90;4
2;LANA;2019;90;4
2;LANA;2020;90;4
2;LARA;2010;90;3
2;LAURA;2000;90;15
2;LAURA;2001;90;15
2;LAURA;2002;90;13
2;LAURA;2003;90;12
2;LAURA;2004;90;10
2;LAURA;2005;90;10
2;LAURA;2006;90;10
2;LAURA;2007;90;6
2;LAURA;2008;90;3
2;LAURA;2009;90;3
2;LAURA;2010;90;4
2;LAURA;2011;90;3
2;LAURA;2012;90;5
2;LAURA;2015;90;4
2;LAURE;2001;90;3
2;LAURE;2002;90;4
2;LAURIANE;2002;90;4
2;LAURIE;2000;90;6
2;LAURIE;2001;90;3
2;LAURIE;2002;90;3
2;LAURINE;2000;90;11
2;LAURINE;2001;90;10
2;LAURINE;2002;90;7
2;LAURINE;2003;90;9
2;LAURINE;2004;90;5
2;LAURINE;2005;90;4
2;LAURINE;2006;90;4
2;LAYANA;2017;90;3
2;LÉA;2000;90;33
2;LÉA;2001;90;24
2;LÉA;2002;90;32
2;LÉA;2003;90;18
2;LÉA;2004;90;24
2;LÉA;2005;90;18
2;LÉA;2006;90;14
2;LÉA;2007;90;18
2;LÉA;2008;90;17
2;LÉA;2009;90;11
2;LÉA;2010;90;10
2;LÉA;2011;90;16
2;LÉA;2012;90;15
2;LÉA;2013;90;10
2;LÉA;2014;90;12
2;LÉA;2015;90;13
2;LÉA;2016;90;10
2;LÉA;2017;90;14
2;LÉA;2018;90;16
2;LÉA;2019;90;9
2;LÉA;2020;90;14
2;LÉA;2021;90;7
2;LÉANA;2004;90;4
2;LÉANA;2006;90;6
2;LÉANA;2007;90;7
2;LÉANA;2009;90;3
2;LÉANA;2011;90;3
2;LÉANA;2012;90;8
2;LÉANA;2013;90;3
2;LÉANA;2014;90;5
2;LÉANA;2015;90;6
2;LÉANA;2016;90;7
2;LÉANA;2017;90;5
2;LÉANA;2018;90;11
2;LÉANA;2019;90;3
2;LÉANA;2020;90;8
2;LÉANA;2021;90;3
2;LÉANE;2003;90;3
2;LÉANE;2005;90;6
2;LÉANE;2006;90;7
2;LÉANE;2007;90;7
2;LÉANE;2008;90;6
2;LÉANE;2009;90;5
2;LÉANE;2010;90;3
2;LÉANE;2011;90;3
2;LÉANE;2012;90;3
2;LÉANE;2015;90;3
2;LÉANE;2016;90;4
2;LÉANE;2017;90;4
2;LEÏA;2017;90;3
2;LEÏLA;2018;90;3
2;LEÏLA;2019;90;3
2;LEINA;2006;90;3
2;LENA;2010;90;4
2;LENA;2012;90;3
2;LENA;2013;90;3
2;LENA;2014;90;4
2;LENA;2016;90;3
2;LENA;2018;90;6
2;LENA;2020;90;3
2;LÉNA;2000;90;8
2;LÉNA;2001;90;6
2;LÉNA;2003;90;3
2;LÉNA;2004;90;8
2;LÉNA;2005;90;13
2;LÉNA;2006;90;8
2;LÉNA;2007;90;11
2;LÉNA;2008;90;7
2;LÉNA;2009;90;10
2;LÉNA;2010;90;8
2;LÉNA;2011;90;9
2;LÉNA;2012;90;15
2;LÉNA;2013;90;14
2;LÉNA;2014;90;8
2;LÉNA;2015;90;7
2;LÉNA;2016;90;10
2;LÉNA;2017;90;9
2;LÉNA;2018;90;13
2;LÉNA;2019;90;13
2;LÉNA;2020;90;8
2;LÉNA;2021;90;9
2;LÉONIE;2000;90;4
2;LÉONIE;2001;90;4
2;LÉONIE;2002;90;3
2;LÉONIE;2003;90;3
2;LÉONIE;2004;90;5
2;LÉONIE;2005;90;4
2;LÉONIE;2008;90;5
2;LÉONIE;2009;90;8
2;LÉONIE;2010;90;4
2;LÉONIE;2011;90;5
2;LÉONIE;2012;90;6
2;LÉONIE;2013;90;5
2;LÉONIE;2014;90;6
2;LÉONIE;2015;90;5
2;LÉONIE;2016;90;5
2;LÉONIE;2017;90;7
2;LÉONIE;2018;90;4
2;LÉONIE;2019;90;7
2;LÉONIE;2020;90;7
2;LÉONIE;2021;90;3
2;LEXA;2021;90;3
2;LEYA;2021;90;4
2;LEYLA;2018;90;3
2;LEYLA;2020;90;3
2;LEYNA;2016;90;4
2;LEYNA;2019;90;5
2;LEYNA;2021;90;5
2;LIANA;2019;90;6
2;LILA;2011;90;3
2;LILA;2017;90;5
2;LILA;2018;90;6
2;LILA;2020;90;3
2;LILA;2021;90;5
2;LILI;2007;90;3
2;LILI;2008;90;3
2;LILI;2010;90;5
2;LILIA;2010;90;3
2;LILIA;2019;90;4
2;LILLY;2008;90;4
2;LILOU;2003;90;7
2;LILOU;2004;90;12
2;LILOU;2005;90;13
2;LILOU;2006;90;8
2;LILOU;2007;90;6
2;LILOU;2008;90;14
2;LILOU;2009;90;10
2;LILOU;2010;90;11
2;LILOU;2011;90;11
2;LILOU;2012;90;12
2;LILOU;2013;90;8
2;LILOU;2015;90;7
2;LILOU;2016;90;6
2;LILOU;2017;90;4
2;LILOU;2018;90;3
2;LILOU;2019;90;4
2;LILOU;2021;90;4
2;LILY;2007;90;4
2;LILY;2010;90;6
2;LILY;2012;90;5
2;LILY;2013;90;3
2;LILY;2014;90;4
2;LILY;2017;90;3
2;LILY;2019;90;4
2;LILY;2020;90;5
2;LILY;2021;90;4
2;LILY-ROSE;2010;90;4
2;LILY-ROSE;2011;90;4
2;LILY-ROSE;2015;90;3
2;LILY-ROSE;2021;90;3
2;LILYA;2011;90;3
2;LINA;2003;90;7
2;LINA;2004;90;7
2;LINA;2005;90;6
2;LINA;2006;90;4
2;LINA;2007;90;11
2;LINA;2008;90;10
2;LINA;2009;90;10
2;LINA;2010;90;9
2;LINA;2011;90;11
2;LINA;2012;90;17
2;LINA;2013;90;12
2;LINA;2014;90;10
2;LINA;2015;90;13
2;LINA;2016;90;7
2;LINA;2017;90;24
2;LINA;2018;90;20
2;LINA;2019;90;16
2;LINA;2020;90;18
2;LINA;2021;90;18
2;LINDSEY;2020;90;3
2;LINE;2016;90;3
2;LISA;2000;90;12
2;LISA;2001;90;11
2;LISA;2002;90;7
2;LISA;2003;90;8
2;LISA;2004;90;8
2;LISA;2005;90;10
2;LISA;2006;90;11
2;LISA;2007;90;7
2;LISA;2008;90;4
2;LISA;2009;90;6
2;LISA;2010;90;4
2;LISA;2011;90;5
2;LISA;2012;90;4
2;LISA;2015;90;4
2;LISA;2016;90;4
2;LISA;2017;90;3
2;LISA;2018;90;3
2;LISA;2019;90;4
2;LISE;2000;90;4
2;LISE;2001;90;3
2;LISE;2002;90;4
2;LISE;2003;90;3
2;LISE;2006;90;3
2;LISE;2007;90;5
2;LISE;2009;90;3
2;LISE;2010;90;3
2;LISE;2013;90;3
2;LISE;2016;90;3
2;LISE;2020;90;3
2;LISON;2005;90;3
2;LISON;2007;90;4
2;LISON;2014;90;3
2;LISON;2019;90;3
2;LISON;2021;90;3
2;LIVIA;2017;90;6
2;LIVIA;2018;90;3
2;LIVIA;2019;90;5
2;LIVIA;2020;90;5
2;LIVIA;2021;90;3
2;LIYA;2019;90;4
2;LIYA;2020;90;3
2;LIYAH;2019;90;3
2;LOANE;2002;90;3
2;LOANE;2005;90;4
2;LOANE;2006;90;4
2;LOANE;2009;90;3
2;LOANE;2010;90;3
2;LOANNE;2008;90;3
2;LOLA;2000;90;5
2;LOLA;2002;90;5
2;LOLA;2003;90;9
2;LOLA;2004;90;10
2;LOLA;2005;90;5
2;LOLA;2006;90;16
2;LOLA;2007;90;19
2;LOLA;2008;90;18
2;LOLA;2009;90;12
2;LOLA;2010;90;18
2;LOLA;2011;90;17
2;LOLA;2012;90;12
2;LOLA;2013;90;9
2;LOLA;2014;90;11
2;LOLA;2015;90;15
2;LOLA;2016;90;6
2;LOLA;2017;90;12
2;LOLA;2018;90;9
2;LOLA;2019;90;11
2;LOLA;2020;90;7
2;LOLA;2021;90;11
2;LORENA;2006;90;3
2;LOU;2000;90;3
2;LOU;2001;90;6
2;LOU;2002;90;6
2;LOU;2003;90;7
2;LOU;2004;90;7
2;LOU;2005;90;10
2;LOU;2006;90;5
2;LOU;2007;90;5
2;LOU;2008;90;8
2;LOU;2009;90;3
2;LOU;2010;90;11
2;LOU;2011;90;3
2;LOU;2012;90;3
2;LOU;2013;90;7
2;LOU;2014;90;5
2;LOU;2015;90;6
2;LOU;2017;90;8
2;LOU;2018;90;9
2;LOU;2019;90;6
2;LOU;2020;90;8
2;LOU;2021;90;10
2;LOU-ANN;2007;90;4
2;LOU-ANN;2009;90;3
2;LOU-ANNE;2001;90;3
2;LOU-ANNE;2004;90;4
2;LOU-ANNE;2006;90;5
2;LOU-ANNE;2007;90;3
2;LOU-ANNE;2008;90;3
2;LOU-ANNE;2009;90;3
2;LOU-ANNE;2014;90;3
2;LOUANE;2003;90;3
2;LOUANE;2004;90;5
2;LOUANE;2005;90;3
2;LOUANE;2006;90;4
2;LOUANE;2008;90;5
2;LOUANE;2009;90;9
2;LOUANE;2010;90;4
2;LOUANE;2011;90;3
2;LOUANE;2012;90;6
2;LOUANE;2013;90;6
2;LOUANE;2015;90;7
2;LOUANE;2016;90;3
2;LOUANE;2017;90;4
2;LOUANE;2018;90;5
2;LOUANE;2019;90;4
2;LOUISA;2014;90;3
2;LOUISA;2017;90;3
2;LOUISA;2021;90;5
2;LOUISE;2000;90;8
2;LOUISE;2001;90;4
2;LOUISE;2002;90;6
2;LOUISE;2003;90;11
2;LOUISE;2004;90;8
2;LOUISE;2005;90;5
2;LOUISE;2006;90;6
2;LOUISE;2007;90;8
2;LOUISE;2008;90;10
2;LOUISE;2010;90;4
2;LOUISE;2011;90;8
2;LOUISE;2012;90;12
2;LOUISE;2013;90;13
2;LOUISE;2014;90;7
2;LOUISE;2015;90;7
2;LOUISE;2016;90;11
2;LOUISE;2017;90;17
2;LOUISE;2018;90;14
2;LOUISE;2019;90;19
2;LOUISE;2020;90;16
2;LOUISE;2021;90;8
2;LOUISON;2017;90;3
2;LOUNA;2002;90;4
2;LOUNA;2003;90;4
2;LOUNA;2004;90;4
2;LOUNA;2005;90;5
2;LOUNA;2006;90;9
2;LOUNA;2007;90;6
2;LOUNA;2008;90;4
2;LOUNA;2009;90;6
2;LOUNA;2010;90;6
2;LOUNA;2011;90;8
2;LOUNA;2012;90;3
2;LOUNA;2013;90;9
2;LOUNA;2014;90;8
2;LOUNA;2015;90;4
2;LOUNA;2016;90;5
2;LOUNA;2018;90;6
2;LOUNA;2019;90;15
2;LOUNA;2020;90;14
2;LUCIE;2000;90;10
2;LUCIE;2001;90;12
2;LUCIE;2002;90;17
2;LUCIE;2003;90;16
2;LUCIE;2004;90;7
2;LUCIE;2005;90;13
2;LUCIE;2006;90;18
2;LUCIE;2007;90;7
2;LUCIE;2008;90;12
2;LUCIE;2009;90;11
2;LUCIE;2010;90;4
2;LUCIE;2011;90;9
2;LUCIE;2012;90;6
2;LUCIE;2013;90;8
2;LUCIE;2014;90;10
2;LUCIE;2015;90;11
2;LUCIE;2016;90;9
2;LUCIE;2017;90;13
2;LUCIE;2018;90;16
2;LUCIE;2019;90;7
2;LUCIE;2020;90;6
2;LUCIE;2021;90;8
2;LUCILE;2001;90;3
2;LUCILE;2002;90;5
2;LUCILE;2005;90;3
2;LUCILE;2009;90;4
2;LUCILE;2010;90;3
2;LUCILE;2018;90;4
2;LUCY;2018;90;4
2;LUDIVINE;2000;90;4
2;LUDIVINE;2001;90;3
2;LUDIVINE;2002;90;5
2;LUDIVINE;2004;90;3
2;LUNA;2000;90;4
2;LUNA;2003;90;3
2;LUNA;2006;90;4
2;LUNA;2008;90;3
2;LUNA;2009;90;4
2;LUNA;2010;90;7
2;LUNA;2011;90;6
2;LUNA;2015;90;9
2;LUNA;2017;90;7
2;LUNA;2018;90;8
2;LUNA;2019;90;8
2;LUNA;2020;90;3
2;LUNA;2021;90;6
2;LYA;2016;90;4
2;LYA;2017;90;3
2;LYA;2020;90;8
2;LYA;2021;90;3
2;LYANA;2018;90;3
2;LYANA;2019;90;5
2;LYANA;2020;90;6
2;LYANA;2021;90;7
2;LYLOU;2006;90;4
2;LYLOU;2007;90;6
2;LYLOU;2011;90;6
2;LYLOU;2012;90;3
2;LYLOU;2013;90;3
2;LYLOU;2015;90;4
2;LYNA;2005;90;3
2;LYNA;2011;90;4
2;LYNA;2014;90;5
2;LYNA;2017;90;3
2;LYNA;2018;90;4
2;LYNA;2019;90;6
2;LYNA;2020;90;7
2;LYNA;2021;90;6
2;MADISON;2002;90;3
2;MAELINE;2007;90;4
2;MAËLINE;2014;90;3
2;MAELLE;2003;90;6
2;MAELLE;2004;90;3
2;MAELLE;2006;90;5
2;MAELLE;2008;90;5
2;MAELLE;2010;90;3
2;MAËLLE;2011;90;4
2;MAËLLE;2012;90;3
2;MAËLLE;2013;90;3
2;MAËLLE;2018;90;4
2;MAELY;2009;90;3
2;MAËLYNE;2013;90;3
2;MAËLYNE;2015;90;4
2;MAELYS;2002;90;4
2;MAELYS;2003;90;4
2;MAELYS;2006;90;5
2;MAELYS;2007;90;13
2;MAELYS;2008;90;10
2;MAELYS;2009;90;18
2;MAELYS;2010;90;7
2;MAËLYS;2011;90;9
2;MAËLYS;2012;90;3
2;MAËLYS;2013;90;10
2;MAËLYS;2014;90;4
2;MAËLYS;2015;90;8
2;MAËLYS;2016;90;7
2;MAËLYS;2017;90;4
2;MAËLYS;2018;90;3
2;MAËLYS;2019;90;6
2;MAEVA;2000;90;9
2;MAEVA;2001;90;7
2;MAEVA;2002;90;11
2;MAEVA;2003;90;9
2;MAEVA;2004;90;8
2;MAEVA;2005;90;8
2;MAEVA;2006;90;3
2;MAEVA;2007;90;6
2;MAEVA;2008;90;4
2;MAEVA;2009;90;6
2;MAEVA;2017;90;3
2;MAÏSSA;2014;90;3
2;MAÏSSA;2018;90;3
2;MAÏSSA;2019;90;4
2;MANEL;2008;90;4
2;MANEL;2010;90;4
2;MANEL;2011;90;3
2;MANEL;2015;90;3
2;MANEL;2017;90;7
2;MANEL;2019;90;6
2;MANEL;2020;90;4
2;MANON;2000;90;30
2;MANON;2001;90;26
2;MANON;2002;90;23
2;MANON;2003;90;19
2;MANON;2004;90;21
2;MANON;2005;90;15
2;MANON;2006;90;15
2;MANON;2007;90;12
2;MANON;2008;90;13
2;MANON;2009;90;15
2;MANON;2010;90;15
2;MANON;2011;90;21
2;MANON;2012;90;7
2;MANON;2013;90;13
2;MANON;2014;90;9
2;MANON;2015;90;7
2;MANON;2016;90;5
2;MANON;2017;90;11
2;MANON;2018;90;7
2;MANON;2019;90;4
2;MANON;2020;90;4
2;MANON;2021;90;8
2;MARGAUX;2000;90;6
2;MARGAUX;2001;90;11
2;MARGAUX;2002;90;6
2;MARGAUX;2004;90;5
2;MARGAUX;2007;90;4
2;MARGAUX;2008;90;4
2;MARGAUX;2009;90;4
2;MARGAUX;2011;90;3
2;MARGAUX;2012;90;5
2;MARGAUX;2013;90;4
2;MARGAUX;2014;90;3
2;MARGAUX;2015;90;3
2;MARGAUX;2017;90;8
2;MARGAUX;2018;90;12
2;MARGAUX;2019;90;5
2;MARGAUX;2020;90;11
2;MARGAUX;2021;90;6
2;MARGOT;2000;90;7
2;MARGOT;2001;90;4
2;MARGOT;2002;90;3
2;MARGOT;2003;90;3
2;MARGOT;2007;90;3
2;MARGOT;2009;90;3
2;MARGOT;2011;90;3
2;MARGOT;2015;90;4
2;MARGOT;2017;90;5
2;MARGOT;2019;90;8
2;MARGOT;2020;90;7
2;MARGOT;2021;90;4
2;MARIA;2011;90;3
2;MARIA;2012;90;3
2;MARIA;2016;90;7
2;MARIA;2017;90;6
2;MARIA;2019;90;3
2;MARIA;2020;90;6
2;MARIA;2021;90;3
2;MARIE;2000;90;8
2;MARIE;2001;90;11
2;MARIE;2002;90;10
2;MARIE;2003;90;23
2;MARIE;2004;90;11
2;MARIE;2005;90;6
2;MARIE;2006;90;5
2;MARIE;2007;90;4
2;MARIE;2008;90;9
2;MARIE;2009;90;7
2;MARIE;2010;90;4
2;MARIE;2012;90;3
2;MARIE;2013;90;4
2;MARIE;2014;90;5
2;MARIE;2015;90;3
2;MARIE;2017;90;5
2;MARIE;2019;90;5
2;MARILOU;2005;90;3
2;MARILOU;2006;90;3
2;MARINA;2001;90;3
2;MARINA;2003;90;3
2;MARINE;2000;90;10
2;MARINE;2001;90;6
2;MARINE;2002;90;7
2;MARINE;2003;90;9
2;MARINE;2004;90;5
2;MARINE;2007;90;3
2;MARINE;2008;90;4
2;MARINE;2009;90;3
2;MARION;2000;90;10
2;MARION;2001;90;15
2;MARION;2002;90;4
2;MARION;2003;90;9
2;MARION;2004;90;3
2;MARION;2005;90;7
2;MARION;2006;90;4
2;MARION;2008;90;6
2;MARION;2009;90;3
2;MARION;2010;90;7
2;MARION;2012;90;3
2;MARION;2014;90;3
2;MARION;2015;90;3
2;MARWA;2002;90;3
2;MARWA;2009;90;6
2;MARWA;2018;90;3
2;MARWA;2019;90;4
2;MARWA;2021;90;3
2;MARYAM;2015;90;3
2;MARYAM;2016;90;3
2;MARYAM;2019;90;5
2;MARYAM;2020;90;4
2;MARYAM;2021;90;4
2;MATHILDE;2000;90;16
2;MATHILDE;2001;90;16
2;MATHILDE;2002;90;15
2;MATHILDE;2003;90;5
2;MATHILDE;2004;90;5
2;MATHILDE;2005;90;8
2;MATHILDE;2006;90;11
2;MATHILDE;2007;90;5
2;MATHILDE;2008;90;9
2;MATHILDE;2009;90;7
2;MATHILDE;2010;90;4
2;MATHILDE;2011;90;6
2;MATHILDE;2012;90;8
2;MATHILDE;2013;90;5
2;MATHILDE;2014;90;3
2;MATHILDE;2017;90;4
2;MATHILDE;2018;90;3
2;MATHILDE;2019;90;5
2;MATHILDE;2020;90;3
2;MATHILDE;2021;90;4
2;MAUD;2000;90;5
2;MAUD;2006;90;3
2;MAUDE;2002;90;3
2;MAUREEN;2000;90;3
2;MAXINE;2020;90;3
2;MAYA;2007;90;3
2;MAYA;2013;90;3
2;MAYA;2017;90;4
2;MAYA;2018;90;5
2;MAYA;2020;90;3
2;MAYA;2021;90;3
2;MAYLIE;2015;90;3
2;MAYSSA;2017;90;3
2;MAYSSA;2019;90;3
2;MAYSSA;2020;90;4
2;MAYSSA;2021;90;3
2;MÉLANIE;2000;90;6
2;MÉLANIE;2001;90;3
2;MÉLANIE;2002;90;3
2;MÉLANIE;2003;90;5
2;MELEK;2018;90;5
2;MÉLIA;2017;90;6
2;MÉLIA;2018;90;5
2;MÉLIA;2019;90;3
2;MÉLIA;2020;90;4
2;MÉLINA;2004;90;6
2;MÉLINA;2005;90;3
2;MÉLINA;2006;90;4
2;MÉLINA;2007;90;6
2;MÉLINA;2008;90;8
2;MÉLINA;2009;90;11
2;MÉLINA;2010;90;9
2;MÉLINA;2011;90;7
2;MÉLINA;2012;90;3
2;MÉLINA;2013;90;4
2;MÉLINA;2014;90;5
2;MÉLINA;2015;90;9
2;MÉLINA;2016;90;4
2;MÉLINA;2017;90;7
2;MÉLINA;2018;90;4
2;MÉLINA;2019;90;4
2;MÉLINA;2020;90;5
2;MELINE;2003;90;5
2;MELINE;2005;90;4
2;MELINE;2006;90;4
2;MELINE;2010;90;3
2;MÉLINE;2017;90;3
2;MÉLINE;2018;90;4
2;MÉLINE;2021;90;4
2;MELISA;2004;90;3
2;MÉLISSA;2000;90;11
2;MÉLISSA;2001;90;8
2;MÉLISSA;2002;90;5
2;MÉLISSA;2003;90;4
2;MÉLISSA;2004;90;9
2;MÉLISSA;2005;90;4
2;MÉLISSA;2007;90;3
2;MÉLISSA;2008;90;6
2;MÉLISSA;2009;90;5
2;MÉLISSA;2010;90;9
2;MÉLISSA;2012;90;4
2;MÉLISSA;2017;90;3
2;MELLINA;2010;90;3
2;MELLINA;2015;90;3
2;MÉLODY;2017;90;4
2;MELYA;2017;90;3
2;MELYA;2020;90;3
2;MÉLYA;2020;90;3
2;MELYNA;2010;90;3
2;MÉLYNE;2019;90;3
2;MERIEM;2018;90;4
2;MERVE;2007;90;3
2;MERYAM;2020;90;3
2;MERYEM;2007;90;4
2;MERYEM;2017;90;3
2;MERYEM;2018;90;5
2;MERYEM;2021;90;4
2;MIA;2014;90;5
2;MIA;2015;90;9
2;MIA;2016;90;7
2;MIA;2017;90;8
2;MIA;2018;90;10
2;MIA;2019;90;16
2;MIA;2020;90;14
2;MIA;2021;90;9
2;MILA;2014;90;6
2;MILA;2015;90;3
2;MILA;2016;90;9
2;MILA;2017;90;13
2;MILA;2018;90;11
2;MILA;2019;90;14
2;MILA;2020;90;7
2;MILA;2021;90;8
2;MINA;2005;90;3
2;MINA;2016;90;3
2;MIRA;2018;90;3
2;MIYA;2017;90;5
2;MORGANE;2000;90;6
2;MORGANE;2001;90;11
2;MORGANE;2002;90;8
2;MORGANE;2003;90;7
2;MORGANE;2004;90;6
2;MORGANE;2005;90;4
2;MORGANE;2007;90;5
2;MORGANE;2009;90;5
2;MORGANE;2010;90;3
2;MORGANE;2011;90;3
2;MORGANE;2013;90;4
2;MYA;2014;90;3
2;MYA;2015;90;3
2;MYA;2016;90;3
2;MYA;2017;90;3
2;MYA;2018;90;4
2;MYA;2019;90;8
2;MYA;2020;90;7
2;MYA;2021;90;9
2;MYLA;2017;90;3
2;MYLA;2020;90;4
2;MYRIAM;2004;90;3
2;MYRIAM;2006;90;4
2;MYRIAM;2009;90;3
2;MYRIAM;2012;90;5
2;NAÏLA;2011;90;5
2;NAÏLA;2019;90;5
2;NAOMI;2015;90;3
2;NAWEL;2004;90;3
2;NAYA;2018;90;3
2;NAYLA;2015;90;3
2;NAYLA;2017;90;3
2;NAYLA;2020;90;3
2;NAYLA;2021;90;3
2;NELYA;2020;90;5
2;NELYA;2021;90;3
2;NESRINE;2011;90;3
2;NEYLA;2014;90;3
2;NEYLA;2015;90;3
2;NEYLA;2016;90;4
2;NEYLA;2017;90;4
2;NINA;2000;90;6
2;NINA;2001;90;5
2;NINA;2002;90;4
2;NINA;2003;90;6
2;NINA;2004;90;6
2;NINA;2005;90;5
2;NINA;2006;90;5
2;NINA;2007;90;8
2;NINA;2009;90;7
2;NINA;2010;90;6
2;NINA;2011;90;3
2;NINA;2012;90;12
2;NINA;2014;90;4
2;NINA;2015;90;5
2;NINA;2016;90;6
2;NINA;2017;90;12
2;NINA;2018;90;13
2;NINA;2019;90;9
2;NINA;2020;90;5
2;NINA;2021;90;10
2;NINON;2005;90;3
2;NINON;2006;90;4
2;NINON;2008;90;5
2;NINON;2009;90;5
2;NISA;2007;90;4
2;NOÉLINE;2015;90;3
2;NOÉLINE;2019;90;4
2;NOEMIE;2000;90;4
2;NOEMIE;2001;90;6
2;NOEMIE;2002;90;7
2;NOEMIE;2003;90;3
2;NOEMIE;2004;90;6
2;NOEMIE;2006;90;4
2;NOEMIE;2007;90;6
2;NOEMIE;2008;90;4
2;NOEMIE;2009;90;4
2;NOEMIE;2010;90;4
2;NOÉMIE;2010;90;6
2;NOÉMIE;2011;90;5
2;NOÉMIE;2012;90;6
2;NOÉMIE;2013;90;6
2;NOÉMIE;2014;90;6
2;NOÉMIE;2017;90;7
2;NOÉMIE;2021;90;5
2;NOLA;2019;90;3
2;NOOR;2019;90;4
2;NOOR;2021;90;3
2;NORA;2020;90;4
2;NOUR;2007;90;3
2;NOUR;2015;90;4
2;NOUR;2016;90;3
2;NOUR;2017;90;4
2;NOUR;2018;90;11
2;NOUR;2019;90;11
2;NOUR;2020;90;6
2;NOUR;2021;90;10
2;OCÉANE;2000;90;15
2;OCÉANE;2001;90;14
2;OCÉANE;2002;90;8
2;OCÉANE;2003;90;13
2;OCÉANE;2004;90;11
2;OCÉANE;2005;90;14
2;OCÉANE;2006;90;5
2;OCÉANE;2007;90;17
2;OCÉANE;2008;90;15
2;OCÉANE;2009;90;6
2;OCÉANE;2010;90;9
2;OCÉANE;2011;90;7
2;OCÉANE;2012;90;3
2;OCÉANE;2013;90;3
2;OCÉANE;2014;90;5
2;OCÉANE;2020;90;4
2;OLIVIA;2009;90;6
2;OLIVIA;2011;90;4
2;OLIVIA;2014;90;4
2;OLIVIA;2015;90;4
2;OLIVIA;2016;90;4
2;OLIVIA;2018;90;6
2;OLIVIA;2019;90;9
2;OLIVIA;2020;90;10
2;OLIVIA;2021;90;6
2;OMBELINE;2002;90;3
2;OPHÉLIE;2002;90;4
2;OPHÉLIE;2004;90;3
2;PALOMA;2007;90;3
2;PAULA;2010;90;3
2;PAULINE;2000;90;18
2;PAULINE;2001;90;5
2;PAULINE;2002;90;10
2;PAULINE;2003;90;4
2;PAULINE;2004;90;5
2;PAULINE;2005;90;8
2;PAULINE;2006;90;9
2;PAULINE;2008;90;6
2;PAULINE;2009;90;9
2;PAULINE;2010;90;5
2;PAULINE;2012;90;3
2;PAULINE;2013;90;3
2;PAULINE;2014;90;4
2;PAULINE;2015;90;4
2;PAULINE;2017;90;3
2;PAULINE;2021;90;3
2;PERRINE;2000;90;3
2;PERRINE;2001;90;4
2;PERRINE;2004;90;5
2;RAZANE;2017;90;4
2;REBECCA;2004;90;3
2;ROMANE;2000;90;4
2;ROMANE;2001;90;7
2;ROMANE;2003;90;6
2;ROMANE;2004;90;7
2;ROMANE;2005;90;4
2;ROMANE;2006;90;5
2;ROMANE;2007;90;8
2;ROMANE;2008;90;12
2;ROMANE;2009;90;7
2;ROMANE;2010;90;7
2;ROMANE;2012;90;3
2;ROMANE;2013;90;3
2;ROMANE;2014;90;3
2;ROMANE;2015;90;4
2;ROMANE;2016;90;3
2;ROMANE;2017;90;4
2;ROMANE;2018;90;4
2;ROMANE;2019;90;3
2;ROMANE;2021;90;5
2;ROMY;2017;90;5
2;ROMY;2018;90;4
2;ROMY;2019;90;5
2;ROMY;2020;90;7
2;ROMY;2021;90;8
2;ROSE;2005;90;3
2;ROSE;2008;90;4
2;ROSE;2009;90;4
2;ROSE;2010;90;8
2;ROSE;2011;90;4
2;ROSE;2012;90;4
2;ROSE;2013;90;3
2;ROSE;2014;90;4
2;ROSE;2015;90;5
2;ROSE;2016;90;9
2;ROSE;2017;90;12
2;ROSE;2018;90;19
2;ROSE;2019;90;10
2;ROSE;2020;90;9
2;ROSE;2021;90;16
2;ROXANE;2012;90;4
2;ROXANE;2018;90;3
2;ROXANE;2020;90;5
2;SABRINA;2002;90;3
2;SABRINA;2004;90;3
2;SAFA;2018;90;4
2;SAFA;2019;90;6
2;SAFA;2020;90;3
2;SAFIA;2004;90;3
2;SAFIA;2020;90;3
2;SAFIYA;2018;90;3
2;SAFIYA;2019;90;3
2;SAHRA;2004;90;3
2;SALMA;2004;90;3
2;SALMA;2018;90;3
2;SALOMÉ;2002;90;6
2;SALOMÉ;2006;90;5
2;SALOMÉ;2012;90;3
2;SALOMÉ;2017;90;6
2;SALOMÉ;2021;90;3
2;SANA;2019;90;3
2;SANDRA;2000;90;3
2;SARA;2000;90;3
2;SARA;2003;90;4
2;SARA;2008;90;5
2;SARA;2009;90;4
2;SARA;2010;90;3
2;SARA;2011;90;3
2;SARA;2012;90;6
2;SARA;2013;90;4
2;SARA;2014;90;6
2;SARA;2015;90;3
2;SARA;2016;90;4
2;SARA;2017;90;3
2;SARA;2018;90;3
2;SARA;2019;90;5
2;SARA;2020;90;4
2;SARA;2021;90;3
2;SARAH;2000;90;9
2;SARAH;2001;90;19
2;SARAH;2002;90;7
2;SARAH;2003;90;10
2;SARAH;2004;90;7
2;SARAH;2005;90;11
2;SARAH;2006;90;16
2;SARAH;2007;90;11
2;SARAH;2008;90;8
2;SARAH;2009;90;13
2;SARAH;2010;90;9
2;SARAH;2011;90;8
2;SARAH;2012;90;3
2;SARAH;2013;90;6
2;SARAH;2014;90;4
2;SARAH;2015;90;7
2;SARAH;2016;90;6
2;SARAH;2017;90;10
2;SARAH;2018;90;12
2;SARAH;2019;90;3
2;SARAH;2020;90;3
2;SARAH;2021;90;6
2;SASHA;2014;90;3
2;SAVANNAH;2012;90;3
2;SELEN;2006;90;3
2;SELEN;2010;90;3
2;SELEN;2012;90;3
2;SELENA;2007;90;3
2;SELENA;2020;90;3
2;SELMA;2004;90;3
2;SELMA;2010;90;3
2;SELMA;2016;90;3
2;SELMA;2017;90;7
2;SELMA;2019;90;4
2;SELMA;2020;90;3
2;SELMA;2021;90;4
2;SENA;2019;90;3
2;SÉRÉNA;2021;90;3
2;SHAINA;2008;90;3
2;SHAINA;2009;90;3
2;SHANA;2010;90;3
2;SIRINE;2008;90;3
2;SIRINE;2017;90;3
2;SIRINE;2018;90;3
2;SIXTINE;2008;90;3
2;SOFIA;2005;90;3
2;SOFIA;2012;90;3
2;SOFIA;2014;90;4
2;SOFIA;2015;90;3
2;SOFIA;2016;90;4
2;SOFIA;2017;90;9
2;SOFIA;2018;90;4
2;SOFIA;2020;90;5
2;SOFIA;2021;90;4
2;SOLÈNE;2000;90;6
2;SOLÈNE;2001;90;3
2;SOLÈNE;2002;90;6
2;SOLÈNE;2003;90;3
2;SOLÈNE;2005;90;3
2;SOLÈNE;2012;90;4
2;SOLÈNE;2018;90;3
2;SOLÈNE;2021;90;3
2;SOLINE;2015;90;5
2;SOLINE;2018;90;3
2;SOLINE;2019;90;4
2;SOPHIA;2018;90;4
2;SOPHIA;2020;90;3
2;SOPHIE;2000;90;3
2;SOPHIE;2001;90;5
2;SOPHIE;2007;90;3
2;SORAYA;2017;90;3
2;SOUMAYA;2018;90;4
2;STELLA;2004;90;5
2;STELLA;2010;90;4
2;SYRINE;2011;90;3
2;SYRINE;2012;90;3
2;TALYA;2016;90;3
2;TASNIM;2021;90;5
2;TASNIME;2019;90;3
2;TATIANA;2005;90;3
2;TESNIM;2021;90;3
2;TESSA;2021;90;3
2;THAÏS;2020;90;4
2;THALIA;2017;90;3
2;THÉA;2015;90;4
2;THÉA;2017;90;5
2;THÉA;2018;90;4
2;THÉA;2019;90;3
2;THÉA;2020;90;4
2;THÉA;2021;90;5
2;TIFFANY;2000;90;3
2;TINA;2005;90;4
2;TIPHAINE;2006;90;3
2;TIPHAINE;2014;90;3
2;TUANA;2009;90;3
2;VALENTINA;2020;90;3
2;VALENTINE;2000;90;3
2;VALENTINE;2001;90;5
2;VALENTINE;2003;90;5
2;VALENTINE;2004;90;4
2;VALENTINE;2006;90;6
2;VALENTINE;2009;90;3
2;VALENTINE;2017;90;3
2;VALENTINE;2019;90;3
2;VALENTINE;2020;90;5
2;VALENTINE;2021;90;3
2;VICTOIRE;2015;90;3
2;VICTOIRE;2020;90;4
2;VICTORIA;2002;90;5
2;VICTORIA;2008;90;3
2;VICTORIA;2009;90;4
2;VICTORIA;2011;90;4
2;VICTORIA;2017;90;3
2;VICTORIA;2018;90;4
2;VICTORIA;2019;90;6
2;VICTORIA;2020;90;5
2;VICTORIA;2021;90;8
2;VIOLETTE;2019;90;3
2;YASMINE;2005;90;6
2;YASMINE;2007;90;3
2;YASMINE;2011;90;3
2;YASMINE;2015;90;7
2;YASMINE;2017;90;3
2;YASMINE;2018;90;8
2;YASMINE;2020;90;5
2;YASMINE;2021;90;5
2;YOUSRA;2018;90;3
2;YUNA;2021;90;3
2;ZÉLIE;2010;90;3
2;ZÉLIE;2011;90;4
2;ZÉLIE;2013;90;5
2;ZÉLIE;2016;90;4
2;ZÉLIE;2018;90;3
2;ZÉLIE;2020;90;3
2;ZÉLIE;2021;90;7
2;ZEYNEP;2019;90;3
2;ZEYNEP;2021;90;3
2;ZOÉ;2000;90;4
2;ZOÉ;2001;90;4
2;ZOÉ;2002;90;3
2;ZOÉ;2003;90;5
2;ZOÉ;2004;90;5
2;ZOÉ;2005;90;6
2;ZOÉ;2006;90;8
2;ZOÉ;2007;90;8
2;ZOÉ;2008;90;7
2;ZOÉ;2009;90;9
2;ZOÉ;2010;90;8
2;ZOÉ;2011;90;5
2;ZOÉ;2012;90;7
2;ZOÉ;2013;90;10
2;ZOÉ;2014;90;8
2;ZOÉ;2015;90;8
2;ZOÉ;2017;90;8
2;ZOÉ;2018;90;5
2;ZOÉ;2019;90;3
2;ZOÉ;2020;90;8
2;ZOÉ;2021;90;10
